claim_id,carrier,claim_type,channel,opened_date,cohort_month,closed_date,status,missing_documents,first_response_hours,cycle_days,age_days,paid_amount,sla_days
C000000,Carrier C,Liability,Mobile,2026-04-08,2026-04,2026-04-11,Closed,0,7.58,3,176,1084.74,14
C000001,Carrier B,Liability,Mobile,2026-05-02,2026-05,2026-05-10,Closed,0,3.44,8,152,1544.99,14
C000002,Carrier C,Property,Mobile,2026-04-10,2026-04,2026-04-22,Closed,0,15.04,12,174,5492.57,20
C000003,Carrier B,Property,Web,2026-06-14,2026-06,2026-06-22,Closed,0,9.79,8,109,2403.73,20
C000004,Carrier B,Liability,Agent,2026-05-01,2026-05,2026-05-11,Closed,1,27.49,10,153,4159.47,14
C000005,Carrier C,Liability,Web,2026-04-24,2026-04,2026-05-09,Closed,0,17.1,15,160,1954.68,14
C000006,Carrier B,Property,Agent,2026-07-17,2026-07,2026-07-31,Closed,1,14.43,14,76,851.6,20
C000007,Carrier A,Auto,Web,2026-08-04,2026-08,2026-08-20,Closed,1,22.69,16,58,15360.81,14
C000008,Carrier A,Liability,Web,2026-09-13,2026-09,2026-09-19,Closed,0,6.49,6,18,2493.09,14
C000009,Carrier C,Auto,Web,2026-08-05,2026-08,2026-08-06,Closed,0,8.93,1,57,4304.03,14
C000010,Carrier A,Liability,Mobile,2026-09-30,2026-09,,Open,0,7.7,,1,0,14
C000011,Carrier A,Property,Mobile,2026-09-23,2026-09,,Open,0,11.03,,8,0,20
C000012,Carrier A,Liability,Web,2026-07-11,2026-07,2026-07-19,Closed,0,17.94,8,82,5143.06,14
C000013,Carrier B,Auto,Agent,2026-06-09,2026-06,2026-06-17,Closed,0,14.66,8,114,2867.06,14
C000014,Carrier A,Property,Web,2026-09-05,2026-09,2026-09-16,Closed,0,11.27,11,26,4317.64,20
C000015,Carrier B,Auto,Mobile,2026-05-28,2026-05,2026-06-14,Closed,1,16.24,17,126,5236.65,14
C000016,Carrier A,Auto,Web,2026-04-19,2026-04,2026-04-20,Closed,0,11.16,1,165,1244.39,14
C000017,Carrier B,Property,Web,2026-05-05,2026-05,2026-05-21,Closed,1,11.08,16,149,8888.05,20
C000018,Carrier A,Property,Agent,2026-05-18,2026-05,2026-05-24,Closed,0,12.38,6,136,2486.44,20
C000019,Carrier A,Property,Agent,2026-06-10,2026-06,2026-06-16,Closed,0,11.91,6,113,6668.3,20
C000020,Carrier A,Auto,Agent,2026-08-18,2026-08,2026-08-25,Closed,0,17.61,7,44,1742.97,14
C000021,Carrier B,Liability,Mobile,2026-07-05,2026-07,2026-07-09,Closed,0,9.07,4,88,1513.01,14
C000022,Carrier B,Property,Mobile,2026-05-28,2026-05,2026-06-07,Closed,0,7.79,10,126,12328.22,20
C000023,Carrier C,Liability,Agent,2026-04-27,2026-04,2026-05-03,Closed,0,2.27,6,157,1595.89,14
C000024,Carrier B,Liability,Agent,2026-05-07,2026-05,2026-05-21,Closed,1,23.05,14,147,723.3,14
C000025,Carrier A,Property,Web,2026-07-29,2026-07,2026-08-10,Closed,0,14.34,12,64,4590.59,20
C000026,Carrier B,Auto,Mobile,2026-08-09,2026-08,2026-08-10,Closed,0,6.48,1,53,2135.94,14
C000027,Carrier A,Auto,Web,2026-07-08,2026-07,2026-07-15,Closed,0,4.88,7,85,5964.9,14
C000028,Carrier A,Liability,Web,2026-09-09,2026-09,2026-09-21,Closed,0,11.23,12,22,3121.84,14
C000029,Carrier C,Auto,Web,2026-04-20,2026-04,2026-04-26,Closed,0,2.75,6,164,506.18,14
C000030,,Property,Agent,2026-05-05,2026-05,2026-05-16,Closed,0,17.48,11,149,6755.71,20
C000031,,Auto,Mobile,2026-07-07,2026-07,2026-07-19,Closed,1,13.95,12,86,3333.07,14
C000032,,Auto,Web,2026-06-04,2026-06,2026-06-14,Closed,0,11.13,10,119,3061.4,14
C000033,,Property,Agent,2026-05-05,2026-05,,Open,1,18.75,,149,0,20
C000034,,Auto,Agent,2026-05-21,2026-05,2026-05-28,Closed,0,16.89,7,133,251.9,14
C000035,,Liability,Mobile,2026-04-14,2026-04,2026-04-23,Closed,0,8.71,9,170,1602.69,14
C000036,,Liability,Web,2026-08-09,2026-08,2026-08-17,Closed,0,16.11,8,53,3776.94,14
C000037,,Liability,Agent,2026-09-03,2026-09,2026-09-05,Closed,0,15.85,2,28,2874.68,14
C000038,Carrier B,Property,Agent,2026-07-02,2026-07,2026-07-21,Closed,0,3.01,19,91,1673.07,20
C000039,Carrier C,Property,Web,2026-06-05,2026-06,2026-06-18,Closed,0,8.94,13,118,7885.27,20
C000040,Carrier A,Auto,Agent,2026-05-29,2026-05,2026-06-02,Closed,0,13.37,4,125,3873.42,14
C000041,Carrier A,Liability,Mobile,2026-09-30,2026-09,,Open,0,3.35,,1,0,14
C000042,Carrier C,Property,Web,2026-05-12,2026-05,2026-05-22,Closed,0,7.37,10,142,22712.77,20
C000043,Carrier C,Auto,Web,2026-04-26,2026-04,,Open,0,15.61,,158,0,14
C000044,Carrier C,Auto,Agent,2026-08-19,2026-08,2026-08-26,Closed,0,6.19,7,43,592.72,14
C000045,Carrier B,Property,Mobile,2026-04-08,2026-04,,Open,0,1.71,,176,0,20
C000046,Carrier C,Auto,Agent,2026-08-26,2026-08,2026-09-08,Closed,0,5.6,13,36,4102.78,14
C000047,Carrier B,Auto,Agent,2026-05-09,2026-05,2026-05-12,Closed,0,7.81,3,145,8815.37,14
C000048,Carrier B,Liability,Web,2026-07-14,2026-07,,Open,0,9.17,,79,0,14
C000049,Carrier C,Liability,Web,2026-07-24,2026-07,2026-08-02,Closed,0,5.52,9,69,996.7,14
C000050,Carrier A,Auto,Web,2026-08-05,2026-08,2026-08-07,Closed,0,14.57,2,57,7260.08,14
C000051,Carrier B,Property,Mobile,2026-05-22,2026-05,,Open,0,3.24,,132,0,20
C000052,Carrier B,Property,Web,2026-09-22,2026-09,,Open,0,4.88,,9,0,20
C000053,Carrier C,Auto,Web,2026-07-12,2026-07,2026-07-13,Closed,0,10.85,1,81,3822.9,14
C000054,Carrier C,Property,Agent,2026-09-06,2026-09,2026-09-21,Closed,0,15.91,15,25,1205.97,20
C000055,Carrier B,Liability,Mobile,2026-07-20,2026-07,2026-07-22,Closed,0,12.36,2,73,1977.73,14
C000056,Carrier B,Property,Agent,2026-05-17,2026-05,2026-05-23,Closed,0,1.76,6,137,2263.51,20
C000057,Carrier A,Property,Mobile,2026-06-01,2026-06,2026-06-21,Closed,0,1.54,20,122,7215.89,20
C000058,Carrier A,Liability,Mobile,2026-06-24,2026-06,,Open,1,15.19,,99,0,14
C000059,Carrier B,Liability,Mobile,2026-07-06,2026-07,2026-07-07,Closed,0,2.33,1,87,11516.27,14
C000060,Carrier A,Property,Web,2026-08-06,2026-08,2026-08-15,Closed,0,5.03,9,56,4847.49,20
C000061,Carrier A,Property,Mobile,2026-05-12,2026-05,2026-06-06,Closed,1,23.51,25,142,4238.3,20
C000062,Carrier C,Auto,Web,2026-04-29,2026-04,,Open,0,15.7,,155,0,14
C000063,Carrier C,Property,Web,2026-04-11,2026-04,2026-04-17,Closed,0,15.03,6,173,941.42,20
C000064,Carrier A,Property,Web,2026-08-18,2026-08,2026-09-01,Closed,0,15.65,14,44,2948.14,20
C000065,Carrier A,Liability,Web,2026-09-23,2026-09,,Open,0,13.66,,8,0,14
C000066,Carrier A,Liability,Web,2026-04-17,2026-04,,Open,0,4.6,,167,0,14
C000067,Carrier A,Property,Mobile,2026-06-25,2026-06,2026-07-15,Closed,0,2.02,20,98,3829.68,20
C000068,Carrier A,Auto,Web,2026-07-03,2026-07,2026-07-22,Closed,0,10.99,19,90,10868.65,14
C000069,Carrier C,Liability,Mobile,2026-05-08,2026-05,2026-05-17,Closed,0,16.17,9,146,854.43,14
C000070,Carrier B,Auto,Web,2026-09-14,2026-09,2026-09-25,Closed,0,13.47,11,17,-100,14
C000071,Carrier C,Auto,Mobile,2026-07-21,2026-07,2026-07-27,Closed,0,1.45,6,72,-100,14
C000072,Carrier C,Property,Mobile,2026-07-15,2026-07,2026-08-03,Closed,0,13.96,19,78,-100,20
C000073,Carrier A,Auto,Agent,2026-08-25,2026-08,2026-09-03,Closed,0,8.39,9,37,-100,14
C000074,Carrier C,Auto,Agent,2026-04-27,2026-04,2026-04-30,Closed,0,14.87,3,157,-100,14
C000075,Carrier B,Auto,Agent,2026-05-30,2026-05,2026-06-01,Closed,0,14.9,2,124,10303.12,14
C000076,Carrier B,Auto,Mobile,2026-08-20,2026-08,,Open,1,20.9,,42,0,14
C000077,Carrier B,Auto,Web,2026-09-04,2026-09,2026-09-12,Closed,0,11.88,8,27,2029.68,14
C000078,Carrier A,Property,Web,2026-04-29,2026-04,2026-05-14,Closed,0,11.55,15,155,2708.95,20
C000079,Carrier B,Auto,Mobile,2026-06-19,2026-06,2026-06-25,Closed,0,13.65,6,104,4788.56,14
C000080,Carrier C,Property,Mobile,2026-08-01,2026-08,2026-08-09,Closed,0,6.34,8,61,5981.95,20
C000081,Carrier C,Property,Web,2026-05-23,2026-05,2026-06-06,Closed,0,15.27,14,131,485.99,20
C000082,Carrier C,Auto,Agent,2026-08-05,2026-08,2026-08-26,Closed,0,16.37,21,57,6368.38,14
C000083,Carrier A,Liability,Web,2026-08-01,2026-08,2026-08-02,Closed,0,15.9,1,61,927.04,14
C000084,Carrier A,Property,Agent,2026-07-03,2026-07,2026-07-28,Closed,1,12.24,25,90,6749.84,20
C000085,Carrier B,Liability,Agent,2026-09-18,2026-09,2026-09-28,Closed,0,6.84,10,13,1545.23,14
C000086,Carrier A,Auto,Web,2026-06-08,2026-06,2026-06-13,Closed,0,12.96,5,115,3728.22,14
C000087,Carrier C,Liability,Web,2026-04-04,2026-04,2026-04-07,Closed,0,14.25,3,180,4147.33,14
C000088,Carrier A,Liability,Mobile,2026-05-30,2026-05,,Open,0,12.96,,124,0,14
C000089,Carrier A,Property,Mobile,2026-04-05,2026-04,2026-04-24,Closed,1,26.66,19,179,8541.16,20
C000090,Carrier A,Liability,Mobile,2026-04-06,2026-04,2026-04-09,Closed,0,3.7,3,178,1847.75,14
C000091,Carrier A,Property,Agent,2026-08-29,2026-08,2026-09-04,Closed,0,1.05,6,33,6909.04,20
C000092,Carrier B,Liability,Mobile,2026-08-21,2026-08,2026-08-27,Closed,0,11.3,6,41,1673.27,14
C000093,Carrier C,Property,Agent,2026-07-24,2026-07,2026-08-10,Closed,0,1.63,17,69,5520.49,20
C000094,Carrier C,Liability,Web,2026-04-24,2026-04,2026-04-29,Closed,0,14.78,5,160,767.17,14
C000095,Carrier A,Liability,Agent,2026-08-31,2026-08,2026-09-16,Closed,0,8.26,16,31,15698.96,14
C000096,Carrier B,Property,Web,2026-06-26,2026-06,2026-07-11,Closed,0,4.89,15,97,4633.07,20
C000097,Carrier A,Liability,Mobile,2026-09-07,2026-09,2026-09-23,Closed,0,17.07,16,24,6580.76,14
C000098,Carrier C,Property,Agent,2026-08-10,2026-08,2026-08-20,Closed,0,7.34,10,52,6082.75,20
C000099,Carrier B,Auto,Web,2026-05-13,2026-05,2026-05-17,Closed,0,10.36,4,141,2892.25,14
C000100,Carrier A,Liability,Agent,2026-05-10,2026-05,2026-05-22,Closed,0,15.0,12,144,5442.93,14
C000101,Carrier B,Auto,Mobile,2026-06-06,2026-06,2026-06-23,Closed,1,21.99,17,117,1244.77,14
C000102,Carrier B,Property,Web,2026-09-06,2026-09,2026-09-25,Closed,0,3.2,19,25,2304.11,20
C000103,Carrier B,Auto,Agent,2026-07-20,2026-07,2026-08-03,Closed,1,25.82,14,73,1774.11,14
C000104,Carrier B,Property,Web,2026-06-01,2026-06,2026-06-22,Closed,0,3.25,21,122,2550.82,20
C000105,Carrier C,Liability,Web,2026-04-05,2026-04,2026-04-16,Closed,0,8.4,11,179,3918.48,14
C000106,Carrier C,Auto,Web,2026-05-08,2026-05,,Open,0,16.67,,146,0,14
C000107,Carrier C,Auto,Agent,2026-08-02,2026-08,2026-08-04,Closed,0,12.64,2,60,7587.77,14
C000108,Carrier B,Property,Web,2026-04-14,2026-04,2026-05-02,Closed,1,13.82,18,170,2114.02,20
C000109,Carrier A,Liability,Agent,2026-09-06,2026-09,2026-09-13,Closed,0,12.12,7,25,2103.71,14
C000110,Carrier C,Liability,Web,2026-04-18,2026-04,,Open,0,13.36,,166,0,14
C000111,Carrier A,Auto,Web,2026-08-06,2026-08,2026-08-18,Closed,0,14.78,12,56,2871.3,14
C000112,Carrier B,Liability,Mobile,2026-08-11,2026-08,2026-08-31,Closed,1,24.91,20,51,2242.74,14
C000113,Carrier C,Liability,Mobile,2026-09-25,2026-09,2026-09-29,Closed,0,11.18,4,6,2115.12,14
C000114,Carrier A,Property,Web,2026-08-20,2026-08,2026-09-05,Closed,1,23.01,16,42,13124.83,20
C000115,Carrier C,Auto,Agent,2026-07-01,2026-07,2026-07-07,Closed,0,3.83,6,92,2853.17,14
C000116,Carrier C,Property,Mobile,2026-04-27,2026-04,2026-05-20,Closed,1,13.07,23,157,4431.38,20
C000117,Carrier B,Liability,Agent,2026-05-17,2026-05,2026-06-09,Closed,1,21.32,23,137,1216.33,14
C000118,Carrier A,Auto,Agent,2026-07-07,2026-07,2026-07-20,Closed,0,9.13,13,86,4075.12,14
C000119,Carrier C,Auto,Agent,2026-07-03,2026-07,2026-07-20,Closed,1,19.93,17,90,4930.78,14
C000120,Carrier A,Liability,Web,2026-08-28,2026-08,2026-08-30,Closed,0,1.83,2,34,11123.18,14
C000121,Carrier C,Property,Web,2026-08-10,2026-08,2026-08-27,Closed,1,23.44,17,52,6645.83,20
C000122,Carrier B,Property,Agent,2026-09-07,2026-09,2026-09-16,Closed,0,7.8,9,24,5059.67,20
C000123,Carrier C,Auto,Mobile,2026-07-03,2026-07,2026-07-09,Closed,0,3.69,6,90,7853.11,14
C000124,Carrier B,Auto,Web,2026-05-27,2026-05,2026-06-17,Closed,0,12.11,21,127,1768.52,14
C000125,Carrier B,Liability,Agent,2026-08-22,2026-08,2026-09-12,Closed,1,22.59,21,40,2170.78,14
C000126,Carrier B,Property,Agent,2026-09-12,2026-09,2026-09-18,Closed,0,15.81,6,19,6599.49,20
C000127,Carrier B,Auto,Web,2026-07-03,2026-07,2026-07-05,Closed,0,11.38,2,90,2144.85,14
C000128,Carrier B,Property,Mobile,2026-08-19,2026-08,2026-08-24,Closed,0,12.06,5,43,4805.99,20
C000129,Carrier C,Auto,Agent,2026-09-08,2026-09,,Open,0,14.93,,23,0,14
C000130,Carrier C,Liability,Agent,2026-08-31,2026-08,2026-09-04,Closed,0,6.37,4,31,1274.19,14
C000131,Carrier A,Auto,Agent,2026-09-30,2026-09,,Open,0,11.31,,1,0,14
C000132,Carrier C,Auto,Mobile,2026-05-29,2026-05,2026-06-05,Closed,0,14.71,7,125,2984.04,14
C000133,Carrier A,Liability,Web,2026-07-02,2026-07,2026-07-03,Closed,0,14.48,1,91,1670.67,14
C000134,Carrier B,Property,Mobile,2026-05-18,2026-05,2026-05-30,Closed,0,6.38,12,136,5060.24,20
C000135,Carrier A,Liability,Agent,2026-04-06,2026-04,,Open,0,15.95,,178,0,14
C000136,Carrier B,Liability,Mobile,2026-05-31,2026-05,2026-06-21,Closed,1,16.04,21,123,4768.75,14
C000137,Carrier C,Auto,Agent,2026-05-31,2026-05,2026-06-01,Closed,0,15.46,1,123,2556.51,14
C000138,Carrier C,Liability,Mobile,2026-04-13,2026-04,2026-04-22,Closed,1,27.24,9,171,14540.71,14
C000139,Carrier A,Liability,Mobile,2026-09-18,2026-09,,Open,0,17.02,,13,0,14
C000140,Carrier B,Auto,Mobile,2026-09-19,2026-09,,Open,1,27.82,,12,0,14
C000141,Carrier C,Liability,Agent,2026-09-24,2026-09,,Open,0,8.92,,7,0,14
C000142,Carrier B,Property,Agent,2026-06-06,2026-06,2026-06-12,Closed,0,12.09,6,117,1787.87,20
C000143,Carrier B,Auto,Web,2026-08-16,2026-08,2026-09-08,Closed,0,8.93,23,46,10948.24,14
C000144,Carrier B,Property,Agent,2026-09-18,2026-09,,Open,1,22.61,,13,0,20
C000145,Carrier C,Liability,Mobile,2026-05-03,2026-05,,Open,1,25.16,,151,0,14
C000146,Carrier B,Property,Agent,2026-04-25,2026-04,2026-05-09,Closed,0,5.5,14,159,6409.89,20
C000147,Carrier B,Liability,Web,2026-07-07,2026-07,2026-07-21,Closed,1,11.32,14,86,2453.06,14
C000148,Carrier B,Liability,Mobile,2026-06-23,2026-06,2026-06-27,Closed,0,16.17,4,100,3201.84,14
C000149,Carrier A,Property,Agent,2026-04-27,2026-04,2026-05-15,Closed,0,14.31,18,157,1306.2,20
C000150,Carrier B,Liability,Web,2026-09-03,2026-09,2026-09-26,Closed,0,13.4,23,28,5657.33,14
C000151,Carrier A,Auto,Agent,2026-08-26,2026-08,2026-08-30,Closed,0,5.44,4,36,592.58,14
C000152,Carrier A,Auto,Mobile,2026-05-03,2026-05,2026-05-09,Closed,0,6.2,6,151,7888.3,14
C000153,Carrier A,Liability,Mobile,2026-05-07,2026-05,2026-05-12,Closed,0,5.92,5,147,4378.86,14
C000154,Carrier B,Auto,Mobile,2026-08-19,2026-08,2026-08-26,Closed,0,5.37,7,43,237.65,14
C000155,Carrier C,Liability,Agent,2026-05-20,2026-05,2026-06-19,Closed,1,11.93,30,134,1021.61,14
C000156,Carrier B,Liability,Web,2026-07-18,2026-07,2026-07-29,Closed,0,8.96,11,75,2150.45,14
C000157,Carrier A,Property,Mobile,2026-08-05,2026-08,2026-08-14,Closed,0,7.86,9,57,2000.66,20
C000158,Carrier A,Property,Mobile,2026-08-17,2026-08,,Open,0,1.34,,45,0,20
C000159,Carrier C,Auto,Agent,2026-06-18,2026-06,2026-06-26,Closed,0,17.56,8,105,3766.16,14
C000160,Carrier A,Liability,Web,2026-09-07,2026-09,2026-09-13,Closed,0,16.56,6,24,8489.73,14
C000161,Carrier C,Auto,Agent,2026-05-03,2026-05,2026-05-05,Closed,0,2.79,2,151,2703.82,14
C000162,Carrier B,Liability,Mobile,2026-04-02,2026-04,2026-04-16,Closed,0,9.21,14,182,2458.82,14
C000163,Carrier C,Liability,Agent,2026-08-29,2026-08,2026-09-21,Closed,0,3.99,23,33,1954.56,14
C000164,Carrier C,Property,Web,2026-06-25,2026-06,2026-07-11,Closed,0,8.16,16,98,2241.24,20
C000165,Carrier C,Property,Agent,2026-07-05,2026-07,2026-07-16,Closed,0,12.33,11,88,1884.97,20
C000166,Carrier A,Property,Web,2026-09-05,2026-09,,Open,0,16.44,,26,0,20
C000167,Carrier A,Auto,Mobile,2026-08-21,2026-08,2026-09-11,Closed,1,21.31,21,41,3451.1,14
C000168,Carrier B,Auto,Agent,2026-05-14,2026-05,2026-05-27,Closed,0,3.22,13,140,821.12,14
C000169,Carrier B,Liability,Web,2026-08-15,2026-08,2026-08-23,Closed,0,13.1,8,47,15560.3,14
C000170,Carrier B,Liability,Agent,2026-07-16,2026-07,2026-08-01,Closed,1,25.94,16,77,2410.32,14
C000171,Carrier A,Property,Mobile,2026-05-06,2026-05,2026-05-12,Closed,0,3.61,6,148,6004.24,20
C000172,Carrier B,Liability,Web,2026-08-21,2026-08,2026-08-28,Closed,0,1.48,7,41,959.97,14
C000173,Carrier B,Auto,Agent,2026-06-13,2026-06,2026-06-16,Closed,0,1.1,3,110,2281.24,14
C000174,Carrier A,Auto,Mobile,2026-08-19,2026-08,,Open,0,9.45,,43,0,14
C000175,Carrier A,Liability,Web,2026-09-30,2026-09,,Open,0,14.8,,1,0,14
C000176,Carrier B,Auto,Web,2026-08-25,2026-08,2026-09-05,Closed,0,14.03,11,37,2002.09,14
C000177,Carrier B,Liability,Web,2026-04-03,2026-04,2026-04-11,Closed,0,9.96,8,181,6160.93,14
C000178,Carrier A,Auto,Agent,2026-08-16,2026-08,2026-08-24,Closed,0,4.63,8,46,4853.37,14
C000179,Carrier C,Auto,Mobile,2026-07-07,2026-07,2026-07-25,Closed,0,17.0,18,86,5665.54,14
C000180,Carrier B,Property,Web,2026-09-26,2026-09,,Open,0,12.1,,5,0,20
C000181,Carrier A,Auto,Agent,2026-09-05,2026-09,2026-09-16,Closed,0,11.96,11,26,3203.6,14
C000182,Carrier B,Auto,Mobile,2026-07-21,2026-07,2026-07-29,Closed,0,11.04,8,72,3553.59,14
C000183,Carrier C,Liability,Agent,2026-04-20,2026-04,2026-05-06,Closed,0,8.24,16,164,2798.33,14
C000184,Carrier B,Liability,Mobile,2026-09-09,2026-09,2026-09-18,Closed,0,6.31,9,22,3936.25,14
C000185,Carrier C,Property,Agent,2026-05-02,2026-05,2026-05-10,Closed,0,1.76,8,152,3875.1,20
C000186,Carrier B,Auto,Web,2026-07-19,2026-07,2026-07-23,Closed,0,15.49,4,74,3198.7,14
C000187,Carrier B,Auto,Web,2026-05-22,2026-05,2026-06-01,Closed,0,9.17,10,132,2216.34,14
C000188,Carrier C,Auto,Agent,2026-06-23,2026-06,,Open,0,11.53,,100,0,14
C000189,Carrier C,Property,Mobile,2026-06-05,2026-06,,Open,0,1.97,,118,0,20
C000190,Carrier A,Liability,Web,2026-09-28,2026-09,,Open,0,13.43,,3,0,14
C000191,Carrier A,Auto,Mobile,2026-07-17,2026-07,2026-07-27,Closed,0,2.17,10,76,4932.12,14
C000192,Carrier C,Liability,Mobile,2026-05-18,2026-05,2026-05-25,Closed,0,2.23,7,136,2295.58,14
C000193,Carrier A,Property,Agent,2026-06-28,2026-06,2026-07-08,Closed,0,13.17,10,95,2278.99,20
C000194,Carrier B,Liability,Mobile,2026-04-20,2026-04,2026-04-23,Closed,0,6.71,3,164,2841.85,14
C000195,Carrier C,Auto,Mobile,2026-07-26,2026-07,2026-08-07,Closed,0,12.58,12,67,6872.45,14
C000196,Carrier B,Property,Mobile,2026-05-29,2026-05,2026-06-11,Closed,0,17.07,13,125,1113.24,20
C000197,Carrier B,Liability,Web,2026-06-13,2026-06,2026-06-25,Closed,0,17.22,12,110,11700.12,14
C000198,Carrier B,Auto,Mobile,2026-05-28,2026-05,2026-06-03,Closed,0,14.23,6,126,751.94,14
C000199,Carrier A,Property,Agent,2026-09-06,2026-09,2026-10-01,Closed,0,10.18,25,25,1790.26,20
C000200,Carrier A,Property,Mobile,2026-08-27,2026-08,2026-09-19,Closed,0,15.87,23,35,919.13,20
C000201,Carrier C,Liability,Agent,2026-05-30,2026-05,2026-06-06,Closed,0,13.87,7,124,1153.88,14
C000202,Carrier C,Property,Web,2026-05-15,2026-05,2026-05-28,Closed,0,16.9,13,139,6477.19,20
C000203,Carrier B,Liability,Mobile,2026-06-26,2026-06,2026-07-04,Closed,0,14.95,8,97,12906.72,14
C000204,Carrier C,Auto,Agent,2026-09-10,2026-09,2026-09-18,Closed,0,9.88,8,21,4559.04,14
C000205,Carrier B,Property,Agent,2026-04-05,2026-04,2026-04-22,Closed,0,16.43,17,179,1798.62,20
C000206,Carrier A,Property,Mobile,2026-09-27,2026-09,,Open,0,2.34,,4,0,20
C000207,Carrier A,Property,Web,2026-07-05,2026-07,2026-07-17,Closed,0,3.32,12,88,1880.43,20
C000208,Carrier B,Auto,Web,2026-06-15,2026-06,,Open,0,4.36,,108,0,14
C000209,Carrier C,Auto,Web,2026-08-10,2026-08,2026-08-18,Closed,0,12.27,8,52,2656.73,14
C000210,Carrier C,Liability,Web,2026-08-15,2026-08,2026-08-17,Closed,0,8.05,2,47,1273.31,14
C000211,Carrier C,Property,Web,2026-07-25,2026-07,,Open,0,8.25,,68,0,20
C000212,Carrier C,Liability,Mobile,2026-08-01,2026-08,2026-08-07,Closed,0,12.92,6,61,2472.3,14
C000213,Carrier A,Liability,Agent,2026-04-01,2026-04,2026-04-06,Closed,0,16.78,5,183,3567.54,14
C000214,Carrier B,Liability,Agent,2026-04-16,2026-04,2026-04-17,Closed,0,13.31,1,168,1456.68,14
C000215,Carrier A,Auto,Web,2026-08-29,2026-08,2026-09-02,Closed,0,11.05,4,33,1165.95,14
C000216,Carrier C,Liability,Mobile,2026-07-31,2026-07,2026-08-01,Closed,0,9.67,1,62,2370.23,14
C000217,Carrier C,Property,Agent,2026-09-17,2026-09,2026-10-01,Closed,0,9.72,14,14,1393.58,20
C000218,Carrier C,Auto,Web,2026-05-12,2026-05,2026-05-14,Closed,0,14.88,2,142,6962.16,14
C000219,Carrier B,Auto,Agent,2026-09-07,2026-09,2026-09-10,Closed,0,14.62,3,24,3904.7,14
C000220,Carrier C,Property,Agent,2026-04-21,2026-04,2026-04-30,Closed,0,1.28,9,163,2133.08,20
C000221,Carrier B,Auto,Mobile,2026-09-09,2026-09,2026-09-16,Closed,0,12.97,7,22,4514.51,14
C000222,Carrier A,Property,Web,2026-09-16,2026-09,2026-09-21,Closed,0,11.78,5,15,5234.73,20
C000223,Carrier A,Liability,Mobile,2026-08-29,2026-08,2026-09-22,Closed,1,17.87,24,33,2933.79,14
C000224,Carrier A,Auto,Web,2026-04-10,2026-04,2026-04-25,Closed,0,1.54,15,174,8691.27,14
C000225,Carrier B,Property,Mobile,2026-07-09,2026-07,2026-07-19,Closed,0,11.89,10,84,6691.43,20
C000226,Carrier A,Property,Web,2026-04-13,2026-04,2026-04-28,Closed,0,3.14,15,171,1087.93,20
C000227,Carrier C,Property,Mobile,2026-05-04,2026-05,2026-05-19,Closed,0,10.19,15,150,1816.96,20
C000228,Carrier C,Property,Agent,2026-09-25,2026-09,,Open,1,24.8,,6,0,20
C000229,Carrier C,Property,Web,2026-07-25,2026-07,2026-08-01,Closed,0,15.54,7,68,1408.06,20
C000230,Carrier C,Liability,Mobile,2026-04-23,2026-04,2026-05-14,Closed,1,20.9,21,161,4232.7,14
C000231,Carrier A,Auto,Agent,2026-05-15,2026-05,,Open,1,16.84,,139,0,14
C000232,Carrier B,Auto,Mobile,2026-07-16,2026-07,2026-07-18,Closed,0,15.76,2,77,2638.4,14
C000233,Carrier B,Auto,Web,2026-09-26,2026-09,2026-09-29,Closed,0,13.91,3,5,3953.43,14
C000234,Carrier A,Liability,Mobile,2026-07-03,2026-07,2026-07-20,Closed,0,6.21,17,90,3944.73,14
C000235,Carrier C,Auto,Agent,2026-04-08,2026-04,,Open,0,3.22,,176,0,14
C000236,Carrier B,Auto,Mobile,2026-04-04,2026-04,2026-04-07,Closed,0,4.2,3,180,8281.93,14
C000237,Carrier B,Auto,Web,2026-07-05,2026-07,2026-07-14,Closed,0,9.26,9,88,1632.28,14
C000238,Carrier B,Property,Agent,2026-06-22,2026-06,2026-07-01,Closed,0,7.5,9,101,2992.57,20
C000239,Carrier A,Auto,Mobile,2026-06-18,2026-06,2026-07-03,Closed,0,6.65,15,105,3398.41,14
C000240,Carrier A,Liability,Web,2026-07-15,2026-07,2026-08-05,Closed,0,2.96,21,78,1797.41,14
C000241,Carrier A,Property,Agent,2026-05-15,2026-05,2026-05-26,Closed,0,12.57,11,139,1027.78,20
C000242,Carrier A,Auto,Agent,2026-09-03,2026-09,2026-09-23,Closed,0,2.84,20,28,3190.36,14
C000243,Carrier B,Property,Agent,2026-09-25,2026-09,,Open,1,14.27,,6,0,20
C000244,Carrier B,Liability,Agent,2026-09-26,2026-09,,Open,0,17.36,,5,0,14
C000245,Carrier C,Auto,Agent,2026-05-07,2026-05,2026-05-10,Closed,0,2.95,3,147,5839.22,14
C000246,Carrier C,Property,Mobile,2026-06-15,2026-06,2026-07-01,Closed,1,17.18,16,108,3415.88,20
C000247,Carrier C,Property,Web,2026-06-30,2026-06,2026-07-17,Closed,0,7.71,17,93,1658.68,20
C000248,Carrier C,Auto,Agent,2026-04-11,2026-04,2026-04-16,Closed,0,6.53,5,173,1585.46,14
C000249,Carrier B,Property,Agent,2026-09-21,2026-09,,Open,0,7.37,,10,0,20
C000250,Carrier A,Liability,Web,2026-09-25,2026-09,,Open,1,24.04,,6,0,14
C000251,Carrier C,Auto,Agent,2026-08-25,2026-08,2026-08-28,Closed,0,5.0,3,37,2599.1,14
C000252,Carrier A,Property,Agent,2026-05-05,2026-05,2026-05-12,Closed,0,16.13,7,149,4682.51,20
C000253,Carrier A,Property,Web,2026-05-30,2026-05,2026-06-08,Closed,0,1.28,9,124,2885.15,20
C000254,Carrier A,Liability,Mobile,2026-09-13,2026-09,2026-09-24,Closed,0,15.68,11,18,2855.54,14
C000255,Carrier B,Liability,Agent,2026-06-06,2026-06,,Open,0,6.68,,117,0,14
C000256,Carrier C,Liability,Web,2026-08-21,2026-08,2026-09-05,Closed,0,9.02,15,41,5541.89,14
C000257,Carrier C,Auto,Web,2026-09-06,2026-09,2026-09-09,Closed,0,3.09,3,25,3616.05,14
C000258,Carrier C,Property,Mobile,2026-08-03,2026-08,2026-08-16,Closed,0,13.47,13,59,16796.9,20
C000259,Carrier C,Auto,Mobile,2026-04-13,2026-04,2026-04-25,Closed,0,8.45,12,171,3044.45,14
C000260,Carrier C,Liability,Web,2026-08-27,2026-08,2026-08-29,Closed,0,15.41,2,35,939.18,14
C000261,Carrier C,Liability,Mobile,2026-04-09,2026-04,2026-04-23,Closed,0,7.79,14,175,1072.38,14
C000262,Carrier C,Property,Agent,2026-05-11,2026-05,,Open,0,5.44,,143,0,20
C000263,Carrier B,Liability,Agent,2026-06-15,2026-06,2026-06-16,Closed,0,11.43,1,108,1804.17,14
C000264,Carrier A,Property,Agent,2026-04-30,2026-04,2026-05-06,Closed,0,7.53,6,154,2653.22,20
C000265,Carrier C,Property,Mobile,2026-06-10,2026-06,2026-06-20,Closed,0,6.47,10,113,6116.04,20
C000266,Carrier B,Liability,Mobile,2026-04-30,2026-04,2026-05-03,Closed,0,3.38,3,154,4196.33,14
C000267,Carrier C,Auto,Web,2026-05-27,2026-05,,Open,1,26.89,,127,0,14
C000268,Carrier A,Property,Web,2026-08-05,2026-08,2026-08-11,Closed,0,14.68,6,57,8689.19,20
C000269,Carrier B,Property,Mobile,2026-05-10,2026-05,2026-05-17,Closed,0,3.91,7,144,1691.86,20
C000270,Carrier B,Liability,Mobile,2026-09-20,2026-09,,Open,1,14.28,,11,0,14
C000271,Carrier A,Auto,Web,2026-05-20,2026-05,2026-05-22,Closed,0,14.71,2,134,2551.56,14
C000272,Carrier B,Property,Web,2026-07-19,2026-07,2026-07-29,Closed,0,2.26,10,74,5541.05,20
C000273,Carrier C,Liability,Web,2026-08-30,2026-08,2026-09-08,Closed,0,2.42,9,32,596.15,14
C000274,Carrier C,Property,Web,2026-07-25,2026-07,2026-08-19,Closed,1,22.72,25,68,1179.67,20
C000275,Carrier B,Liability,Agent,2026-05-08,2026-05,2026-05-24,Closed,0,14.71,16,146,17559.22,14
C000276,Carrier A,Liability,Agent,2026-07-01,2026-07,2026-07-12,Closed,1,18.03,11,92,7283.36,14
C000277,Carrier C,Auto,Agent,2026-06-01,2026-06,2026-06-11,Closed,0,17.86,10,122,13769.28,14
C000278,Carrier B,Liability,Web,2026-07-31,2026-07,2026-08-25,Closed,1,27.89,25,62,1483.69,14
C000279,Carrier A,Liability,Web,2026-05-27,2026-05,2026-06-27,Closed,1,17.4,31,127,3181.15,14
C000280,Carrier C,Auto,Web,2026-04-26,2026-04,2026-05-07,Closed,0,8.01,11,158,6141.98,14
C000281,Carrier A,Liability,Web,2026-04-10,2026-04,2026-04-22,Closed,1,13.99,12,174,1368.21,14
C000282,Carrier A,Property,Web,2026-08-13,2026-08,2026-08-19,Closed,0,2.13,6,49,3086.26,20
C000283,Carrier B,Liability,Agent,2026-07-12,2026-07,2026-07-18,Closed,0,17.39,6,81,13412.17,14
C000284,Carrier B,Auto,Agent,2026-09-10,2026-09,2026-09-22,Closed,0,9.08,12,21,951.5,14
C000285,Carrier C,Liability,Agent,2026-09-09,2026-09,2026-09-10,Closed,0,5.54,1,22,2475.59,14
C000286,Carrier C,Property,Web,2026-05-29,2026-05,2026-06-06,Closed,0,13.93,8,125,4376.22,20
C000287,Carrier A,Auto,Web,2026-07-13,2026-07,2026-07-18,Closed,0,16.33,5,80,250.5,14
C000288,Carrier A,Liability,Web,2026-04-16,2026-04,2026-04-18,Closed,0,2.74,2,168,2214.44,14
C000289,Carrier A,Property,Mobile,2026-05-21,2026-05,2026-05-31,Closed,0,5.79,10,133,5296.77,20
C000290,Carrier C,Auto,Agent,2026-05-26,2026-05,2026-05-29,Closed,0,10.92,3,128,4526.79,14
C000291,Carrier B,Auto,Web,2026-07-20,2026-07,2026-07-27,Closed,0,17.07,7,73,2737.1,14
C000292,Carrier A,Auto,Mobile,2026-07-07,2026-07,2026-07-11,Closed,0,15.38,4,86,2352.89,14
C000293,Carrier B,Auto,Web,2026-05-25,2026-05,2026-05-27,Closed,0,2.25,2,129,10790.23,14
C000294,Carrier C,Liability,Mobile,2026-08-10,2026-08,2026-08-16,Closed,0,8.7,6,52,3075.28,14
C000295,Carrier C,Liability,Agent,2026-04-05,2026-04,2026-04-11,Closed,0,3.37,6,179,6255.29,14
C000296,Carrier A,Liability,Web,2026-09-21,2026-09,,Open,1,19.27,,10,0,14
C000297,Carrier A,Liability,Web,2026-08-26,2026-08,2026-09-05,Closed,0,4.7,10,36,6766.79,14
C000298,Carrier C,Property,Agent,2026-07-02,2026-07,2026-07-16,Closed,0,16.62,14,91,2860.69,20
C000299,Carrier A,Property,Mobile,2026-08-17,2026-08,2026-08-24,Closed,0,12.84,7,45,3158.1,20
C000300,Carrier B,Auto,Mobile,2026-05-21,2026-05,2026-06-03,Closed,0,7.97,13,133,2369.92,14
C000301,Carrier C,Liability,Mobile,2026-08-14,2026-08,2026-08-23,Closed,0,1.39,9,48,1750.24,14
C000302,Carrier C,Auto,Web,2026-04-02,2026-04,2026-04-15,Closed,1,22.27,13,182,7702.88,14
C000303,Carrier C,Property,Agent,2026-05-07,2026-05,,Open,0,17.56,,147,0,20
C000304,Carrier A,Liability,Web,2026-07-14,2026-07,2026-08-11,Closed,1,15.48,28,79,16926.45,14
C000305,Carrier A,Auto,Mobile,2026-09-01,2026-09,2026-09-11,Closed,0,11.84,10,30,3923.66,14
C000306,Carrier C,Auto,Web,2026-05-22,2026-05,2026-06-04,Closed,0,10.64,13,132,2673.43,14
C000307,Carrier A,Auto,Agent,2026-07-22,2026-07,2026-08-15,Closed,1,25.84,24,71,2169.15,14
C000308,Carrier A,Property,Mobile,2026-08-08,2026-08,2026-09-11,Closed,1,14.31,34,54,6481.69,20
C000309,Carrier C,Auto,Web,2026-08-15,2026-08,2026-08-25,Closed,0,16.97,10,47,5774.34,14
C000310,Carrier A,Property,Mobile,2026-09-11,2026-09,2026-09-23,Closed,0,2.73,12,20,5167.94,20
C000311,Carrier A,Auto,Web,2026-04-19,2026-04,2026-05-01,Closed,1,11.47,12,165,4382.62,14
C000312,Carrier B,Property,Web,2026-05-13,2026-05,2026-06-06,Closed,1,24.87,24,141,10485.89,20
C000313,Carrier C,Auto,Mobile,2026-06-07,2026-06,2026-06-20,Closed,1,23.34,13,116,7054.74,14
C000314,Carrier C,Liability,Mobile,2026-06-02,2026-06,2026-07-08,Closed,1,16.25,36,121,1388.44,14
C000315,Carrier C,Auto,Mobile,2026-04-26,2026-04,2026-05-01,Closed,0,7.38,5,158,13732.86,14
C000316,Carrier C,Property,Agent,2026-06-20,2026-06,2026-07-01,Closed,0,4.8,11,103,2346.23,20
C000317,Carrier A,Auto,Mobile,2026-08-22,2026-08,2026-08-30,Closed,0,7.91,8,40,3590.77,14
C000318,Carrier A,Liability,Agent,2026-08-09,2026-08,2026-08-14,Closed,0,15.45,5,53,4013.3,14
C000319,Carrier B,Property,Mobile,2026-05-20,2026-05,,Open,1,14.85,,134,0,20
C000320,Carrier C,Auto,Mobile,2026-08-16,2026-08,2026-08-26,Closed,1,26.95,10,46,8464.46,14
C000321,Carrier A,Liability,Agent,2026-05-31,2026-05,2026-06-12,Closed,0,10.08,12,123,3452.17,14
C000322,Carrier C,Property,Web,2026-04-23,2026-04,2026-05-01,Closed,0,11.78,8,161,899.18,20
C000323,Carrier A,Liability,Agent,2026-09-10,2026-09,2026-09-12,Closed,0,9.98,2,21,8429.79,14
C000324,Carrier A,Liability,Mobile,2026-09-02,2026-09,2026-09-12,Closed,0,2.57,10,29,1879.09,14
C000325,Carrier B,Auto,Agent,2026-08-06,2026-08,2026-08-14,Closed,0,12.93,8,56,5233.23,14
C000326,Carrier C,Liability,Mobile,2026-05-29,2026-05,2026-06-11,Closed,0,2.04,13,125,14147.44,14
C000327,Carrier B,Property,Agent,2026-07-28,2026-07,,Open,1,20.96,,65,0,20
C000328,Carrier A,Property,Mobile,2026-04-17,2026-04,2026-04-29,Closed,0,16.49,12,167,3877.61,20
C000329,Carrier B,Property,Mobile,2026-09-21,2026-09,,Open,0,1.15,,10,0,20
C000330,Carrier A,Property,Mobile,2026-09-27,2026-09,,Open,0,8.81,,4,0,20
C000331,Carrier C,Liability,Mobile,2026-05-01,2026-05,2026-05-10,Closed,0,12.3,9,153,4959.14,14
C000332,Carrier C,Auto,Agent,2026-04-09,2026-04,2026-04-20,Closed,0,7.3,11,175,9941.32,14
C000333,Carrier B,Liability,Agent,2026-07-24,2026-07,2026-07-30,Closed,0,13.57,6,69,3041.55,14
C000334,Carrier A,Auto,Web,2026-06-22,2026-06,2026-07-01,Closed,1,25.01,9,101,9258.45,14
C000335,Carrier C,Liability,Agent,2026-09-13,2026-09,2026-09-23,Closed,0,4.94,10,18,11037.54,14
C000336,Carrier B,Liability,Web,2026-07-07,2026-07,2026-07-11,Closed,0,16.23,4,86,1792.65,14
C000337,Carrier A,Auto,Agent,2026-08-02,2026-08,2026-08-09,Closed,0,15.63,7,60,2201.85,14
C000338,Carrier A,Liability,Agent,2026-04-08,2026-04,2026-04-13,Closed,0,15.22,5,176,2632.03,14
C000339,Carrier B,Liability,Mobile,2026-06-02,2026-06,2026-06-06,Closed,0,5.29,4,121,1289.43,14
C000340,Carrier A,Property,Agent,2026-05-20,2026-05,2026-06-02,Closed,0,12.29,13,134,1194.36,20
C000341,Carrier B,Liability,Agent,2026-05-21,2026-05,,Open,0,16.98,,133,0,14
C000342,Carrier C,Liability,Agent,2026-06-08,2026-06,2026-06-14,Closed,0,7.13,6,115,2134.18,14
C000343,Carrier B,Liability,Agent,2026-07-04,2026-07,2026-07-13,Closed,0,7.68,9,89,3105.56,14
C000344,Carrier C,Property,Web,2026-04-19,2026-04,2026-04-26,Closed,0,9.64,7,165,7852.13,20
C000345,Carrier B,Liability,Mobile,2026-07-03,2026-07,2026-07-30,Closed,1,24.29,27,90,2371.93,14
C000346,Carrier A,Liability,Web,2026-08-07,2026-08,2026-08-12,Closed,0,14.0,5,55,5089.32,14
C000347,Carrier C,Liability,Mobile,2026-04-13,2026-04,2026-04-18,Closed,0,17.17,5,171,26005.54,14
C000348,Carrier A,Auto,Agent,2026-09-08,2026-09,2026-09-15,Closed,0,11.85,7,23,7280.18,14
C000349,Carrier C,Property,Web,2026-08-16,2026-08,2026-09-02,Closed,0,12.03,17,46,561.21,20
C000350,Carrier B,Liability,Mobile,2026-08-26,2026-08,,Open,1,11.56,,36,0,14
C000351,Carrier C,Auto,Mobile,2026-09-13,2026-09,,Open,1,24.38,,18,0,14
C000352,Carrier A,Property,Web,2026-08-02,2026-08,2026-08-11,Closed,0,15.58,9,60,2619.83,20
C000353,Carrier C,Liability,Web,2026-08-06,2026-08,2026-08-31,Closed,1,26.12,25,56,2175.72,14
C000354,Carrier A,Property,Agent,2026-07-15,2026-07,2026-07-29,Closed,0,7.52,14,78,1797.78,20
C000355,Carrier B,Liability,Agent,2026-06-15,2026-06,2026-06-30,Closed,1,24.02,15,108,2334.67,14
C000356,Carrier C,Auto,Web,2026-07-14,2026-07,2026-07-23,Closed,0,3.13,9,79,2378.94,14
C000357,Carrier A,Auto,Agent,2026-04-11,2026-04,2026-04-12,Closed,0,16.11,1,173,2743.9,14
C000358,Carrier A,Liability,Agent,2026-09-17,2026-09,,Open,0,8.95,,14,0,14
C000359,Carrier A,Property,Web,2026-07-25,2026-07,,Open,0,15.28,,68,0,20
C000360,Carrier C,Auto,Agent,2026-05-02,2026-05,2026-05-17,Closed,1,24.52,15,152,2071.37,14
C000361,Carrier A,Liability,Web,2026-09-25,2026-09,,Open,0,14.56,,6,0,14
C000362,Carrier B,Auto,Agent,2026-06-16,2026-06,2026-06-21,Closed,0,1.33,5,107,7013.27,14
C000363,Carrier A,Auto,Web,2026-06-12,2026-06,2026-06-17,Closed,0,3.08,5,111,6516.22,14
C000364,Carrier C,Liability,Agent,2026-04-22,2026-04,2026-04-27,Closed,0,13.81,5,162,1843.18,14
C000365,Carrier A,Liability,Mobile,2026-06-13,2026-06,2026-06-25,Closed,0,2.29,12,110,1682.0,14
C000366,Carrier C,Auto,Mobile,2026-05-04,2026-05,2026-05-05,Closed,0,9.34,1,150,10518.43,14
C000367,Carrier B,Liability,Web,2026-05-07,2026-05,2026-05-23,Closed,0,17.43,16,147,3465.11,14
C000368,Carrier B,Liability,Web,2026-08-25,2026-08,2026-08-30,Closed,0,13.98,5,37,3200.41,14
C000369,Carrier C,Auto,Agent,2026-06-04,2026-06,2026-06-08,Closed,0,1.04,4,119,19414.49,14
C000370,Carrier B,Liability,Mobile,2026-07-19,2026-07,2026-07-27,Closed,0,9.39,8,74,9312.0,14
C000371,Carrier C,Property,Agent,2026-04-15,2026-04,2026-05-04,Closed,0,17.25,19,169,1117.7,20
C000372,Carrier B,Property,Mobile,2026-04-21,2026-04,2026-05-11,Closed,0,2.77,20,163,8706.8,20
C000373,Carrier B,Auto,Web,2026-06-28,2026-06,2026-07-02,Closed,0,9.05,4,95,8399.01,14
C000374,Carrier A,Auto,Mobile,2026-09-03,2026-09,2026-09-10,Closed,0,4.1,7,28,1123.76,14
C000375,Carrier A,Auto,Agent,2026-05-08,2026-05,2026-05-13,Closed,0,9.47,5,146,4302.3,14
C000376,Carrier A,Liability,Mobile,2026-06-16,2026-06,2026-06-19,Closed,0,8.69,3,107,756.34,14
C000377,Carrier C,Auto,Web,2026-05-10,2026-05,2026-05-15,Closed,0,2.43,5,144,8462.76,14
C000378,Carrier B,Liability,Mobile,2026-08-02,2026-08,2026-08-11,Closed,0,16.82,9,60,1926.13,14
C000379,Carrier B,Auto,Mobile,2026-09-15,2026-09,2026-09-24,Closed,0,14.92,9,16,8759.8,14
C000380,Carrier B,Property,Agent,2026-05-13,2026-05,2026-05-29,Closed,0,13.11,16,141,23370.15,20
C000381,Carrier B,Auto,Agent,2026-08-24,2026-08,2026-09-01,Closed,0,2.83,8,38,2265.92,14
C000382,Carrier C,Liability,Web,2026-06-19,2026-06,2026-07-02,Closed,1,25.45,13,104,6221.7,14
C000383,Carrier B,Property,Agent,2026-05-20,2026-05,2026-06-06,Closed,0,11.53,17,134,3079.58,20
C000384,Carrier C,Property,Web,2026-07-01,2026-07,2026-07-13,Closed,0,5.56,12,92,6904.01,20
C000385,Carrier A,Liability,Web,2026-04-29,2026-04,2026-05-08,Closed,0,7.49,9,155,1985.35,14
C000386,Carrier B,Liability,Web,2026-05-17,2026-05,2026-05-28,Closed,0,3.24,11,137,988.81,14
C000387,Carrier A,Auto,Agent,2026-09-28,2026-09,,Open,0,10.36,,3,0,14
C000388,Carrier C,Liability,Agent,2026-08-22,2026-08,2026-09-05,Closed,0,6.47,14,40,3222.54,14
C000389,Carrier C,Property,Mobile,2026-08-23,2026-08,2026-09-06,Closed,0,4.14,14,39,1315.99,20
C000390,Carrier A,Property,Web,2026-07-31,2026-07,2026-08-13,Closed,0,2.65,13,62,5844.01,20
C000391,Carrier B,Auto,Agent,2026-07-24,2026-07,2026-07-26,Closed,0,15.46,2,69,5736.04,14
C000392,Carrier B,Property,Agent,2026-07-28,2026-07,2026-08-08,Closed,0,17.25,11,65,3789.81,20
C000393,Carrier B,Liability,Agent,2026-08-06,2026-08,2026-08-14,Closed,0,11.35,8,56,12591.94,14
C000394,Carrier A,Auto,Web,2026-07-16,2026-07,2026-07-20,Closed,0,17.58,4,77,1230.2,14
C000395,Carrier A,Liability,Web,2026-08-02,2026-08,2026-08-07,Closed,0,12.87,5,60,1548.11,14
C000396,Carrier A,Auto,Mobile,2026-04-28,2026-04,2026-05-01,Closed,0,7.11,3,156,6853.66,14
C000397,Carrier B,Property,Agent,2026-09-17,2026-09,,Open,0,14.45,,14,0,20
C000398,Carrier A,Liability,Web,2026-07-14,2026-07,2026-07-19,Closed,0,3.91,5,79,5099.36,14
C000399,Carrier A,Liability,Agent,2026-07-21,2026-07,2026-07-25,Closed,0,6.65,4,72,6289.12,14
C000400,Carrier A,Property,Mobile,2026-06-22,2026-06,2026-07-04,Closed,0,17.14,12,101,1405.65,20
C000401,Carrier C,Property,Agent,2026-06-19,2026-06,2026-06-27,Closed,0,15.99,8,104,10043.64,20
C000402,Carrier B,Property,Web,2026-09-22,2026-09,2026-09-28,Closed,0,3.74,6,9,5354.71,20
C000403,Carrier C,Liability,Web,2026-07-03,2026-07,2026-07-07,Closed,0,15.46,4,90,4233.84,14
C000404,Carrier C,Liability,Mobile,2026-04-08,2026-04,2026-04-14,Closed,0,17.1,6,176,15952.99,14
C000405,Carrier A,Property,Web,2026-07-05,2026-07,2026-07-16,Closed,0,1.98,11,88,12272.21,20
C000406,Carrier B,Auto,Web,2026-08-20,2026-08,2026-08-24,Closed,0,6.33,4,42,3540.11,14
C000407,Carrier B,Liability,Agent,2026-06-25,2026-06,2026-07-15,Closed,0,15.07,20,98,3259.1,14
C000408,Carrier C,Auto,Web,2026-06-14,2026-06,2026-07-03,Closed,0,6.16,19,109,2549.8,14
C000409,Carrier B,Auto,Web,2026-08-24,2026-08,2026-08-29,Closed,0,16.78,5,38,3139.64,14
C000410,Carrier C,Property,Mobile,2026-09-23,2026-09,,Open,1,19.66,,8,0,20
C000411,Carrier A,Property,Web,2026-08-17,2026-08,2026-09-08,Closed,0,16.97,22,45,2563.54,20
C000412,Carrier B,Auto,Mobile,2026-07-27,2026-07,2026-08-12,Closed,0,8.92,16,66,3722.94,14
C000413,Carrier A,Liability,Web,2026-09-30,2026-09,,Open,0,4.7,,1,0,14
C000414,Carrier C,Property,Mobile,2026-08-03,2026-08,2026-08-16,Closed,0,15.68,13,59,3820.37,20
C000415,Carrier C,Property,Agent,2026-04-05,2026-04,2026-04-16,Closed,0,16.74,11,179,942.1,20
C000416,Carrier B,Property,Web,2026-05-13,2026-05,,Open,0,1.73,,141,0,20
C000417,Carrier C,Property,Web,2026-07-26,2026-07,,Open,0,5.44,,67,0,20
C000418,Carrier A,Liability,Mobile,2026-05-08,2026-05,2026-05-27,Closed,1,14.92,19,146,817.64,14
C000419,Carrier A,Liability,Agent,2026-06-14,2026-06,2026-06-26,Closed,1,15.8,12,109,21404.78,14
C000420,Carrier C,Liability,Agent,2026-06-07,2026-06,2026-06-09,Closed,0,5.15,2,116,217.01,14
C000421,Carrier C,Liability,Agent,2026-06-02,2026-06,2026-06-05,Closed,0,13.66,3,121,9289.88,14
C000422,Carrier B,Liability,Mobile,2026-09-09,2026-09,2026-09-17,Closed,0,11.17,8,22,2705.99,14
C000423,Carrier A,Property,Agent,2026-08-22,2026-08,2026-08-29,Closed,0,7.89,7,40,5420.55,20
C000424,Carrier C,Liability,Web,2026-05-17,2026-05,2026-05-25,Closed,0,14.98,8,137,2992.95,14
C000425,Carrier C,Property,Web,2026-07-11,2026-07,2026-07-22,Closed,0,12.91,11,82,1477.57,20
C000426,Carrier A,Auto,Mobile,2026-06-29,2026-06,,Open,0,15.45,,94,0,14
C000427,Carrier C,Property,Web,2026-05-21,2026-05,2026-05-31,Closed,0,4.32,10,133,9584.31,20
C000428,Carrier B,Liability,Mobile,2026-05-11,2026-05,2026-05-23,Closed,0,12.23,12,143,2112.07,14
C000429,Carrier B,Auto,Mobile,2026-04-10,2026-04,2026-04-24,Closed,1,27.15,14,174,12049.33,14
C000430,Carrier A,Liability,Mobile,2026-05-29,2026-05,2026-06-02,Closed,0,15.85,4,125,2991.02,14
C000431,Carrier A,Auto,Web,2026-07-18,2026-07,2026-07-20,Closed,0,15.88,2,75,8441.9,14
C000432,Carrier B,Liability,Mobile,2026-09-27,2026-09,,Open,0,8.49,,4,0,14
C000433,Carrier A,Property,Web,2026-08-06,2026-08,2026-08-18,Closed,0,2.46,12,56,2496.44,20
C000434,Carrier B,Auto,Mobile,2026-08-20,2026-08,,Open,0,15.93,,42,0,14
C000435,Carrier A,Property,Mobile,2026-04-28,2026-04,,Open,0,6.71,,156,0,20
C000436,Carrier A,Property,Agent,2026-07-26,2026-07,2026-08-02,Closed,0,16.16,7,67,9026.89,20
C000437,Carrier A,Liability,Web,2026-05-11,2026-05,2026-05-18,Closed,0,3.03,7,143,15182.7,14
C000438,Carrier C,Property,Mobile,2026-07-21,2026-07,2026-08-12,Closed,0,3.29,22,72,3909.95,20
C000439,Carrier C,Auto,Agent,2026-07-09,2026-07,2026-07-21,Closed,0,14.71,12,84,2909.67,14
C000440,Carrier A,Liability,Web,2026-09-09,2026-09,2026-09-24,Closed,0,10.92,15,22,7273.19,14
C000441,Carrier B,Liability,Web,2026-09-27,2026-09,,Open,0,4.03,,4,0,14
C000442,Carrier A,Property,Agent,2026-04-05,2026-04,2026-04-24,Closed,0,9.87,19,179,3653.14,20
C000443,Carrier C,Property,Web,2026-08-18,2026-08,2026-08-24,Closed,0,9.83,6,44,4510.09,20
C000444,Carrier C,Auto,Mobile,2026-06-25,2026-06,2026-07-07,Closed,1,21.91,12,98,6516.44,14
C000445,Carrier B,Auto,Agent,2026-07-31,2026-07,2026-08-15,Closed,1,15.54,15,62,3589.21,14
C000446,Carrier C,Property,Agent,2026-04-14,2026-04,2026-05-07,Closed,0,7.01,23,170,2954.43,20
C000447,Carrier A,Liability,Web,2026-08-16,2026-08,,Open,0,14.58,,46,0,14
C000448,Carrier A,Liability,Web,2026-08-14,2026-08,2026-08-19,Closed,0,11.79,5,48,5254.03,14
C000449,Carrier A,Auto,Agent,2026-06-15,2026-06,2026-06-29,Closed,1,17.26,14,108,2775.92,14
C000450,Carrier A,Property,Web,2026-06-24,2026-06,2026-07-28,Closed,1,24.96,34,99,6414.41,20
C000451,Carrier C,Auto,Agent,2026-07-26,2026-07,2026-08-01,Closed,0,13.31,6,67,2808.27,14
C000452,Carrier B,Property,Web,2026-06-28,2026-06,2026-07-10,Closed,0,11.66,12,95,1487.54,20
C000453,Carrier C,Property,Web,2026-07-13,2026-07,2026-07-30,Closed,0,13.24,17,80,4409.09,20
C000454,Carrier C,Liability,Mobile,2026-09-04,2026-09,2026-09-13,Closed,0,16.95,9,27,3249.42,14
C000455,Carrier B,Property,Mobile,2026-09-04,2026-09,2026-09-14,Closed,0,9.24,10,27,3533.14,20
C000456,Carrier B,Property,Web,2026-06-28,2026-06,2026-07-09,Closed,0,13.55,11,95,7707.05,20
C000457,Carrier C,Property,Mobile,2026-04-29,2026-04,2026-05-07,Closed,0,15.12,8,155,2282.52,20
C000458,Carrier B,Liability,Web,2026-06-01,2026-06,2026-06-10,Closed,0,13.75,9,122,8080.07,14
C000459,Carrier B,Property,Web,2026-07-18,2026-07,2026-07-27,Closed,0,8.38,9,75,1161.32,20
C000460,Carrier B,Liability,Agent,2026-08-14,2026-08,2026-08-18,Closed,0,8.61,4,48,7857.17,14
C000461,Carrier C,Auto,Agent,2026-05-19,2026-05,,Open,0,3.01,,135,0,14
C000462,Carrier C,Property,Mobile,2026-09-28,2026-09,,Open,0,1.78,,3,0,20
C000463,Carrier A,Auto,Agent,2026-05-26,2026-05,2026-05-28,Closed,0,4.4,2,128,3871.4,14
C000464,Carrier A,Auto,Web,2026-08-02,2026-08,2026-08-12,Closed,1,17.46,10,60,10407.27,14
C000465,Carrier A,Auto,Agent,2026-09-30,2026-09,,Open,0,15.46,,1,0,14
C000466,Carrier A,Property,Mobile,2026-07-27,2026-07,2026-08-12,Closed,0,11.43,16,66,5474.55,20
C000467,Carrier A,Property,Mobile,2026-08-09,2026-08,2026-09-05,Closed,0,7.51,27,53,9486.24,20
C000468,Carrier C,Auto,Mobile,2026-05-18,2026-05,2026-05-31,Closed,1,19.05,13,136,6115.35,14
C000469,Carrier B,Liability,Mobile,2026-05-11,2026-05,2026-05-23,Closed,0,2.84,12,143,3589.37,14
C000470,Carrier C,Auto,Agent,2026-09-10,2026-09,2026-09-17,Closed,0,12.6,7,21,3740.46,14
C000471,Carrier B,Property,Mobile,2026-06-27,2026-06,2026-07-15,Closed,1,14.02,18,96,1785.76,20
C000472,Carrier B,Property,Web,2026-09-11,2026-09,,Open,0,4.75,,20,0,20
C000473,Carrier C,Auto,Mobile,2026-07-24,2026-07,2026-08-13,Closed,1,17.2,20,69,1690.69,14
C000474,Carrier A,Liability,Agent,2026-09-29,2026-09,,Open,0,5.33,,2,0,14
C000475,Carrier C,Property,Mobile,2026-04-24,2026-04,,Open,0,8.1,,160,0,20
C000476,Carrier A,Auto,Agent,2026-07-06,2026-07,2026-07-21,Closed,0,9.75,15,87,2032.2,14
C000477,Carrier B,Property,Agent,2026-04-17,2026-04,2026-04-26,Closed,0,11.23,9,167,868.15,20
C000478,Carrier B,Auto,Mobile,2026-06-18,2026-06,2026-07-09,Closed,0,11.92,21,105,1989.53,14
C000479,Carrier B,Auto,Mobile,2026-09-18,2026-09,,Open,1,22.76,,13,0,14
C000480,Carrier C,Property,Mobile,2026-04-04,2026-04,2026-04-23,Closed,1,12.05,19,180,8999.35,20
C000481,Carrier A,Auto,Web,2026-07-12,2026-07,2026-07-14,Closed,0,5.45,2,81,5419.46,14
C000482,Carrier B,Property,Web,2026-09-19,2026-09,,Open,0,11.11,,12,0,20
C000483,Carrier A,Liability,Mobile,2026-09-11,2026-09,2026-09-20,Closed,1,13.26,9,20,1560.84,14
C000484,Carrier A,Property,Web,2026-06-06,2026-06,,Open,1,19.85,,117,0,20
C000485,Carrier A,Property,Agent,2026-04-27,2026-04,2026-05-04,Closed,0,16.94,7,157,2188.19,20
C000486,Carrier A,Auto,Mobile,2026-05-29,2026-05,2026-06-12,Closed,0,2.03,14,125,1163.82,14
C000487,Carrier B,Auto,Web,2026-04-07,2026-04,2026-04-10,Closed,0,6.55,3,177,4279.69,14
C000488,Carrier B,Liability,Mobile,2026-07-25,2026-07,2026-08-01,Closed,0,4.97,7,68,9604.06,14
C000489,Carrier C,Liability,Agent,2026-06-19,2026-06,2026-07-07,Closed,0,5.96,18,104,5701.57,14
C000490,Carrier B,Auto,Web,2026-09-08,2026-09,2026-09-10,Closed,0,8.11,2,23,1926.77,14
C000491,Carrier A,Liability,Web,2026-04-16,2026-04,2026-04-18,Closed,0,9.97,2,168,3512.15,14
C000492,Carrier C,Property,Agent,2026-07-31,2026-07,2026-08-16,Closed,0,5.91,16,62,1552.62,20
C000493,Carrier B,Property,Web,2026-07-26,2026-07,2026-08-06,Closed,0,9.83,11,67,8167.56,20
C000494,Carrier B,Liability,Web,2026-06-19,2026-06,2026-06-25,Closed,0,4.67,6,104,2531.25,14
C000495,Carrier C,Property,Mobile,2026-06-23,2026-06,2026-07-06,Closed,0,15.0,13,100,1000.52,20
C000496,Carrier C,Liability,Agent,2026-09-28,2026-09,,Open,0,4.84,,3,0,14
C000497,Carrier A,Auto,Agent,2026-07-07,2026-07,,Open,1,11.18,,86,0,14
C000498,Carrier C,Auto,Mobile,2026-08-16,2026-08,2026-08-23,Closed,0,9.21,7,46,1062.33,14
C000499,Carrier A,Auto,Mobile,2026-06-24,2026-06,2026-07-06,Closed,0,6.2,12,99,3264.03,14
C000500,Carrier B,Property,Mobile,2026-07-31,2026-07,2026-08-12,Closed,0,7.68,12,62,2624.22,20
C000501,Carrier B,Liability,Mobile,2026-05-23,2026-05,2026-05-26,Closed,0,14.7,3,131,2131.16,14
C000502,Carrier B,Auto,Mobile,2026-05-04,2026-05,2026-05-12,Closed,0,10.18,8,150,1450.74,14
C000503,Carrier C,Auto,Agent,2026-09-26,2026-09,,Open,0,3.4,,5,0,14
C000504,Carrier B,Liability,Mobile,2026-06-10,2026-06,2026-06-18,Closed,0,13.51,8,113,1221.67,14
C000505,Carrier C,Liability,Mobile,2026-04-09,2026-04,2026-04-26,Closed,1,11.68,17,175,6522.76,14
C000506,Carrier C,Property,Agent,2026-06-20,2026-06,2026-07-13,Closed,0,16.02,23,103,18208.99,20
C000507,Carrier C,Property,Web,2026-08-22,2026-08,2026-09-08,Closed,1,27.79,17,40,879.09,20
C000508,Carrier A,Property,Mobile,2026-09-05,2026-09,2026-09-25,Closed,1,17.99,20,26,3148.57,20
C000509,Carrier C,Auto,Agent,2026-06-07,2026-06,2026-06-14,Closed,0,2.5,7,116,3808.04,14
C000510,Carrier B,Liability,Agent,2026-06-29,2026-06,2026-07-02,Closed,0,7.59,3,94,2359.41,14
C000511,Carrier A,Liability,Web,2026-05-21,2026-05,2026-05-25,Closed,0,7.36,4,133,14084.81,14
C000512,Carrier C,Liability,Web,2026-08-14,2026-08,2026-08-27,Closed,1,18.89,13,48,10032.9,14
C000513,Carrier A,Liability,Mobile,2026-05-28,2026-05,2026-06-19,Closed,1,21.37,22,126,15475.23,14
C000514,Carrier B,Liability,Web,2026-04-25,2026-04,2026-04-30,Closed,0,8.76,5,159,2787.2,14
C000515,Carrier A,Auto,Web,2026-06-26,2026-06,2026-07-05,Closed,1,19.22,9,97,600.9,14
C000516,Carrier C,Liability,Mobile,2026-06-28,2026-06,2026-07-02,Closed,0,8.13,4,95,5354.55,14
C000517,Carrier B,Auto,Web,2026-08-31,2026-08,2026-09-04,Closed,0,16.28,4,31,2583.48,14
C000518,Carrier A,Auto,Web,2026-06-08,2026-06,2026-06-21,Closed,0,6.75,13,115,2095.9,14
C000519,Carrier A,Property,Web,2026-05-03,2026-05,2026-05-28,Closed,0,15.52,25,151,2425.09,20
C000520,Carrier C,Liability,Web,2026-07-22,2026-07,2026-08-07,Closed,0,3.42,16,71,3620.82,14
C000521,Carrier C,Auto,Web,2026-05-06,2026-05,2026-05-15,Closed,0,4.64,9,148,4032.69,14
C000522,Carrier B,Auto,Mobile,2026-08-30,2026-08,2026-09-04,Closed,0,14.63,5,32,1944.5,14
C000523,Carrier C,Liability,Agent,2026-08-26,2026-08,2026-09-12,Closed,1,27.16,17,36,2428.09,14
C000524,Carrier B,Liability,Web,2026-04-27,2026-04,2026-05-03,Closed,0,9.2,6,157,755.16,14
C000525,Carrier C,Property,Mobile,2026-08-08,2026-08,2026-09-17,Closed,1,19.07,40,54,3971.41,20
C000526,Carrier A,Property,Agent,2026-07-02,2026-07,2026-07-15,Closed,0,5.9,13,91,5878.99,20
C000527,Carrier B,Property,Agent,2026-05-03,2026-05,2026-05-18,Closed,0,2.89,15,151,4164.41,20
C000528,Carrier C,Liability,Agent,2026-08-20,2026-08,2026-08-31,Closed,0,6.32,11,42,883.35,14
C000529,Carrier A,Property,Agent,2026-06-14,2026-06,2026-06-30,Closed,0,8.77,16,109,6054.06,20
C000530,Carrier A,Liability,Agent,2026-07-31,2026-07,2026-08-01,Closed,0,15.57,1,62,5758.8,14
C000531,Carrier B,Auto,Agent,2026-08-29,2026-08,2026-09-04,Closed,0,6.02,6,33,2156.47,14
C000532,Carrier B,Auto,Mobile,2026-08-22,2026-08,2026-08-28,Closed,0,9.35,6,40,5788.28,14
C000533,Carrier A,Liability,Web,2026-08-23,2026-08,2026-08-28,Closed,0,3.29,5,39,7709.09,14
C000534,Carrier B,Auto,Web,2026-06-14,2026-06,2026-06-24,Closed,0,5.27,10,109,5039.62,14
C000535,Carrier A,Auto,Web,2026-05-24,2026-05,2026-06-03,Closed,0,15.33,10,130,4332.2,14
C000536,Carrier C,Auto,Agent,2026-08-20,2026-08,2026-09-03,Closed,0,6.53,14,42,1006.33,14
C000537,Carrier C,Liability,Web,2026-04-06,2026-04,2026-04-20,Closed,0,12.25,14,178,1026.87,14
C000538,Carrier A,Auto,Web,2026-07-09,2026-07,2026-07-13,Closed,0,7.83,4,84,21507.63,14
C000539,Carrier B,Property,Agent,2026-05-31,2026-05,2026-06-06,Closed,0,11.42,6,123,979.09,20
C000540,Carrier A,Property,Web,2026-04-05,2026-04,2026-04-18,Closed,0,15.1,13,179,9499.45,20
C000541,Carrier C,Property,Mobile,2026-05-03,2026-05,2026-06-02,Closed,1,12.97,30,151,21552.15,20
C000542,Carrier C,Auto,Mobile,2026-09-16,2026-09,2026-09-18,Closed,0,17.2,2,15,1914.5,14
C000543,Carrier B,Liability,Mobile,2026-08-08,2026-08,2026-08-17,Closed,0,8.41,9,54,2528.85,14
C000544,Carrier B,Liability,Web,2026-04-18,2026-04,2026-04-23,Closed,0,15.55,5,166,6168.24,14
C000545,Carrier C,Liability,Agent,2026-08-25,2026-08,,Open,0,14.45,,37,0,14
C000546,Carrier B,Property,Web,2026-06-09,2026-06,2026-06-16,Closed,0,7.11,7,114,8552.68,20
C000547,Carrier A,Auto,Mobile,2026-06-30,2026-06,2026-07-02,Closed,0,7.74,2,93,4991.3,14
C000548,Carrier C,Property,Mobile,2026-09-08,2026-09,2026-09-29,Closed,1,14.89,21,23,2688.58,20
C000549,Carrier B,Auto,Mobile,2026-05-21,2026-05,2026-05-30,Closed,1,11.59,9,133,1525.33,14
C000550,Carrier A,Property,Web,2026-05-30,2026-05,2026-06-08,Closed,0,4.85,9,124,2834.42,20
C000551,Carrier B,Auto,Agent,2026-08-22,2026-08,2026-08-31,Closed,0,2.47,9,40,1175.65,14
C000552,Carrier C,Auto,Agent,2026-09-02,2026-09,2026-09-08,Closed,0,3.82,6,29,3247.77,14
C000553,Carrier C,Property,Agent,2026-09-06,2026-09,2026-09-17,Closed,0,13.33,11,25,2918.59,20
C000554,Carrier B,Liability,Agent,2026-04-29,2026-04,2026-05-10,Closed,0,2.51,11,155,3183.85,14
C000555,Carrier A,Auto,Mobile,2026-06-21,2026-06,2026-07-01,Closed,0,13.59,10,102,11888.42,14
C000556,Carrier A,Auto,Web,2026-06-20,2026-06,2026-06-28,Closed,0,7.33,8,103,5787.36,14
C000557,Carrier B,Auto,Mobile,2026-07-24,2026-07,2026-08-10,Closed,0,12.12,17,69,721.54,14
C000558,Carrier C,Auto,Agent,2026-09-11,2026-09,2026-09-23,Closed,0,6.38,12,20,1082.63,14
C000559,Carrier B,Liability,Mobile,2026-08-29,2026-08,2026-09-15,Closed,1,20.03,17,33,2800.59,14
C000560,Carrier C,Auto,Agent,2026-06-08,2026-06,2026-06-17,Closed,0,17.35,9,115,1282.9,14
C000561,Carrier C,Liability,Agent,2026-09-10,2026-09,2026-09-22,Closed,0,13.83,12,21,622.51,14
C000562,Carrier B,Auto,Agent,2026-08-09,2026-08,2026-08-14,Closed,0,17.16,5,53,4434.0,14
C000563,Carrier A,Property,Mobile,2026-09-16,2026-09,2026-09-26,Closed,0,17.99,10,15,6644.59,20
C000564,Carrier C,Auto,Web,2026-04-16,2026-04,2026-04-20,Closed,0,4.94,4,168,3199.57,14
C000565,Carrier A,Auto,Web,2026-08-29,2026-08,,Open,0,11.12,,33,0,14
C000566,Carrier C,Property,Mobile,2026-04-07,2026-04,2026-04-15,Closed,0,9.51,8,177,1531.49,20
C000567,Carrier A,Liability,Web,2026-06-05,2026-06,2026-06-14,Closed,0,10.42,9,118,1498.58,14
C000568,Carrier B,Auto,Web,2026-08-17,2026-08,2026-08-28,Closed,0,7.1,11,45,6977.76,14
C000569,Carrier B,Liability,Agent,2026-08-11,2026-08,2026-08-14,Closed,0,9.75,3,51,8034.12,14
C000570,Carrier C,Property,Web,2026-08-17,2026-08,,Open,0,3.32,,45,0,20
C000571,Carrier B,Liability,Web,2026-07-03,2026-07,2026-07-17,Closed,0,17.03,14,90,8599.19,14
C000572,Carrier B,Auto,Mobile,2026-06-16,2026-06,2026-06-18,Closed,0,1.73,2,107,9150.64,14
C000573,Carrier B,Liability,Web,2026-08-11,2026-08,2026-08-21,Closed,0,3.74,10,51,8631.1,14
C000574,Carrier B,Liability,Web,2026-05-05,2026-05,2026-05-15,Closed,0,4.04,10,149,2166.71,14
C000575,Carrier A,Auto,Agent,2026-06-26,2026-06,2026-07-03,Closed,0,3.02,7,97,2462.23,14
C000576,Carrier A,Auto,Mobile,2026-04-20,2026-04,2026-05-01,Closed,1,16.46,11,164,2601.03,14
C000577,Carrier B,Property,Web,2026-08-01,2026-08,2026-08-13,Closed,0,8.18,12,61,1902.99,20
C000578,Carrier C,Liability,Mobile,2026-09-03,2026-09,2026-09-21,Closed,1,25.45,18,28,2817.82,14
C000579,Carrier A,Liability,Mobile,2026-08-02,2026-08,,Open,0,13.0,,60,0,14
C000580,Carrier A,Property,Agent,2026-09-14,2026-09,2026-09-29,Closed,0,7.53,15,17,1587.28,20
C000581,Carrier C,Property,Mobile,2026-07-19,2026-07,2026-08-13,Closed,1,15.1,25,74,1110.43,20
C000582,Carrier C,Property,Agent,2026-09-16,2026-09,2026-09-27,Closed,0,17.37,11,15,1678.99,20
C000583,Carrier B,Auto,Web,2026-04-12,2026-04,2026-04-20,Closed,0,1.06,8,172,1409.39,14
C000584,Carrier C,Property,Web,2026-08-15,2026-08,2026-08-31,Closed,1,13.8,16,47,4619.16,20
C000585,Carrier C,Liability,Mobile,2026-05-04,2026-05,,Open,0,6.04,,150,0,14
C000586,Carrier B,Liability,Web,2026-09-13,2026-09,2026-09-19,Closed,0,12.48,6,18,1620.79,14
C000587,Carrier B,Property,Mobile,2026-09-21,2026-09,2026-10-01,Closed,0,10.55,10,10,2819.55,20
C000588,Carrier A,Property,Mobile,2026-05-11,2026-05,2026-05-27,Closed,0,9.26,16,143,990.94,20
C000589,Carrier A,Liability,Agent,2026-09-09,2026-09,2026-09-14,Closed,0,6.39,5,22,3242.76,14
C000590,Carrier C,Auto,Mobile,2026-09-15,2026-09,2026-09-28,Closed,1,20.63,13,16,2007.6,14
C000591,Carrier A,Auto,Web,2026-08-07,2026-08,2026-08-16,Closed,0,3.35,9,55,6206.29,14
C000592,Carrier B,Liability,Web,2026-08-28,2026-08,,Open,1,17.72,,34,0,14
C000593,Carrier C,Liability,Agent,2026-05-30,2026-05,2026-06-06,Closed,0,17.48,7,124,4265.48,14
C000594,Carrier A,Auto,Agent,2026-05-26,2026-05,2026-06-03,Closed,0,5.27,8,128,2872.71,14
C000595,Carrier C,Property,Mobile,2026-04-28,2026-04,2026-05-08,Closed,0,1.35,10,156,1949.3,20
C000596,Carrier A,Auto,Web,2026-06-10,2026-06,2026-06-18,Closed,1,13.33,8,113,1770.31,14
C000597,Carrier B,Liability,Web,2026-08-02,2026-08,2026-08-06,Closed,0,9.42,4,60,7537.79,14
C000598,Carrier A,Property,Mobile,2026-05-30,2026-05,2026-06-09,Closed,0,13.69,10,124,2646.38,20
C000599,Carrier C,Liability,Agent,2026-06-22,2026-06,2026-07-06,Closed,1,13.18,14,101,1347.83,14
C000600,Carrier C,Auto,Mobile,2026-07-13,2026-07,2026-07-20,Closed,0,5.75,7,80,723.33,14
C000601,Carrier B,Liability,Mobile,2026-08-24,2026-08,2026-09-07,Closed,1,27.39,14,38,1024.59,14
C000602,Carrier A,Auto,Mobile,2026-09-05,2026-09,2026-09-09,Closed,0,4.95,4,26,15186.61,14
C000603,Carrier A,Liability,Agent,2026-07-12,2026-07,2026-07-19,Closed,0,10.19,7,81,1020.99,14
C000604,Carrier C,Liability,Agent,2026-09-10,2026-09,2026-09-25,Closed,0,14.4,15,21,2806.18,14
C000605,Carrier A,Property,Mobile,2026-09-25,2026-09,,Open,0,9.34,,6,0,20
C000606,Carrier B,Auto,Web,2026-09-27,2026-09,,Open,0,15.13,,4,0,14
C000607,Carrier C,Property,Web,2026-09-09,2026-09,2026-09-29,Closed,0,8.36,20,22,6035.97,20
C000608,Carrier B,Property,Agent,2026-04-20,2026-04,2026-05-06,Closed,0,9.56,16,164,5281.84,20
C000609,Carrier B,Liability,Web,2026-04-25,2026-04,2026-05-12,Closed,1,27.9,17,159,6902.84,14
C000610,Carrier A,Auto,Mobile,2026-05-20,2026-05,2026-05-21,Closed,0,11.99,1,134,11300.23,14
C000611,Carrier B,Liability,Agent,2026-08-09,2026-08,2026-08-12,Closed,0,17.43,3,53,21970.88,14
C000612,Carrier A,Liability,Agent,2026-06-04,2026-06,2026-06-11,Closed,0,9.31,7,119,2007.51,14
C000613,Carrier B,Liability,Mobile,2026-06-12,2026-06,2026-07-10,Closed,1,25.79,28,111,1487.87,14
C000614,Carrier C,Property,Mobile,2026-04-11,2026-04,2026-04-29,Closed,1,25.12,18,173,1531.99,20
C000615,Carrier B,Property,Web,2026-05-22,2026-05,2026-05-28,Closed,0,6.75,6,132,3782.78,20
C000616,Carrier A,Liability,Agent,2026-05-27,2026-05,2026-06-08,Closed,0,8.77,12,127,4720.94,14
C000617,Carrier B,Property,Web,2026-08-26,2026-08,2026-09-04,Closed,0,10.27,9,36,1896.7,20
C000618,Carrier B,Property,Agent,2026-05-13,2026-05,2026-05-22,Closed,0,3.5,9,141,565.88,20
C000619,Carrier C,Auto,Mobile,2026-09-09,2026-09,2026-09-12,Closed,0,10.69,3,22,5639.92,14
C000620,Carrier A,Liability,Mobile,2026-07-30,2026-07,2026-08-13,Closed,1,25.79,14,63,2069.13,14
C000621,Carrier B,Liability,Web,2026-04-14,2026-04,2026-04-19,Closed,0,15.97,5,170,1572.16,14
C000622,Carrier A,Auto,Web,2026-05-24,2026-05,2026-05-26,Closed,0,11.26,2,130,6870.81,14
C000623,Carrier B,Auto,Agent,2026-04-02,2026-04,2026-04-06,Closed,0,14.44,4,182,3205.4,14
C000624,Carrier C,Property,Web,2026-09-17,2026-09,2026-09-24,Closed,0,11.67,7,14,1207.0,20
C000625,Carrier B,Auto,Mobile,2026-05-27,2026-05,2026-05-31,Closed,0,15.92,4,127,2859.84,14
C000626,Carrier B,Auto,Web,2026-09-13,2026-09,2026-09-16,Closed,0,14.82,3,18,3104.84,14
C000627,Carrier A,Auto,Mobile,2026-08-11,2026-08,2026-08-14,Closed,0,4.37,3,51,2595.83,14
C000628,Carrier B,Auto,Web,2026-08-17,2026-08,2026-08-22,Closed,0,1.23,5,45,1467.6,14
C000629,Carrier B,Property,Web,2026-07-15,2026-07,2026-07-22,Closed,0,16.87,7,78,28299.86,20
C000630,Carrier C,Auto,Mobile,2026-09-22,2026-09,,Open,0,13.6,,9,0,14
C000631,Carrier B,Auto,Agent,2026-09-29,2026-09,,Open,0,6.03,,2,0,14
C000632,Carrier A,Auto,Web,2026-07-25,2026-07,2026-07-28,Closed,0,6.9,3,68,2488.42,14
C000633,Carrier B,Liability,Web,2026-08-15,2026-08,,Open,0,10.53,,47,0,14
C000634,Carrier C,Auto,Mobile,2026-05-02,2026-05,2026-05-10,Closed,0,5.16,8,152,8768.9,14
C000635,Carrier B,Auto,Agent,2026-09-04,2026-09,2026-09-16,Closed,0,15.83,12,27,2323.7,14
C000636,Carrier A,Property,Web,2026-06-17,2026-06,2026-07-10,Closed,0,14.64,23,106,3832.72,20
C000637,Carrier C,Liability,Agent,2026-08-16,2026-08,2026-08-28,Closed,0,2.42,12,46,4786.56,14
C000638,Carrier B,Auto,Agent,2026-08-01,2026-08,,Open,0,16.88,,61,0,14
C000639,Carrier B,Property,Agent,2026-07-01,2026-07,2026-07-14,Closed,0,6.16,13,92,10668.23,20
C000640,Carrier B,Liability,Agent,2026-04-23,2026-04,2026-04-24,Closed,0,1.54,1,161,2454.28,14
C000641,Carrier B,Property,Agent,2026-09-21,2026-09,,Open,0,17.4,,10,0,20
C000642,Carrier A,Property,Agent,2026-06-06,2026-06,2026-06-17,Closed,0,17.22,11,117,2937.58,20
C000643,Carrier B,Auto,Mobile,2026-04-22,2026-04,2026-05-17,Closed,1,26.04,25,162,2493.87,14
C000644,Carrier C,Liability,Mobile,2026-04-19,2026-04,2026-04-25,Closed,0,15.52,6,165,5663.21,14
C000645,Carrier C,Auto,Web,2026-04-06,2026-04,2026-04-20,Closed,1,15.23,14,178,1010.23,14
C000646,Carrier C,Auto,Mobile,2026-06-22,2026-06,2026-07-08,Closed,1,13.41,16,101,1721.01,14
C000647,Carrier A,Liability,Agent,2026-06-03,2026-06,2026-06-23,Closed,1,11.41,20,120,4739.97,14
C000648,Carrier B,Auto,Mobile,2026-07-13,2026-07,2026-08-04,Closed,0,7.81,22,80,11270.54,14
C000649,Carrier C,Auto,Agent,2026-04-19,2026-04,2026-04-27,Closed,0,8.59,8,165,1131.65,14
C000650,Carrier C,Auto,Web,2026-09-05,2026-09,2026-09-16,Closed,1,12.84,11,26,8059.51,14
C000651,Carrier A,Liability,Mobile,2026-07-20,2026-07,2026-08-22,Closed,1,23.81,33,73,2523.46,14
C000652,Carrier A,Auto,Web,2026-08-29,2026-08,,Open,0,17.84,,33,0,14
C000653,Carrier A,Liability,Web,2026-04-10,2026-04,2026-04-17,Closed,0,17.44,7,174,1472.98,14
C000654,Carrier B,Property,Web,2026-09-21,2026-09,,Open,0,11.51,,10,0,20
C000655,Carrier B,Auto,Web,2026-07-30,2026-07,2026-08-02,Closed,0,13.03,3,63,25166.58,14
C000656,Carrier C,Auto,Web,2026-04-13,2026-04,2026-05-04,Closed,0,1.61,21,171,1259.09,14
C000657,Carrier B,Liability,Web,2026-08-02,2026-08,2026-08-08,Closed,0,16.11,6,60,3286.74,14
C000658,Carrier A,Property,Agent,2026-06-27,2026-06,2026-07-10,Closed,0,10.83,13,96,2724.75,20
C000659,Carrier C,Property,Agent,2026-05-24,2026-05,2026-06-07,Closed,1,25.25,14,130,5739.95,20
C000660,Carrier B,Liability,Web,2026-08-29,2026-08,2026-09-02,Closed,0,16.89,4,33,19154.08,14
C000661,Carrier B,Property,Agent,2026-08-02,2026-08,2026-08-15,Closed,0,13.21,13,60,4261.66,20
C000662,Carrier C,Auto,Mobile,2026-04-07,2026-04,2026-04-16,Closed,1,22.97,9,177,6207.32,14
C000663,Carrier C,Auto,Web,2026-06-03,2026-06,,Open,0,8.87,,120,0,14
C000664,Carrier A,Property,Mobile,2026-09-14,2026-09,,Open,0,7.28,,17,0,20
C000665,Carrier B,Auto,Agent,2026-08-22,2026-08,2026-09-05,Closed,0,6.35,14,40,2499.79,14
C000666,Carrier B,Auto,Agent,2026-09-08,2026-09,2026-09-30,Closed,0,13.07,22,23,8107.88,14
C000667,Carrier A,Property,Agent,2026-04-22,2026-04,2026-04-29,Closed,0,17.8,7,162,12253.71,20
C000668,Carrier B,Auto,Web,2026-04-05,2026-04,2026-04-16,Closed,1,14.15,11,179,1004.18,14
C000669,Carrier C,Auto,Agent,2026-05-25,2026-05,2026-05-30,Closed,0,16.99,5,129,1448.93,14
C000670,Carrier A,Auto,Web,2026-06-03,2026-06,2026-06-18,Closed,1,12.62,15,120,2392.15,14
C000671,Carrier B,Property,Mobile,2026-04-30,2026-04,2026-05-15,Closed,1,12.77,15,154,3813.27,20
C000672,Carrier A,Liability,Mobile,2026-06-24,2026-06,2026-07-12,Closed,0,17.81,18,99,656.53,14
C000673,Carrier B,Property,Web,2026-05-30,2026-05,2026-06-10,Closed,0,12.83,11,124,5176.58,20
C000674,Carrier B,Property,Mobile,2026-08-15,2026-08,2026-09-07,Closed,0,11.25,23,47,1184.52,20
C000675,Carrier B,Property,Web,2026-05-13,2026-05,2026-05-23,Closed,0,2.97,10,141,1107.86,20
C000676,Carrier C,Auto,Web,2026-09-08,2026-09,2026-09-14,Closed,0,6.87,6,23,5249.76,14
C000677,Carrier B,Property,Web,2026-04-11,2026-04,2026-04-25,Closed,0,2.16,14,173,1518.65,20
C000678,Carrier A,Auto,Web,2026-08-29,2026-08,2026-09-03,Closed,0,11.24,5,33,972.96,14
C000679,Carrier B,Property,Agent,2026-04-07,2026-04,2026-04-20,Closed,0,5.77,13,177,3822.38,20
C000680,Carrier B,Auto,Agent,2026-04-01,2026-04,2026-04-15,Closed,1,21.25,14,183,5131.05,14
C000681,Carrier A,Auto,Agent,2026-07-12,2026-07,2026-07-19,Closed,0,8.07,7,81,1662.84,14
C000682,Carrier A,Liability,Agent,2026-05-14,2026-05,2026-05-24,Closed,0,16.02,10,140,4929.15,14
C000683,Carrier A,Property,Mobile,2026-08-16,2026-08,2026-08-26,Closed,0,2.31,10,46,1982.55,20
C000684,Carrier C,Auto,Web,2026-05-26,2026-05,2026-06-02,Closed,0,16.8,7,128,443.85,14
C000685,Carrier B,Liability,Mobile,2026-07-30,2026-07,2026-08-17,Closed,0,6.22,18,63,6505.67,14
C000686,Carrier C,Liability,Mobile,2026-04-06,2026-04,2026-04-16,Closed,0,6.66,10,178,3600.91,14
C000687,Carrier C,Liability,Mobile,2026-06-09,2026-06,2026-06-22,Closed,1,26.7,13,114,664.34,14
C000688,Carrier A,Property,Web,2026-07-13,2026-07,2026-07-23,Closed,0,17.65,10,80,6353.85,20
C000689,Carrier A,Property,Web,2026-05-28,2026-05,2026-06-13,Closed,1,17.58,16,126,1610.17,20
C000690,Carrier B,Property,Agent,2026-07-22,2026-07,2026-08-01,Closed,0,12.93,10,71,2211.58,20
C000691,Carrier A,Auto,Web,2026-06-06,2026-06,2026-06-21,Closed,1,19.81,15,117,1012.76,14
C000692,Carrier B,Auto,Web,2026-07-03,2026-07,,Open,0,4.5,,90,0,14
C000693,Carrier A,Auto,Mobile,2026-07-07,2026-07,2026-07-23,Closed,1,20.08,16,86,9512.96,14
C000694,Carrier A,Liability,Web,2026-09-24,2026-09,,Open,0,15.06,,7,0,14
C000695,Carrier C,Liability,Mobile,2026-09-22,2026-09,,Open,1,20.89,,9,0,14
C000696,Carrier C,Property,Mobile,2026-08-13,2026-08,2026-08-28,Closed,1,13.42,15,49,820.26,20
C000697,Carrier A,Property,Mobile,2026-05-18,2026-05,2026-06-16,Closed,0,15.18,29,136,7872.64,20
C000698,Carrier C,Liability,Mobile,2026-05-27,2026-05,2026-05-30,Closed,0,1.44,3,127,5859.75,14
C000699,Carrier C,Auto,Mobile,2026-04-27,2026-04,2026-05-06,Closed,1,16.97,9,157,1842.39,14
C000700,Carrier A,Property,Web,2026-07-28,2026-07,2026-08-29,Closed,1,23.16,32,65,2207.05,20
C000701,Carrier B,Liability,Agent,2026-07-05,2026-07,2026-07-12,Closed,0,11.48,7,88,4822.26,14
C000702,Carrier C,Auto,Web,2026-07-18,2026-07,2026-07-25,Closed,0,14.41,7,75,3540.42,14
C000703,Carrier C,Liability,Agent,2026-04-03,2026-04,2026-04-10,Closed,0,1.8,7,181,6409.17,14
C000704,Carrier B,Property,Agent,2026-09-27,2026-09,,Open,0,5.5,,4,0,20
C000705,Carrier C,Property,Agent,2026-09-23,2026-09,2026-09-29,Closed,0,4.96,6,8,3295.69,20
C000706,Carrier B,Auto,Agent,2026-09-29,2026-09,,Open,0,6.66,,2,0,14
C000707,Carrier C,Auto,Web,2026-06-26,2026-06,2026-07-01,Closed,0,17.64,5,97,3442.91,14
C000708,Carrier C,Liability,Mobile,2026-09-23,2026-09,,Open,1,19.1,,8,0,14
C000709,Carrier A,Liability,Web,2026-05-20,2026-05,2026-05-29,Closed,0,14.31,9,134,2484.34,14
C000710,Carrier C,Auto,Web,2026-06-07,2026-06,2026-06-18,Closed,0,13.39,11,116,9548.86,14
C000711,Carrier B,Auto,Web,2026-05-05,2026-05,2026-05-22,Closed,1,13.92,17,149,1312.04,14
C000712,Carrier A,Liability,Agent,2026-06-06,2026-06,2026-06-12,Closed,0,4.75,6,117,4393.22,14
C000713,Carrier B,Liability,Web,2026-06-10,2026-06,2026-06-12,Closed,0,4.82,2,113,4060.45,14
C000714,Carrier A,Auto,Web,2026-09-30,2026-09,,Open,1,12.56,,1,0,14
C000715,Carrier B,Property,Agent,2026-04-12,2026-04,2026-04-25,Closed,0,17.02,13,172,3058.52,20
C000716,Carrier A,Auto,Mobile,2026-04-09,2026-04,2026-04-18,Closed,1,27.06,9,175,2695.51,14
C000717,Carrier B,Liability,Mobile,2026-08-24,2026-08,2026-09-02,Closed,0,1.35,9,38,5769.28,14
C000718,Carrier B,Liability,Web,2026-06-20,2026-06,2026-06-22,Closed,0,2.08,2,103,5140.95,14
C000719,Carrier B,Property,Web,2026-06-28,2026-06,2026-07-07,Closed,0,8.72,9,95,5582.71,20
C000720,Carrier A,Property,Agent,2026-04-17,2026-04,2026-05-14,Closed,0,12.63,27,167,1162.65,20
C000721,Carrier B,Property,Web,2026-09-21,2026-09,,Open,0,8.82,,10,0,20
C000722,Carrier B,Property,Web,2026-04-09,2026-04,2026-04-23,Closed,1,26.84,14,175,5477.66,20
C000723,Carrier C,Auto,Agent,2026-07-17,2026-07,2026-07-19,Closed,0,9.99,2,76,1027.76,14
C000724,Carrier B,Liability,Web,2026-06-20,2026-06,2026-06-22,Closed,0,17.76,2,103,3887.36,14
C000725,Carrier C,Property,Mobile,2026-08-05,2026-08,2026-08-13,Closed,0,9.07,8,57,3483.51,20
C000726,Carrier A,Auto,Mobile,2026-07-31,2026-07,2026-08-04,Closed,0,3.56,4,62,6345.96,14
C000727,Carrier B,Property,Agent,2026-05-14,2026-05,2026-05-25,Closed,0,12.25,11,140,1187.41,20
C000728,Carrier A,Property,Mobile,2026-07-31,2026-07,2026-08-08,Closed,0,7.51,8,62,2962.67,20
C000729,Carrier C,Property,Agent,2026-06-12,2026-06,2026-07-02,Closed,0,14.74,20,111,763.09,20
C000730,Carrier B,Auto,Web,2026-06-22,2026-06,2026-06-26,Closed,0,5.88,4,101,7344.91,14
C000731,Carrier C,Property,Agent,2026-04-22,2026-04,2026-05-01,Closed,0,8.59,9,162,1032.56,20
C000732,Carrier C,Property,Agent,2026-05-09,2026-05,2026-06-04,Closed,0,7.59,26,145,8065.0,20
C000733,Carrier A,Auto,Mobile,2026-04-10,2026-04,2026-04-16,Closed,0,1.12,6,174,515.91,14
C000734,Carrier A,Liability,Mobile,2026-08-22,2026-08,2026-09-05,Closed,1,18.33,14,40,4368.63,14
C000735,Carrier B,Property,Web,2026-04-28,2026-04,2026-05-08,Closed,0,15.8,10,156,4964.28,20
C000736,Carrier A,Property,Mobile,2026-07-30,2026-07,2026-08-18,Closed,0,10.03,19,63,2529.17,20
C000737,Carrier B,Liability,Web,2026-04-30,2026-04,2026-05-24,Closed,0,1.4,24,154,3410.72,14
C000738,Carrier C,Liability,Mobile,2026-07-29,2026-07,2026-08-09,Closed,1,18.67,11,64,8783.36,14
C000739,Carrier C,Auto,Web,2026-07-15,2026-07,2026-07-21,Closed,0,15.3,6,78,1492.78,14
C000740,Carrier A,Auto,Mobile,2026-09-24,2026-09,2026-09-27,Closed,0,11.28,3,7,10448.97,14
C000741,Carrier A,Auto,Agent,2026-05-17,2026-05,2026-06-03,Closed,0,17.8,17,137,1464.7,14
C000742,Carrier B,Liability,Agent,2026-09-29,2026-09,,Open,0,4.49,,2,0,14
C000743,Carrier A,Property,Mobile,2026-09-21,2026-09,,Open,0,8.69,,10,0,20
C000744,Carrier A,Property,Web,2026-07-05,2026-07,2026-07-19,Closed,0,4.32,14,88,1409.1,20
C000745,Carrier C,Auto,Agent,2026-09-09,2026-09,2026-09-26,Closed,1,15.09,17,22,1395.63,14
C000746,Carrier A,Property,Web,2026-04-14,2026-04,2026-05-01,Closed,1,17.19,17,170,4571.19,20
C000747,Carrier C,Liability,Web,2026-06-06,2026-06,2026-06-15,Closed,0,5.82,9,117,5742.84,14
C000748,Carrier C,Auto,Agent,2026-05-09,2026-05,2026-05-24,Closed,0,4.48,15,145,2023.95,14
C000749,Carrier C,Property,Agent,2026-04-08,2026-04,2026-04-19,Closed,0,11.83,11,176,4376.94,20
C000750,Carrier B,Liability,Agent,2026-04-14,2026-04,2026-04-19,Closed,0,2.08,5,170,11730.09,14
C000751,Carrier A,Property,Web,2026-04-17,2026-04,2026-04-25,Closed,0,2.4,8,167,2159.68,20
C000752,Carrier B,Liability,Mobile,2026-09-21,2026-09,,Open,1,25.27,,10,0,14
C000753,Carrier C,Auto,Agent,2026-04-08,2026-04,2026-04-24,Closed,0,2.8,16,176,3322.72,14
C000754,Carrier C,Property,Web,2026-04-28,2026-04,2026-05-12,Closed,0,5.9,14,156,9355.19,20
C000755,Carrier C,Auto,Web,2026-04-13,2026-04,2026-05-01,Closed,0,16.37,18,171,1084.65,14
C000756,Carrier C,Property,Agent,2026-05-23,2026-05,2026-06-01,Closed,0,8.02,9,131,5873.9,20
C000757,Carrier A,Liability,Agent,2026-07-11,2026-07,2026-08-01,Closed,0,9.39,21,82,7308.87,14
C000758,Carrier A,Property,Web,2026-06-30,2026-06,2026-07-12,Closed,0,3.36,12,93,2947.04,20
C000759,Carrier B,Liability,Web,2026-04-24,2026-04,2026-05-11,Closed,0,12.1,17,160,2791.2,14
C000760,Carrier C,Property,Agent,2026-06-25,2026-06,2026-07-21,Closed,0,6.43,26,98,11736.72,20
C000761,Carrier B,Auto,Web,2026-09-01,2026-09,2026-09-16,Closed,0,2.53,15,30,5264.13,14
C000762,Carrier B,Auto,Mobile,2026-06-10,2026-06,2026-06-30,Closed,1,27.08,20,113,1228.64,14
C000763,Carrier A,Auto,Agent,2026-07-11,2026-07,2026-07-13,Closed,0,12.67,2,82,2087.16,14
C000764,Carrier A,Auto,Mobile,2026-07-29,2026-07,2026-07-31,Closed,0,14.52,2,64,2461.69,14
C000765,Carrier C,Liability,Mobile,2026-07-04,2026-07,2026-07-13,Closed,0,16.87,9,89,3439.48,14
C000766,Carrier A,Auto,Mobile,2026-04-03,2026-04,2026-04-09,Closed,0,4.57,6,181,3536.09,14
C000767,Carrier A,Property,Mobile,2026-09-21,2026-09,,Open,1,21.86,,10,0,20
C000768,Carrier C,Auto,Mobile,2026-06-18,2026-06,2026-06-26,Closed,0,7.03,8,105,4415.98,14
C000769,Carrier A,Auto,Mobile,2026-08-08,2026-08,2026-08-28,Closed,1,26.34,20,54,2952.04,14
C000770,Carrier A,Property,Mobile,2026-07-01,2026-07,2026-08-16,Closed,1,19.17,46,92,1841.42,20
C000771,Carrier A,Auto,Mobile,2026-06-14,2026-06,2026-06-23,Closed,0,14.45,9,109,1231.9,14
C000772,Carrier B,Auto,Agent,2026-07-19,2026-07,2026-08-03,Closed,1,18.77,15,74,9686.13,14
C000773,Carrier A,Liability,Web,2026-08-30,2026-08,2026-09-09,Closed,0,8.9,10,32,5479.45,14
C000774,Carrier A,Auto,Mobile,2026-09-16,2026-09,2026-09-23,Closed,0,9.48,7,15,3244.25,14
C000775,Carrier B,Liability,Mobile,2026-06-21,2026-06,2026-06-30,Closed,1,16.77,9,102,7178.01,14
C000776,Carrier C,Liability,Agent,2026-06-15,2026-06,2026-06-23,Closed,0,9.1,8,108,5965.9,14
C000777,Carrier A,Property,Web,2026-06-13,2026-06,,Open,0,9.47,,110,0,20
C000778,Carrier A,Property,Mobile,2026-05-20,2026-05,2026-06-10,Closed,0,6.85,21,134,6640.37,20
C000779,Carrier A,Liability,Mobile,2026-09-28,2026-09,,Open,0,1.73,,3,0,14
C000780,Carrier C,Liability,Web,2026-08-30,2026-08,2026-09-06,Closed,0,15.9,7,32,549.99,14
C000781,Carrier B,Property,Mobile,2026-04-21,2026-04,2026-05-12,Closed,0,13.3,21,163,3679.49,20
C000782,Carrier A,Property,Agent,2026-09-05,2026-09,2026-09-14,Closed,0,14.28,9,26,1110.56,20
C000783,Carrier B,Auto,Web,2026-04-12,2026-04,2026-04-13,Closed,0,6.08,1,172,2635.77,14
C000784,Carrier A,Liability,Web,2026-05-23,2026-05,2026-05-30,Closed,0,2.08,7,131,2598.27,14
C000785,Carrier A,Auto,Mobile,2026-05-09,2026-05,2026-05-20,Closed,1,20.5,11,145,1897.5,14
C000786,Carrier A,Auto,Web,2026-08-12,2026-08,2026-08-13,Closed,0,5.22,1,50,9660.84,14
C000787,Carrier B,Liability,Web,2026-07-31,2026-07,2026-08-02,Closed,0,5.56,2,62,3585.12,14
C000788,Carrier C,Auto,Agent,2026-06-19,2026-06,2026-07-08,Closed,0,13.15,19,104,1229.89,14
C000789,Carrier B,Auto,Agent,2026-09-28,2026-09,,Open,0,16.21,,3,0,14
C000790,Carrier B,Property,Mobile,2026-08-28,2026-08,2026-09-13,Closed,1,23.52,16,34,2567.84,20
C000791,Carrier B,Property,Web,2026-06-23,2026-06,2026-07-06,Closed,0,11.94,13,100,3309.26,20
C000792,Carrier C,Liability,Web,2026-08-14,2026-08,2026-08-24,Closed,0,1.73,10,48,1792.46,14
C000793,Carrier A,Auto,Web,2026-06-08,2026-06,2026-06-10,Closed,0,17.17,2,115,1376.94,14
C000794,Carrier C,Liability,Web,2026-07-16,2026-07,2026-07-19,Closed,0,10.43,3,77,1857.22,14
C000795,Carrier A,Property,Web,2026-05-31,2026-05,2026-07-01,Closed,0,12.63,31,123,1493.52,20
C000796,Carrier A,Auto,Web,2026-08-29,2026-08,2026-09-23,Closed,1,22.9,25,33,3195.49,14
C000797,Carrier B,Auto,Web,2026-06-16,2026-06,2026-06-26,Closed,1,17.36,10,107,4622.86,14
C000798,Carrier C,Auto,Web,2026-05-13,2026-05,,Open,0,6.98,,141,0,14
C000799,Carrier C,Property,Web,2026-04-19,2026-04,2026-05-04,Closed,1,13.29,15,165,6980.07,20
C000800,Carrier A,Liability,Web,2026-04-13,2026-04,2026-04-26,Closed,1,22.63,13,171,11677.31,14
C000801,Carrier B,Property,Agent,2026-06-07,2026-06,2026-06-15,Closed,0,9.06,8,116,801.68,20
C000802,Carrier C,Auto,Mobile,2026-06-10,2026-06,2026-06-16,Closed,0,13.61,6,113,1286.84,14
C000803,Carrier A,Property,Web,2026-04-14,2026-04,2026-05-05,Closed,0,16.66,21,170,7244.15,20
C000804,Carrier A,Liability,Web,2026-08-19,2026-08,2026-08-24,Closed,0,6.5,5,43,7344.63,14
C000805,Carrier B,Auto,Agent,2026-08-18,2026-08,2026-08-27,Closed,0,13.85,9,44,3095.6,14
C000806,Carrier B,Liability,Web,2026-08-31,2026-08,2026-09-18,Closed,1,19.09,18,31,33556.81,14
C000807,Carrier C,Auto,Web,2026-05-31,2026-05,2026-06-12,Closed,0,17.64,12,123,808.77,14
C000808,Carrier C,Property,Agent,2026-05-03,2026-05,2026-05-15,Closed,0,8.92,12,151,2773.77,20
C000809,Carrier A,Property,Mobile,2026-08-06,2026-08,2026-08-16,Closed,0,15.94,10,56,1041.28,20
C000810,Carrier C,Auto,Mobile,2026-04-30,2026-04,2026-05-14,Closed,1,23.62,14,154,6305.75,14
C000811,Carrier B,Auto,Web,2026-04-24,2026-04,2026-04-25,Closed,0,4.43,1,160,1720.85,14
C000812,Carrier C,Auto,Mobile,2026-04-15,2026-04,2026-04-30,Closed,1,24.65,15,169,19141.98,14
C000813,Carrier C,Liability,Web,2026-06-26,2026-06,2026-07-02,Closed,0,13.35,6,97,1724.63,14
C000814,Carrier A,Auto,Web,2026-06-22,2026-06,,Open,0,1.58,,101,0,14
C000815,Carrier A,Liability,Mobile,2026-04-30,2026-04,2026-05-07,Closed,0,7.01,7,154,1701.39,14
C000816,Carrier C,Property,Web,2026-09-01,2026-09,2026-09-14,Closed,0,17.01,13,30,4575.94,20
C000817,Carrier A,Auto,Web,2026-05-11,2026-05,2026-05-29,Closed,1,16.89,18,143,8453.26,14
C000818,Carrier C,Property,Agent,2026-04-04,2026-04,2026-04-15,Closed,0,15.45,11,180,3016.87,20
C000819,Carrier C,Property,Mobile,2026-08-10,2026-08,2026-08-17,Closed,0,14.38,7,52,4050.03,20
C000820,Carrier A,Property,Web,2026-07-02,2026-07,2026-07-07,Closed,0,2.41,5,91,1188.75,20
C000821,Carrier C,Liability,Mobile,2026-07-30,2026-07,,Open,0,10.25,,63,0,14
C000822,Carrier A,Property,Agent,2026-09-08,2026-09,2026-09-17,Closed,0,2.72,9,23,2415.91,20
C000823,Carrier B,Property,Agent,2026-07-25,2026-07,2026-08-07,Closed,0,2.16,13,68,2920.17,20
C000824,Carrier A,Auto,Web,2026-06-01,2026-06,2026-06-17,Closed,0,16.24,16,122,600.0,14
C000825,Carrier B,Auto,Web,2026-05-21,2026-05,2026-05-24,Closed,0,9.58,3,133,4729.15,14
C000826,Carrier A,Liability,Agent,2026-06-01,2026-06,2026-06-10,Closed,0,15.94,9,122,971.78,14
C000827,Carrier C,Property,Web,2026-07-18,2026-07,2026-07-30,Closed,0,7.82,12,75,1808.35,20
C000828,Carrier A,Property,Agent,2026-07-19,2026-07,2026-08-03,Closed,0,17.79,15,74,4551.87,20
C000829,Carrier C,Liability,Web,2026-04-15,2026-04,2026-04-24,Closed,0,6.74,9,169,2656.94,14
C000830,Carrier C,Property,Web,2026-04-21,2026-04,2026-04-30,Closed,0,13.07,9,163,6499.59,20
C000831,Carrier C,Property,Mobile,2026-07-13,2026-07,2026-08-08,Closed,0,4.23,26,80,5511.54,20
C000832,Carrier A,Auto,Mobile,2026-09-17,2026-09,2026-09-30,Closed,1,16.27,13,14,2967.93,14
C000833,Carrier B,Property,Mobile,2026-05-12,2026-05,2026-06-04,Closed,0,14.31,23,142,5114.18,20
C000834,Carrier C,Liability,Web,2026-09-21,2026-09,2026-09-26,Closed,0,6.95,5,10,2115.24,14
C000835,Carrier B,Liability,Web,2026-05-09,2026-05,2026-05-14,Closed,0,9.35,5,145,3586.82,14
C000836,Carrier C,Liability,Web,2026-04-07,2026-04,2026-04-19,Closed,0,11.51,12,177,1081.14,14
C000837,Carrier A,Property,Mobile,2026-09-21,2026-09,2026-09-28,Closed,0,9.17,7,10,2176.91,20
C000838,Carrier A,Property,Web,2026-05-10,2026-05,2026-05-26,Closed,1,21.39,16,144,6904.08,20
C000839,Carrier C,Auto,Mobile,2026-07-23,2026-07,2026-08-06,Closed,1,24.96,14,70,3231.64,14
C000840,Carrier C,Property,Web,2026-06-19,2026-06,2026-07-07,Closed,0,13.93,18,104,26721.65,20
C000841,Carrier B,Property,Mobile,2026-04-28,2026-04,2026-05-16,Closed,1,26.05,18,156,11769.27,20
C000842,Carrier B,Liability,Web,2026-05-12,2026-05,2026-05-17,Closed,0,14.8,5,142,3291.9,14
C000843,Carrier B,Property,Web,2026-09-13,2026-09,2026-09-26,Closed,0,16.32,13,18,1446.71,20
C000844,Carrier B,Liability,Mobile,2026-08-15,2026-08,2026-08-25,Closed,1,13.24,10,47,1426.62,14
C000845,Carrier B,Auto,Mobile,2026-05-19,2026-05,2026-05-24,Closed,0,2.42,5,135,4746.94,14
C000846,Carrier A,Property,Mobile,2026-06-17,2026-06,2026-07-02,Closed,0,7.96,15,106,486.6,20
C000847,Carrier A,Property,Mobile,2026-05-21,2026-05,2026-05-29,Closed,0,15.43,8,133,8621.18,20
C000848,Carrier B,Property,Mobile,2026-08-03,2026-08,2026-08-18,Closed,0,6.88,15,59,5681.09,20
C000849,Carrier B,Liability,Agent,2026-07-10,2026-07,,Open,0,9.52,,83,0,14
C000850,Carrier B,Property,Web,2026-08-08,2026-08,2026-08-18,Closed,0,2.72,10,54,2641.87,20
C000851,Carrier C,Auto,Web,2026-07-04,2026-07,2026-07-14,Closed,1,12.13,10,89,3698.66,14
C000852,Carrier A,Property,Agent,2026-09-26,2026-09,,Open,0,10.8,,5,0,20
C000853,Carrier B,Auto,Web,2026-08-23,2026-08,2026-08-25,Closed,0,15.0,2,39,6145.79,14
C000854,Carrier B,Liability,Web,2026-05-20,2026-05,,Open,1,26.85,,134,0,14
C000855,Carrier C,Property,Mobile,2026-04-26,2026-04,2026-05-16,Closed,1,13.51,20,158,2653.13,20
C000856,Carrier B,Liability,Agent,2026-06-16,2026-06,2026-06-20,Closed,0,11.33,4,107,877.59,14
C000857,Carrier A,Auto,Web,2026-09-06,2026-09,2026-09-09,Closed,0,16.28,3,25,13469.59,14
C000858,Carrier A,Property,Mobile,2026-09-09,2026-09,2026-10-01,Closed,1,15.66,22,22,4181.77,20
C000859,Carrier B,Auto,Agent,2026-06-18,2026-06,2026-06-22,Closed,0,16.4,4,105,6596.02,14
C000860,Carrier B,Auto,Mobile,2026-09-27,2026-09,,Open,1,11.51,,4,0,14
C000861,Carrier C,Liability,Mobile,2026-06-28,2026-06,2026-06-30,Closed,0,16.64,2,95,4241.45,14
C000862,Carrier C,Auto,Agent,2026-09-12,2026-09,2026-09-19,Closed,0,4.39,7,19,2632.15,14
C000863,Carrier C,Property,Agent,2026-09-10,2026-09,2026-09-21,Closed,0,3.34,11,21,1429.83,20
C000864,Carrier C,Liability,Agent,2026-07-07,2026-07,2026-07-18,Closed,0,14.3,11,86,12893.82,14
C000865,Carrier C,Liability,Web,2026-07-09,2026-07,2026-08-08,Closed,0,10.6,30,84,2178.21,14
C000866,Carrier B,Liability,Mobile,2026-05-11,2026-05,2026-06-06,Closed,0,6.27,26,143,1529.11,14
C000867,Carrier A,Liability,Agent,2026-06-07,2026-06,2026-06-16,Closed,1,13.3,9,116,7186.47,14
C000868,Carrier A,Auto,Mobile,2026-05-21,2026-05,2026-05-23,Closed,0,1.73,2,133,2901.84,14
C000869,Carrier A,Property,Agent,2026-08-24,2026-08,2026-09-12,Closed,0,17.72,19,38,23632.5,20
C000870,Carrier B,Liability,Mobile,2026-04-20,2026-04,2026-04-22,Closed,0,5.5,2,164,5229.65,14
C000871,Carrier B,Liability,Web,2026-05-25,2026-05,2026-06-02,Closed,0,8.97,8,129,750.65,14
C000872,Carrier C,Property,Agent,2026-07-11,2026-07,2026-07-19,Closed,0,12.89,8,82,2204.43,20
C000873,Carrier C,Auto,Web,2026-09-27,2026-09,,Open,1,23.22,,4,0,14
C000874,Carrier C,Property,Web,2026-05-14,2026-05,2026-05-30,Closed,1,21.64,16,140,1913.56,20
C000875,Carrier B,Property,Mobile,2026-07-04,2026-07,2026-07-14,Closed,0,1.61,10,89,10940.19,20
C000876,Carrier A,Property,Web,2026-07-29,2026-07,2026-08-21,Closed,0,12.87,23,64,4875.14,20
C000877,Carrier B,Auto,Web,2026-04-15,2026-04,2026-04-24,Closed,1,11.97,9,169,2724.39,14
C000878,Carrier B,Liability,Mobile,2026-07-31,2026-07,2026-08-05,Closed,0,12.9,5,62,4654.74,14
C000879,Carrier C,Liability,Web,2026-08-02,2026-08,2026-08-20,Closed,0,10.39,18,60,2593.13,14
C000880,Carrier A,Auto,Agent,2026-07-30,2026-07,2026-08-15,Closed,1,16.8,16,63,2319.49,14
C000881,Carrier C,Auto,Mobile,2026-07-03,2026-07,2026-07-10,Closed,0,17.93,7,90,5865.22,14
C000882,Carrier C,Auto,Mobile,2026-06-29,2026-06,2026-07-13,Closed,1,26.4,14,94,964.04,14
C000883,Carrier A,Liability,Web,2026-09-02,2026-09,2026-09-18,Closed,0,7.48,16,29,4010.02,14
C000884,Carrier B,Liability,Web,2026-09-13,2026-09,2026-09-25,Closed,0,1.59,12,18,9073.31,14
C000885,Carrier B,Auto,Agent,2026-09-03,2026-09,2026-09-25,Closed,1,14.2,22,28,3547.99,14
C000886,Carrier B,Auto,Mobile,2026-04-23,2026-04,2026-05-01,Closed,0,13.22,8,161,1384.88,14
C000887,Carrier A,Property,Mobile,2026-04-08,2026-04,2026-04-14,Closed,0,3.31,6,176,4166.77,20
C000888,Carrier C,Auto,Web,2026-08-18,2026-08,2026-08-30,Closed,0,3.15,12,44,3175.43,14
C000889,Carrier A,Property,Mobile,2026-06-27,2026-06,2026-07-15,Closed,0,10.46,18,96,1764.49,20
C000890,Carrier C,Auto,Web,2026-05-08,2026-05,,Open,0,17.83,,146,0,14
C000891,Carrier B,Auto,Mobile,2026-08-16,2026-08,2026-08-20,Closed,0,6.07,4,46,1401.62,14
C000892,Carrier B,Liability,Agent,2026-09-23,2026-09,2026-09-29,Closed,0,17.41,6,8,2064.82,14
C000893,Carrier B,Liability,Web,2026-07-06,2026-07,2026-07-17,Closed,0,13.5,11,87,3418.8,14
C000894,Carrier C,Auto,Mobile,2026-06-17,2026-06,2026-06-30,Closed,1,25.24,13,106,4820.97,14
C000895,Carrier B,Auto,Web,2026-06-12,2026-06,2026-07-01,Closed,0,13.41,19,111,22740.89,14
C000896,Carrier C,Liability,Mobile,2026-06-03,2026-06,2026-06-09,Closed,0,2.84,6,120,1709.51,14
C000897,Carrier C,Property,Web,2026-04-22,2026-04,,Open,0,10.71,,162,0,20
C000898,Carrier B,Liability,Web,2026-04-10,2026-04,2026-04-13,Closed,0,12.08,3,174,3294.03,14
C000899,Carrier C,Auto,Mobile,2026-06-08,2026-06,2026-06-21,Closed,0,11.05,13,115,4162.58,14
C000900,Carrier B,Liability,Mobile,2026-08-01,2026-08,2026-08-19,Closed,1,18.66,18,61,1338.44,14
C000901,Carrier A,Liability,Mobile,2026-07-09,2026-07,2026-07-12,Closed,0,8.91,3,84,3653.78,14
C000902,Carrier C,Property,Web,2026-04-05,2026-04,2026-04-21,Closed,0,17.29,16,179,1742.33,20
C000903,Carrier A,Property,Web,2026-05-10,2026-05,2026-05-20,Closed,0,12.08,10,144,2548.71,20
C000904,Carrier B,Auto,Mobile,2026-05-13,2026-05,2026-05-31,Closed,0,16.7,18,141,5563.85,14
C000905,Carrier C,Property,Agent,2026-09-26,2026-09,,Open,0,5.46,,5,0,20
C000906,Carrier C,Liability,Mobile,2026-05-18,2026-05,2026-05-24,Closed,0,2.49,6,136,5449.03,14
C000907,Carrier B,Auto,Mobile,2026-09-27,2026-09,,Open,0,4.9,,4,0,14
C000908,Carrier B,Property,Web,2026-06-05,2026-06,2026-06-17,Closed,0,17.89,12,118,4922.85,20
C000909,Carrier A,Property,Agent,2026-08-18,2026-08,2026-09-05,Closed,0,13.34,18,44,5584.45,20
C000910,Carrier C,Property,Mobile,2026-07-24,2026-07,2026-08-29,Closed,1,20.8,36,69,4364.52,20
C000911,Carrier A,Property,Web,2026-07-15,2026-07,,Open,0,15.0,,78,0,20
C000912,Carrier A,Property,Web,2026-04-08,2026-04,2026-04-16,Closed,0,16.74,8,176,2502.8,20
C000913,Carrier C,Property,Mobile,2026-04-08,2026-04,2026-04-28,Closed,0,2.19,20,176,253.41,20
C000914,Carrier A,Property,Web,2026-08-04,2026-08,2026-08-10,Closed,0,13.0,6,58,2366.2,20
C000915,Carrier B,Auto,Web,2026-05-12,2026-05,2026-05-22,Closed,1,11.4,10,142,2182.18,14
C000916,Carrier B,Auto,Web,2026-05-02,2026-05,2026-05-14,Closed,0,1.71,12,152,4830.23,14
C000917,Carrier B,Auto,Web,2026-04-23,2026-04,2026-04-26,Closed,0,12.46,3,161,9294.58,14
C000918,Carrier A,Property,Agent,2026-09-30,2026-09,,Open,0,5.75,,1,0,20
C000919,Carrier B,Property,Mobile,2026-04-23,2026-04,2026-05-26,Closed,1,17.59,33,161,5615.14,20
C000920,Carrier C,Auto,Agent,2026-08-16,2026-08,2026-08-23,Closed,0,4.73,7,46,2433.76,14
C000921,Carrier A,Auto,Web,2026-04-22,2026-04,,Open,0,15.7,,162,0,14
C000922,Carrier B,Liability,Web,2026-08-14,2026-08,2026-08-20,Closed,0,7.66,6,48,937.39,14
C000923,Carrier B,Liability,Agent,2026-08-12,2026-08,2026-08-20,Closed,0,16.83,8,50,1586.24,14
C000924,Carrier B,Auto,Agent,2026-08-12,2026-08,2026-08-16,Closed,0,16.17,4,50,441.78,14
C000925,Carrier C,Auto,Agent,2026-04-27,2026-04,2026-05-04,Closed,0,7.12,7,157,3089.59,14
C000926,Carrier B,Liability,Agent,2026-04-28,2026-04,2026-04-30,Closed,0,16.03,2,156,9480.19,14
C000927,Carrier A,Auto,Agent,2026-05-14,2026-05,2026-05-19,Closed,0,2.94,5,140,1461.99,14
C000928,Carrier C,Liability,Mobile,2026-08-03,2026-08,2026-08-12,Closed,0,4.68,9,59,5064.8,14
C000929,Carrier A,Liability,Agent,2026-05-09,2026-05,2026-05-12,Closed,0,4.81,3,145,1795.66,14
C000930,Carrier B,Auto,Web,2026-05-21,2026-05,2026-05-25,Closed,0,12.16,4,133,746.57,14
C000931,Carrier B,Liability,Agent,2026-07-15,2026-07,2026-07-23,Closed,0,15.11,8,78,5438.72,14
C000932,Carrier C,Liability,Mobile,2026-07-18,2026-07,2026-07-29,Closed,1,22.94,11,75,5124.91,14
C000933,Carrier C,Auto,Mobile,2026-04-08,2026-04,2026-04-14,Closed,0,12.49,6,176,7894.51,14
C000934,Carrier A,Liability,Agent,2026-09-14,2026-09,,Open,0,13.16,,17,0,14
C000935,Carrier C,Property,Mobile,2026-08-29,2026-08,2026-09-18,Closed,0,10.03,20,33,4205.54,20
C000936,Carrier A,Auto,Mobile,2026-05-11,2026-05,2026-05-16,Closed,0,14.1,5,143,6697.23,14
C000937,Carrier C,Property,Mobile,2026-08-20,2026-08,2026-09-15,Closed,0,11.14,26,42,1805.49,20
C000938,Carrier C,Property,Web,2026-07-16,2026-07,2026-08-04,Closed,1,12.27,19,77,614.36,20
C000939,Carrier B,Liability,Agent,2026-06-01,2026-06,2026-06-13,Closed,1,27.89,12,122,4235.24,14
C000940,Carrier B,Auto,Mobile,2026-07-01,2026-07,2026-07-05,Closed,0,7.43,4,92,1907.69,14
C000941,Carrier B,Liability,Agent,2026-09-03,2026-09,2026-09-09,Closed,0,15.63,6,28,2171.67,14
C000942,Carrier A,Liability,Agent,2026-05-28,2026-05,2026-06-03,Closed,0,13.23,6,126,12268.29,14
C000943,Carrier C,Auto,Agent,2026-09-11,2026-09,2026-09-17,Closed,0,7.96,6,20,1392.57,14
C000944,Carrier B,Liability,Mobile,2026-06-29,2026-06,2026-07-08,Closed,0,5.94,9,94,6260.94,14
C000945,Carrier B,Liability,Mobile,2026-09-22,2026-09,2026-09-29,Closed,0,9.28,7,9,3930.36,14
C000946,Carrier A,Liability,Web,2026-07-05,2026-07,2026-07-16,Closed,1,18.01,11,88,5685.81,14
C000947,Carrier C,Liability,Agent,2026-09-04,2026-09,2026-09-06,Closed,0,12.34,2,27,2577.29,14
C000948,Carrier C,Liability,Web,2026-04-22,2026-04,2026-04-30,Closed,0,6.23,8,162,18268.26,14
C000949,Carrier A,Liability,Mobile,2026-09-19,2026-09,,Open,1,25.79,,12,0,14
C000950,Carrier B,Liability,Web,2026-04-07,2026-04,2026-04-11,Closed,0,12.94,4,177,4677.1,14
C000951,Carrier C,Property,Agent,2026-04-15,2026-04,2026-05-08,Closed,1,14.73,23,169,4342.19,20
C000952,Carrier B,Liability,Agent,2026-09-24,2026-09,,Open,0,6.03,,7,0,14
C000953,Carrier A,Liability,Mobile,2026-05-12,2026-05,2026-05-23,Closed,0,13.67,11,142,2155.32,14
C000954,Carrier B,Liability,Agent,2026-04-27,2026-04,2026-04-30,Closed,0,2.6,3,157,3992.95,14
C000955,Carrier A,Liability,Agent,2026-07-14,2026-07,2026-08-01,Closed,0,12.81,18,79,2630.38,14
C000956,Carrier A,Property,Agent,2026-07-15,2026-07,2026-07-26,Closed,0,1.5,11,78,3777.05,20
C000957,Carrier B,Property,Agent,2026-05-13,2026-05,2026-05-25,Closed,0,11.66,12,141,3232.03,20
C000958,Carrier B,Property,Mobile,2026-08-30,2026-08,2026-09-08,Closed,0,16.68,9,32,4945.21,20
C000959,Carrier A,Liability,Agent,2026-04-18,2026-04,2026-04-26,Closed,0,8.61,8,166,1075.53,14
C000960,Carrier C,Liability,Web,2026-07-02,2026-07,2026-07-22,Closed,0,9.55,20,91,15192.39,14
C000961,Carrier B,Auto,Mobile,2026-05-12,2026-05,2026-05-28,Closed,1,24.12,16,142,1842.29,14
C000962,Carrier B,Auto,Web,2026-05-08,2026-05,2026-05-24,Closed,1,16.25,16,146,1834.07,14
C000963,Carrier A,Property,Web,2026-04-26,2026-04,2026-05-03,Closed,0,15.64,7,158,3406.83,20
C000964,Carrier A,Auto,Mobile,2026-07-06,2026-07,2026-07-20,Closed,1,13.54,14,87,4945.11,14
C000965,Carrier C,Property,Mobile,2026-08-15,2026-08,2026-09-10,Closed,1,19.51,26,47,4515.83,20
C000966,Carrier B,Auto,Mobile,2026-08-25,2026-08,2026-09-14,Closed,1,27.66,20,37,23281.5,14
C000967,Carrier A,Property,Agent,2026-05-03,2026-05,2026-05-25,Closed,0,2.15,22,151,7396.0,20
C000968,Carrier B,Liability,Web,2026-07-13,2026-07,2026-07-21,Closed,0,17.36,8,80,7678.64,14
C000969,Carrier A,Liability,Agent,2026-09-07,2026-09,2026-09-12,Closed,0,1.01,5,24,2969.63,14
C000970,Carrier B,Liability,Web,2026-09-05,2026-09,2026-09-07,Closed,0,11.82,2,26,1437.08,14
C000971,Carrier A,Auto,Mobile,2026-05-10,2026-05,2026-05-18,Closed,0,14.79,8,144,3356.3,14
C000972,Carrier A,Auto,Mobile,2026-07-06,2026-07,2026-07-08,Closed,0,14.83,2,87,1062.79,14
C000973,Carrier A,Property,Mobile,2026-05-03,2026-05,2026-05-20,Closed,1,24.71,17,151,3207.2,20
C000974,Carrier C,Property,Mobile,2026-05-19,2026-05,2026-06-01,Closed,0,14.1,13,135,3011.8,20
C000975,Carrier A,Auto,Agent,2026-06-03,2026-06,2026-06-25,Closed,1,20.1,22,120,9981.76,14
C000976,Carrier B,Auto,Mobile,2026-05-06,2026-05,2026-05-08,Closed,0,14.72,2,148,6958.44,14
C000977,Carrier B,Property,Agent,2026-05-02,2026-05,2026-05-19,Closed,0,17.88,17,152,1430.95,20
C000978,Carrier A,Auto,Web,2026-09-23,2026-09,2026-09-26,Closed,0,3.79,3,8,1231.75,14
C000979,Carrier C,Liability,Agent,2026-09-14,2026-09,2026-09-16,Closed,0,1.6,2,17,1617.71,14
C000980,Carrier B,Liability,Web,2026-06-28,2026-06,2026-07-10,Closed,0,8.4,12,95,1320.39,14
C000981,Carrier B,Auto,Web,2026-06-03,2026-06,2026-06-25,Closed,0,10.36,22,120,3029.43,14
C000982,Carrier B,Auto,Agent,2026-04-27,2026-04,2026-05-21,Closed,1,21.47,24,157,4630.31,14
C000983,Carrier B,Liability,Web,2026-04-13,2026-04,2026-04-22,Closed,0,4.78,9,171,3770.55,14
C000984,Carrier C,Auto,Mobile,2026-05-03,2026-05,2026-05-24,Closed,1,13.74,21,151,3570.72,14
C000985,Carrier C,Liability,Agent,2026-07-12,2026-07,2026-07-28,Closed,0,10.85,16,81,7820.3,14
C000986,Carrier A,Auto,Web,2026-09-22,2026-09,,Open,0,3.88,,9,0,14
C000987,Carrier A,Liability,Web,2026-07-06,2026-07,2026-07-14,Closed,0,15.9,8,87,1530.12,14
C000988,Carrier B,Auto,Web,2026-04-01,2026-04,2026-04-07,Closed,0,16.22,6,183,12726.77,14
C000989,Carrier B,Liability,Mobile,2026-04-30,2026-04,,Open,0,5.22,,154,0,14
C000990,Carrier C,Auto,Web,2026-04-30,2026-04,2026-05-10,Closed,0,1.37,10,154,1551.55,14
C000991,Carrier B,Property,Agent,2026-05-06,2026-05,2026-06-01,Closed,1,15.62,26,148,2882.94,20
C000992,Carrier B,Liability,Web,2026-08-02,2026-08,2026-08-19,Closed,0,2.7,17,60,3633.62,14
C000993,Carrier A,Liability,Web,2026-05-25,2026-05,2026-06-07,Closed,1,20.14,13,129,5180.7,14
C000994,Carrier B,Auto,Agent,2026-05-03,2026-05,2026-05-05,Closed,0,11.22,2,151,2468.76,14
C000995,Carrier C,Liability,Mobile,2026-08-19,2026-08,2026-09-01,Closed,0,9.66,13,43,1270.48,14
C000996,Carrier B,Auto,Agent,2026-08-02,2026-08,2026-08-11,Closed,0,13.9,9,60,2143.87,14
C000997,Carrier A,Liability,Web,2026-05-20,2026-05,2026-05-30,Closed,0,16.96,10,134,13224.95,14
C000998,Carrier B,Auto,Mobile,2026-04-08,2026-04,2026-04-09,Closed,0,6.92,1,176,7528.88,14
C000999,Carrier C,Liability,Agent,2026-08-03,2026-08,2026-08-11,Closed,0,13.43,8,59,7477.24,14
C001000,Carrier C,Property,Mobile,2026-08-16,2026-08,2026-08-31,Closed,0,11.69,15,46,7533.99,20
C001001,Carrier C,Property,Mobile,2026-07-27,2026-07,2026-08-10,Closed,0,1.29,14,66,8571.3,20
C001002,Carrier A,Liability,Mobile,2026-04-17,2026-04,2026-05-03,Closed,1,25.49,16,167,1510.26,14
C001003,Carrier C,Auto,Web,2026-04-25,2026-04,2026-04-30,Closed,0,10.61,5,159,7456.05,14
C001004,Carrier B,Auto,Web,2026-07-01,2026-07,2026-07-09,Closed,0,12.65,8,92,1798.1,14
C001005,Carrier A,Property,Web,2026-05-07,2026-05,2026-05-31,Closed,1,12.41,24,147,2076.36,20
C001006,Carrier C,Liability,Mobile,2026-07-28,2026-07,2026-08-20,Closed,1,12.87,23,65,2261.23,14
C001007,Carrier B,Liability,Web,2026-08-23,2026-08,2026-09-01,Closed,1,22.75,9,39,3213.84,14
C001008,Carrier A,Liability,Agent,2026-07-18,2026-07,2026-08-27,Closed,0,13.98,40,75,2807.72,14
C001009,Carrier C,Property,Agent,2026-05-02,2026-05,2026-05-09,Closed,0,9.72,7,152,1553.62,20
C001010,Carrier B,Liability,Mobile,2026-09-15,2026-09,,Open,0,1.02,,16,0,14
C001011,Carrier B,Liability,Mobile,2026-04-16,2026-04,2026-04-24,Closed,0,3.48,8,168,5363.13,14
C001012,Carrier A,Liability,Web,2026-07-02,2026-07,,Open,0,12.92,,91,0,14
C001013,Carrier A,Property,Web,2026-09-15,2026-09,2026-09-30,Closed,0,14.56,15,16,5860.66,20
C001014,Carrier A,Auto,Agent,2026-04-14,2026-04,2026-04-17,Closed,0,11.36,3,170,770.52,14
C001015,Carrier B,Liability,Agent,2026-07-10,2026-07,2026-07-19,Closed,0,4.77,9,83,3590.71,14
C001016,Carrier A,Property,Mobile,2026-04-11,2026-04,2026-05-19,Closed,1,19.01,38,173,4534.9,20
C001017,Carrier B,Property,Web,2026-04-11,2026-04,2026-04-22,Closed,0,7.83,11,173,2903.78,20
C001018,Carrier B,Auto,Agent,2026-09-30,2026-09,,Open,0,6.36,,1,0,14
C001019,Carrier A,Liability,Agent,2026-07-25,2026-07,,Open,0,5.87,,68,0,14
C001020,Carrier B,Liability,Agent,2026-05-10,2026-05,,Open,1,14.81,,144,0,14
C001021,Carrier A,Property,Agent,2026-05-10,2026-05,2026-05-20,Closed,0,13.61,10,144,15666.68,20
C001022,Carrier C,Liability,Mobile,2026-05-22,2026-05,2026-05-28,Closed,0,16.23,6,132,33868.36,14
C001023,Carrier C,Auto,Web,2026-08-14,2026-08,2026-09-03,Closed,1,22.63,20,48,7296.34,14
C001024,Carrier A,Liability,Agent,2026-05-05,2026-05,2026-05-07,Closed,0,8.28,2,149,10266.01,14
C001025,Carrier A,Property,Agent,2026-06-14,2026-06,2026-06-26,Closed,0,13.0,12,109,3924.44,20
C001026,Carrier B,Auto,Web,2026-04-10,2026-04,2026-04-13,Closed,0,9.87,3,174,2444.84,14
C001027,Carrier A,Liability,Mobile,2026-05-02,2026-05,2026-05-20,Closed,0,12.26,18,152,1775.92,14
C001028,Carrier A,Liability,Web,2026-05-28,2026-05,2026-06-11,Closed,0,10.12,14,126,4035.21,14
C001029,Carrier A,Liability,Mobile,2026-06-20,2026-06,,Open,0,2.32,,103,0,14
C001030,Carrier A,Liability,Agent,2026-08-20,2026-08,2026-09-06,Closed,0,12.99,17,42,2714.87,14
C001031,Carrier C,Liability,Mobile,2026-07-20,2026-07,2026-07-27,Closed,0,12.66,7,73,6519.0,14
C001032,Carrier B,Liability,Mobile,2026-05-08,2026-05,2026-05-15,Closed,0,10.17,7,146,1897.15,14
C001033,Carrier A,Auto,Web,2026-05-31,2026-05,2026-06-13,Closed,0,7.21,13,123,3346.1,14
C001034,Carrier B,Property,Agent,2026-09-22,2026-09,2026-09-30,Closed,0,10.78,8,9,1287.78,20
C001035,Carrier A,Auto,Web,2026-07-02,2026-07,2026-07-11,Closed,0,6.03,9,91,4432.13,14
C001036,Carrier C,Property,Agent,2026-04-06,2026-04,2026-04-12,Closed,0,14.09,6,178,3315.09,20
C001037,Carrier B,Property,Agent,2026-07-10,2026-07,,Open,0,12.92,,83,0,20
C001038,Carrier A,Auto,Web,2026-05-11,2026-05,2026-05-28,Closed,1,26.09,17,143,2263.19,14
C001039,Carrier A,Property,Agent,2026-05-07,2026-05,2026-05-27,Closed,0,2.29,20,147,1380.69,20
C001040,Carrier B,Auto,Web,2026-09-30,2026-09,,Open,0,5.98,,1,0,14
C001041,Carrier B,Property,Agent,2026-04-07,2026-04,2026-04-28,Closed,0,13.72,21,177,18199.09,20
C001042,Carrier A,Property,Web,2026-07-18,2026-07,2026-07-28,Closed,0,1.99,10,75,4426.49,20
C001043,Carrier A,Property,Web,2026-09-06,2026-09,2026-09-17,Closed,0,14.78,11,25,2161.13,20
C001044,Carrier C,Auto,Agent,2026-09-23,2026-09,2026-09-29,Closed,0,12.31,6,8,2390.78,14
C001045,Carrier C,Property,Agent,2026-05-30,2026-05,2026-06-12,Closed,0,14.12,13,124,10744.14,20
C001046,Carrier C,Liability,Web,2026-04-01,2026-04,2026-04-05,Closed,0,6.4,4,183,9446.3,14
C001047,Carrier A,Auto,Web,2026-07-28,2026-07,2026-08-04,Closed,0,7.73,7,65,1712.65,14
C001048,Carrier B,Liability,Web,2026-04-04,2026-04,2026-04-20,Closed,1,19.95,16,180,975.36,14
C001049,Carrier C,Auto,Web,2026-05-17,2026-05,2026-05-18,Closed,0,17.68,1,137,11996.89,14
C001050,Carrier A,Auto,Web,2026-07-18,2026-07,2026-08-01,Closed,0,1.81,14,75,5448.81,14
C001051,Carrier A,Liability,Mobile,2026-06-24,2026-06,2026-07-01,Closed,0,9.0,7,99,6250.07,14
C001052,Carrier A,Auto,Web,2026-05-07,2026-05,2026-05-09,Closed,0,3.24,2,147,868.82,14
C001053,Carrier A,Property,Agent,2026-09-22,2026-09,,Open,0,14.8,,9,0,20
C001054,Carrier C,Property,Web,2026-08-01,2026-08,2026-08-27,Closed,1,18.58,26,61,7997.19,20
C001055,Carrier A,Auto,Web,2026-05-25,2026-05,2026-06-03,Closed,0,4.39,9,129,2586.01,14
C001056,Carrier B,Auto,Web,2026-06-24,2026-06,2026-07-16,Closed,0,12.43,22,99,5254.28,14
C001057,Carrier C,Liability,Agent,2026-09-20,2026-09,2026-09-23,Closed,0,13.26,3,11,4645.5,14
C001058,Carrier A,Auto,Web,2026-09-22,2026-09,2026-09-27,Closed,0,13.4,5,9,6588.7,14
C001059,Carrier B,Property,Agent,2026-09-22,2026-09,2026-09-29,Closed,0,4.35,7,9,5250.56,20
C001060,Carrier C,Auto,Mobile,2026-07-03,2026-07,,Open,0,4.7,,90,0,14
C001061,Carrier B,Liability,Web,2026-05-14,2026-05,2026-05-16,Closed,0,6.69,2,140,5601.91,14
C001062,Carrier C,Auto,Web,2026-07-24,2026-07,2026-08-10,Closed,0,1.55,17,69,6681.44,14
C001063,Carrier B,Liability,Agent,2026-09-11,2026-09,2026-09-27,Closed,0,15.39,16,20,3530.66,14
C001064,Carrier C,Property,Agent,2026-08-06,2026-08,2026-08-17,Closed,0,15.26,11,56,1001.24,20
C001065,Carrier A,Property,Mobile,2026-04-29,2026-04,2026-05-15,Closed,1,19.89,16,155,5779.77,20
C001066,Carrier C,Auto,Web,2026-04-28,2026-04,2026-05-09,Closed,0,13.02,11,156,1507.64,14
C001067,Carrier C,Property,Web,2026-07-29,2026-07,2026-08-18,Closed,1,22.84,20,64,1955.1,20
C001068,Carrier B,Auto,Mobile,2026-09-12,2026-09,2026-09-23,Closed,0,15.58,11,19,3854.83,14
C001069,Carrier B,Liability,Agent,2026-04-13,2026-04,2026-04-16,Closed,0,2.17,3,171,2793.26,14
C001070,Carrier C,Auto,Mobile,2026-04-15,2026-04,2026-04-28,Closed,1,26.17,13,169,6506.34,14
C001071,Carrier B,Property,Agent,2026-08-04,2026-08,2026-08-14,Closed,0,8.02,10,58,4975.88,20
C001072,Carrier A,Liability,Web,2026-05-20,2026-05,,Open,0,13.05,,134,0,14
C001073,Carrier C,Liability,Web,2026-09-01,2026-09,2026-09-28,Closed,0,7.17,27,30,3335.68,14
C001074,Carrier A,Property,Agent,2026-06-07,2026-06,2026-06-18,Closed,0,2.37,11,116,1894.02,20
C001075,Carrier A,Liability,Agent,2026-09-27,2026-09,,Open,0,15.59,,4,0,14
C001076,Carrier A,Property,Mobile,2026-06-12,2026-06,2026-06-27,Closed,0,6.45,15,111,7412.52,20
C001077,Carrier A,Liability,Agent,2026-08-26,2026-08,2026-09-07,Closed,0,2.72,12,36,8196.74,14
C001078,Carrier B,Auto,Mobile,2026-05-23,2026-05,2026-06-05,Closed,0,8.11,13,131,4931.78,14
C001079,Carrier A,Property,Agent,2026-06-06,2026-06,2026-06-18,Closed,0,10.95,12,117,2423.99,20
C001080,Carrier C,Liability,Agent,2026-04-18,2026-04,2026-04-27,Closed,0,4.11,9,166,1239.73,14
C001081,Carrier C,Liability,Mobile,2026-07-13,2026-07,2026-07-15,Closed,0,10.06,2,80,3675.79,14
C001082,Carrier B,Auto,Mobile,2026-09-30,2026-09,,Open,0,4.98,,1,0,14
C001083,Carrier C,Auto,Web,2026-07-04,2026-07,2026-07-08,Closed,0,13.02,4,89,5726.97,14
C001084,Carrier B,Property,Web,2026-05-06,2026-05,2026-05-15,Closed,0,14.23,9,148,2283.54,20
C001085,Carrier C,Property,Agent,2026-05-04,2026-05,2026-05-20,Closed,0,7.81,16,150,2013.75,20
C001086,Carrier C,Property,Web,2026-09-25,2026-09,,Open,0,11.05,,6,0,20
C001087,Carrier C,Auto,Agent,2026-08-05,2026-08,2026-08-11,Closed,0,13.46,6,57,5026.71,14
C001088,Carrier A,Liability,Mobile,2026-08-29,2026-08,2026-08-31,Closed,0,10.74,2,33,5354.02,14
C001089,Carrier B,Property,Web,2026-08-15,2026-08,2026-08-22,Closed,0,2.92,7,47,2810.01,20
C001090,Carrier B,Auto,Mobile,2026-07-13,2026-07,2026-07-26,Closed,1,27.53,13,80,9056.52,14
C001091,Carrier A,Property,Web,2026-04-27,2026-04,2026-05-09,Closed,0,3.01,12,157,2955.97,20
C001092,Carrier C,Liability,Web,2026-06-16,2026-06,2026-07-02,Closed,0,17.95,16,107,1126.33,14
C001093,Carrier A,Liability,Agent,2026-04-09,2026-04,2026-04-25,Closed,0,4.08,16,175,3404.04,14
C001094,Carrier A,Auto,Agent,2026-08-19,2026-08,2026-08-29,Closed,0,12.1,10,43,7129.33,14
C001095,Carrier A,Liability,Web,2026-07-09,2026-07,2026-08-01,Closed,0,8.56,23,84,2443.66,14
C001096,Carrier A,Auto,Mobile,2026-08-21,2026-08,2026-08-28,Closed,0,8.42,7,41,1040.51,14
C001097,Carrier B,Liability,Mobile,2026-05-24,2026-05,2026-06-03,Closed,0,6.99,10,130,3358.61,14
C001098,Carrier B,Property,Mobile,2026-09-18,2026-09,,Open,1,12.54,,13,0,20
C001099,Carrier A,Liability,Web,2026-06-22,2026-06,2026-06-23,Closed,0,12.18,1,101,3831.69,14
C001100,Carrier C,Liability,Web,2026-09-23,2026-09,,Open,1,19.54,,8,0,14
C001101,Carrier C,Auto,Mobile,2026-07-07,2026-07,2026-07-19,Closed,0,10.97,12,86,6823.13,14
C001102,Carrier B,Auto,Web,2026-05-20,2026-05,2026-05-24,Closed,0,4.69,4,134,3376.55,14
C001103,Carrier C,Liability,Mobile,2026-07-13,2026-07,2026-08-04,Closed,0,16.57,22,80,5164.95,14
C001104,Carrier C,Auto,Agent,2026-06-23,2026-06,2026-07-07,Closed,0,5.88,14,100,6473.17,14
C001105,Carrier B,Property,Mobile,2026-06-16,2026-06,2026-07-03,Closed,0,14.42,17,107,5479.81,20
C001106,Carrier A,Liability,Agent,2026-04-16,2026-04,2026-04-18,Closed,0,16.37,2,168,7313.05,14
C001107,Carrier B,Liability,Agent,2026-04-06,2026-04,2026-04-15,Closed,0,2.57,9,178,3666.77,14
C001108,Carrier A,Auto,Mobile,2026-06-07,2026-06,,Open,0,8.47,,116,0,14
C001109,Carrier B,Property,Web,2026-06-11,2026-06,2026-06-24,Closed,0,3.56,13,112,1254.28,20
C001110,Carrier B,Liability,Web,2026-09-21,2026-09,2026-09-25,Closed,0,8.24,4,10,4113.05,14
C001111,Carrier B,Liability,Web,2026-09-30,2026-09,,Open,0,6.75,,1,0,14
C001112,Carrier B,Auto,Agent,2026-09-14,2026-09,2026-09-22,Closed,0,16.43,8,17,1924.11,14
C001113,Carrier C,Liability,Web,2026-05-13,2026-05,2026-05-20,Closed,0,4.64,7,141,21872.68,14
C001114,Carrier B,Liability,Mobile,2026-04-19,2026-04,2026-04-29,Closed,0,15.51,10,165,5727.9,14
C001115,Carrier C,Auto,Mobile,2026-09-20,2026-09,2026-09-23,Closed,0,8.74,3,11,2352.78,14
C001116,Carrier C,Property,Web,2026-04-24,2026-04,2026-05-02,Closed,0,9.41,8,160,1564.41,20
C001117,Carrier B,Auto,Mobile,2026-07-10,2026-07,2026-07-12,Closed,0,3.19,2,83,2049.36,14
C001118,Carrier C,Liability,Web,2026-08-11,2026-08,2026-09-02,Closed,1,24.94,22,51,1563.66,14
C001119,Carrier C,Liability,Agent,2026-08-08,2026-08,2026-08-13,Closed,0,7.35,5,54,2890.22,14
C001120,Carrier C,Property,Mobile,2026-08-22,2026-08,2026-09-07,Closed,1,24.29,16,40,1078.52,20
C001121,Carrier A,Liability,Web,2026-07-08,2026-07,2026-07-10,Closed,0,12.43,2,85,588.7,14
C001122,Carrier A,Property,Web,2026-09-05,2026-09,2026-09-16,Closed,0,15.69,11,26,5584.47,20
C001123,Carrier C,Auto,Mobile,2026-09-03,2026-09,2026-09-19,Closed,1,17.44,16,28,3703.47,14
C001124,Carrier C,Auto,Web,2026-09-10,2026-09,,Open,0,7.98,,21,0,14
C001125,Carrier B,Auto,Mobile,2026-07-29,2026-07,2026-07-31,Closed,0,11.05,2,64,4051.83,14
C001126,Carrier B,Auto,Mobile,2026-04-16,2026-04,2026-04-20,Closed,0,17.24,4,168,1701.57,14
C001127,Carrier A,Property,Mobile,2026-07-11,2026-07,2026-07-30,Closed,0,4.14,19,82,3511.75,20
C001128,Carrier A,Auto,Web,2026-04-09,2026-04,2026-04-19,Closed,0,16.65,10,175,3580.13,14
C001129,Carrier B,Property,Mobile,2026-07-13,2026-07,2026-07-25,Closed,0,7.93,12,80,2560.17,20
C001130,Carrier B,Property,Web,2026-04-27,2026-04,2026-05-08,Closed,0,9.32,11,157,767.7,20
C001131,Carrier C,Property,Agent,2026-08-01,2026-08,2026-08-20,Closed,0,7.51,19,61,8268.7,20
C001132,Carrier C,Auto,Mobile,2026-05-07,2026-05,2026-05-25,Closed,0,10.72,18,147,1677.57,14
C001133,Carrier B,Auto,Mobile,2026-05-25,2026-05,2026-05-31,Closed,0,5.53,6,129,3808.32,14
C001134,Carrier B,Property,Web,2026-09-17,2026-09,2026-09-29,Closed,0,4.37,12,14,1275.09,20
C001135,Carrier A,Liability,Mobile,2026-05-23,2026-05,2026-06-02,Closed,0,14.86,10,131,4803.07,14
C001136,Carrier B,Auto,Mobile,2026-08-18,2026-08,2026-08-24,Closed,0,8.79,6,44,3570.55,14
C001137,Carrier A,Property,Agent,2026-08-25,2026-08,2026-09-03,Closed,0,7.88,9,37,3743.4,20
C001138,Carrier B,Auto,Mobile,2026-09-26,2026-09,,Open,0,17.67,,5,0,14
C001139,Carrier A,Liability,Mobile,2026-08-10,2026-08,2026-08-27,Closed,0,10.26,17,52,3516.14,14
C001140,Carrier C,Liability,Mobile,2026-08-15,2026-08,2026-09-05,Closed,1,11.09,21,47,8309.25,14
C001141,Carrier A,Property,Web,2026-05-03,2026-05,2026-05-28,Closed,1,14.65,25,151,2694.49,20
C001142,Carrier B,Auto,Web,2026-08-02,2026-08,2026-08-07,Closed,0,5.06,5,60,6643.81,14
C001143,Carrier B,Property,Mobile,2026-06-06,2026-06,2026-06-21,Closed,1,27.5,15,117,16073.7,20
C001144,Carrier A,Auto,Agent,2026-08-04,2026-08,2026-08-15,Closed,0,14.64,11,58,1907.97,14
C001145,Carrier A,Auto,Web,2026-09-27,2026-09,,Open,1,16.66,,4,0,14
C001146,Carrier A,Liability,Agent,2026-07-28,2026-07,2026-08-02,Closed,0,17.54,5,65,1259.64,14
C001147,Carrier A,Liability,Agent,2026-05-01,2026-05,2026-05-17,Closed,0,16.94,16,153,1300.83,14
C001148,Carrier B,Property,Agent,2026-06-16,2026-06,2026-06-30,Closed,0,1.5,14,107,6004.84,20
C001149,Carrier C,Auto,Web,2026-06-12,2026-06,2026-06-29,Closed,0,14.88,17,111,1893.53,14
C001150,Carrier A,Auto,Mobile,2026-08-18,2026-08,2026-08-27,Closed,1,16.75,9,44,4108.33,14
C001151,Carrier C,Auto,Mobile,2026-07-25,2026-07,2026-07-28,Closed,0,4.58,3,68,510.94,14
C001152,Carrier B,Liability,Agent,2026-08-20,2026-08,2026-09-01,Closed,1,16.23,12,42,2870.26,14
C001153,Carrier C,Property,Mobile,2026-08-17,2026-08,2026-08-31,Closed,0,14.14,14,45,1424.89,20
C001154,Carrier C,Auto,Agent,2026-08-08,2026-08,2026-08-10,Closed,0,2.04,2,54,2765.55,14
C001155,Carrier C,Property,Agent,2026-06-13,2026-06,2026-06-19,Closed,0,5.43,6,110,1290.46,20
C001156,Carrier B,Property,Mobile,2026-07-31,2026-07,,Open,0,8.77,,62,0,20
C001157,Carrier A,Property,Agent,2026-08-02,2026-08,2026-08-14,Closed,0,2.86,12,60,2786.83,20
C001158,Carrier B,Property,Mobile,2026-04-17,2026-04,2026-04-27,Closed,0,3.74,10,167,5759.49,20
C001159,Carrier B,Liability,Mobile,2026-08-24,2026-08,2026-08-31,Closed,0,5.94,7,38,7164.99,14
C001160,Carrier B,Property,Web,2026-07-02,2026-07,2026-07-18,Closed,0,4.91,16,91,6629.63,20
C001161,Carrier B,Liability,Web,2026-07-06,2026-07,2026-07-08,Closed,0,11.61,2,87,9630.17,14
C001162,Carrier C,Auto,Mobile,2026-07-30,2026-07,,Open,0,16.09,,63,0,14
C001163,Carrier A,Liability,Web,2026-07-28,2026-07,,Open,0,17.61,,65,0,14
C001164,Carrier C,Property,Mobile,2026-08-16,2026-08,,Open,0,9.09,,46,0,20
C001165,Carrier C,Liability,Mobile,2026-06-26,2026-06,2026-07-09,Closed,1,17.68,13,97,5642.76,14
C001166,Carrier C,Liability,Web,2026-08-07,2026-08,2026-08-11,Closed,0,9.2,4,55,1921.88,14
C001167,Carrier B,Auto,Web,2026-07-22,2026-07,2026-07-28,Closed,0,14.37,6,71,2980.9,14
C001168,Carrier C,Property,Agent,2026-06-24,2026-06,2026-07-02,Closed,0,4.68,8,99,5172.77,20
C001169,Carrier B,Property,Web,2026-07-09,2026-07,,Open,0,13.07,,84,0,20
C001170,Carrier C,Liability,Mobile,2026-09-23,2026-09,2026-09-26,Closed,0,2.75,3,8,2576.53,14
C001171,Carrier A,Property,Mobile,2026-08-14,2026-08,2026-09-07,Closed,1,13.89,24,48,714.24,20
C001172,Carrier B,Liability,Web,2026-08-06,2026-08,2026-08-10,Closed,0,12.7,4,56,1784.32,14
C001173,Carrier A,Auto,Mobile,2026-09-20,2026-09,2026-09-21,Closed,0,15.97,1,11,6697.37,14
C001174,Carrier C,Auto,Agent,2026-05-06,2026-05,2026-05-09,Closed,0,9.97,3,148,2193.96,14
C001175,Carrier A,Liability,Agent,2026-05-25,2026-05,2026-06-16,Closed,0,6.22,22,129,3090.87,14
C001176,Carrier A,Property,Agent,2026-08-26,2026-08,2026-09-17,Closed,0,8.38,22,36,3853.53,20
C001177,Carrier B,Auto,Mobile,2026-04-05,2026-04,2026-04-21,Closed,1,13.27,16,179,2259.77,14
C001178,Carrier C,Auto,Agent,2026-08-21,2026-08,2026-08-24,Closed,0,1.34,3,41,1807.33,14
C001179,Carrier B,Liability,Mobile,2026-09-24,2026-09,2026-09-26,Closed,0,2.1,2,7,5186.98,14
C001180,Carrier A,Liability,Web,2026-08-02,2026-08,2026-08-08,Closed,0,1.27,6,60,3740.96,14
C001181,Carrier C,Liability,Web,2026-09-25,2026-09,2026-09-27,Closed,0,4.24,2,6,3770.34,14
C001182,Carrier C,Property,Agent,2026-07-20,2026-07,2026-07-29,Closed,0,2.85,9,73,10445.87,20
C001183,Carrier C,Liability,Mobile,2026-09-08,2026-09,2026-09-10,Closed,0,2.58,2,23,1706.19,14
C001184,Carrier A,Property,Web,2026-08-21,2026-08,2026-09-07,Closed,0,16.6,17,41,7686.66,20
C001185,Carrier C,Auto,Web,2026-05-28,2026-05,2026-06-13,Closed,1,13.93,16,126,4888.31,14
C001186,Carrier B,Auto,Mobile,2026-06-24,2026-06,2026-07-08,Closed,0,3.15,14,99,6024.68,14
C001187,Carrier B,Liability,Agent,2026-07-18,2026-07,2026-07-28,Closed,0,5.6,10,75,2956.66,14
C001188,Carrier A,Property,Web,2026-08-01,2026-08,2026-08-11,Closed,0,1.42,10,61,5850.48,20
C001189,Carrier C,Property,Web,2026-06-25,2026-06,2026-07-05,Closed,0,7.99,10,98,3763.58,20
C001190,Carrier A,Auto,Web,2026-08-15,2026-08,2026-09-01,Closed,1,16.16,17,47,1532.18,14
C001191,Carrier A,Liability,Agent,2026-07-05,2026-07,2026-07-11,Closed,0,5.51,6,88,13320.67,14
C001192,Carrier C,Property,Web,2026-05-10,2026-05,2026-05-24,Closed,0,9.02,14,144,3323.55,20
C001193,Carrier C,Auto,Agent,2026-09-30,2026-09,,Open,0,4.28,,1,0,14
C001194,Carrier B,Property,Agent,2026-05-17,2026-05,2026-05-30,Closed,0,4.88,13,137,8790.86,20
C001195,Carrier A,Liability,Mobile,2026-06-10,2026-06,2026-06-27,Closed,0,8.55,17,113,1171.88,14
C001196,Carrier C,Property,Web,2026-09-20,2026-09,,Open,0,11.35,,11,0,20
C001197,Carrier A,Liability,Agent,2026-04-25,2026-04,2026-04-26,Closed,0,5.86,1,159,5605.65,14
C001198,Carrier C,Liability,Web,2026-08-28,2026-08,2026-09-15,Closed,1,27.62,18,34,1821.58,14
C001199,Carrier A,Auto,Web,2026-05-26,2026-05,2026-05-29,Closed,0,7.44,3,128,8895.87,14
C001200,Carrier B,Property,Mobile,2026-09-20,2026-09,,Open,1,21.76,,11,0,20
C001201,Carrier C,Property,Agent,2026-07-20,2026-07,2026-07-29,Closed,0,7.49,9,73,1956.4,20
C001202,Carrier A,Property,Web,2026-07-20,2026-07,2026-08-15,Closed,1,23.45,26,73,7656.14,20
C001203,Carrier B,Liability,Mobile,2026-07-01,2026-07,,Open,0,15.07,,92,0,14
C001204,Carrier A,Property,Agent,2026-04-28,2026-04,2026-05-21,Closed,0,2.06,23,156,10359.13,20
C001205,Carrier B,Property,Agent,2026-07-19,2026-07,2026-07-30,Closed,0,2.8,11,74,612.34,20
C001206,Carrier C,Liability,Mobile,2026-06-02,2026-06,2026-06-06,Closed,0,7.43,4,121,13293.88,14
C001207,Carrier C,Liability,Mobile,2026-05-10,2026-05,2026-05-12,Closed,0,10.98,2,144,2255.66,14
C001208,Carrier C,Liability,Mobile,2026-07-05,2026-07,2026-07-26,Closed,0,11.61,21,88,2170.83,14
C001209,Carrier B,Auto,Mobile,2026-09-11,2026-09,2026-09-18,Closed,0,3.54,7,20,3050.58,14
C001210,Carrier A,Auto,Web,2026-08-19,2026-08,2026-08-20,Closed,0,13.01,1,43,5350.58,14
C001211,Carrier B,Auto,Mobile,2026-06-24,2026-06,2026-07-08,Closed,0,5.72,14,99,14888.42,14
C001212,Carrier B,Auto,Mobile,2026-08-13,2026-08,2026-09-01,Closed,0,7.84,19,49,3153.56,14
C001213,Carrier B,Auto,Mobile,2026-09-27,2026-09,,Open,0,17.7,,4,0,14
C001214,Carrier A,Auto,Agent,2026-04-01,2026-04,,Open,0,14.61,,183,0,14
C001215,Carrier B,Property,Mobile,2026-07-11,2026-07,2026-07-31,Closed,0,16.65,20,82,2870.82,20
C001216,Carrier B,Property,Agent,2026-04-23,2026-04,2026-05-04,Closed,0,8.86,11,161,1405.34,20
C001217,Carrier A,Auto,Agent,2026-08-04,2026-08,2026-08-22,Closed,1,25.46,18,58,3917.65,14
C001218,Carrier C,Property,Agent,2026-09-15,2026-09,,Open,1,13.87,,16,0,20
C001219,Carrier B,Property,Mobile,2026-07-12,2026-07,2026-07-30,Closed,1,19.27,18,81,2342.79,20
C001220,Carrier C,Auto,Agent,2026-06-18,2026-06,2026-06-25,Closed,0,1.34,7,105,11093.24,14
C001221,Carrier B,Property,Agent,2026-06-07,2026-06,2026-06-19,Closed,0,10.39,12,116,743.7,20
C001222,Carrier B,Liability,Mobile,2026-07-25,2026-07,2026-08-03,Closed,1,21.15,9,68,3269.33,14
C001223,Carrier C,Liability,Web,2026-05-29,2026-05,2026-06-02,Closed,0,5.86,4,125,3276.85,14
C001224,Carrier B,Auto,Agent,2026-04-16,2026-04,2026-04-23,Closed,0,9.71,7,168,3678.78,14
C001225,Carrier C,Property,Mobile,2026-06-30,2026-06,2026-07-08,Closed,0,11.45,8,93,2146.61,20
C001226,Carrier C,Property,Web,2026-05-19,2026-05,2026-05-27,Closed,0,12.67,8,135,2456.17,20
C001227,Carrier A,Property,Mobile,2026-08-29,2026-08,,Open,1,22.57,,33,0,20
C001228,Carrier B,Auto,Mobile,2026-07-16,2026-07,2026-07-17,Closed,0,6.95,1,77,878.74,14
C001229,Carrier C,Auto,Web,2026-04-07,2026-04,2026-04-10,Closed,0,1.35,3,177,3857.51,14
C001230,Carrier C,Auto,Mobile,2026-07-05,2026-07,2026-08-03,Closed,1,14.42,29,88,2124.37,14
C001231,Carrier A,Auto,Web,2026-04-25,2026-04,2026-05-02,Closed,0,10.28,7,159,5582.43,14
C001232,Carrier A,Auto,Web,2026-06-05,2026-06,2026-06-10,Closed,0,17.15,5,118,11314.54,14
C001233,Carrier C,Property,Mobile,2026-04-03,2026-04,,Open,0,8.67,,181,0,20
C001234,Carrier C,Property,Mobile,2026-04-11,2026-04,2026-04-20,Closed,0,2.43,9,173,7395.16,20
C001235,Carrier A,Liability,Agent,2026-06-14,2026-06,2026-07-06,Closed,0,8.64,22,109,5230.45,14
C001236,Carrier C,Auto,Mobile,2026-09-27,2026-09,,Open,0,6.73,,4,0,14
C001237,Carrier C,Property,Web,2026-04-17,2026-04,2026-04-23,Closed,0,13.65,6,167,4556.27,20
C001238,Carrier B,Property,Mobile,2026-08-09,2026-08,2026-08-18,Closed,0,16.38,9,53,2329.14,20
C001239,Carrier C,Auto,Agent,2026-05-19,2026-05,2026-05-25,Closed,0,6.88,6,135,1670.02,14
C001240,Carrier A,Liability,Agent,2026-04-26,2026-04,2026-05-01,Closed,0,5.48,5,158,1841.98,14
C001241,Carrier B,Liability,Web,2026-05-14,2026-05,2026-05-17,Closed,0,14.96,3,140,7438.97,14
C001242,Carrier B,Auto,Web,2026-07-22,2026-07,2026-07-31,Closed,0,5.36,9,71,6432.53,14
C001243,Carrier A,Property,Agent,2026-07-03,2026-07,2026-07-25,Closed,0,8.78,22,90,3906.71,20
C001244,Carrier B,Property,Mobile,2026-06-20,2026-06,2026-07-03,Closed,0,6.37,13,103,1381.07,20
C001245,Carrier A,Liability,Mobile,2026-05-07,2026-05,2026-05-21,Closed,1,22.9,14,147,6819.32,14
C001246,Carrier B,Property,Web,2026-08-13,2026-08,2026-09-13,Closed,1,12.47,31,49,6911.5,20
C001247,Carrier A,Auto,Web,2026-08-11,2026-08,2026-08-31,Closed,1,16.54,20,51,2789.51,14
C001248,Carrier C,Property,Mobile,2026-06-19,2026-06,2026-07-03,Closed,0,9.25,14,104,724.45,20
C001249,Carrier C,Property,Mobile,2026-07-04,2026-07,2026-07-14,Closed,0,3.32,10,89,5429.47,20
C001250,Carrier B,Liability,Web,2026-09-08,2026-09,2026-09-16,Closed,0,8.8,8,23,4512.25,14
C001251,Carrier A,Auto,Agent,2026-09-01,2026-09,2026-09-18,Closed,0,14.23,17,30,5564.52,14
C001252,Carrier C,Liability,Mobile,2026-09-19,2026-09,2026-09-21,Closed,0,12.98,2,12,2684.63,14
C001253,Carrier C,Property,Mobile,2026-07-28,2026-07,2026-08-16,Closed,1,16.67,19,65,1552.01,20
C001254,Carrier B,Property,Mobile,2026-09-10,2026-09,,Open,0,9.87,,21,0,20
C001255,Carrier A,Liability,Mobile,2026-07-07,2026-07,2026-07-11,Closed,0,3.78,4,86,3496.95,14
C001256,Carrier B,Liability,Mobile,2026-07-21,2026-07,2026-07-30,Closed,1,25.24,9,72,11096.4,14
C001257,Carrier A,Liability,Agent,2026-06-22,2026-06,2026-06-23,Closed,0,8.39,1,101,1704.0,14
C001258,Carrier A,Liability,Agent,2026-07-27,2026-07,,Open,0,12.32,,66,0,14
C001259,Carrier B,Liability,Mobile,2026-05-25,2026-05,2026-05-31,Closed,0,11.18,6,129,2199.22,14
C001260,Carrier B,Auto,Agent,2026-07-28,2026-07,2026-08-06,Closed,0,11.73,9,65,1272.26,14
C001261,Carrier B,Auto,Agent,2026-08-11,2026-08,2026-08-24,Closed,1,26.46,13,51,5105.73,14
C001262,Carrier C,Property,Web,2026-05-08,2026-05,2026-05-26,Closed,0,11.11,18,146,2382.71,20
C001263,Carrier C,Property,Mobile,2026-08-02,2026-08,2026-08-24,Closed,0,2.17,22,60,1388.69,20
C001264,Carrier B,Auto,Mobile,2026-04-04,2026-04,2026-04-09,Closed,0,10.46,5,180,500.93,14
C001265,Carrier C,Liability,Mobile,2026-08-06,2026-08,2026-08-13,Closed,0,10.46,7,56,2152.9,14
C001266,Carrier A,Auto,Web,2026-04-06,2026-04,2026-04-08,Closed,0,13.54,2,178,5040.71,14
C001267,Carrier C,Property,Web,2026-05-24,2026-05,2026-06-02,Closed,0,11.03,9,130,1721.31,20
C001268,Carrier B,Auto,Web,2026-09-08,2026-09,2026-09-13,Closed,0,5.89,5,23,2406.54,14
C001269,Carrier C,Property,Web,2026-08-09,2026-08,2026-08-20,Closed,0,9.96,11,53,4215.4,20
C001270,Carrier C,Liability,Agent,2026-07-21,2026-07,2026-08-03,Closed,1,21.26,13,72,3765.7,14
C001271,Carrier C,Auto,Web,2026-09-09,2026-09,2026-09-16,Closed,0,3.41,7,22,5994.75,14
C001272,Carrier C,Liability,Mobile,2026-09-23,2026-09,,Open,1,12.09,,8,0,14
C001273,Carrier C,Property,Agent,2026-08-09,2026-08,2026-08-18,Closed,0,13.46,9,53,3140.26,20
C001274,Carrier C,Property,Web,2026-04-28,2026-04,,Open,0,7.98,,156,0,20
C001275,Carrier A,Property,Web,2026-06-27,2026-06,2026-07-18,Closed,1,16.97,21,96,8001.05,20
C001276,Carrier B,Auto,Web,2026-06-04,2026-06,2026-06-09,Closed,0,17.4,5,119,6474.59,14
C001277,Carrier A,Auto,Mobile,2026-09-06,2026-09,2026-09-08,Closed,0,3.97,2,25,10223.4,14
C001278,Carrier A,Auto,Agent,2026-08-23,2026-08,2026-08-30,Closed,0,7.87,7,39,2409.15,14
C001279,Carrier C,Liability,Mobile,2026-04-01,2026-04,2026-04-16,Closed,1,19.0,15,183,15403.73,14
C001280,Carrier C,Auto,Web,2026-08-28,2026-08,2026-09-04,Closed,0,3.34,7,34,1648.3,14
C001281,Carrier C,Property,Mobile,2026-09-14,2026-09,2026-09-23,Closed,0,4.87,9,17,2284.15,20
C001282,Carrier C,Property,Web,2026-07-02,2026-07,2026-07-10,Closed,0,11.56,8,91,1694.03,20
C001283,Carrier B,Liability,Mobile,2026-06-16,2026-06,2026-07-04,Closed,1,20.89,18,107,7506.65,14
C001284,Carrier A,Liability,Web,2026-05-21,2026-05,2026-06-05,Closed,0,6.54,15,133,8991.83,14
C001285,Carrier B,Liability,Web,2026-06-12,2026-06,2026-06-20,Closed,0,1.02,8,111,3451.89,14
C001286,Carrier B,Auto,Agent,2026-07-16,2026-07,2026-07-23,Closed,0,12.08,7,77,2665.13,14
C001287,Carrier B,Auto,Web,2026-05-26,2026-05,2026-06-08,Closed,0,6.57,13,128,2978.64,14
C001288,Carrier A,Liability,Agent,2026-07-05,2026-07,2026-07-20,Closed,0,3.16,15,88,1950.45,14
C001289,Carrier A,Liability,Web,2026-09-27,2026-09,,Open,0,14.3,,4,0,14
C001290,Carrier B,Property,Mobile,2026-04-17,2026-04,,Open,0,15.83,,167,0,20
C001291,Carrier B,Property,Agent,2026-06-16,2026-06,,Open,0,14.69,,107,0,20
C001292,Carrier A,Liability,Web,2026-05-26,2026-05,2026-05-31,Closed,0,14.39,5,128,3311.78,14
C001293,Carrier A,Auto,Mobile,2026-05-15,2026-05,2026-05-29,Closed,1,21.19,14,139,2124.18,14
C001294,Carrier A,Auto,Mobile,2026-06-28,2026-06,2026-07-03,Closed,0,9.03,5,95,766.3,14
C001295,Carrier C,Property,Mobile,2026-06-21,2026-06,2026-07-16,Closed,1,27.65,25,102,2259.45,20
C001296,Carrier A,Property,Mobile,2026-05-12,2026-05,2026-06-04,Closed,0,8.47,23,142,4392.79,20
C001297,Carrier C,Property,Web,2026-08-27,2026-08,2026-09-04,Closed,0,9.36,8,35,2138.94,20
C001298,Carrier A,Liability,Agent,2026-09-04,2026-09,2026-09-12,Closed,0,3.61,8,27,874.11,14
C001299,Carrier A,Property,Web,2026-07-02,2026-07,2026-08-02,Closed,0,12.56,31,91,7526.29,20
C001300,Carrier B,Auto,Mobile,2026-08-13,2026-08,2026-08-27,Closed,1,13.48,14,49,34704.57,14
C001301,Carrier C,Liability,Mobile,2026-07-10,2026-07,2026-07-25,Closed,0,5.43,15,83,2369.74,14
C001302,Carrier C,Auto,Agent,2026-09-30,2026-09,,Open,0,4.85,,1,0,14
C001303,Carrier B,Liability,Agent,2026-07-16,2026-07,,Open,0,14.36,,77,0,14
C001304,Carrier B,Auto,Mobile,2026-09-18,2026-09,2026-09-19,Closed,0,17.83,1,13,1820.93,14
C001305,Carrier A,Auto,Agent,2026-09-14,2026-09,2026-09-19,Closed,0,12.25,5,17,6155.75,14
C001306,Carrier A,Property,Web,2026-05-20,2026-05,2026-06-11,Closed,0,8.6,22,134,2052.66,20
C001307,Carrier A,Property,Agent,2026-05-10,2026-05,2026-05-23,Closed,0,11.21,13,144,6558.46,20
C001308,Carrier B,Property,Mobile,2026-06-29,2026-06,2026-07-13,Closed,1,24.53,14,94,5403.91,20
C001309,Carrier B,Auto,Web,2026-06-17,2026-06,2026-06-22,Closed,0,10.45,5,106,9927.76,14
C001310,Carrier B,Liability,Agent,2026-05-11,2026-05,2026-05-12,Closed,0,17.31,1,143,1297.63,14
C001311,Carrier B,Property,Web,2026-04-30,2026-04,2026-05-08,Closed,0,7.93,8,154,6630.38,20
C001312,Carrier C,Auto,Mobile,2026-07-21,2026-07,,Open,1,15.57,,72,0,14
C001313,Carrier A,Liability,Web,2026-04-03,2026-04,2026-04-09,Closed,0,7.72,6,181,992.2,14
C001314,Carrier A,Property,Web,2026-07-17,2026-07,2026-07-26,Closed,0,9.01,9,76,4548.76,20
C001315,Carrier B,Liability,Agent,2026-07-23,2026-07,2026-08-03,Closed,0,11.42,11,70,9304.57,14
C001316,Carrier B,Property,Web,2026-07-18,2026-07,2026-07-27,Closed,0,11.74,9,75,9240.77,20
C001317,Carrier B,Liability,Agent,2026-07-13,2026-07,2026-07-23,Closed,1,11.09,10,80,10378.34,14
C001318,Carrier A,Auto,Agent,2026-07-27,2026-07,2026-08-04,Closed,0,11.12,8,66,1232.69,14
C001319,Carrier A,Auto,Mobile,2026-07-19,2026-07,2026-07-24,Closed,0,1.32,5,74,4446.36,14
C001320,Carrier A,Liability,Mobile,2026-06-16,2026-06,,Open,0,1.51,,107,0,14
C001321,Carrier A,Property,Web,2026-06-01,2026-06,2026-06-19,Closed,0,11.07,18,122,1907.84,20
C001322,Carrier B,Property,Mobile,2026-07-19,2026-07,2026-07-30,Closed,0,8.91,11,74,1487.49,20
C001323,Carrier A,Liability,Mobile,2026-05-19,2026-05,2026-06-02,Closed,1,19.12,14,135,8432.14,14
C001324,Carrier A,Property,Agent,2026-05-28,2026-05,2026-06-15,Closed,0,14.1,18,126,1072.59,20
C001325,Carrier B,Liability,Mobile,2026-08-10,2026-08,2026-08-24,Closed,1,21.48,14,52,15344.4,14
C001326,Carrier B,Auto,Mobile,2026-06-12,2026-06,2026-06-18,Closed,0,10.43,6,111,3376.24,14
C001327,Carrier B,Auto,Agent,2026-05-14,2026-05,,Open,0,1.25,,140,0,14
C001328,Carrier B,Liability,Web,2026-04-14,2026-04,2026-04-25,Closed,1,24.6,11,170,3109.34,14
C001329,Carrier A,Auto,Web,2026-07-14,2026-07,2026-07-19,Closed,0,14.17,5,79,2834.74,14
C001330,Carrier C,Property,Mobile,2026-05-10,2026-05,2026-05-28,Closed,1,14.6,18,144,12755.4,20
C001331,Carrier A,Property,Mobile,2026-09-09,2026-09,,Open,1,12.17,,22,0,20
C001332,Carrier C,Property,Agent,2026-08-10,2026-08,2026-08-25,Closed,0,11.02,15,52,4971.51,20
C001333,Carrier A,Liability,Web,2026-08-03,2026-08,2026-08-13,Closed,0,10.08,10,59,1483.65,14
C001334,Carrier A,Liability,Mobile,2026-08-19,2026-08,2026-08-28,Closed,0,10.67,9,43,16803.26,14
C001335,Carrier A,Auto,Mobile,2026-09-21,2026-09,,Open,1,19.16,,10,0,14
C001336,Carrier A,Auto,Mobile,2026-05-05,2026-05,2026-05-07,Closed,0,7.21,2,149,2208.39,14
C001337,Carrier C,Auto,Web,2026-06-27,2026-06,2026-07-25,Closed,0,8.45,28,96,601.79,14
C001338,Carrier B,Liability,Agent,2026-04-19,2026-04,2026-04-30,Closed,0,2.01,11,165,17035.27,14
C001339,Carrier B,Liability,Agent,2026-07-15,2026-07,2026-07-17,Closed,0,7.3,2,78,1393.0,14
C001340,Carrier C,Auto,Mobile,2026-09-29,2026-09,,Open,0,16.48,,2,0,14
C001341,Carrier A,Auto,Web,2026-05-16,2026-05,2026-06-03,Closed,0,11.98,18,138,1707.28,14
C001342,Carrier B,Auto,Web,2026-06-30,2026-06,2026-07-02,Closed,0,15.34,2,93,1888.22,14
C001343,Carrier C,Auto,Mobile,2026-06-21,2026-06,2026-07-17,Closed,1,22.81,26,102,1610.56,14
C001344,Carrier A,Property,Agent,2026-05-02,2026-05,2026-05-18,Closed,0,2.08,16,152,2522.52,20
C001345,Carrier B,Auto,Mobile,2026-07-02,2026-07,2026-07-03,Closed,0,16.82,1,91,1584.47,14
C001346,Carrier A,Liability,Agent,2026-06-26,2026-06,2026-07-13,Closed,0,15.18,17,97,2741.9,14
C001347,Carrier B,Liability,Mobile,2026-04-20,2026-04,2026-04-25,Closed,0,10.91,5,164,1030.63,14
C001348,Carrier A,Liability,Agent,2026-09-21,2026-09,2026-09-23,Closed,0,3.87,2,10,838.05,14
C001349,Carrier A,Auto,Web,2026-07-26,2026-07,2026-08-11,Closed,0,11.19,16,67,3103.87,14
C001350,Carrier B,Property,Mobile,2026-07-17,2026-07,2026-08-07,Closed,0,14.4,21,76,1751.85,20
C001351,Carrier B,Auto,Agent,2026-06-27,2026-06,2026-07-18,Closed,1,15.34,21,96,410.65,14
C001352,Carrier B,Liability,Agent,2026-04-21,2026-04,2026-05-04,Closed,0,13.88,13,163,10296.06,14
C001353,Carrier C,Property,Mobile,2026-04-26,2026-04,2026-05-11,Closed,0,10.32,15,158,6934.69,20
C001354,Carrier A,Property,Agent,2026-05-21,2026-05,2026-06-04,Closed,0,11.7,14,133,1382.4,20
C001355,Carrier C,Property,Mobile,2026-09-04,2026-09,2026-09-19,Closed,0,8.72,15,27,3937.33,20
C001356,Carrier A,Auto,Mobile,2026-09-09,2026-09,2026-09-12,Closed,0,3.39,3,22,7673.47,14
C001357,Carrier C,Liability,Agent,2026-09-16,2026-09,2026-09-19,Closed,0,6.16,3,15,514.48,14
C001358,Carrier C,Auto,Web,2026-06-07,2026-06,2026-06-10,Closed,0,16.04,3,116,3241.51,14
C001359,Carrier C,Liability,Mobile,2026-04-08,2026-04,2026-04-10,Closed,0,2.58,2,176,2863.85,14
C001360,Carrier A,Property,Agent,2026-06-15,2026-06,2026-06-21,Closed,0,2.45,6,108,8843.25,20
C001361,Carrier B,Liability,Web,2026-07-16,2026-07,2026-07-26,Closed,0,6.74,10,77,1832.11,14
C001362,Carrier A,Auto,Agent,2026-07-01,2026-07,2026-07-17,Closed,0,2.59,16,92,949.55,14
C001363,Carrier B,Auto,Agent,2026-06-05,2026-06,2026-06-11,Closed,0,3.24,6,118,3635.77,14
C001364,Carrier B,Property,Web,2026-08-11,2026-08,2026-08-24,Closed,0,9.04,13,51,2483.69,20
C001365,Carrier A,Liability,Mobile,2026-06-25,2026-06,2026-07-12,Closed,1,21.67,17,98,4465.6,14
C001366,Carrier A,Auto,Web,2026-08-05,2026-08,2026-08-10,Closed,0,2.15,5,57,1872.73,14
C001367,Carrier B,Auto,Agent,2026-09-02,2026-09,2026-09-13,Closed,0,9.87,11,29,1575.8,14
C001368,Carrier A,Liability,Mobile,2026-06-07,2026-06,2026-06-19,Closed,0,10.72,12,116,2888.09,14
C001369,Carrier A,Auto,Agent,2026-07-02,2026-07,,Open,0,16.36,,91,0,14
C001370,Carrier A,Liability,Agent,2026-06-04,2026-06,2026-06-10,Closed,0,2.12,6,119,2685.81,14
C001371,Carrier A,Property,Web,2026-06-01,2026-06,2026-06-10,Closed,0,17.97,9,122,1276.34,20
C001372,Carrier A,Property,Agent,2026-08-31,2026-08,2026-09-08,Closed,0,15.11,8,31,4531.61,20
C001373,Carrier B,Auto,Web,2026-04-19,2026-04,2026-04-23,Closed,0,12.41,4,165,1917.72,14
C001374,Carrier A,Property,Mobile,2026-06-28,2026-06,2026-07-14,Closed,0,9.62,16,95,3046.14,20
C001375,Carrier A,Property,Web,2026-05-13,2026-05,2026-05-24,Closed,0,14.44,11,141,2265.77,20
C001376,Carrier A,Property,Mobile,2026-05-03,2026-05,2026-05-14,Closed,0,8.54,11,151,2079.41,20
C001377,Carrier C,Auto,Agent,2026-09-18,2026-09,2026-09-30,Closed,0,8.97,12,13,3612.67,14
C001378,Carrier B,Liability,Mobile,2026-04-21,2026-04,2026-04-27,Closed,0,3.52,6,163,739.36,14
C001379,Carrier B,Property,Web,2026-08-02,2026-08,2026-08-11,Closed,0,16.39,9,60,2457.39,20
C001380,Carrier A,Property,Web,2026-08-16,2026-08,2026-08-23,Closed,0,14.46,7,46,1225.24,20
C001381,Carrier B,Liability,Agent,2026-07-11,2026-07,2026-07-23,Closed,0,3.71,12,82,5786.23,14
C001382,Carrier C,Property,Web,2026-06-25,2026-06,2026-07-11,Closed,0,11.03,16,98,1520.34,20
C001383,Carrier A,Auto,Agent,2026-06-15,2026-06,2026-06-19,Closed,0,16.2,4,108,2984.36,14
C001384,Carrier C,Liability,Mobile,2026-04-25,2026-04,2026-05-09,Closed,0,17.32,14,159,5179.01,14
C001385,Carrier A,Liability,Mobile,2026-04-01,2026-04,2026-04-06,Closed,0,11.06,5,183,7232.9,14
C001386,Carrier C,Liability,Web,2026-09-27,2026-09,,Open,0,1.87,,4,0,14
C001387,Carrier A,Property,Mobile,2026-04-14,2026-04,2026-04-25,Closed,0,12.26,11,170,5445.12,20
C001388,Carrier B,Property,Agent,2026-05-25,2026-05,2026-05-31,Closed,0,10.95,6,129,5160.31,20
C001389,Carrier C,Property,Agent,2026-06-05,2026-06,2026-06-15,Closed,0,8.57,10,118,2054.15,20
C001390,Carrier A,Liability,Web,2026-04-01,2026-04,2026-04-04,Closed,0,4.98,3,183,1167.71,14
C001391,Carrier C,Liability,Web,2026-05-11,2026-05,,Open,0,11.66,,143,0,14
C001392,Carrier A,Liability,Mobile,2026-05-14,2026-05,2026-06-07,Closed,1,22.05,24,140,9128.67,14
C001393,Carrier C,Liability,Agent,2026-06-26,2026-06,2026-07-13,Closed,0,16.61,17,97,2623.51,14
C001394,Carrier A,Property,Agent,2026-07-01,2026-07,2026-07-23,Closed,0,3.67,22,92,3009.9,20
C001395,Carrier C,Liability,Web,2026-09-11,2026-09,2026-09-15,Closed,0,10.56,4,20,2094.01,14
C001396,Carrier B,Auto,Agent,2026-07-02,2026-07,2026-07-09,Closed,0,2.25,7,91,4397.36,14
C001397,Carrier A,Auto,Mobile,2026-06-14,2026-06,,Open,0,10.14,,109,0,14
C001398,Carrier A,Property,Web,2026-08-12,2026-08,,Open,0,11.78,,50,0,20
C001399,Carrier A,Property,Web,2026-08-09,2026-08,2026-08-17,Closed,0,4.91,8,53,1313.23,20
C001400,Carrier B,Auto,Agent,2026-08-11,2026-08,2026-08-12,Closed,0,14.52,1,51,6279.83,14
C001401,Carrier B,Auto,Web,2026-05-01,2026-05,2026-05-10,Closed,0,17.56,9,153,607.15,14
C001402,Carrier C,Property,Web,2026-06-27,2026-06,,Open,0,11.13,,96,0,20
C001403,Carrier A,Liability,Mobile,2026-06-23,2026-06,2026-07-08,Closed,1,14.57,15,100,4297.86,14
C001404,Carrier C,Liability,Mobile,2026-06-05,2026-06,2026-06-15,Closed,1,17.57,10,118,9500.79,14
C001405,Carrier C,Liability,Web,2026-08-05,2026-08,2026-08-09,Closed,0,4.85,4,57,17910.55,14
C001406,Carrier A,Property,Web,2026-07-05,2026-07,2026-07-15,Closed,0,8.48,10,88,1714.93,20
C001407,Carrier A,Property,Mobile,2026-09-10,2026-09,2026-09-22,Closed,0,13.8,12,21,5967.45,20
C001408,Carrier A,Auto,Agent,2026-09-28,2026-09,,Open,0,2.25,,3,0,14
C001409,Carrier C,Property,Web,2026-09-19,2026-09,,Open,0,12.0,,12,0,20
C001410,Carrier A,Property,Agent,2026-05-10,2026-05,2026-05-29,Closed,1,12.61,19,144,1555.43,20
C001411,Carrier A,Property,Agent,2026-08-05,2026-08,2026-08-12,Closed,0,2.4,7,57,5894.46,20
C001412,Carrier C,Auto,Web,2026-07-09,2026-07,2026-07-19,Closed,0,13.96,10,84,2108.32,14
C001413,Carrier C,Liability,Web,2026-06-03,2026-06,2026-06-04,Closed,0,14.35,1,120,3729.78,14
C001414,Carrier A,Auto,Mobile,2026-07-03,2026-07,2026-07-09,Closed,0,10.98,6,90,3328.39,14
C001415,Carrier C,Auto,Mobile,2026-09-12,2026-09,2026-09-17,Closed,0,12.78,5,19,1763.91,14
C001416,Carrier B,Auto,Agent,2026-08-04,2026-08,2026-08-12,Closed,0,3.1,8,58,1266.36,14
C001417,Carrier A,Liability,Agent,2026-07-19,2026-07,2026-08-07,Closed,0,16.54,19,74,1115.48,14
C001418,Carrier A,Property,Mobile,2026-06-07,2026-06,2026-07-15,Closed,0,3.85,38,116,2676.02,20
C001419,Carrier C,Auto,Agent,2026-07-11,2026-07,2026-07-16,Closed,0,11.55,5,82,3514.73,14
C001420,Carrier A,Property,Agent,2026-07-09,2026-07,2026-07-23,Closed,0,2.63,14,84,937.85,20
C001421,Carrier A,Auto,Agent,2026-09-07,2026-09,2026-09-28,Closed,0,4.98,21,24,1420.78,14
C001422,Carrier B,Auto,Mobile,2026-04-08,2026-04,2026-04-26,Closed,1,12.97,18,176,4757.27,14
C001423,Carrier C,Property,Mobile,2026-04-09,2026-04,2026-04-16,Closed,0,14.73,7,175,1166.16,20
C001424,Carrier A,Auto,Mobile,2026-08-12,2026-08,2026-08-30,Closed,1,12.42,18,50,5640.23,14
C001425,Carrier A,Liability,Agent,2026-08-01,2026-08,2026-08-08,Closed,0,3.4,7,61,5768.96,14
C001426,Carrier B,Liability,Agent,2026-06-04,2026-06,2026-07-04,Closed,1,12.67,30,119,3797.63,14
C001427,Carrier B,Liability,Web,2026-09-14,2026-09,2026-09-19,Closed,0,16.39,5,17,9567.51,14
C001428,Carrier A,Property,Mobile,2026-06-13,2026-06,2026-06-21,Closed,0,10.77,8,110,600.9,20
C001429,Carrier A,Auto,Mobile,2026-05-12,2026-05,2026-05-18,Closed,0,10.56,6,142,3108.41,14
C001430,Carrier A,Liability,Web,2026-07-01,2026-07,2026-07-10,Closed,1,12.14,9,92,2103.2,14
C001431,Carrier C,Auto,Agent,2026-05-30,2026-05,2026-06-14,Closed,0,14.37,15,124,3940.66,14
C001432,Carrier C,Property,Mobile,2026-05-25,2026-05,2026-06-01,Closed,0,9.55,7,129,2253.73,20
C001433,Carrier C,Auto,Agent,2026-07-02,2026-07,2026-07-19,Closed,1,25.49,17,91,10014.24,14
C001434,Carrier A,Property,Web,2026-07-22,2026-07,2026-08-01,Closed,0,8.78,10,71,9053.18,20
C001435,Carrier B,Auto,Agent,2026-08-30,2026-08,,Open,0,7.09,,32,0,14
C001436,Carrier B,Auto,Web,2026-09-04,2026-09,2026-09-10,Closed,0,9.84,6,27,1016.43,14
C001437,Carrier A,Liability,Mobile,2026-06-29,2026-06,2026-07-06,Closed,0,14.54,7,94,6742.67,14
C001438,Carrier A,Auto,Web,2026-09-21,2026-09,,Open,0,2.59,,10,0,14
C001439,Carrier C,Auto,Agent,2026-06-14,2026-06,2026-06-22,Closed,0,4.25,8,109,6223.75,14
C001440,Carrier B,Auto,Web,2026-08-24,2026-08,2026-08-29,Closed,0,10.77,5,38,7968.98,14
C001441,Carrier B,Property,Agent,2026-06-25,2026-06,2026-07-03,Closed,0,15.82,8,98,4430.82,20
C001442,Carrier A,Auto,Agent,2026-07-06,2026-07,2026-07-10,Closed,0,6.3,4,87,10344.92,14
C001443,Carrier B,Liability,Web,2026-07-24,2026-07,2026-07-25,Closed,0,4.33,1,69,26107.27,14
C001444,Carrier C,Auto,Agent,2026-04-07,2026-04,2026-04-18,Closed,0,14.53,11,177,4517.44,14
C001445,Carrier B,Auto,Mobile,2026-08-02,2026-08,2026-08-26,Closed,1,17.69,24,60,1611.61,14
C001446,Carrier C,Liability,Agent,2026-08-26,2026-08,,Open,0,2.54,,36,0,14
C001447,Carrier C,Property,Web,2026-08-28,2026-08,2026-09-07,Closed,0,16.54,10,34,994.02,20
C001448,Carrier B,Property,Agent,2026-09-26,2026-09,,Open,1,19.6,,5,0,20
C001449,Carrier B,Property,Agent,2026-07-03,2026-07,2026-07-11,Closed,0,1.39,8,90,9535.68,20
C001450,Carrier A,Property,Web,2026-04-19,2026-04,2026-05-13,Closed,0,16.96,24,165,1779.37,20
C001451,Carrier C,Auto,Agent,2026-05-04,2026-05,2026-05-08,Closed,0,2.66,4,150,2036.13,14
C001452,Carrier B,Liability,Mobile,2026-05-26,2026-05,,Open,1,18.74,,128,0,14
C001453,Carrier A,Property,Mobile,2026-08-26,2026-08,2026-09-08,Closed,0,4.72,13,36,2712.37,20
C001454,Carrier A,Auto,Web,2026-08-12,2026-08,2026-08-22,Closed,1,23.32,10,50,1402.01,14
C001455,Carrier A,Auto,Agent,2026-08-21,2026-08,2026-09-12,Closed,1,22.26,22,41,3912.48,14
C001456,Carrier C,Auto,Web,2026-04-10,2026-04,2026-04-29,Closed,0,16.32,19,174,3002.93,14
C001457,Carrier A,Property,Web,2026-05-29,2026-05,2026-06-13,Closed,0,6.05,15,125,4413.28,20
C001458,Carrier B,Auto,Web,2026-09-11,2026-09,2026-09-21,Closed,0,2.48,10,20,9478.35,14
C001459,Carrier B,Property,Mobile,2026-06-16,2026-06,2026-06-26,Closed,0,4.1,10,107,1825.04,20
C001460,Carrier C,Auto,Web,2026-08-08,2026-08,2026-08-24,Closed,0,5.17,16,54,1854.74,14
C001461,Carrier C,Property,Agent,2026-07-09,2026-07,2026-07-18,Closed,0,8.92,9,84,1988.46,20
C001462,Carrier C,Auto,Mobile,2026-09-15,2026-09,,Open,1,26.65,,16,0,14
C001463,Carrier B,Auto,Web,2026-06-25,2026-06,2026-06-28,Closed,0,9.42,3,98,2926.08,14
C001464,Carrier C,Liability,Web,2026-05-16,2026-05,2026-05-17,Closed,0,15.4,1,138,4004.59,14
C001465,Carrier C,Property,Web,2026-07-16,2026-07,2026-08-02,Closed,1,27.97,17,77,3167.12,20
C001466,Carrier C,Liability,Web,2026-04-10,2026-04,2026-04-13,Closed,0,11.57,3,174,10608.92,14
C001467,Carrier C,Property,Agent,2026-07-31,2026-07,2026-08-11,Closed,0,10.26,11,62,2421.28,20
C001468,Carrier C,Liability,Agent,2026-09-16,2026-09,2026-09-19,Closed,0,10.1,3,15,6958.32,14
C001469,Carrier B,Liability,Agent,2026-07-29,2026-07,2026-08-02,Closed,0,2.06,4,64,1779.7,14
C001470,Carrier B,Property,Web,2026-04-10,2026-04,2026-04-19,Closed,0,16.22,9,174,2251.33,20
C001471,Carrier B,Liability,Mobile,2026-04-11,2026-04,2026-04-20,Closed,1,15.33,9,173,5184.27,14
C001472,Carrier A,Property,Web,2026-05-08,2026-05,2026-05-21,Closed,0,14.92,13,146,4563.69,20
C001473,Carrier B,Liability,Mobile,2026-09-15,2026-09,2026-09-17,Closed,0,8.94,2,16,3257.79,14
C001474,Carrier C,Property,Web,2026-09-10,2026-09,2026-09-20,Closed,0,11.17,10,21,2958.06,20
C001475,Carrier C,Auto,Agent,2026-09-18,2026-09,2026-09-30,Closed,1,26.63,12,13,3458.69,14
C001476,Carrier C,Property,Web,2026-09-30,2026-09,,Open,1,14.77,,1,0,20
C001477,Carrier B,Liability,Mobile,2026-07-18,2026-07,2026-08-10,Closed,1,27.56,23,75,1293.86,14
C001478,Carrier C,Property,Agent,2026-08-26,2026-08,2026-09-05,Closed,0,16.54,10,36,2125.68,20
C001479,Carrier C,Liability,Mobile,2026-06-17,2026-06,2026-06-20,Closed,0,6.73,3,106,6121.03,14
C001480,Carrier A,Property,Mobile,2026-06-23,2026-06,2026-07-07,Closed,0,12.89,14,100,6292.6,20
C001481,Carrier A,Auto,Agent,2026-08-14,2026-08,2026-08-19,Closed,0,2.41,5,48,4497.12,14
C001482,Carrier A,Liability,Mobile,2026-08-20,2026-08,2026-09-01,Closed,0,7.97,12,42,15440.53,14
C001483,Carrier C,Property,Web,2026-08-14,2026-08,2026-09-05,Closed,1,24.33,22,48,506.77,20
C001484,Carrier C,Auto,Web,2026-04-19,2026-04,2026-04-24,Closed,0,1.68,5,165,1998.77,14
C001485,Carrier B,Liability,Mobile,2026-04-28,2026-04,2026-05-09,Closed,0,14.17,11,156,4092.41,14
C001486,Carrier A,Liability,Agent,2026-04-01,2026-04,2026-04-06,Closed,0,11.1,5,183,6877.15,14
C001487,Carrier A,Liability,Web,2026-08-24,2026-08,2026-09-10,Closed,0,2.19,17,38,866.41,14
C001488,Carrier C,Liability,Agent,2026-05-28,2026-05,2026-06-12,Closed,0,8.93,15,126,2214.58,14
C001489,Carrier A,Property,Agent,2026-05-29,2026-05,2026-06-21,Closed,0,9.03,23,125,2398.14,20
C001490,Carrier B,Property,Agent,2026-05-19,2026-05,2026-06-10,Closed,1,15.9,22,135,2498.06,20
C001491,Carrier C,Property,Agent,2026-05-19,2026-05,2026-06-03,Closed,1,21.96,15,135,3335.24,20
C001492,Carrier B,Liability,Web,2026-08-14,2026-08,2026-08-26,Closed,0,1.46,12,48,1274.79,14
C001493,Carrier B,Liability,Agent,2026-06-27,2026-06,2026-07-14,Closed,0,6.73,17,96,2210.14,14
C001494,Carrier A,Property,Web,2026-04-29,2026-04,2026-05-19,Closed,0,13.84,20,155,2695.18,20
C001495,Carrier B,Property,Web,2026-05-24,2026-05,2026-06-02,Closed,0,9.55,9,130,3896.94,20
C001496,Carrier A,Liability,Agent,2026-09-13,2026-09,2026-09-29,Closed,1,11.13,16,18,3332.54,14
C001497,Carrier B,Auto,Agent,2026-07-13,2026-07,2026-07-20,Closed,0,16.06,7,80,2366.46,14
C001498,Carrier B,Liability,Agent,2026-06-09,2026-06,2026-06-28,Closed,1,13.89,19,114,3320.31,14
C001499,Carrier C,Property,Mobile,2026-08-20,2026-08,2026-09-08,Closed,1,13.99,19,42,10275.27,20
C001500,Carrier A,Auto,Agent,2026-06-20,2026-06,2026-07-09,Closed,1,16.69,19,103,2917.88,14
C001501,Carrier C,Auto,Agent,2026-05-17,2026-05,2026-05-24,Closed,0,3.6,7,137,2119.63,14
C001502,Carrier B,Liability,Mobile,2026-07-04,2026-07,,Open,1,25.64,,89,0,14
C001503,Carrier A,Auto,Web,2026-07-11,2026-07,2026-07-25,Closed,0,11.49,14,82,2694.99,14
C001504,Carrier A,Liability,Mobile,2026-05-21,2026-05,2026-05-29,Closed,0,6.14,8,133,4185.13,14
C001505,Carrier C,Property,Agent,2026-04-12,2026-04,2026-04-21,Closed,0,7.01,9,172,1541.34,20
C001506,Carrier C,Property,Mobile,2026-04-14,2026-04,2026-04-26,Closed,0,10.21,12,170,3639.26,20
C001507,Carrier A,Property,Agent,2026-09-10,2026-09,2026-09-18,Closed,0,3.78,8,21,1920.71,20
C001508,Carrier B,Property,Mobile,2026-08-09,2026-08,2026-08-23,Closed,0,12.37,14,53,2434.86,20
C001509,Carrier C,Liability,Web,2026-06-18,2026-06,2026-06-21,Closed,0,7.97,3,105,4503.92,14
C001510,Carrier A,Auto,Agent,2026-07-15,2026-07,2026-07-22,Closed,0,14.91,7,78,2132.79,14
C001511,Carrier C,Property,Agent,2026-07-16,2026-07,2026-08-03,Closed,0,17.92,18,77,5499.44,20
C001512,Carrier C,Auto,Agent,2026-08-26,2026-08,2026-08-29,Closed,0,10.5,3,36,1294.69,14
C001513,Carrier A,Property,Web,2026-05-31,2026-05,2026-06-12,Closed,0,12.17,12,123,2913.17,20
C001514,Carrier B,Property,Web,2026-09-20,2026-09,2026-09-27,Closed,0,9.15,7,11,6442.19,20
C001515,Carrier B,Liability,Agent,2026-08-28,2026-08,2026-09-11,Closed,0,6.08,14,34,3958.17,14
C001516,Carrier A,Property,Agent,2026-09-17,2026-09,,Open,1,26.25,,14,0,20
C001517,Carrier A,Liability,Web,2026-06-30,2026-06,2026-07-01,Closed,0,14.32,1,93,5335.48,14
C001518,Carrier A,Auto,Web,2026-04-20,2026-04,2026-04-27,Closed,0,7.76,7,164,2349.45,14
C001519,Carrier A,Property,Agent,2026-08-31,2026-08,2026-09-22,Closed,0,5.64,22,31,546.2,20
C001520,Carrier C,Liability,Mobile,2026-08-04,2026-08,2026-08-15,Closed,0,4.73,11,58,7825.15,14
C001521,Carrier B,Property,Agent,2026-08-05,2026-08,2026-08-14,Closed,0,5.44,9,57,2942.0,20
C001522,Carrier A,Property,Web,2026-09-30,2026-09,,Open,0,8.81,,1,0,20
C001523,Carrier A,Liability,Mobile,2026-06-08,2026-06,2026-06-20,Closed,0,9.05,12,115,2664.17,14
C001524,Carrier C,Property,Mobile,2026-08-31,2026-08,2026-09-10,Closed,0,11.31,10,31,3153.81,20
C001525,Carrier B,Property,Mobile,2026-09-16,2026-09,2026-09-29,Closed,0,8.95,13,15,6223.93,20
C001526,Carrier B,Liability,Web,2026-05-22,2026-05,2026-05-28,Closed,0,16.34,6,132,2711.47,14
C001527,Carrier B,Liability,Web,2026-08-23,2026-08,2026-08-30,Closed,0,3.49,7,39,2517.33,14
C001528,Carrier B,Auto,Web,2026-07-15,2026-07,2026-08-04,Closed,1,13.96,20,78,3322.74,14
C001529,Carrier B,Auto,Mobile,2026-08-12,2026-08,2026-08-21,Closed,0,2.38,9,50,9380.59,14
C001530,Carrier B,Auto,Agent,2026-06-16,2026-06,2026-06-17,Closed,0,17.41,1,107,6991.07,14
C001531,Carrier A,Property,Mobile,2026-06-24,2026-06,2026-07-04,Closed,0,4.4,10,99,5383.91,20
C001532,Carrier B,Auto,Agent,2026-07-21,2026-07,2026-07-29,Closed,0,14.44,8,72,459.13,14
C001533,Carrier B,Liability,Agent,2026-05-25,2026-05,2026-06-03,Closed,0,10.8,9,129,2775.02,14
C001534,Carrier B,Liability,Agent,2026-09-29,2026-09,,Open,1,23.4,,2,0,14
C001535,Carrier C,Property,Agent,2026-05-13,2026-05,2026-05-30,Closed,0,6.02,17,141,5481.46,20
C001536,Carrier A,Auto,Mobile,2026-09-23,2026-09,2026-09-26,Closed,0,16.71,3,8,8846.44,14
C001537,Carrier C,Liability,Web,2026-04-15,2026-04,2026-04-29,Closed,1,21.85,14,169,1682.95,14
C001538,Carrier B,Liability,Agent,2026-05-29,2026-05,2026-06-10,Closed,0,10.04,12,125,2534.83,14
C001539,Carrier B,Property,Web,2026-04-20,2026-04,2026-05-01,Closed,0,11.74,11,164,17033.02,20
C001540,Carrier B,Liability,Web,2026-07-15,2026-07,2026-07-26,Closed,1,13.07,11,78,1585.12,14
C001541,Carrier B,Property,Web,2026-04-26,2026-04,2026-05-10,Closed,0,13.46,14,158,4046.11,20
C001542,Carrier A,Liability,Mobile,2026-04-13,2026-04,2026-04-16,Closed,0,10.65,3,171,3386.67,14
C001543,Carrier B,Property,Web,2026-05-07,2026-05,2026-05-16,Closed,0,15.46,9,147,2697.09,20
C001544,Carrier B,Liability,Web,2026-07-10,2026-07,2026-07-17,Closed,0,17.89,7,83,15386.15,14
C001545,Carrier A,Property,Mobile,2026-09-20,2026-09,,Open,1,21.02,,11,0,20
C001546,Carrier B,Liability,Agent,2026-09-03,2026-09,2026-09-06,Closed,0,4.0,3,28,4485.86,14
C001547,Carrier A,Liability,Agent,2026-05-19,2026-05,2026-06-10,Closed,1,17.1,22,135,907.99,14
C001548,Carrier A,Property,Mobile,2026-08-03,2026-08,2026-08-10,Closed,0,13.67,7,59,6458.71,20
C001549,Carrier C,Property,Agent,2026-09-14,2026-09,,Open,0,7.6,,17,0,20
C001550,Carrier B,Liability,Mobile,2026-09-05,2026-09,2026-09-16,Closed,0,17.8,11,26,3930.31,14
C001551,Carrier B,Auto,Web,2026-05-01,2026-05,2026-05-14,Closed,1,22.32,13,153,2162.9,14
C001552,Carrier A,Property,Agent,2026-08-26,2026-08,2026-09-09,Closed,0,16.14,14,36,7062.17,20
C001553,Carrier B,Auto,Web,2026-04-28,2026-04,2026-05-01,Closed,0,11.05,3,156,9621.74,14
C001554,Carrier C,Property,Agent,2026-05-16,2026-05,2026-06-02,Closed,0,6.09,17,138,10191.79,20
C001555,Carrier C,Auto,Web,2026-05-12,2026-05,2026-05-18,Closed,0,15.67,6,142,6625.14,14
C001556,Carrier B,Liability,Mobile,2026-08-08,2026-08,2026-08-17,Closed,0,13.33,9,54,3223.96,14
C001557,Carrier C,Auto,Web,2026-07-13,2026-07,,Open,0,9.41,,80,0,14
C001558,Carrier C,Property,Web,2026-08-15,2026-08,2026-08-28,Closed,0,2.87,13,47,6342.62,20
C001559,Carrier B,Property,Web,2026-05-07,2026-05,2026-05-12,Closed,0,13.25,5,147,1241.58,20
C001560,Carrier A,Auto,Web,2026-05-16,2026-05,2026-06-03,Closed,1,20.17,18,138,366.76,14
C001561,Carrier C,Liability,Agent,2026-06-01,2026-06,2026-06-08,Closed,0,5.02,7,122,7335.39,14
C001562,Carrier A,Liability,Web,2026-04-26,2026-04,2026-04-28,Closed,0,5.44,2,158,1646.83,14
C001563,Carrier B,Liability,Agent,2026-07-06,2026-07,2026-07-17,Closed,1,25.19,11,87,1340.02,14
C001564,Carrier C,Auto,Agent,2026-05-20,2026-05,2026-06-18,Closed,1,24.35,29,134,2739.0,14
C001565,Carrier C,Auto,Mobile,2026-04-14,2026-04,2026-04-18,Closed,0,8.27,4,170,3463.64,14
C001566,Carrier A,Property,Agent,2026-05-27,2026-05,2026-06-04,Closed,0,1.56,8,127,1576.55,20
C001567,Carrier B,Auto,Mobile,2026-05-02,2026-05,2026-05-14,Closed,1,25.4,12,152,1177.65,14
C001568,Carrier C,Liability,Web,2026-05-12,2026-05,2026-05-15,Closed,0,3.18,3,142,5543.37,14
C001569,Carrier A,Property,Web,2026-05-13,2026-05,2026-05-22,Closed,0,5.87,9,141,1755.72,20
C001570,Carrier C,Auto,Mobile,2026-07-23,2026-07,2026-07-28,Closed,0,3.68,5,70,1439.62,14
C001571,Carrier C,Auto,Agent,2026-06-12,2026-06,2026-06-13,Closed,0,6.53,1,111,6516.31,14
C001572,Carrier B,Property,Mobile,2026-06-12,2026-06,2026-07-01,Closed,1,13.96,19,111,2965.49,20
C001573,Carrier C,Liability,Agent,2026-05-08,2026-05,2026-05-20,Closed,1,22.89,12,146,2427.78,14
C001574,Carrier C,Auto,Agent,2026-06-06,2026-06,2026-06-24,Closed,1,23.78,18,117,3193.37,14
C001575,Carrier B,Auto,Web,2026-06-20,2026-06,2026-06-26,Closed,0,2.44,6,103,6654.97,14
C001576,Carrier C,Property,Web,2026-09-12,2026-09,2026-09-20,Closed,0,13.92,8,19,3425.87,20
C001577,Carrier C,Property,Web,2026-08-13,2026-08,2026-09-03,Closed,0,4.15,21,49,1625.42,20
C001578,Carrier C,Property,Agent,2026-06-11,2026-06,2026-07-15,Closed,0,8.06,34,112,3207.64,20
C001579,Carrier A,Auto,Mobile,2026-06-16,2026-06,2026-07-07,Closed,1,14.65,21,107,4805.0,14
C001580,Carrier A,Property,Agent,2026-05-21,2026-05,2026-05-30,Closed,0,11.43,9,133,3541.03,20
C001581,Carrier B,Liability,Agent,2026-08-20,2026-08,2026-08-28,Closed,0,16.25,8,42,3190.28,14
C001582,Carrier C,Auto,Web,2026-04-09,2026-04,2026-04-15,Closed,0,15.1,6,175,2848.92,14
C001583,Carrier C,Liability,Web,2026-08-23,2026-08,2026-09-09,Closed,0,9.25,17,39,6237.69,14
C001584,Carrier A,Property,Agent,2026-05-31,2026-05,,Open,0,9.19,,123,0,20
C001585,Carrier A,Auto,Agent,2026-04-08,2026-04,,Open,0,13.71,,176,0,14
C001586,Carrier A,Liability,Web,2026-07-26,2026-07,2026-08-07,Closed,1,14.81,12,67,4800.45,14
C001587,Carrier B,Auto,Agent,2026-05-17,2026-05,2026-06-04,Closed,1,25.48,18,137,3395.84,14
C001588,Carrier C,Auto,Web,2026-07-24,2026-07,2026-07-29,Closed,0,13.9,5,69,1879.6,14
C001589,Carrier C,Auto,Mobile,2026-06-06,2026-06,2026-06-24,Closed,1,17.37,18,117,12786.97,14
C001590,Carrier B,Property,Mobile,2026-04-20,2026-04,2026-05-11,Closed,1,13.26,21,164,20233.44,20
C001591,Carrier B,Liability,Agent,2026-08-24,2026-08,2026-09-09,Closed,0,13.12,16,38,632.89,14
C001592,Carrier B,Auto,Web,2026-04-19,2026-04,2026-04-28,Closed,0,9.25,9,165,778.64,14
C001593,Carrier A,Property,Agent,2026-05-26,2026-05,2026-06-15,Closed,0,12.52,20,128,19789.42,20
C001594,Carrier B,Property,Agent,2026-08-07,2026-08,2026-08-16,Closed,0,14.22,9,55,1725.95,20
C001595,Carrier A,Property,Mobile,2026-09-10,2026-09,2026-09-22,Closed,0,14.78,12,21,1667.69,20
C001596,Carrier A,Auto,Agent,2026-06-04,2026-06,2026-06-08,Closed,0,15.4,4,119,2532.0,14
C001597,Carrier C,Property,Mobile,2026-06-27,2026-06,2026-07-12,Closed,0,15.24,15,96,8690.5,20
C001598,Carrier C,Liability,Mobile,2026-09-12,2026-09,,Open,1,11.28,,19,0,14
C001599,Carrier C,Property,Web,2026-07-06,2026-07,2026-07-15,Closed,0,10.73,9,87,831.17,20
C001600,Carrier A,Property,Mobile,2026-06-12,2026-06,2026-06-30,Closed,0,11.12,18,111,628.34,20
C001601,Carrier A,Property,Mobile,2026-04-21,2026-04,2026-04-27,Closed,0,5.95,6,163,4000.74,20
C001602,Carrier B,Auto,Agent,2026-06-06,2026-06,2026-06-18,Closed,0,14.13,12,117,1912.04,14
C001603,Carrier B,Property,Web,2026-08-11,2026-08,2026-08-24,Closed,0,8.1,13,51,1169.3,20
C001604,Carrier A,Liability,Web,2026-08-18,2026-08,2026-08-29,Closed,1,12.85,11,44,5313.36,14
C001605,Carrier C,Auto,Agent,2026-06-07,2026-06,2026-06-30,Closed,1,13.43,23,116,2254.84,14
C001606,Carrier A,Property,Mobile,2026-06-24,2026-06,2026-07-07,Closed,0,16.61,13,99,4488.85,20
C001607,Carrier A,Property,Agent,2026-07-14,2026-07,2026-07-19,Closed,0,17.43,5,79,3722.1,20
C001608,Carrier C,Liability,Mobile,2026-06-09,2026-06,2026-06-14,Closed,0,1.28,5,114,3668.53,14
C001609,Carrier A,Liability,Mobile,2026-04-01,2026-04,2026-04-04,Closed,0,16.19,3,183,3259.09,14
C001610,Carrier B,Liability,Web,2026-05-08,2026-05,2026-05-20,Closed,1,20.72,12,146,3906.35,14
C001611,Carrier B,Liability,Web,2026-08-22,2026-08,2026-09-07,Closed,0,13.54,16,40,1766.55,14
C001612,Carrier A,Liability,Mobile,2026-04-05,2026-04,2026-04-16,Closed,1,14.84,11,179,8259.17,14
C001613,Carrier C,Liability,Mobile,2026-04-28,2026-04,,Open,1,24.64,,156,0,14
C001614,Carrier B,Liability,Web,2026-09-05,2026-09,,Open,0,5.48,,26,0,14
C001615,Carrier A,Property,Web,2026-09-24,2026-09,,Open,1,12.5,,7,0,20
C001616,Carrier A,Auto,Agent,2026-07-29,2026-07,2026-08-09,Closed,1,13.88,11,64,5777.44,14
C001617,Carrier C,Liability,Web,2026-06-02,2026-06,2026-06-14,Closed,1,19.14,12,121,3314.02,14
C001618,Carrier C,Liability,Agent,2026-06-27,2026-06,2026-07-07,Closed,0,11.42,10,96,2309.54,14
C001619,Carrier A,Liability,Agent,2026-06-01,2026-06,,Open,0,16.94,,122,0,14
C001620,Carrier C,Liability,Mobile,2026-07-30,2026-07,2026-08-14,Closed,0,5.77,15,63,3148.65,14
C001621,Carrier A,Liability,Agent,2026-07-16,2026-07,2026-07-25,Closed,0,6.45,9,77,7186.41,14
C001622,Carrier B,Liability,Web,2026-09-04,2026-09,2026-09-22,Closed,0,3.83,18,27,5086.0,14
C001623,Carrier B,Auto,Agent,2026-04-07,2026-04,2026-04-14,Closed,0,16.65,7,177,2750.57,14
C001624,Carrier B,Liability,Web,2026-04-06,2026-04,2026-04-13,Closed,0,15.22,7,178,21080.3,14
C001625,Carrier A,Property,Mobile,2026-09-27,2026-09,,Open,1,16.96,,4,0,20
C001626,Carrier B,Liability,Agent,2026-08-26,2026-08,2026-09-01,Closed,0,14.08,6,36,1281.0,14
C001627,Carrier B,Auto,Web,2026-08-02,2026-08,2026-08-22,Closed,0,3.81,20,60,2054.73,14
C001628,Carrier C,Liability,Agent,2026-07-18,2026-07,2026-07-27,Closed,0,10.22,9,75,1785.8,14
C001629,Carrier B,Property,Web,2026-07-07,2026-07,,Open,0,7.88,,86,0,20
C001630,Carrier C,Auto,Agent,2026-04-11,2026-04,2026-04-20,Closed,0,2.27,9,173,915.4,14
C001631,Carrier A,Liability,Web,2026-04-09,2026-04,2026-04-12,Closed,0,11.82,3,175,2913.1,14
C001632,Carrier C,Property,Web,2026-08-07,2026-08,2026-08-22,Closed,0,6.21,15,55,6827.54,20
C001633,Carrier C,Liability,Web,2026-05-24,2026-05,,Open,0,14.87,,130,0,14
C001634,Carrier A,Property,Web,2026-09-07,2026-09,,Open,1,16.4,,24,0,20
C001635,Carrier B,Auto,Agent,2026-06-19,2026-06,2026-06-26,Closed,0,4.68,7,104,1656.19,14
C001636,Carrier B,Liability,Web,2026-09-03,2026-09,2026-09-12,Closed,0,1.48,9,28,3564.53,14
C001637,Carrier A,Property,Mobile,2026-04-24,2026-04,2026-05-14,Closed,0,6.57,20,160,13223.1,20
C001638,Carrier B,Auto,Web,2026-04-09,2026-04,2026-04-20,Closed,1,19.69,11,175,17947.75,14
C001639,Carrier B,Liability,Web,2026-04-29,2026-04,2026-05-09,Closed,0,15.93,10,155,1226.96,14
C001640,Carrier C,Auto,Web,2026-04-14,2026-04,2026-04-17,Closed,0,6.74,3,170,2957.9,14
C001641,Carrier A,Liability,Mobile,2026-05-22,2026-05,2026-06-14,Closed,1,25.08,23,132,2626.7,14
C001642,Carrier A,Property,Web,2026-08-14,2026-08,2026-09-11,Closed,0,6.53,28,48,10889.98,20
C001643,Carrier A,Auto,Mobile,2026-08-20,2026-08,2026-08-24,Closed,0,15.54,4,42,7883.21,14
C001644,Carrier C,Auto,Agent,2026-09-27,2026-09,2026-09-30,Closed,0,16.21,3,4,2268.79,14
C001645,Carrier B,Auto,Mobile,2026-05-21,2026-05,2026-06-02,Closed,0,7.26,12,133,5680.46,14
C001646,Carrier C,Liability,Agent,2026-09-25,2026-09,,Open,0,6.38,,6,0,14
C001647,Carrier B,Auto,Agent,2026-09-08,2026-09,2026-09-22,Closed,1,26.41,14,23,11825.72,14
C001648,Carrier A,Liability,Web,2026-07-09,2026-07,2026-07-10,Closed,0,17.24,1,84,2360.29,14
C001649,Carrier B,Property,Agent,2026-04-10,2026-04,2026-04-28,Closed,0,2.95,18,174,17331.08,20
C001650,Carrier B,Auto,Agent,2026-07-30,2026-07,2026-08-04,Closed,0,5.65,5,63,7795.3,14
C001651,Carrier B,Liability,Web,2026-08-29,2026-08,2026-09-09,Closed,0,13.97,11,33,2214.26,14
C001652,Carrier A,Property,Web,2026-04-01,2026-04,2026-04-25,Closed,0,7.03,24,183,3944.29,20
C001653,Carrier B,Property,Mobile,2026-05-22,2026-05,2026-05-29,Closed,0,3.93,7,132,782.07,20
C001654,Carrier B,Liability,Mobile,2026-04-14,2026-04,2026-04-26,Closed,0,1.68,12,170,5603.78,14
C001655,Carrier B,Property,Agent,2026-05-09,2026-05,2026-05-21,Closed,0,7.27,12,145,5005.22,20
C001656,Carrier B,Property,Mobile,2026-09-17,2026-09,,Open,0,13.92,,14,0,20
C001657,Carrier B,Property,Mobile,2026-08-18,2026-08,2026-09-06,Closed,0,13.75,19,44,7335.2,20
C001658,Carrier B,Property,Mobile,2026-07-17,2026-07,2026-07-27,Closed,0,13.62,10,76,2958.55,20
C001659,Carrier A,Liability,Web,2026-08-22,2026-08,2026-08-23,Closed,0,13.28,1,40,6339.15,14
C001660,Carrier A,Liability,Mobile,2026-07-03,2026-07,2026-07-19,Closed,0,5.23,16,90,2346.04,14
C001661,Carrier B,Property,Agent,2026-08-31,2026-08,2026-09-15,Closed,0,14.63,15,31,11869.05,20
C001662,Carrier A,Property,Web,2026-08-15,2026-08,2026-08-24,Closed,0,8.96,9,47,898.66,20
C001663,Carrier B,Auto,Mobile,2026-08-15,2026-08,,Open,1,14.33,,47,0,14
C001664,Carrier C,Property,Web,2026-05-17,2026-05,2026-05-31,Closed,0,15.05,14,137,3783.08,20
C001665,Carrier C,Liability,Agent,2026-06-18,2026-06,2026-07-12,Closed,0,15.22,24,105,2553.38,14
C001666,Carrier B,Property,Agent,2026-08-04,2026-08,2026-08-19,Closed,0,5.52,15,58,4018.94,20
C001667,Carrier A,Auto,Mobile,2026-06-16,2026-06,2026-07-08,Closed,0,9.41,22,107,4594.7,14
C001668,Carrier A,Auto,Mobile,2026-05-02,2026-05,,Open,0,15.47,,152,0,14
C001669,Carrier A,Liability,Agent,2026-09-16,2026-09,2026-10-01,Closed,1,21.99,15,15,2616.7,14
C001670,Carrier B,Auto,Web,2026-07-20,2026-07,2026-08-09,Closed,0,13.4,20,73,9150.57,14
C001671,Carrier B,Property,Mobile,2026-05-03,2026-05,2026-05-18,Closed,1,22.75,15,151,6353.73,20
C001672,Carrier A,Auto,Web,2026-07-17,2026-07,2026-07-21,Closed,0,15.56,4,76,11699.46,14
C001673,Carrier C,Auto,Agent,2026-07-04,2026-07,,Open,0,14.79,,89,0,14
C001674,Carrier B,Auto,Web,2026-09-17,2026-09,2026-10-01,Closed,0,16.88,14,14,2204.95,14
C001675,Carrier C,Auto,Web,2026-09-06,2026-09,2026-09-21,Closed,1,19.73,15,25,830.56,14
C001676,Carrier C,Auto,Web,2026-06-17,2026-06,2026-06-30,Closed,0,13.94,13,106,3054.55,14
C001677,Carrier C,Auto,Agent,2026-08-19,2026-08,2026-09-06,Closed,1,16.62,18,43,5974.18,14
C001678,Carrier B,Liability,Mobile,2026-08-31,2026-08,2026-09-14,Closed,1,26.93,14,31,2210.63,14
C001679,Carrier C,Liability,Web,2026-09-16,2026-09,2026-09-18,Closed,0,7.39,2,15,3780.17,14
C001680,Carrier B,Property,Agent,2026-05-24,2026-05,2026-06-24,Closed,0,15.93,31,130,7208.07,20
C001681,Carrier A,Auto,Mobile,2026-09-28,2026-09,,Open,1,27.65,,3,0,14
C001682,Carrier C,Auto,Web,2026-08-15,2026-08,2026-08-19,Closed,0,4.48,4,47,5813.26,14
C001683,Carrier C,Liability,Web,2026-09-15,2026-09,2026-09-23,Closed,0,4.24,8,16,3940.04,14
C001684,Carrier B,Liability,Web,2026-06-19,2026-06,2026-06-30,Closed,0,4.34,11,104,2793.63,14
C001685,Carrier C,Auto,Mobile,2026-04-21,2026-04,2026-05-04,Closed,0,6.94,13,163,3855.86,14
C001686,Carrier C,Property,Mobile,2026-07-12,2026-07,2026-07-31,Closed,1,14.68,19,81,2634.02,20
C001687,Carrier C,Auto,Agent,2026-07-22,2026-07,2026-07-24,Closed,0,14.85,2,71,2534.22,14
C001688,Carrier C,Auto,Web,2026-06-28,2026-06,2026-07-30,Closed,0,6.47,32,95,2325.87,14
C001689,Carrier A,Liability,Agent,2026-04-04,2026-04,2026-04-09,Closed,0,4.41,5,180,1319.38,14
C001690,Carrier A,Liability,Agent,2026-07-02,2026-07,2026-07-09,Closed,0,14.9,7,91,4876.13,14
C001691,Carrier A,Auto,Web,2026-08-17,2026-08,,Open,0,15.05,,45,0,14
C001692,Carrier B,Property,Web,2026-08-31,2026-08,2026-09-19,Closed,0,14.87,19,31,4206.47,20
C001693,Carrier A,Auto,Web,2026-04-29,2026-04,2026-04-30,Closed,0,6.84,1,155,1301.56,14
C001694,Carrier C,Property,Mobile,2026-09-26,2026-09,,Open,0,15.71,,5,0,20
C001695,Carrier A,Auto,Web,2026-08-05,2026-08,2026-08-20,Closed,1,25.24,15,57,7523.21,14
C001696,Carrier C,Property,Mobile,2026-04-03,2026-04,2026-04-29,Closed,0,5.25,26,181,10945.76,20
C001697,Carrier A,Liability,Web,2026-09-09,2026-09,2026-09-10,Closed,0,11.44,1,22,6823.63,14
C001698,Carrier C,Auto,Web,2026-05-13,2026-05,2026-05-23,Closed,0,4.71,10,141,2637.47,14
C001699,Carrier C,Auto,Web,2026-07-10,2026-07,2026-07-14,Closed,0,15.29,4,83,1566.14,14
C001700,Carrier C,Liability,Web,2026-04-20,2026-04,2026-04-21,Closed,0,10.2,1,164,1262.65,14
C001701,Carrier B,Liability,Mobile,2026-06-26,2026-06,2026-07-15,Closed,1,12.18,19,97,1362.55,14
C001702,Carrier C,Auto,Agent,2026-09-24,2026-09,2026-09-29,Closed,0,8.23,5,7,1596.07,14
C001703,Carrier C,Property,Mobile,2026-09-07,2026-09,2026-09-18,Closed,0,7.57,11,24,3280.66,20
C001704,Carrier B,Liability,Agent,2026-07-13,2026-07,2026-07-19,Closed,0,5.27,6,80,5538.35,14
C001705,Carrier A,Property,Agent,2026-06-17,2026-06,2026-07-01,Closed,0,10.26,14,106,4426.55,20
C001706,Carrier B,Liability,Agent,2026-09-10,2026-09,,Open,0,10.28,,21,0,14
C001707,Carrier B,Auto,Mobile,2026-06-21,2026-06,2026-07-11,Closed,1,25.13,20,102,22403.41,14
C001708,Carrier A,Auto,Agent,2026-09-15,2026-09,2026-09-25,Closed,0,14.27,10,16,847.12,14
C001709,Carrier A,Auto,Mobile,2026-04-12,2026-04,2026-04-15,Closed,0,5.97,3,172,672.09,14
C001710,Carrier C,Property,Web,2026-04-12,2026-04,2026-05-10,Closed,1,15.49,28,172,2451.3,20
C001711,Carrier B,Auto,Agent,2026-07-10,2026-07,,Open,0,5.3,,83,0,14
C001712,Carrier A,Auto,Mobile,2026-07-02,2026-07,2026-07-10,Closed,0,2.4,8,91,13605.1,14
C001713,Carrier A,Property,Mobile,2026-06-22,2026-06,2026-06-29,Closed,0,5.1,7,101,1536.41,20
C001714,Carrier C,Property,Agent,2026-06-05,2026-06,2026-06-17,Closed,0,17.76,12,118,10301.19,20
C001715,Carrier B,Liability,Web,2026-06-30,2026-06,2026-07-11,Closed,1,11.3,11,93,4491.06,14
C001716,Carrier A,Auto,Agent,2026-07-12,2026-07,2026-07-19,Closed,0,6.46,7,81,2410.8,14
C001717,Carrier C,Property,Agent,2026-06-17,2026-06,2026-07-02,Closed,1,21.77,15,106,1060.1,20
C001718,Carrier C,Liability,Agent,2026-09-25,2026-09,,Open,0,2.55,,6,0,14
C001719,Carrier C,Auto,Mobile,2026-04-26,2026-04,2026-04-29,Closed,0,1.15,3,158,3182.08,14
C001720,Carrier B,Liability,Mobile,2026-04-23,2026-04,2026-04-28,Closed,0,12.38,5,161,1907.11,14
C001721,Carrier A,Liability,Web,2026-07-20,2026-07,2026-07-26,Closed,0,9.44,6,73,2243.51,14
C001722,Carrier A,Auto,Agent,2026-04-05,2026-04,,Open,0,14.76,,179,0,14
C001723,Carrier A,Property,Web,2026-05-22,2026-05,2026-05-30,Closed,0,3.16,8,132,3432.87,20
C001724,Carrier C,Property,Mobile,2026-08-05,2026-08,2026-08-21,Closed,1,26.46,16,57,358.84,20
C001725,Carrier A,Liability,Agent,2026-09-08,2026-09,2026-09-15,Closed,0,1.23,7,23,1163.62,14
C001726,Carrier B,Liability,Web,2026-08-15,2026-08,2026-08-17,Closed,0,14.66,2,47,500.39,14
C001727,Carrier A,Auto,Agent,2026-04-13,2026-04,2026-04-21,Closed,0,1.14,8,171,5537.08,14
C001728,Carrier C,Property,Mobile,2026-04-25,2026-04,2026-05-01,Closed,0,1.46,6,159,12538.1,20
C001729,Carrier C,Auto,Mobile,2026-09-03,2026-09,,Open,1,23.66,,28,0,14
C001730,Carrier B,Auto,Web,2026-05-16,2026-05,2026-05-21,Closed,0,3.11,5,138,4008.52,14
C001731,Carrier C,Property,Agent,2026-07-27,2026-07,2026-08-11,Closed,0,6.66,15,66,6173.79,20
C001732,Carrier A,Property,Web,2026-09-30,2026-09,,Open,1,12.95,,1,0,20
C001733,Carrier B,Auto,Mobile,2026-05-12,2026-05,2026-05-19,Closed,0,15.8,7,142,2769.49,14
C001734,Carrier C,Auto,Web,2026-04-16,2026-04,2026-04-27,Closed,0,2.97,11,168,13276.37,14
C001735,Carrier A,Liability,Web,2026-09-22,2026-09,,Open,0,5.07,,9,0,14
C001736,Carrier A,Auto,Mobile,2026-08-02,2026-08,2026-08-13,Closed,0,12.28,11,60,3404.4,14
C001737,Carrier A,Auto,Web,2026-09-18,2026-09,2026-09-24,Closed,0,4.93,6,13,7292.98,14
C001738,Carrier C,Liability,Agent,2026-05-28,2026-05,2026-06-09,Closed,0,13.67,12,126,5541.66,14
C001739,Carrier B,Property,Mobile,2026-09-26,2026-09,,Open,0,16.13,,5,0,20
C001740,Carrier C,Property,Agent,2026-05-28,2026-05,2026-06-08,Closed,0,3.74,11,126,22218.32,20
C001741,Carrier B,Liability,Agent,2026-04-23,2026-04,2026-04-25,Closed,0,2.93,2,161,1123.78,14
C001742,Carrier B,Property,Web,2026-09-20,2026-09,,Open,0,4.55,,11,0,20
C001743,Carrier B,Property,Agent,2026-04-18,2026-04,2026-05-11,Closed,0,11.33,23,166,2505.77,20
C001744,Carrier B,Property,Agent,2026-04-12,2026-04,2026-04-26,Closed,1,26.37,14,172,1704.32,20
C001745,Carrier C,Property,Web,2026-07-05,2026-07,2026-07-21,Closed,0,16.42,16,88,3448.05,20
C001746,Carrier A,Property,Mobile,2026-04-10,2026-04,2026-04-19,Closed,0,1.01,9,174,1774.77,20
C001747,Carrier C,Liability,Web,2026-09-20,2026-09,2026-09-27,Closed,0,11.86,7,11,4009.19,14
C001748,Carrier A,Liability,Agent,2026-04-03,2026-04,2026-04-06,Closed,0,13.01,3,181,1791.3,14
C001749,Carrier A,Liability,Mobile,2026-04-16,2026-04,,Open,0,8.59,,168,0,14
C001750,Carrier B,Liability,Agent,2026-07-21,2026-07,2026-07-22,Closed,0,11.56,1,72,3976.31,14
C001751,Carrier B,Liability,Mobile,2026-06-06,2026-06,2026-06-26,Closed,0,14.11,20,117,1774.91,14
C001752,Carrier C,Liability,Agent,2026-09-16,2026-09,2026-09-26,Closed,0,17.36,10,15,5290.87,14
C001753,Carrier A,Liability,Agent,2026-08-12,2026-08,2026-08-16,Closed,0,1.64,4,50,1981.37,14
C001754,Carrier C,Liability,Agent,2026-06-22,2026-06,2026-07-04,Closed,0,12.04,12,101,2195.38,14
C001755,Carrier B,Auto,Web,2026-07-08,2026-07,2026-07-12,Closed,0,3.28,4,85,4170.33,14
C001756,Carrier C,Property,Web,2026-09-09,2026-09,,Open,0,1.09,,22,0,20
C001757,Carrier A,Liability,Web,2026-08-22,2026-08,2026-08-26,Closed,0,7.71,4,40,2810.12,14
C001758,Carrier C,Property,Web,2026-08-10,2026-08,2026-08-26,Closed,1,23.29,16,52,3210.88,20
C001759,Carrier A,Auto,Web,2026-08-27,2026-08,2026-09-12,Closed,0,1.98,16,35,1598.92,14
C001760,Carrier A,Liability,Web,2026-07-25,2026-07,2026-07-31,Closed,0,11.28,6,68,1668.54,14
C001761,Carrier C,Liability,Web,2026-09-25,2026-09,,Open,0,11.46,,6,0,14
C001762,Carrier A,Liability,Agent,2026-05-05,2026-05,2026-05-11,Closed,0,1.71,6,149,4757.38,14
C001763,Carrier C,Auto,Agent,2026-08-27,2026-08,2026-09-03,Closed,0,17.43,7,35,4549.22,14
C001764,Carrier A,Auto,Mobile,2026-08-09,2026-08,2026-08-16,Closed,0,1.0,7,53,628.34,14
C001765,Carrier A,Liability,Mobile,2026-06-13,2026-06,2026-06-19,Closed,0,2.5,6,110,6662.72,14
C001766,Carrier C,Property,Agent,2026-09-13,2026-09,,Open,0,2.23,,18,0,20
C001767,Carrier C,Property,Web,2026-08-30,2026-08,2026-09-10,Closed,0,10.7,11,32,4648.04,20
C001768,Carrier A,Auto,Agent,2026-05-02,2026-05,2026-05-10,Closed,0,10.76,8,152,1585.03,14
C001769,Carrier A,Property,Web,2026-04-19,2026-04,2026-05-09,Closed,0,12.93,20,165,7300.67,20
C001770,Carrier B,Liability,Mobile,2026-05-14,2026-05,2026-06-01,Closed,1,16.0,18,140,3143.17,14
C001771,Carrier B,Liability,Web,2026-07-02,2026-07,2026-07-27,Closed,1,19.57,25,91,3329.69,14
C001772,Carrier C,Auto,Agent,2026-04-19,2026-04,2026-05-12,Closed,0,7.64,23,165,4114.89,14
C001773,Carrier B,Liability,Agent,2026-09-16,2026-09,2026-09-22,Closed,0,4.05,6,15,7374.62,14
C001774,Carrier B,Property,Agent,2026-04-20,2026-04,2026-04-29,Closed,0,12.28,9,164,6632.74,20
C001775,Carrier A,Auto,Agent,2026-08-15,2026-08,2026-08-22,Closed,0,14.28,7,47,56853.27,14
C001776,Carrier A,Liability,Mobile,2026-04-09,2026-04,2026-04-21,Closed,0,17.39,12,175,2237.77,14
C001777,Carrier B,Liability,Agent,2026-05-13,2026-05,2026-05-17,Closed,0,2.42,4,141,9309.51,14
C001778,Carrier B,Auto,Web,2026-05-23,2026-05,2026-06-09,Closed,0,10.8,17,131,2050.58,14
C001779,Carrier A,Property,Agent,2026-09-29,2026-09,,Open,0,14.39,,2,0,20
C001780,Carrier A,Auto,Web,2026-08-31,2026-08,2026-09-09,Closed,0,11.56,9,31,13100.64,14
C001781,Carrier A,Auto,Mobile,2026-05-14,2026-05,2026-05-15,Closed,0,16.99,1,140,10068.55,14
C001782,Carrier A,Property,Web,2026-06-05,2026-06,2026-06-12,Closed,0,6.5,7,118,5689.07,20
C001783,Carrier C,Liability,Agent,2026-06-13,2026-06,,Open,1,18.31,,110,0,14
C001784,Carrier A,Auto,Mobile,2026-07-07,2026-07,2026-07-25,Closed,1,25.1,18,86,3803.76,14
C001785,Carrier A,Property,Agent,2026-05-14,2026-05,2026-05-21,Closed,0,2.2,7,140,2940.49,20
C001786,Carrier B,Auto,Web,2026-07-25,2026-07,2026-07-30,Closed,0,4.8,5,68,7740.39,14
C001787,Carrier A,Property,Web,2026-08-14,2026-08,2026-08-26,Closed,0,5.43,12,48,12846.95,20
C001788,Carrier C,Property,Web,2026-04-12,2026-04,2026-04-25,Closed,0,5.96,13,172,3535.44,20
C001789,Carrier B,Auto,Mobile,2026-05-12,2026-05,2026-05-22,Closed,1,22.13,10,142,3460.25,14
C001790,Carrier C,Auto,Web,2026-05-14,2026-05,2026-05-18,Closed,0,15.26,4,140,2292.34,14
C001791,Carrier B,Liability,Agent,2026-05-03,2026-05,2026-05-12,Closed,0,2.69,9,151,2412.62,14
C001792,Carrier C,Auto,Web,2026-06-22,2026-06,2026-07-19,Closed,0,2.49,27,101,4678.44,14
C001793,Carrier C,Liability,Web,2026-06-17,2026-06,2026-06-28,Closed,0,2.86,11,106,22309.08,14
C001794,Carrier B,Property,Mobile,2026-07-29,2026-07,2026-08-08,Closed,0,12.91,10,64,3935.24,20
C001795,Carrier C,Liability,Web,2026-09-06,2026-09,2026-09-18,Closed,0,4.44,12,25,19614.38,14
C001796,Carrier B,Auto,Mobile,2026-04-24,2026-04,2026-05-01,Closed,0,6.12,7,160,5776.29,14
C001797,Carrier B,Auto,Mobile,2026-04-15,2026-04,2026-05-08,Closed,1,21.11,23,169,2391.75,14
C001798,Carrier A,Property,Agent,2026-04-01,2026-04,2026-04-08,Closed,0,9.8,7,183,3079.65,20
C001799,Carrier A,Liability,Web,2026-06-12,2026-06,2026-06-19,Closed,0,7.07,7,111,2807.77,14
C001800,Carrier A,Auto,Web,2026-05-19,2026-05,2026-05-24,Closed,0,12.23,5,135,38142.42,14
C001801,Carrier A,Liability,Agent,2026-07-19,2026-07,2026-07-22,Closed,0,11.44,3,74,1923.41,14
C001802,Carrier C,Property,Agent,2026-05-10,2026-05,2026-05-25,Closed,0,1.82,15,144,1339.83,20
C001803,Carrier B,Liability,Mobile,2026-04-22,2026-04,2026-04-25,Closed,0,2.34,3,162,2164.98,14
C001804,Carrier C,Property,Agent,2026-04-01,2026-04,2026-04-07,Closed,0,2.9,6,183,2502.41,20
C001805,Carrier B,Auto,Web,2026-09-08,2026-09,2026-09-12,Closed,0,11.83,4,23,1293.08,14
C001806,Carrier C,Property,Agent,2026-04-30,2026-04,2026-05-12,Closed,0,9.58,12,154,7662.61,20
C001807,Carrier A,Property,Web,2026-09-25,2026-09,,Open,0,12.08,,6,0,20
C001808,Carrier A,Property,Mobile,2026-08-08,2026-08,2026-08-17,Closed,0,17.77,9,54,1497.04,20
C001809,Carrier B,Liability,Agent,2026-06-15,2026-06,2026-06-24,Closed,1,20.84,9,108,7825.22,14
C001810,Carrier C,Liability,Mobile,2026-04-19,2026-04,2026-05-01,Closed,1,20.61,12,165,1748.02,14
C001811,Carrier C,Property,Mobile,2026-08-11,2026-08,2026-08-22,Closed,0,3.64,11,51,2911.82,20
C001812,Carrier A,Auto,Web,2026-07-15,2026-07,2026-07-16,Closed,0,4.39,1,78,10194.78,14
C001813,Carrier C,Property,Web,2026-07-11,2026-07,2026-08-05,Closed,1,22.48,25,82,1001.88,20
C001814,Carrier A,Auto,Agent,2026-06-08,2026-06,2026-06-23,Closed,0,11.22,15,115,4298.27,14
C001815,Carrier C,Property,Agent,2026-09-14,2026-09,2026-09-24,Closed,0,9.92,10,17,858.08,20
C001816,Carrier B,Property,Mobile,2026-08-17,2026-08,2026-08-27,Closed,0,8.77,10,45,6276.74,20
C001817,Carrier C,Auto,Web,2026-05-06,2026-05,2026-05-16,Closed,0,9.1,10,148,1217.88,14
C001818,Carrier B,Property,Mobile,2026-06-07,2026-06,2026-06-26,Closed,1,23.85,19,116,3875.16,20
C001819,Carrier A,Property,Agent,2026-08-06,2026-08,,Open,0,2.53,,56,0,20
C001820,Carrier C,Auto,Agent,2026-08-02,2026-08,2026-08-09,Closed,0,4.55,7,60,962.34,14
C001821,Carrier C,Auto,Mobile,2026-05-10,2026-05,2026-05-29,Closed,1,15.54,19,144,2055.33,14
C001822,Carrier B,Liability,Mobile,2026-08-09,2026-08,2026-08-26,Closed,1,27.23,17,53,14798.21,14
C001823,Carrier C,Property,Agent,2026-05-20,2026-05,2026-05-31,Closed,0,7.63,11,134,1470.38,20
C001824,Carrier B,Property,Mobile,2026-07-14,2026-07,2026-07-31,Closed,0,4.68,17,79,7904.94,20
C001825,Carrier A,Liability,Agent,2026-09-25,2026-09,2026-09-28,Closed,0,8.24,3,6,940.63,14
C001826,Carrier A,Auto,Web,2026-06-15,2026-06,,Open,0,12.9,,108,0,14
C001827,Carrier A,Auto,Mobile,2026-05-04,2026-05,2026-05-07,Closed,0,4.03,3,150,3408.16,14
C001828,Carrier B,Property,Mobile,2026-09-01,2026-09,2026-09-13,Closed,0,8.27,12,30,2449.05,20
C001829,Carrier C,Liability,Web,2026-08-05,2026-08,2026-08-15,Closed,1,20.59,10,57,6459.25,14
C001830,Carrier A,Property,Web,2026-05-10,2026-05,2026-05-18,Closed,0,4.02,8,144,2420.78,20
C001831,Carrier A,Auto,Web,2026-05-14,2026-05,2026-05-28,Closed,1,18.97,14,140,1479.79,14
C001832,Carrier C,Liability,Mobile,2026-09-23,2026-09,2026-09-25,Closed,0,6.4,2,8,857.21,14
C001833,Carrier C,Auto,Web,2026-04-10,2026-04,2026-04-20,Closed,0,9.43,10,174,650.36,14
C001834,Carrier A,Auto,Mobile,2026-06-25,2026-06,2026-07-14,Closed,1,27.91,19,98,9273.33,14
C001835,Carrier B,Liability,Mobile,2026-07-27,2026-07,2026-08-09,Closed,0,12.82,13,66,3005.82,14
C001836,Carrier B,Liability,Web,2026-07-09,2026-07,2026-07-14,Closed,0,6.54,5,84,3239.58,14
C001837,Carrier B,Property,Agent,2026-04-20,2026-04,2026-05-15,Closed,0,7.84,25,164,5662.79,20
C001838,Carrier A,Auto,Web,2026-04-17,2026-04,2026-05-03,Closed,0,8.28,16,167,1547.91,14
C001839,Carrier C,Property,Web,2026-09-12,2026-09,2026-09-22,Closed,0,16.05,10,19,2219.6,20
C001840,Carrier C,Property,Agent,2026-09-17,2026-09,,Open,1,13.48,,14,0,20
C001841,Carrier A,Auto,Web,2026-05-16,2026-05,2026-05-20,Closed,0,12.21,4,138,2831.61,14
C001842,Carrier B,Auto,Mobile,2026-08-02,2026-08,2026-08-10,Closed,0,6.35,8,60,3444.79,14
C001843,Carrier A,Property,Mobile,2026-05-30,2026-05,2026-06-15,Closed,0,13.03,16,124,67551.39,20
C001844,Carrier C,Liability,Mobile,2026-08-16,2026-08,2026-09-03,Closed,0,10.32,18,46,7163.03,14
C001845,Carrier C,Auto,Mobile,2026-04-11,2026-04,,Open,1,15.59,,173,0,14
C001846,Carrier B,Liability,Agent,2026-06-14,2026-06,2026-06-17,Closed,0,5.04,3,109,2592.56,14
C001847,Carrier A,Property,Agent,2026-08-13,2026-08,2026-08-21,Closed,0,11.55,8,49,4079.16,20
C001848,Carrier C,Auto,Mobile,2026-07-08,2026-07,2026-07-14,Closed,0,8.35,6,85,5529.89,14
C001849,Carrier A,Auto,Agent,2026-06-16,2026-06,2026-06-17,Closed,0,12.47,1,107,1122.1,14
C001850,Carrier A,Property,Agent,2026-05-14,2026-05,2026-05-25,Closed,0,13.81,11,140,1003.24,20
C001851,Carrier A,Auto,Agent,2026-06-10,2026-06,2026-06-30,Closed,1,15.26,20,113,2790.06,14
C001852,Carrier A,Auto,Agent,2026-07-25,2026-07,2026-08-08,Closed,1,25.12,14,68,9416.14,14
C001853,Carrier A,Property,Mobile,2026-07-17,2026-07,2026-08-02,Closed,0,15.77,16,76,3510.68,20
C001854,Carrier A,Auto,Web,2026-09-21,2026-09,2026-09-26,Closed,0,17.2,5,10,3813.1,14
C001855,Carrier A,Liability,Web,2026-07-11,2026-07,2026-07-21,Closed,0,10.02,10,82,816.09,14
C001856,Carrier C,Auto,Agent,2026-06-17,2026-06,2026-06-27,Closed,0,11.28,10,106,3268.34,14
C001857,Carrier C,Liability,Web,2026-05-02,2026-05,2026-05-04,Closed,0,9.99,2,152,928.07,14
C001858,Carrier C,Auto,Web,2026-06-09,2026-06,2026-06-20,Closed,1,27.15,11,114,7526.57,14
C001859,Carrier C,Property,Web,2026-09-27,2026-09,,Open,0,14.42,,4,0,20
C001860,Carrier A,Liability,Agent,2026-05-27,2026-05,,Open,0,16.52,,127,0,14
C001861,Carrier B,Auto,Agent,2026-08-05,2026-08,2026-08-21,Closed,0,17.9,16,57,2195.21,14
C001862,Carrier A,Auto,Web,2026-04-28,2026-04,2026-05-18,Closed,0,13.43,20,156,982.25,14
C001863,Carrier A,Liability,Web,2026-09-27,2026-09,,Open,0,7.82,,4,0,14
C001864,Carrier B,Property,Agent,2026-08-18,2026-08,2026-08-26,Closed,0,11.97,8,44,364.55,20
C001865,Carrier B,Property,Agent,2026-06-25,2026-06,2026-07-09,Closed,0,10.58,14,98,4426.59,20
C001866,Carrier B,Liability,Mobile,2026-09-06,2026-09,2026-09-18,Closed,1,26.34,12,25,4795.71,14
C001867,Carrier C,Property,Mobile,2026-08-20,2026-08,2026-09-04,Closed,0,7.33,15,42,326.01,20
C001868,Carrier C,Property,Mobile,2026-08-11,2026-08,2026-08-22,Closed,0,7.22,11,51,2242.0,20
C001869,Carrier C,Property,Web,2026-05-29,2026-05,2026-06-08,Closed,0,10.54,10,125,3497.13,20
C001870,Carrier C,Liability,Web,2026-04-02,2026-04,2026-04-05,Closed,0,9.96,3,182,1939.72,14
C001871,Carrier A,Property,Agent,2026-09-23,2026-09,,Open,0,11.96,,8,0,20
C001872,Carrier B,Property,Mobile,2026-09-13,2026-09,2026-09-27,Closed,0,7.24,14,18,14370.92,20
C001873,Carrier C,Property,Web,2026-07-04,2026-07,2026-07-19,Closed,1,19.92,15,89,1685.77,20
C001874,Carrier A,Auto,Web,2026-06-14,2026-06,2026-06-16,Closed,0,4.31,2,109,1495.06,14
C001875,Carrier A,Property,Mobile,2026-09-04,2026-09,2026-09-22,Closed,1,14.02,18,27,2254.04,20
C001876,Carrier C,Property,Mobile,2026-06-22,2026-06,2026-07-02,Closed,0,12.73,10,101,7455.01,20
C001877,Carrier B,Property,Web,2026-04-04,2026-04,2026-04-12,Closed,0,17.94,8,180,3852.94,20
C001878,Carrier A,Liability,Web,2026-06-17,2026-06,2026-06-29,Closed,1,25.17,12,106,2648.06,14
C001879,Carrier C,Liability,Mobile,2026-04-26,2026-04,2026-05-05,Closed,0,15.69,9,158,3338.6,14
C001880,Carrier B,Property,Web,2026-08-09,2026-08,2026-09-02,Closed,1,13.06,24,53,7481.37,20
C001881,Carrier C,Liability,Mobile,2026-06-20,2026-06,,Open,0,15.71,,103,0,14
C001882,Carrier B,Liability,Web,2026-05-08,2026-05,2026-05-15,Closed,0,8.65,7,146,9974.35,14
C001883,Carrier B,Property,Agent,2026-06-18,2026-06,2026-07-06,Closed,1,12.25,18,105,3506.62,20
C001884,Carrier A,Liability,Web,2026-09-03,2026-09,2026-09-04,Closed,0,7.83,1,28,6216.24,14
C001885,Carrier A,Liability,Mobile,2026-08-29,2026-08,2026-09-08,Closed,1,20.69,10,33,2463.85,14
C001886,Carrier A,Property,Agent,2026-06-12,2026-06,,Open,0,13.06,,111,0,20
C001887,Carrier C,Liability,Web,2026-09-20,2026-09,,Open,0,8.98,,11,0,14
C001888,Carrier A,Property,Mobile,2026-07-27,2026-07,2026-08-09,Closed,0,7.47,13,66,5448.61,20
C001889,Carrier B,Property,Agent,2026-08-06,2026-08,2026-08-21,Closed,0,4.71,15,56,5112.82,20
C001890,Carrier C,Property,Web,2026-08-06,2026-08,2026-08-16,Closed,0,4.1,10,56,6496.38,20
C001891,Carrier C,Liability,Web,2026-09-22,2026-09,,Open,0,8.97,,9,0,14
C001892,Carrier A,Liability,Web,2026-04-14,2026-04,,Open,0,1.36,,170,0,14
C001893,Carrier A,Property,Agent,2026-06-02,2026-06,2026-06-26,Closed,0,2.24,24,121,4019.31,20
C001894,Carrier C,Auto,Web,2026-09-17,2026-09,2026-09-29,Closed,0,10.16,12,14,3347.33,14
C001895,Carrier B,Property,Web,2026-06-12,2026-06,2026-06-23,Closed,0,17.15,11,111,1481.22,20
C001896,Carrier C,Auto,Agent,2026-06-10,2026-06,2026-06-21,Closed,0,8.52,11,113,2778.6,14
C001897,Carrier A,Auto,Mobile,2026-09-26,2026-09,2026-10-01,Closed,0,1.73,5,5,3517.76,14
C001898,Carrier C,Liability,Agent,2026-09-03,2026-09,2026-09-15,Closed,0,11.85,12,28,1397.62,14
C001899,Carrier C,Property,Agent,2026-06-22,2026-06,2026-06-30,Closed,0,3.17,8,101,3461.09,20
C001900,Carrier C,Auto,Agent,2026-09-09,2026-09,,Open,1,15.8,,22,0,14
C001901,Carrier A,Liability,Web,2026-09-14,2026-09,2026-09-18,Closed,0,3.67,4,17,2230.87,14
C001902,Carrier A,Property,Mobile,2026-05-19,2026-05,2026-05-28,Closed,0,12.59,9,135,1253.6,20
C001903,Carrier C,Liability,Mobile,2026-08-07,2026-08,2026-08-10,Closed,0,4.45,3,55,16268.48,14
C001904,Carrier C,Auto,Web,2026-05-01,2026-05,2026-05-03,Closed,0,11.07,2,153,4454.5,14
C001905,Carrier C,Liability,Web,2026-09-18,2026-09,,Open,1,25.74,,13,0,14
C001906,Carrier B,Property,Agent,2026-05-08,2026-05,2026-05-19,Closed,0,16.43,11,146,3460.02,20
C001907,Carrier A,Liability,Agent,2026-04-10,2026-04,2026-04-25,Closed,0,10.79,15,174,3127.82,14
C001908,Carrier B,Liability,Agent,2026-07-06,2026-07,2026-07-08,Closed,0,15.27,2,87,1908.6,14
C001909,Carrier A,Property,Agent,2026-09-19,2026-09,,Open,0,10.01,,12,0,20
C001910,Carrier A,Liability,Mobile,2026-06-14,2026-06,2026-07-02,Closed,0,12.44,18,109,886.34,14
C001911,Carrier A,Liability,Agent,2026-05-08,2026-05,2026-05-23,Closed,1,26.83,15,146,17194.91,14
C001912,Carrier A,Auto,Web,2026-05-10,2026-05,2026-05-22,Closed,0,7.83,12,144,20551.94,14
C001913,Carrier B,Auto,Mobile,2026-04-25,2026-04,2026-04-30,Closed,0,12.93,5,159,7994.7,14
C001914,Carrier B,Property,Web,2026-08-16,2026-08,2026-09-06,Closed,1,15.25,21,46,2872.45,20
C001915,Carrier C,Property,Web,2026-08-21,2026-08,2026-09-07,Closed,0,11.72,17,41,5889.22,20
C001916,Carrier C,Property,Agent,2026-04-01,2026-04,2026-04-13,Closed,0,12.87,12,183,2270.82,20
C001917,Carrier A,Auto,Agent,2026-06-01,2026-06,2026-06-07,Closed,0,14.26,6,122,2818.35,14
C001918,Carrier B,Liability,Mobile,2026-06-22,2026-06,2026-06-26,Closed,0,4.75,4,101,4064.17,14
C001919,Carrier C,Property,Web,2026-04-16,2026-04,2026-05-06,Closed,1,26.16,20,168,1694.08,20
C001920,Carrier C,Liability,Web,2026-04-12,2026-04,2026-04-15,Closed,0,14.69,3,172,3495.61,14
C001921,Carrier C,Property,Agent,2026-06-14,2026-06,2026-06-23,Closed,0,16.08,9,109,592.65,20
C001922,Carrier B,Property,Mobile,2026-09-19,2026-09,2026-09-29,Closed,0,7.61,10,12,14240.03,20
C001923,Carrier A,Liability,Agent,2026-09-08,2026-09,2026-09-12,Closed,0,15.69,4,23,2001.12,14
C001924,Carrier A,Liability,Web,2026-09-23,2026-09,2026-09-30,Closed,0,5.35,7,8,6309.49,14
C001925,Carrier B,Auto,Agent,2026-04-26,2026-04,,Open,1,18.62,,158,0,14
C001926,Carrier C,Liability,Mobile,2026-06-26,2026-06,2026-07-21,Closed,0,2.7,25,97,9435.69,14
C001927,Carrier C,Liability,Agent,2026-05-20,2026-05,,Open,0,15.58,,134,0,14
C001928,Carrier A,Liability,Mobile,2026-05-02,2026-05,2026-05-09,Closed,0,13.77,7,152,2467.86,14
C001929,Carrier C,Liability,Mobile,2026-09-24,2026-09,2026-09-30,Closed,0,7.5,6,7,20084.78,14
C001930,Carrier C,Liability,Web,2026-05-05,2026-05,2026-05-22,Closed,0,10.48,17,149,7908.71,14
C001931,Carrier C,Auto,Mobile,2026-08-14,2026-08,2026-08-16,Closed,0,5.39,2,48,2154.25,14
C001932,Carrier A,Liability,Mobile,2026-09-11,2026-09,2026-09-23,Closed,0,4.92,12,20,1027.3,14
C001933,Carrier A,Liability,Mobile,2026-05-28,2026-05,2026-06-18,Closed,1,11.37,21,126,6045.37,14
C001934,Carrier C,Liability,Mobile,2026-04-22,2026-04,2026-05-08,Closed,1,12.35,16,162,2480.23,14
C001935,Carrier C,Property,Agent,2026-09-21,2026-09,,Open,1,23.5,,10,0,20
C001936,Carrier A,Liability,Web,2026-06-21,2026-06,2026-07-04,Closed,1,13.02,13,102,12199.91,14
C001937,Carrier A,Liability,Agent,2026-08-20,2026-08,2026-08-24,Closed,0,16.89,4,42,2632.22,14
C001938,Carrier A,Auto,Agent,2026-04-24,2026-04,2026-05-06,Closed,0,10.96,12,160,3561.47,14
C001939,Carrier C,Property,Web,2026-07-20,2026-07,2026-07-29,Closed,0,2.38,9,73,1306.99,20
C001940,Carrier A,Property,Web,2026-04-04,2026-04,2026-04-20,Closed,0,15.46,16,180,5512.57,20
C001941,Carrier A,Property,Mobile,2026-06-08,2026-06,2026-06-24,Closed,1,18.03,16,115,1762.25,20
C001942,Carrier B,Property,Web,2026-08-24,2026-08,2026-09-05,Closed,0,16.04,12,38,1548.94,20
C001943,Carrier B,Liability,Web,2026-09-18,2026-09,,Open,0,13.99,,13,0,14
C001944,Carrier A,Auto,Agent,2026-09-26,2026-09,2026-09-27,Closed,0,9.45,1,5,3734.92,14
C001945,Carrier A,Auto,Agent,2026-06-26,2026-06,2026-07-02,Closed,0,16.14,6,97,7440.14,14
C001946,Carrier C,Liability,Agent,2026-08-31,2026-08,2026-09-07,Closed,0,3.03,7,31,4032.83,14
C001947,Carrier A,Liability,Web,2026-08-11,2026-08,2026-08-16,Closed,0,15.66,5,51,25463.79,14
C001948,Carrier C,Auto,Web,2026-06-07,2026-06,2026-06-08,Closed,0,13.7,1,116,1924.99,14
C001949,Carrier C,Auto,Agent,2026-05-10,2026-05,2026-05-17,Closed,0,5.82,7,144,1656.35,14
C001950,Carrier A,Auto,Web,2026-07-15,2026-07,2026-08-02,Closed,0,16.47,18,78,1052.33,14
C001951,Carrier B,Property,Agent,2026-06-09,2026-06,2026-06-29,Closed,0,5.55,20,114,5975.8,20
C001952,Carrier A,Auto,Mobile,2026-06-20,2026-06,2026-06-24,Closed,0,7.69,4,103,3948.15,14
C001953,Carrier B,Auto,Web,2026-08-28,2026-08,2026-09-06,Closed,0,15.5,9,34,1712.84,14
C001954,Carrier A,Liability,Web,2026-06-18,2026-06,2026-06-22,Closed,0,3.9,4,105,761.33,14
C001955,Carrier B,Liability,Mobile,2026-07-02,2026-07,2026-07-13,Closed,0,11.75,11,91,2190.56,14
C001956,Carrier B,Liability,Web,2026-04-11,2026-04,,Open,0,14.81,,173,0,14
C001957,Carrier C,Property,Web,2026-04-11,2026-04,2026-05-01,Closed,0,11.31,20,173,5929.49,20
C001958,Carrier C,Liability,Agent,2026-05-14,2026-05,2026-05-29,Closed,1,24.4,15,140,5378.38,14
C001959,Carrier A,Auto,Web,2026-09-19,2026-09,,Open,1,18.11,,12,0,14
C001960,Carrier C,Property,Mobile,2026-06-15,2026-06,2026-07-02,Closed,1,27.28,17,108,2210.54,20
C001961,Carrier B,Auto,Web,2026-04-20,2026-04,,Open,0,16.61,,164,0,14
C001962,Carrier A,Liability,Agent,2026-05-04,2026-05,2026-05-24,Closed,0,6.68,20,150,523.48,14
C001963,Carrier C,Auto,Web,2026-07-02,2026-07,2026-07-21,Closed,0,5.02,19,91,2023.64,14
C001964,Carrier B,Auto,Web,2026-05-14,2026-05,2026-06-08,Closed,0,2.74,25,140,3699.78,14
C001965,Carrier B,Liability,Web,2026-05-24,2026-05,2026-06-03,Closed,1,21.82,10,130,7644.78,14
C001966,Carrier B,Liability,Agent,2026-05-13,2026-05,2026-05-20,Closed,0,12.88,7,141,4748.21,14
C001967,Carrier C,Auto,Agent,2026-07-06,2026-07,2026-07-10,Closed,0,13.62,4,87,841.43,14
C001968,Carrier C,Auto,Agent,2026-04-20,2026-04,2026-04-30,Closed,0,6.9,10,164,18026.86,14
C001969,Carrier C,Auto,Web,2026-06-06,2026-06,,Open,0,10.82,,117,0,14
C001970,Carrier C,Liability,Web,2026-06-20,2026-06,2026-07-07,Closed,1,16.11,17,103,476.3,14
C001971,Carrier A,Property,Mobile,2026-09-27,2026-09,,Open,1,17.15,,4,0,20
C001972,Carrier B,Liability,Web,2026-04-21,2026-04,2026-04-27,Closed,0,9.94,6,163,1473.67,14
C001973,Carrier B,Liability,Mobile,2026-06-03,2026-06,2026-06-05,Closed,0,17.08,2,120,4275.08,14
C001974,Carrier A,Auto,Agent,2026-09-29,2026-09,,Open,0,1.46,,2,0,14
C001975,Carrier B,Liability,Mobile,2026-04-09,2026-04,2026-04-24,Closed,1,19.9,15,175,4465.66,14
C001976,Carrier C,Property,Agent,2026-05-03,2026-05,2026-05-17,Closed,0,17.91,14,151,2835.89,20
C001977,Carrier C,Auto,Agent,2026-04-26,2026-04,2026-05-04,Closed,0,7.77,8,158,3401.53,14
C001978,Carrier A,Auto,Web,2026-07-12,2026-07,2026-07-15,Closed,0,6.24,3,81,2517.63,14
C001979,Carrier C,Property,Agent,2026-07-20,2026-07,2026-07-27,Closed,0,12.18,7,73,509.98,20
C001980,Carrier C,Property,Agent,2026-06-04,2026-06,2026-06-19,Closed,0,15.41,15,119,14580.47,20
C001981,Carrier C,Property,Web,2026-09-04,2026-09,2026-09-19,Closed,0,6.22,15,27,1350.17,20
C001982,Carrier C,Auto,Web,2026-07-03,2026-07,2026-07-12,Closed,0,3.55,9,90,1321.88,14
C001983,Carrier C,Liability,Mobile,2026-07-27,2026-07,2026-08-02,Closed,0,11.05,6,66,2307.12,14
C001984,Carrier C,Liability,Agent,2026-05-09,2026-05,2026-05-16,Closed,0,15.05,7,145,12749.33,14
C001985,Carrier C,Property,Mobile,2026-05-01,2026-05,,Open,0,1.94,,153,0,20
C001986,Carrier B,Auto,Web,2026-07-24,2026-07,2026-07-30,Closed,0,12.81,6,69,3801.89,14
C001987,Carrier C,Property,Agent,2026-08-18,2026-08,2026-08-28,Closed,0,14.57,10,44,2558.85,20
C001988,Carrier B,Auto,Agent,2026-08-06,2026-08,2026-08-12,Closed,0,8.21,6,56,2402.97,14
C001989,Carrier B,Liability,Web,2026-05-31,2026-05,2026-06-07,Closed,0,11.77,7,123,2469.84,14
C001990,Carrier B,Auto,Agent,2026-06-19,2026-06,2026-06-28,Closed,0,3.26,9,104,2021.61,14
C001991,Carrier A,Auto,Agent,2026-08-27,2026-08,,Open,1,14.72,,35,0,14
C001992,Carrier B,Liability,Web,2026-04-21,2026-04,2026-04-27,Closed,0,8.77,6,163,2359.79,14
C001993,Carrier C,Auto,Mobile,2026-09-26,2026-09,,Open,1,13.19,,5,0,14
C001994,Carrier A,Auto,Mobile,2026-04-20,2026-04,2026-05-01,Closed,0,8.33,11,164,9096.09,14
C001995,Carrier C,Liability,Web,2026-04-20,2026-04,2026-05-01,Closed,1,11.55,11,164,2446.0,14
C001996,Carrier A,Liability,Agent,2026-05-11,2026-05,2026-05-27,Closed,1,25.02,16,143,8414.18,14
C001997,Carrier B,Property,Web,2026-07-27,2026-07,2026-08-02,Closed,0,15.02,6,66,2715.28,20
C001998,Carrier B,Auto,Mobile,2026-08-28,2026-08,2026-09-11,Closed,1,21.26,14,34,4427.63,14
C001999,Carrier C,Liability,Web,2026-05-25,2026-05,2026-06-08,Closed,1,12.77,14,129,6949.52,14
C002000,Carrier A,Auto,Web,2026-04-04,2026-04,2026-04-25,Closed,1,22.15,21,180,7135.66,14
C002001,Carrier B,Auto,Web,2026-04-28,2026-04,2026-05-13,Closed,0,8.44,15,156,1039.49,14
C002002,Carrier A,Property,Mobile,2026-09-12,2026-09,,Open,1,21.65,,19,0,20
C002003,Carrier B,Property,Web,2026-09-09,2026-09,2026-09-24,Closed,0,6.24,15,22,1756.96,20
C002004,Carrier C,Liability,Agent,2026-04-05,2026-04,2026-04-12,Closed,0,11.79,7,179,5523.46,14
C002005,Carrier B,Property,Mobile,2026-06-19,2026-06,2026-07-04,Closed,0,14.87,15,104,6284.35,20
C002006,Carrier A,Liability,Mobile,2026-07-28,2026-07,,Open,0,3.96,,65,0,14
C002007,Carrier C,Auto,Mobile,2026-06-21,2026-06,2026-06-23,Closed,0,14.16,2,102,2263.37,14
C002008,Carrier A,Auto,Agent,2026-05-11,2026-05,2026-05-31,Closed,0,11.69,20,143,5265.6,14
C002009,Carrier C,Liability,Mobile,2026-09-06,2026-09,2026-09-18,Closed,1,20.99,12,25,9479.04,14
C002010,Carrier C,Liability,Web,2026-05-12,2026-05,2026-05-23,Closed,0,5.83,11,142,8663.86,14
C002011,Carrier C,Auto,Web,2026-04-03,2026-04,2026-04-05,Closed,0,9.41,2,181,13049.67,14
C002012,Carrier C,Property,Agent,2026-05-29,2026-05,2026-06-15,Closed,1,25.3,17,125,3352.52,20
C002013,Carrier B,Property,Agent,2026-04-21,2026-04,2026-05-10,Closed,0,4.37,19,163,4415.9,20
C002014,Carrier B,Property,Web,2026-05-02,2026-05,2026-05-17,Closed,0,14.39,15,152,8371.04,20
C002015,Carrier A,Property,Web,2026-07-12,2026-07,2026-07-22,Closed,0,4.18,10,81,970.98,20
C002016,Carrier B,Auto,Web,2026-04-01,2026-04,,Open,0,1.41,,183,0,14
C002017,Carrier C,Auto,Agent,2026-06-07,2026-06,2026-06-14,Closed,0,9.32,7,116,2063.41,14
C002018,Carrier C,Auto,Mobile,2026-04-12,2026-04,2026-04-19,Closed,0,9.75,7,172,4317.04,14
C002019,Carrier A,Liability,Agent,2026-09-07,2026-09,2026-09-13,Closed,0,9.38,6,24,3562.68,14
C002020,Carrier A,Property,Web,2026-07-09,2026-07,2026-07-22,Closed,0,3.88,13,84,1239.58,20
C002021,Carrier A,Auto,Mobile,2026-04-20,2026-04,2026-04-26,Closed,0,14.17,6,164,2933.54,14
C002022,Carrier B,Property,Web,2026-05-17,2026-05,2026-05-28,Closed,0,7.25,11,137,4806.15,20
C002023,Carrier A,Auto,Agent,2026-04-25,2026-04,2026-05-08,Closed,0,12.73,13,159,3114.02,14
C002024,Carrier B,Auto,Web,2026-04-10,2026-04,2026-04-11,Closed,0,14.97,1,174,948.85,14
C002025,Carrier A,Liability,Web,2026-07-26,2026-07,2026-07-31,Closed,0,8.79,5,67,2346.9,14
C002026,Carrier B,Property,Web,2026-09-30,2026-09,,Open,0,12.02,,1,0,20
C002027,Carrier A,Property,Web,2026-08-13,2026-08,2026-08-20,Closed,0,9.19,7,49,4199.28,20
C002028,Carrier C,Property,Agent,2026-05-28,2026-05,2026-06-22,Closed,0,17.12,25,126,5163.91,20
C002029,Carrier A,Auto,Web,2026-07-31,2026-07,2026-08-31,Closed,0,6.35,31,62,9030.39,14
C002030,Carrier B,Liability,Mobile,2026-08-07,2026-08,2026-08-14,Closed,0,16.36,7,55,3054.59,14
C002031,Carrier B,Liability,Agent,2026-05-03,2026-05,2026-05-10,Closed,0,10.34,7,151,1007.66,14
C002032,Carrier A,Auto,Web,2026-05-24,2026-05,2026-05-28,Closed,0,9.29,4,130,3032.13,14
C002033,Carrier A,Property,Web,2026-05-31,2026-05,2026-06-07,Closed,0,15.54,7,123,2744.74,20
C002034,Carrier C,Auto,Web,2026-08-31,2026-08,2026-09-15,Closed,1,18.8,15,31,3818.19,14
C002035,Carrier C,Auto,Agent,2026-08-20,2026-08,2026-09-03,Closed,0,13.69,14,42,2036.87,14
C002036,Carrier A,Property,Web,2026-04-05,2026-04,2026-04-24,Closed,0,9.34,19,179,3399.91,20
C002037,Carrier A,Property,Web,2026-06-22,2026-06,2026-06-27,Closed,0,4.56,5,101,5701.7,20
C002038,Carrier B,Auto,Agent,2026-04-03,2026-04,2026-04-05,Closed,0,9.39,2,181,1197.56,14
C002039,Carrier B,Property,Web,2026-07-06,2026-07,2026-07-13,Closed,0,3.93,7,87,2850.66,20
C002040,Carrier C,Auto,Agent,2026-06-06,2026-06,2026-06-13,Closed,0,6.98,7,117,6276.0,14
C002041,Carrier A,Auto,Mobile,2026-06-30,2026-06,2026-07-13,Closed,0,7.28,13,93,2720.49,14
C002042,Carrier B,Liability,Mobile,2026-08-27,2026-08,2026-09-01,Closed,0,7.37,5,35,3844.72,14
C002043,Carrier B,Liability,Web,2026-09-12,2026-09,2026-09-13,Closed,0,13.84,1,19,14010.92,14
C002044,Carrier C,Auto,Agent,2026-08-19,2026-08,2026-08-27,Closed,0,12.11,8,43,9826.93,14
C002045,Carrier A,Auto,Mobile,2026-04-01,2026-04,2026-04-03,Closed,0,10.92,2,183,5171.24,14
C002046,Carrier C,Property,Mobile,2026-07-01,2026-07,2026-07-13,Closed,0,11.87,12,92,4185.15,20
C002047,Carrier A,Liability,Mobile,2026-05-09,2026-05,2026-05-16,Closed,0,4.64,7,145,1201.6,14
C002048,Carrier B,Auto,Web,2026-04-03,2026-04,2026-04-05,Closed,0,9.85,2,181,5429.86,14
C002049,Carrier C,Auto,Agent,2026-04-15,2026-04,2026-04-28,Closed,1,16.39,13,169,3650.92,14
C002050,Carrier A,Liability,Agent,2026-06-24,2026-06,2026-07-03,Closed,0,4.42,9,99,5189.56,14
C002051,Carrier C,Property,Web,2026-08-10,2026-08,2026-08-24,Closed,0,11.21,14,52,3171.27,20
C002052,Carrier A,Auto,Web,2026-07-02,2026-07,,Open,0,10.05,,91,0,14
C002053,Carrier B,Liability,Web,2026-07-08,2026-07,2026-07-14,Closed,0,9.47,6,85,2911.42,14
C002054,Carrier B,Auto,Agent,2026-08-20,2026-08,2026-09-02,Closed,0,2.84,13,42,930.88,14
C002055,Carrier C,Property,Agent,2026-05-22,2026-05,2026-06-07,Closed,1,27.73,16,132,5593.06,20
C002056,Carrier B,Liability,Web,2026-04-04,2026-04,,Open,0,10.86,,180,0,14
C002057,Carrier C,Liability,Web,2026-07-28,2026-07,2026-08-02,Closed,0,12.63,5,65,2013.01,14
C002058,Carrier B,Liability,Mobile,2026-06-19,2026-06,2026-06-21,Closed,0,8.28,2,104,1373.43,14
C002059,Carrier A,Property,Mobile,2026-05-23,2026-05,2026-06-12,Closed,1,20.98,20,131,6440.25,20
C002060,Carrier A,Auto,Mobile,2026-07-20,2026-07,2026-07-23,Closed,0,4.52,3,73,28892.06,14
C002061,Carrier C,Property,Mobile,2026-07-10,2026-07,2026-07-23,Closed,0,11.14,13,83,8272.7,20
C002062,Carrier A,Liability,Web,2026-09-06,2026-09,2026-09-21,Closed,0,5.64,15,25,1144.85,14
C002063,Carrier A,Property,Agent,2026-09-02,2026-09,2026-09-13,Closed,0,14.89,11,29,3691.12,20
C002064,Carrier B,Liability,Web,2026-08-11,2026-08,2026-08-21,Closed,0,15.52,10,51,5624.2,14
C002065,Carrier C,Auto,Web,2026-05-11,2026-05,2026-05-17,Closed,0,1.32,6,143,4525.69,14
C002066,Carrier C,Property,Agent,2026-06-15,2026-06,2026-07-01,Closed,0,14.18,16,108,1997.82,20
C002067,Carrier B,Liability,Agent,2026-04-19,2026-04,2026-04-27,Closed,0,9.25,8,165,2341.99,14
C002068,Carrier B,Property,Mobile,2026-04-23,2026-04,2026-05-03,Closed,0,15.5,10,161,2870.28,20
C002069,Carrier B,Auto,Web,2026-05-06,2026-05,2026-05-07,Closed,0,12.73,1,148,1153.22,14
C002070,Carrier A,Property,Mobile,2026-08-04,2026-08,2026-08-24,Closed,0,16.18,20,58,8275.43,20
C002071,Carrier A,Liability,Web,2026-06-15,2026-06,2026-06-20,Closed,0,1.58,5,108,3070.43,14
C002072,Carrier C,Liability,Mobile,2026-06-16,2026-06,2026-06-25,Closed,0,3.55,9,107,1663.58,14
C002073,Carrier A,Property,Mobile,2026-05-13,2026-05,2026-05-31,Closed,0,9.78,18,141,3293.57,20
C002074,Carrier C,Liability,Web,2026-06-29,2026-06,2026-07-02,Closed,0,1.85,3,94,3908.29,14
C002075,Carrier C,Liability,Web,2026-07-29,2026-07,2026-08-16,Closed,0,7.22,18,64,4633.4,14
C002076,Carrier B,Auto,Agent,2026-05-06,2026-05,,Open,0,13.81,,148,0,14
C002077,Carrier C,Property,Web,2026-06-09,2026-06,2026-06-18,Closed,0,9.14,9,114,3808.93,20
C002078,Carrier B,Liability,Mobile,2026-06-28,2026-06,2026-07-05,Closed,0,5.52,7,95,2267.35,14
C002079,Carrier B,Auto,Web,2026-05-29,2026-05,,Open,0,17.98,,125,0,14
C002080,Carrier A,Liability,Agent,2026-08-06,2026-08,2026-08-13,Closed,0,17.31,7,56,7512.5,14
C002081,Carrier B,Auto,Agent,2026-04-13,2026-04,2026-04-28,Closed,0,9.91,15,171,17975.97,14
C002082,Carrier A,Property,Mobile,2026-09-08,2026-09,2026-09-16,Closed,0,8.01,8,23,10318.39,20
C002083,Carrier B,Auto,Agent,2026-04-21,2026-04,2026-04-27,Closed,0,8.16,6,163,2343.56,14
C002084,Carrier A,Auto,Agent,2026-09-02,2026-09,2026-09-17,Closed,1,12.43,15,29,4249.74,14
C002085,Carrier C,Auto,Mobile,2026-06-03,2026-06,2026-06-15,Closed,1,24.41,12,120,1528.17,14
C002086,Carrier B,Auto,Agent,2026-08-19,2026-08,,Open,0,1.79,,43,0,14
C002087,Carrier C,Auto,Web,2026-05-24,2026-05,2026-05-28,Closed,0,9.63,4,130,7111.79,14
C002088,Carrier A,Property,Mobile,2026-07-31,2026-07,2026-08-09,Closed,0,2.61,9,62,5251.89,20
C002089,Carrier C,Auto,Web,2026-06-19,2026-06,2026-06-23,Closed,0,6.81,4,104,8282.58,14
C002090,Carrier A,Property,Agent,2026-08-12,2026-08,2026-08-29,Closed,0,12.84,17,50,1982.82,20
C002091,Carrier C,Auto,Web,2026-04-01,2026-04,2026-04-03,Closed,0,14.0,2,183,5070.33,14
C002092,Carrier B,Auto,Web,2026-07-31,2026-07,2026-08-11,Closed,1,21.28,11,62,3808.5,14
C002093,Carrier C,Auto,Mobile,2026-09-02,2026-09,2026-09-05,Closed,0,12.06,3,29,549.73,14
C002094,Carrier C,Auto,Web,2026-04-24,2026-04,,Open,0,4.05,,160,0,14
C002095,Carrier A,Auto,Mobile,2026-09-02,2026-09,2026-09-12,Closed,1,24.21,10,29,1171.99,14
C002096,Carrier A,Property,Web,2026-04-06,2026-04,2026-04-24,Closed,1,11.66,18,178,3162.42,20
C002097,Carrier A,Liability,Agent,2026-08-13,2026-08,2026-08-16,Closed,0,5.17,3,49,424.71,14
C002098,Carrier B,Liability,Agent,2026-07-29,2026-07,2026-08-30,Closed,0,4.36,32,64,15012.19,14
C002099,Carrier B,Property,Web,2026-06-17,2026-06,2026-06-26,Closed,0,6.13,9,106,5696.12,20
C002100,Carrier A,Property,Mobile,2026-07-01,2026-07,2026-07-16,Closed,0,2.52,15,92,4326.6,20
C002101,Carrier B,Auto,Agent,2026-04-09,2026-04,2026-04-16,Closed,0,6.31,7,175,1874.58,14
C002102,Carrier C,Auto,Web,2026-06-22,2026-06,2026-07-01,Closed,0,4.54,9,101,3912.37,14
C002103,Carrier B,Property,Agent,2026-09-24,2026-09,,Open,0,10.13,,7,0,20
C002104,Carrier A,Property,Web,2026-05-13,2026-05,2026-05-29,Closed,1,24.44,16,141,658.39,20
C002105,Carrier A,Auto,Web,2026-05-19,2026-05,2026-06-08,Closed,1,15.24,20,135,2297.72,14
C002106,Carrier B,Liability,Agent,2026-05-24,2026-05,2026-06-05,Closed,0,2.41,12,130,1389.62,14
C002107,Carrier A,Auto,Agent,2026-08-04,2026-08,2026-08-09,Closed,0,6.87,5,58,3920.77,14
C002108,Carrier C,Auto,Agent,2026-07-15,2026-07,2026-07-17,Closed,0,5.92,2,78,4409.68,14
C002109,Carrier A,Auto,Web,2026-09-19,2026-09,2026-09-24,Closed,0,1.83,5,12,3564.38,14
C002110,Carrier A,Liability,Agent,2026-05-15,2026-05,2026-05-28,Closed,0,2.71,13,139,2729.52,14
C002111,Carrier C,Auto,Mobile,2026-09-04,2026-09,2026-09-07,Closed,0,9.32,3,27,5354.62,14
C002112,Carrier A,Property,Web,2026-09-07,2026-09,2026-09-24,Closed,0,5.98,17,24,6149.88,20
C002113,Carrier A,Liability,Mobile,2026-05-04,2026-05,2026-06-03,Closed,1,15.62,30,150,1074.49,14
C002114,Carrier A,Liability,Mobile,2026-05-20,2026-05,2026-05-26,Closed,0,2.8,6,134,2762.8,14
C002115,Carrier C,Liability,Web,2026-07-02,2026-07,2026-07-05,Closed,0,6.24,3,91,2803.94,14
C002116,Carrier C,Auto,Mobile,2026-09-16,2026-09,,Open,1,11.42,,15,0,14
C002117,Carrier C,Liability,Mobile,2026-09-12,2026-09,2026-09-27,Closed,0,12.39,15,19,1386.88,14
C002118,Carrier C,Property,Agent,2026-08-28,2026-08,2026-09-18,Closed,0,2.78,21,34,3495.45,20
C002119,Carrier B,Auto,Agent,2026-09-28,2026-09,,Open,0,1.48,,3,0,14
C002120,Carrier C,Auto,Mobile,2026-09-08,2026-09,2026-09-27,Closed,0,1.14,19,23,13594.67,14
C002121,Carrier C,Property,Web,2026-05-02,2026-05,2026-05-25,Closed,0,16.32,23,152,3608.79,20
C002122,Carrier B,Liability,Web,2026-04-14,2026-04,,Open,0,4.11,,170,0,14
C002123,Carrier C,Liability,Mobile,2026-09-14,2026-09,2026-09-26,Closed,1,18.39,12,17,9479.05,14
C002124,Carrier A,Liability,Web,2026-09-08,2026-09,2026-09-25,Closed,1,12.22,17,23,2010.35,14
C002125,Carrier C,Auto,Web,2026-05-07,2026-05,,Open,0,15.23,,147,0,14
C002126,Carrier A,Property,Mobile,2026-08-09,2026-08,2026-08-26,Closed,1,27.55,17,53,7045.35,20
C002127,Carrier B,Liability,Mobile,2026-06-25,2026-06,2026-07-06,Closed,0,12.75,11,98,8504.38,14
C002128,Carrier A,Auto,Agent,2026-07-18,2026-07,2026-07-21,Closed,0,13.34,3,75,1508.91,14
C002129,Carrier C,Property,Agent,2026-09-19,2026-09,,Open,0,4.41,,12,0,20
C002130,Carrier A,Property,Mobile,2026-06-03,2026-06,2026-06-18,Closed,0,3.5,15,120,1318.38,20
C002131,Carrier C,Property,Agent,2026-07-23,2026-07,2026-08-02,Closed,0,5.25,10,70,1833.67,20
C002132,Carrier B,Liability,Mobile,2026-09-06,2026-09,2026-09-15,Closed,1,16.85,9,25,1996.94,14
C002133,Carrier A,Liability,Web,2026-07-15,2026-07,2026-07-18,Closed,0,4.42,3,78,16561.84,14
C002134,Carrier B,Liability,Agent,2026-08-06,2026-08,2026-08-16,Closed,0,13.71,10,56,761.53,14
C002135,Carrier C,Auto,Web,2026-08-05,2026-08,2026-08-11,Closed,0,5.83,6,57,5805.94,14
C002136,Carrier A,Auto,Agent,2026-05-02,2026-05,2026-05-20,Closed,0,8.6,18,152,1253.47,14
C002137,Carrier A,Liability,Agent,2026-04-17,2026-04,2026-04-28,Closed,0,6.63,11,167,1293.61,14
C002138,Carrier B,Property,Web,2026-06-17,2026-06,2026-06-25,Closed,0,11.34,8,106,10600.48,20
C002139,Carrier B,Auto,Mobile,2026-04-01,2026-04,2026-04-11,Closed,0,6.87,10,183,2493.41,14
C002140,Carrier A,Liability,Web,2026-08-27,2026-08,2026-09-01,Closed,0,5.68,5,35,10830.65,14
C002141,Carrier A,Property,Agent,2026-09-02,2026-09,2026-09-10,Closed,0,12.15,8,29,1556.12,20
C002142,Carrier B,Liability,Agent,2026-07-16,2026-07,2026-07-24,Closed,0,17.28,8,77,942.24,14
C002143,Carrier A,Property,Mobile,2026-05-28,2026-05,2026-06-17,Closed,1,25.03,20,126,4529.68,20
C002144,Carrier A,Liability,Agent,2026-06-30,2026-06,2026-07-04,Closed,0,6.76,4,93,5184.11,14
C002145,Carrier B,Property,Agent,2026-07-04,2026-07,,Open,0,15.11,,89,0,20
C002146,Carrier A,Auto,Web,2026-05-05,2026-05,2026-05-21,Closed,0,3.26,16,149,5172.25,14
C002147,Carrier C,Auto,Agent,2026-09-08,2026-09,2026-09-13,Closed,0,14.1,5,23,5507.84,14
C002148,Carrier B,Auto,Mobile,2026-06-01,2026-06,2026-06-18,Closed,1,23.15,17,122,15759.46,14
C002149,Carrier C,Auto,Agent,2026-08-30,2026-08,2026-09-02,Closed,0,1.77,3,32,6402.51,14
C002150,Carrier A,Auto,Mobile,2026-09-05,2026-09,2026-09-23,Closed,0,14.44,18,26,2463.86,14
C002151,Carrier C,Liability,Web,2026-05-21,2026-05,2026-05-28,Closed,0,9.1,7,133,5706.45,14
C002152,Carrier A,Liability,Agent,2026-05-06,2026-05,2026-05-12,Closed,0,1.47,6,148,8169.7,14
C002153,Carrier C,Property,Agent,2026-08-15,2026-08,2026-08-21,Closed,0,13.27,6,47,2753.67,20
C002154,Carrier B,Property,Mobile,2026-08-17,2026-08,2026-09-06,Closed,1,27.27,20,45,1396.72,20
C002155,Carrier B,Liability,Mobile,2026-08-26,2026-08,2026-08-31,Closed,0,16.68,5,36,8010.33,14
C002156,Carrier A,Property,Web,2026-04-28,2026-04,2026-05-06,Closed,0,9.78,8,156,4113.26,20
C002157,Carrier A,Property,Web,2026-04-29,2026-04,2026-05-08,Closed,0,13.53,9,155,584.31,20
C002158,Carrier C,Liability,Agent,2026-08-21,2026-08,2026-09-02,Closed,0,9.03,12,41,2494.91,14
C002159,Carrier B,Auto,Mobile,2026-04-10,2026-04,2026-04-30,Closed,0,9.41,20,174,3156.88,14
C002160,Carrier C,Liability,Agent,2026-04-01,2026-04,2026-04-08,Closed,0,1.64,7,183,1889.54,14
C002161,Carrier A,Liability,Mobile,2026-04-06,2026-04,2026-04-28,Closed,0,4.11,22,178,13640.53,14
C002162,Carrier C,Auto,Web,2026-06-05,2026-06,2026-06-17,Closed,1,13.89,12,118,5446.03,14
C002163,Carrier B,Auto,Agent,2026-08-18,2026-08,2026-09-06,Closed,0,7.5,19,44,8974.56,14
C002164,Carrier A,Property,Mobile,2026-09-08,2026-09,2026-09-23,Closed,1,20.62,15,23,4370.09,20
C002165,Carrier C,Liability,Agent,2026-08-11,2026-08,2026-09-06,Closed,0,12.15,26,51,2159.35,14
C002166,Carrier C,Liability,Agent,2026-06-09,2026-06,2026-06-13,Closed,0,10.66,4,114,2079.75,14
C002167,Carrier B,Liability,Agent,2026-08-06,2026-08,2026-08-16,Closed,1,19.69,10,56,5915.91,14
C002168,Carrier C,Liability,Web,2026-07-21,2026-07,2026-07-23,Closed,0,6.21,2,72,1971.19,14
C002169,Carrier C,Auto,Web,2026-09-27,2026-09,2026-09-30,Closed,0,4.3,3,4,7022.67,14
C002170,Carrier C,Auto,Mobile,2026-09-03,2026-09,2026-09-07,Closed,0,10.15,4,28,2669.66,14
C002171,Carrier A,Liability,Agent,2026-05-29,2026-05,2026-06-22,Closed,0,9.27,24,125,2323.88,14
C002172,Carrier A,Auto,Mobile,2026-09-03,2026-09,2026-09-06,Closed,0,1.18,3,28,1488.2,14
C002173,Carrier A,Auto,Agent,2026-05-17,2026-05,2026-05-24,Closed,0,3.85,7,137,1909.95,14
C002174,Carrier C,Liability,Mobile,2026-07-12,2026-07,2026-07-25,Closed,0,7.46,13,81,1565.97,14
C002175,Carrier A,Liability,Web,2026-08-16,2026-08,2026-08-28,Closed,0,15.46,12,46,1121.73,14
C002176,Carrier A,Property,Mobile,2026-07-01,2026-07,2026-07-10,Closed,0,5.48,9,92,2814.63,20
C002177,Carrier C,Property,Web,2026-08-26,2026-08,,Open,0,7.04,,36,0,20
C002178,Carrier B,Auto,Mobile,2026-06-29,2026-06,,Open,0,4.63,,94,0,14
C002179,Carrier C,Auto,Mobile,2026-07-13,2026-07,2026-07-21,Closed,0,7.32,8,80,10303.59,14
C002180,Carrier C,Auto,Mobile,2026-04-20,2026-04,2026-05-06,Closed,0,3.93,16,164,3402.0,14
C002181,Carrier A,Property,Agent,2026-08-23,2026-08,2026-09-07,Closed,0,7.69,15,39,5995.22,20
C002182,Carrier A,Liability,Agent,2026-07-25,2026-07,2026-07-29,Closed,0,2.12,4,68,3583.63,14
C002183,Carrier B,Property,Mobile,2026-05-08,2026-05,2026-05-19,Closed,0,9.53,11,146,3105.18,20
C002184,Carrier A,Liability,Agent,2026-09-16,2026-09,2026-09-26,Closed,0,17.85,10,15,5034.8,14
C002185,Carrier C,Property,Mobile,2026-07-04,2026-07,2026-07-11,Closed,0,16.77,7,89,3319.58,20
C002186,Carrier A,Property,Agent,2026-09-09,2026-09,2026-09-21,Closed,0,17.95,12,22,5927.45,20
C002187,Carrier A,Property,Web,2026-09-19,2026-09,2026-09-26,Closed,0,5.44,7,12,7137.75,20
C002188,Carrier A,Auto,Mobile,2026-07-08,2026-07,2026-07-19,Closed,0,1.39,11,85,5948.9,14
C002189,Carrier B,Property,Web,2026-08-27,2026-08,2026-09-08,Closed,0,2.97,12,35,2300.97,20
C002190,Carrier B,Liability,Agent,2026-08-29,2026-08,2026-09-11,Closed,0,4.64,13,33,2392.07,14
C002191,Carrier C,Liability,Mobile,2026-04-03,2026-04,2026-04-06,Closed,0,17.27,3,181,544.28,14
C002192,Carrier A,Auto,Mobile,2026-09-30,2026-09,2026-10-01,Closed,0,8.32,1,1,2605.14,14
C002193,Carrier C,Liability,Mobile,2026-05-31,2026-05,,Open,0,13.19,,123,0,14
C002194,Carrier A,Property,Mobile,2026-05-11,2026-05,2026-05-23,Closed,0,16.79,12,143,4854.71,20
C002195,Carrier A,Property,Mobile,2026-04-01,2026-04,,Open,0,9.55,,183,0,20
C002196,Carrier B,Property,Mobile,2026-04-08,2026-04,2026-05-01,Closed,0,2.12,23,176,1484.5,20
C002197,Carrier B,Auto,Agent,2026-04-23,2026-04,2026-04-30,Closed,0,12.34,7,161,6379.52,14
C002198,Carrier C,Property,Mobile,2026-09-13,2026-09,2026-09-29,Closed,0,4.04,16,18,8634.1,20
C002199,Carrier A,Liability,Agent,2026-04-21,2026-04,2026-04-27,Closed,0,17.78,6,163,9346.83,14
C002200,Carrier B,Property,Web,2026-07-24,2026-07,2026-08-05,Closed,0,14.31,12,69,3338.89,20
C002201,Carrier B,Auto,Agent,2026-07-13,2026-07,2026-07-19,Closed,0,1.17,6,80,2834.64,14
C002202,Carrier B,Property,Mobile,2026-06-28,2026-06,2026-07-13,Closed,0,16.7,15,95,4043.73,20
C002203,Carrier A,Property,Mobile,2026-04-11,2026-04,2026-05-08,Closed,1,24.49,27,173,4370.33,20
C002204,Carrier A,Liability,Agent,2026-04-02,2026-04,2026-04-04,Closed,0,14.84,2,182,7931.54,14
C002205,Carrier C,Liability,Mobile,2026-04-26,2026-04,2026-05-05,Closed,1,11.71,9,158,1188.36,14
C002206,Carrier B,Liability,Agent,2026-09-03,2026-09,2026-09-04,Closed,0,17.25,1,28,994.16,14
C002207,Carrier B,Liability,Agent,2026-04-20,2026-04,2026-04-25,Closed,0,9.49,5,164,465.72,14
C002208,Carrier C,Auto,Agent,2026-05-20,2026-05,2026-06-06,Closed,1,18.51,17,134,2245.95,14
C002209,Carrier A,Property,Agent,2026-06-24,2026-06,2026-07-08,Closed,0,12.79,14,99,4916.49,20
C002210,Carrier A,Auto,Web,2026-07-26,2026-07,2026-08-01,Closed,0,12.67,6,67,1853.36,14
C002211,Carrier C,Property,Web,2026-07-27,2026-07,2026-08-04,Closed,0,8.39,8,66,953.43,20
C002212,Carrier B,Liability,Web,2026-07-17,2026-07,2026-07-27,Closed,0,17.71,10,76,3051.29,14
C002213,Carrier C,Property,Web,2026-09-25,2026-09,,Open,0,2.45,,6,0,20
C002214,Carrier A,Auto,Mobile,2026-06-29,2026-06,2026-07-07,Closed,0,14.44,8,94,7882.25,14
C002215,Carrier C,Auto,Agent,2026-05-23,2026-05,2026-05-28,Closed,0,3.05,5,131,1335.01,14
C002216,Carrier C,Liability,Agent,2026-06-11,2026-06,2026-06-13,Closed,0,6.39,2,112,3100.82,14
C002217,Carrier A,Property,Agent,2026-05-23,2026-05,2026-06-03,Closed,0,16.83,11,131,6777.0,20
C002218,Carrier C,Auto,Web,2026-09-27,2026-09,2026-10-01,Closed,0,2.19,4,4,3185.83,14
C002219,Carrier C,Liability,Agent,2026-07-31,2026-07,2026-08-15,Closed,1,14.62,15,62,3148.01,14
C002220,Carrier C,Liability,Mobile,2026-05-17,2026-05,2026-05-26,Closed,0,11.47,9,137,2155.29,14
C002221,Carrier C,Liability,Agent,2026-04-21,2026-04,2026-05-05,Closed,1,16.21,14,163,1559.36,14
C002222,Carrier B,Property,Mobile,2026-05-22,2026-05,2026-06-18,Closed,1,21.05,27,132,3123.28,20
C002223,Carrier C,Property,Agent,2026-05-26,2026-05,2026-06-03,Closed,0,10.84,8,128,2173.87,20
C002224,Carrier C,Liability,Mobile,2026-09-05,2026-09,2026-09-06,Closed,0,8.51,1,26,2425.42,14
C002225,Carrier A,Liability,Agent,2026-06-06,2026-06,2026-07-03,Closed,0,1.46,27,117,1792.89,14
C002226,Carrier C,Liability,Mobile,2026-07-11,2026-07,2026-07-13,Closed,0,12.4,2,82,2635.99,14
C002227,Carrier C,Property,Web,2026-08-07,2026-08,2026-08-21,Closed,0,15.94,14,55,4926.86,20
C002228,Carrier B,Auto,Mobile,2026-09-17,2026-09,2026-09-28,Closed,1,20.48,11,14,3544.78,14
C002229,Carrier C,Property,Mobile,2026-07-25,2026-07,2026-08-07,Closed,0,9.04,13,68,828.7,20
C002230,Carrier A,Auto,Web,2026-08-13,2026-08,2026-09-01,Closed,0,3.32,19,49,5923.56,14
C002231,Carrier A,Liability,Web,2026-09-12,2026-09,2026-09-26,Closed,1,25.96,14,19,7232.14,14
C002232,Carrier A,Property,Web,2026-06-09,2026-06,2026-06-25,Closed,0,4.74,16,114,3231.01,20
C002233,Carrier C,Property,Agent,2026-07-06,2026-07,2026-07-20,Closed,0,10.58,14,87,1111.17,20
C002234,Carrier A,Property,Mobile,2026-05-09,2026-05,2026-06-01,Closed,0,3.5,23,145,6320.96,20
C002235,Carrier C,Auto,Agent,2026-07-15,2026-07,2026-07-22,Closed,0,4.48,7,78,5257.48,14
C002236,Carrier B,Auto,Web,2026-07-29,2026-07,2026-08-09,Closed,0,11.5,11,64,7048.42,14
C002237,Carrier A,Property,Web,2026-05-08,2026-05,2026-05-20,Closed,0,1.95,12,146,7027.32,20
C002238,Carrier B,Liability,Agent,2026-07-27,2026-07,2026-08-01,Closed,0,3.85,5,66,1168.76,14
C002239,Carrier C,Liability,Agent,2026-05-17,2026-05,2026-05-27,Closed,0,10.37,10,137,1354.31,14
C002240,Carrier C,Liability,Agent,2026-05-01,2026-05,2026-05-03,Closed,0,2.29,2,153,2562.12,14
C002241,Carrier A,Property,Mobile,2026-07-05,2026-07,2026-07-23,Closed,0,2.33,18,88,13174.66,20
C002242,Carrier A,Property,Mobile,2026-07-03,2026-07,2026-07-09,Closed,0,5.92,6,90,3265.34,20
C002243,Carrier A,Property,Mobile,2026-06-22,2026-06,2026-07-04,Closed,0,1.82,12,101,2320.01,20
C002244,Carrier A,Liability,Agent,2026-04-24,2026-04,2026-05-21,Closed,0,13.45,27,160,1469.22,14
C002245,Carrier B,Liability,Web,2026-06-27,2026-06,2026-07-08,Closed,1,15.13,11,96,3792.49,14
C002246,Carrier C,Liability,Web,2026-05-26,2026-05,2026-05-28,Closed,0,14.72,2,128,6281.84,14
C002247,Carrier C,Property,Mobile,2026-07-09,2026-07,2026-07-28,Closed,1,21.87,19,84,1518.99,20
C002248,Carrier C,Liability,Web,2026-07-30,2026-07,,Open,0,10.83,,63,0,14
C002249,Carrier B,Liability,Mobile,2026-09-21,2026-09,2026-09-30,Closed,0,12.04,9,10,3977.56,14
C002250,Carrier B,Property,Agent,2026-08-29,2026-08,2026-09-20,Closed,0,2.99,22,33,2660.69,20
C002251,Carrier A,Auto,Mobile,2026-04-18,2026-04,2026-05-01,Closed,1,16.5,13,166,10336.99,14
C002252,Carrier C,Auto,Agent,2026-05-25,2026-05,2026-05-27,Closed,0,4.42,2,129,1490.42,14
C002253,Carrier C,Property,Mobile,2026-08-29,2026-08,2026-09-16,Closed,0,15.18,18,33,1753.85,20
C002254,Carrier A,Liability,Web,2026-06-18,2026-06,2026-06-27,Closed,0,13.79,9,105,3324.0,14
C002255,Carrier B,Auto,Web,2026-09-09,2026-09,2026-09-10,Closed,0,12.33,1,22,7019.58,14
C002256,Carrier B,Property,Agent,2026-08-03,2026-08,2026-08-19,Closed,1,27.82,16,59,4232.5,20
C002257,Carrier C,Liability,Web,2026-06-22,2026-06,2026-07-16,Closed,0,14.11,24,101,491.2,14
C002258,Carrier C,Auto,Agent,2026-06-27,2026-06,,Open,1,11.24,,96,0,14
C002259,Carrier A,Property,Agent,2026-05-22,2026-05,2026-05-28,Closed,0,3.84,6,132,2855.59,20
C002260,Carrier A,Auto,Agent,2026-04-20,2026-04,2026-04-28,Closed,0,6.57,8,164,5163.2,14
C002261,Carrier B,Auto,Web,2026-04-19,2026-04,2026-04-28,Closed,0,1.86,9,165,788.95,14
C002262,Carrier A,Property,Web,2026-04-04,2026-04,2026-04-11,Closed,0,5.09,7,180,1210.48,20
C002263,Carrier C,Liability,Agent,2026-04-18,2026-04,2026-04-29,Closed,0,1.88,11,166,2808.6,14
C002264,Carrier A,Liability,Web,2026-08-24,2026-08,2026-08-28,Closed,0,16.94,4,38,2171.47,14
C002265,Carrier C,Auto,Mobile,2026-07-10,2026-07,2026-07-29,Closed,1,19.4,19,83,3859.16,14
C002266,Carrier A,Auto,Agent,2026-05-01,2026-05,2026-05-17,Closed,0,3.48,16,153,8836.64,14
C002267,Carrier A,Liability,Agent,2026-09-01,2026-09,2026-09-09,Closed,0,3.05,8,30,4495.86,14
C002268,Carrier A,Liability,Web,2026-08-04,2026-08,2026-08-16,Closed,1,15.32,12,58,2357.75,14
C002269,Carrier C,Auto,Agent,2026-09-20,2026-09,2026-09-25,Closed,0,10.82,5,11,1115.97,14
C002270,Carrier A,Auto,Mobile,2026-07-16,2026-07,2026-07-26,Closed,0,15.32,10,77,2664.28,14
C002271,Carrier C,Property,Web,2026-05-15,2026-05,2026-06-01,Closed,1,12.88,17,139,1508.83,20
C002272,Carrier B,Auto,Web,2026-05-23,2026-05,2026-05-28,Closed,0,16.76,5,131,3854.24,14
C002273,Carrier B,Property,Agent,2026-04-08,2026-04,,Open,0,16.9,,176,0,20
C002274,Carrier C,Auto,Agent,2026-07-09,2026-07,2026-07-24,Closed,0,17.38,15,84,2282.83,14
C002275,Carrier B,Auto,Agent,2026-06-01,2026-06,2026-06-04,Closed,0,6.6,3,122,3692.96,14
C002276,Carrier A,Auto,Mobile,2026-07-11,2026-07,2026-07-13,Closed,0,7.01,2,82,4929.01,14
C002277,Carrier C,Auto,Mobile,2026-04-22,2026-04,,Open,1,27.45,,162,0,14
C002278,Carrier A,Liability,Web,2026-08-18,2026-08,2026-08-26,Closed,0,6.47,8,44,520.14,14
C002279,Carrier B,Liability,Mobile,2026-09-12,2026-09,2026-09-23,Closed,0,6.75,11,19,4112.69,14
C002280,Carrier C,Auto,Agent,2026-04-17,2026-04,2026-04-27,Closed,0,17.31,10,167,3462.1,14
C002281,Carrier C,Property,Web,2026-04-03,2026-04,2026-04-18,Closed,0,16.57,15,181,1539.76,20
C002282,Carrier A,Liability,Web,2026-08-20,2026-08,2026-09-02,Closed,1,22.06,13,42,2822.29,14
C002283,Carrier A,Liability,Agent,2026-06-17,2026-06,,Open,0,10.34,,106,0,14
C002284,Carrier B,Liability,Mobile,2026-07-03,2026-07,2026-07-24,Closed,1,12.36,21,90,2504.82,14
C002285,Carrier A,Property,Web,2026-09-25,2026-09,,Open,1,25.97,,6,0,20
C002286,Carrier B,Property,Web,2026-08-08,2026-08,2026-08-23,Closed,0,14.13,15,54,3743.62,20
C002287,Carrier B,Property,Agent,2026-09-24,2026-09,,Open,0,8.89,,7,0,20
C002288,Carrier B,Auto,Web,2026-07-20,2026-07,2026-07-24,Closed,0,16.88,4,73,7142.41,14
C002289,Carrier B,Liability,Web,2026-08-26,2026-08,2026-09-05,Closed,0,15.07,10,36,1074.48,14
C002290,Carrier C,Liability,Web,2026-09-12,2026-09,2026-09-17,Closed,0,6.73,5,19,2942.22,14
C002291,Carrier B,Property,Web,2026-07-03,2026-07,2026-07-14,Closed,0,16.7,11,90,11521.55,20
C002292,Carrier C,Auto,Web,2026-05-20,2026-05,2026-05-24,Closed,0,6.2,4,134,3247.42,14
C002293,Carrier C,Auto,Agent,2026-05-12,2026-05,2026-05-30,Closed,1,16.24,18,142,13351.21,14
C002294,Carrier A,Liability,Agent,2026-04-02,2026-04,2026-04-07,Closed,0,2.72,5,182,1498.55,14
C002295,Carrier C,Liability,Agent,2026-09-07,2026-09,2026-09-18,Closed,1,26.17,11,24,3369.66,14
C002296,Carrier C,Auto,Mobile,2026-08-17,2026-08,2026-09-07,Closed,1,19.67,21,45,1834.1,14
C002297,Carrier B,Liability,Agent,2026-07-30,2026-07,2026-08-03,Closed,0,14.11,4,63,3604.24,14
C002298,Carrier A,Liability,Mobile,2026-05-30,2026-05,2026-06-01,Closed,0,3.83,2,124,1897.81,14
C002299,Carrier C,Liability,Mobile,2026-08-04,2026-08,2026-08-18,Closed,1,27.46,14,58,5846.96,14
C002300,Carrier B,Auto,Agent,2026-07-17,2026-07,2026-07-22,Closed,0,8.2,5,76,49870.2,14
C002301,Carrier C,Liability,Agent,2026-09-24,2026-09,,Open,0,6.1,,7,0,14
C002302,Carrier A,Property,Web,2026-08-10,2026-08,2026-08-19,Closed,0,15.36,9,52,6772.48,20
C002303,Carrier C,Liability,Mobile,2026-04-14,2026-04,2026-04-17,Closed,0,13.44,3,170,2152.02,14
C002304,Carrier A,Auto,Agent,2026-05-24,2026-05,2026-06-06,Closed,0,8.62,13,130,3829.12,14
C002305,Carrier A,Auto,Mobile,2026-08-30,2026-08,2026-09-03,Closed,0,9.08,4,32,883.74,14
C002306,Carrier B,Property,Web,2026-09-27,2026-09,,Open,0,9.63,,4,0,20
C002307,Carrier A,Auto,Web,2026-07-20,2026-07,2026-08-02,Closed,1,19.36,13,73,3817.85,14
C002308,Carrier A,Auto,Web,2026-08-03,2026-08,,Open,0,9.38,,59,0,14
C002309,Carrier C,Liability,Agent,2026-04-18,2026-04,2026-05-02,Closed,1,22.47,14,166,906.22,14
C002310,Carrier B,Liability,Agent,2026-04-01,2026-04,2026-04-07,Closed,0,6.73,6,183,1334.51,14
C002311,Carrier B,Auto,Web,2026-06-29,2026-06,2026-07-15,Closed,1,23.46,16,94,2086.95,14
C002312,Carrier B,Property,Agent,2026-07-04,2026-07,2026-07-18,Closed,0,4.26,14,89,4333.06,20
C002313,Carrier A,Auto,Web,2026-08-19,2026-08,2026-08-26,Closed,0,5.29,7,43,18987.55,14
C002314,Carrier B,Liability,Agent,2026-09-02,2026-09,,Open,0,14.26,,29,0,14
C002315,Carrier A,Liability,Mobile,2026-09-07,2026-09,2026-09-20,Closed,0,4.53,13,24,5331.12,14
C002316,Carrier B,Liability,Web,2026-07-18,2026-07,2026-07-20,Closed,0,8.55,2,75,3904.08,14
C002317,Carrier B,Liability,Agent,2026-04-15,2026-04,2026-04-21,Closed,0,2.65,6,169,6125.16,14
C002318,Carrier A,Liability,Mobile,2026-05-16,2026-05,2026-05-24,Closed,0,10.63,8,138,11061.02,14
C002319,Carrier C,Liability,Agent,2026-09-27,2026-09,,Open,0,14.34,,4,0,14
C002320,Carrier A,Property,Web,2026-08-15,2026-08,2026-09-09,Closed,1,16.5,25,47,1859.05,20
C002321,Carrier A,Liability,Web,2026-06-30,2026-06,2026-07-11,Closed,0,2.41,11,93,8144.44,14
C002322,Carrier C,Liability,Agent,2026-07-21,2026-07,2026-07-29,Closed,0,1.12,8,72,3203.79,14
C002323,Carrier B,Liability,Agent,2026-07-01,2026-07,2026-07-04,Closed,0,6.5,3,92,1925.95,14
C002324,Carrier A,Auto,Agent,2026-07-26,2026-07,2026-07-29,Closed,0,3.11,3,67,18499.6,14
C002325,Carrier B,Auto,Agent,2026-08-13,2026-08,2026-08-18,Closed,0,17.51,5,49,1040.24,14
C002326,Carrier B,Auto,Mobile,2026-06-30,2026-06,2026-07-09,Closed,0,5.68,9,93,9405.14,14
C002327,Carrier C,Liability,Web,2026-05-22,2026-05,,Open,0,16.72,,132,0,14
C002328,Carrier A,Property,Mobile,2026-09-28,2026-09,,Open,1,16.14,,3,0,20
C002329,Carrier A,Auto,Mobile,2026-04-25,2026-04,2026-05-09,Closed,0,2.28,14,159,6942.92,14
C002330,Carrier A,Property,Agent,2026-06-09,2026-06,2026-06-23,Closed,0,3.06,14,114,6624.95,20
C002331,Carrier A,Property,Mobile,2026-09-06,2026-09,2026-09-12,Closed,0,11.88,6,25,3615.85,20
C002332,Carrier C,Property,Agent,2026-09-26,2026-09,,Open,1,27.22,,5,0,20
C002333,Carrier A,Auto,Agent,2026-09-10,2026-09,2026-09-26,Closed,1,16.29,16,21,17498.16,14
C002334,Carrier B,Auto,Web,2026-07-27,2026-07,2026-08-06,Closed,1,15.6,10,66,886.6,14
C002335,Carrier B,Auto,Mobile,2026-07-16,2026-07,2026-07-19,Closed,0,2.77,3,77,24902.7,14
C002336,Carrier C,Liability,Agent,2026-09-23,2026-09,,Open,0,15.36,,8,0,14
C002337,Carrier C,Auto,Agent,2026-07-15,2026-07,2026-07-19,Closed,0,6.12,4,78,6142.27,14
C002338,Carrier B,Liability,Mobile,2026-06-15,2026-06,2026-06-28,Closed,1,14.38,13,108,12766.59,14
C002339,Carrier A,Property,Web,2026-08-09,2026-08,2026-08-19,Closed,0,6.08,10,53,2556.54,20
C002340,Carrier C,Property,Mobile,2026-04-26,2026-04,2026-05-02,Closed,0,16.87,6,158,2529.62,20
C002341,Carrier C,Auto,Web,2026-08-24,2026-08,,Open,0,12.16,,38,0,14
C002342,Carrier C,Liability,Agent,2026-04-11,2026-04,2026-04-17,Closed,0,14.02,6,173,5734.57,14
C002343,Carrier B,Auto,Agent,2026-05-20,2026-05,2026-05-24,Closed,0,16.87,4,134,5829.26,14
C002344,Carrier C,Liability,Web,2026-05-10,2026-05,,Open,0,14.48,,144,0,14
C002345,Carrier B,Auto,Agent,2026-05-08,2026-05,2026-05-16,Closed,0,13.26,8,146,6225.22,14
C002346,Carrier B,Auto,Web,2026-05-26,2026-05,2026-06-01,Closed,0,6.23,6,128,2403.36,14
C002347,Carrier B,Auto,Agent,2026-05-23,2026-05,2026-06-02,Closed,0,8.64,10,131,3489.51,14
C002348,Carrier A,Property,Agent,2026-07-21,2026-07,,Open,0,1.15,,72,0,20
C002349,Carrier C,Auto,Agent,2026-06-21,2026-06,2026-07-07,Closed,0,12.71,16,102,1054.87,14
C002350,Carrier C,Liability,Web,2026-07-11,2026-07,2026-07-18,Closed,0,16.9,7,82,4645.34,14
C002351,Carrier A,Auto,Mobile,2026-04-17,2026-04,2026-05-08,Closed,1,16.29,21,167,1871.47,14
C002352,Carrier A,Liability,Web,2026-06-07,2026-06,2026-06-29,Closed,0,17.07,22,116,12745.61,14
C002353,Carrier C,Property,Agent,2026-04-01,2026-04,2026-04-12,Closed,0,9.0,11,183,2752.49,20
C002354,Carrier B,Auto,Web,2026-04-11,2026-04,2026-04-20,Closed,0,4.57,9,173,3134.44,14
C002355,Carrier A,Liability,Agent,2026-04-04,2026-04,2026-04-12,Closed,0,15.46,8,180,2651.97,14
C002356,Carrier A,Auto,Mobile,2026-08-11,2026-08,2026-08-14,Closed,0,17.7,3,51,3291.86,14
C002357,Carrier C,Property,Agent,2026-08-24,2026-08,2026-09-08,Closed,0,7.85,15,38,4675.49,20
C002358,Carrier C,Liability,Mobile,2026-04-21,2026-04,2026-05-04,Closed,0,15.32,13,163,2885.15,14
C002359,Carrier A,Liability,Mobile,2026-08-30,2026-08,2026-09-10,Closed,1,20.26,11,32,1139.14,14
C002360,Carrier A,Auto,Agent,2026-05-31,2026-05,2026-06-07,Closed,0,11.47,7,123,9737.23,14
C002361,Carrier C,Property,Web,2026-04-29,2026-04,2026-05-17,Closed,0,14.48,18,155,3278.91,20
C002362,Carrier A,Auto,Agent,2026-06-16,2026-06,2026-06-21,Closed,0,8.2,5,107,3576.9,14
C002363,Carrier B,Liability,Web,2026-08-10,2026-08,2026-09-11,Closed,1,22.82,32,52,1290.14,14
C002364,Carrier A,Auto,Agent,2026-08-03,2026-08,2026-08-07,Closed,0,9.51,4,59,1775.4,14
C002365,Carrier B,Auto,Web,2026-08-12,2026-08,,Open,0,7.36,,50,0,14
C002366,Carrier B,Property,Web,2026-05-09,2026-05,2026-05-23,Closed,1,21.55,14,145,1591.94,20
C002367,Carrier C,Liability,Web,2026-09-21,2026-09,2026-09-30,Closed,0,13.62,9,10,7003.34,14
C002368,Carrier A,Liability,Mobile,2026-05-16,2026-05,,Open,1,23.35,,138,0,14
C002369,Carrier A,Auto,Agent,2026-07-26,2026-07,2026-07-30,Closed,0,7.1,4,67,2715.38,14
C002370,Carrier C,Auto,Mobile,2026-08-16,2026-08,2026-09-06,Closed,1,24.01,21,46,2397.5,14
C002371,Carrier A,Auto,Mobile,2026-04-26,2026-04,2026-05-05,Closed,1,20.71,9,158,1440.1,14
C002372,Carrier B,Liability,Agent,2026-04-04,2026-04,2026-04-10,Closed,0,7.73,6,180,7328.05,14
C002373,Carrier C,Liability,Web,2026-08-27,2026-08,2026-09-06,Closed,0,1.85,10,35,5272.27,14
C002374,Carrier C,Property,Agent,2026-08-29,2026-08,2026-09-12,Closed,0,3.73,14,33,8179.5,20
C002375,Carrier B,Liability,Agent,2026-09-13,2026-09,2026-09-19,Closed,0,3.73,6,18,6498.27,14
C002376,Carrier C,Property,Web,2026-08-15,2026-08,2026-08-24,Closed,0,1.05,9,47,2049.9,20
C002377,Carrier C,Auto,Web,2026-07-21,2026-07,2026-07-27,Closed,0,4.43,6,72,3546.38,14
C002378,Carrier C,Property,Agent,2026-04-03,2026-04,2026-05-04,Closed,1,17.6,31,181,3929.94,20
C002379,Carrier A,Auto,Mobile,2026-09-06,2026-09,2026-09-15,Closed,0,13.89,9,25,4249.93,14
C002380,Carrier A,Property,Mobile,2026-07-29,2026-07,2026-08-12,Closed,0,1.7,14,64,2225.85,20
C002381,Carrier C,Auto,Agent,2026-09-07,2026-09,2026-09-10,Closed,0,1.49,3,24,2571.73,14
C002382,Carrier C,Auto,Mobile,2026-08-23,2026-08,2026-09-01,Closed,0,1.38,9,39,12007.44,14
C002383,Carrier B,Liability,Agent,2026-05-20,2026-05,2026-05-27,Closed,0,7.11,7,134,1123.7,14
C002384,Carrier B,Auto,Agent,2026-05-22,2026-05,2026-05-28,Closed,0,9.83,6,132,8508.08,14
C002385,Carrier B,Liability,Web,2026-06-15,2026-06,2026-06-23,Closed,0,7.13,8,108,4616.74,14
C002386,Carrier A,Liability,Mobile,2026-06-15,2026-06,2026-06-19,Closed,0,13.11,4,108,2247.88,14
C002387,Carrier C,Property,Agent,2026-09-13,2026-09,2026-09-19,Closed,0,14.71,6,18,6680.87,20
C002388,Carrier C,Auto,Web,2026-05-21,2026-05,2026-06-23,Closed,0,15.63,33,133,6726.22,14
C002389,Carrier C,Liability,Agent,2026-09-11,2026-09,2026-09-25,Closed,1,14.1,14,20,434.93,14
C002390,Carrier B,Auto,Web,2026-05-25,2026-05,2026-06-07,Closed,0,16.91,13,129,3318.8,14
C002391,Carrier C,Liability,Agent,2026-07-30,2026-07,2026-08-05,Closed,0,1.66,6,63,3166.73,14
C002392,Carrier C,Property,Web,2026-09-27,2026-09,,Open,0,7.81,,4,0,20
C002393,Carrier B,Auto,Web,2026-04-26,2026-04,2026-05-06,Closed,0,10.83,10,158,3510.75,14
C002394,Carrier C,Auto,Mobile,2026-08-16,2026-08,2026-08-27,Closed,0,7.82,11,46,2083.74,14
C002395,Carrier C,Property,Agent,2026-09-26,2026-09,,Open,0,7.65,,5,0,20
C002396,Carrier C,Property,Agent,2026-05-31,2026-05,2026-06-14,Closed,0,9.66,14,123,3138.8,20
C002397,Carrier B,Property,Web,2026-09-24,2026-09,,Open,0,6.11,,7,0,20
C002398,Carrier A,Liability,Mobile,2026-09-27,2026-09,,Open,0,10.4,,4,0,14
C002399,Carrier A,Liability,Web,2026-04-01,2026-04,2026-04-04,Closed,0,14.46,3,183,1549.93,14
C002400,Carrier A,Auto,Agent,2026-05-14,2026-05,2026-06-05,Closed,1,19.97,22,140,1273.52,14
C002401,Carrier B,Auto,Agent,2026-04-14,2026-04,2026-04-20,Closed,0,14.88,6,170,1105.0,14
C002402,Carrier A,Liability,Web,2026-09-29,2026-09,,Open,0,10.57,,2,0,14
C002403,Carrier A,Auto,Agent,2026-09-07,2026-09,2026-09-12,Closed,0,8.95,5,24,4702.78,14
C002404,Carrier A,Liability,Agent,2026-05-12,2026-05,2026-05-21,Closed,0,7.12,9,142,5770.5,14
C002405,Carrier C,Liability,Mobile,2026-09-20,2026-09,2026-09-29,Closed,0,1.34,9,11,4246.79,14
C002406,Carrier A,Auto,Agent,2026-08-21,2026-08,2026-08-24,Closed,0,2.96,3,41,1861.04,14
C002407,Carrier C,Liability,Web,2026-04-15,2026-04,2026-04-28,Closed,0,5.34,13,169,1964.53,14
C002408,Carrier C,Property,Agent,2026-08-16,2026-08,2026-08-31,Closed,0,14.72,15,46,1272.43,20
C002409,Carrier C,Liability,Agent,2026-06-07,2026-06,2026-06-16,Closed,0,1.61,9,116,3076.49,14
C002410,Carrier B,Auto,Agent,2026-05-29,2026-05,2026-06-03,Closed,0,14.92,5,125,9492.64,14
C002411,Carrier A,Liability,Mobile,2026-08-17,2026-08,,Open,1,16.42,,45,0,14
C002412,Carrier B,Property,Agent,2026-09-24,2026-09,,Open,0,17.83,,7,0,20
C002413,Carrier C,Liability,Web,2026-08-05,2026-08,2026-08-21,Closed,0,1.85,16,57,2667.97,14
C002414,Carrier A,Auto,Web,2026-05-09,2026-05,2026-05-15,Closed,0,6.57,6,145,5491.2,14
C002415,Carrier A,Property,Agent,2026-08-30,2026-08,,Open,0,10.54,,32,0,20
C002416,Carrier A,Liability,Agent,2026-07-09,2026-07,2026-07-21,Closed,0,17.57,12,84,4327.89,14
C002417,Carrier A,Liability,Web,2026-06-02,2026-06,2026-06-04,Closed,0,15.53,2,121,5354.59,14
C002418,Carrier B,Property,Web,2026-09-16,2026-09,2026-09-25,Closed,0,11.03,9,15,1791.94,20
C002419,Carrier C,Liability,Web,2026-05-27,2026-05,2026-06-10,Closed,0,12.98,14,127,2045.02,14
C002420,Carrier C,Auto,Agent,2026-05-02,2026-05,2026-05-06,Closed,0,12.59,4,152,5906.95,14
C002421,Carrier C,Liability,Mobile,2026-04-01,2026-04,2026-04-03,Closed,0,5.29,2,183,7423.53,14
C002422,Carrier B,Liability,Web,2026-09-20,2026-09,2026-09-23,Closed,0,17.04,3,11,40177.17,14
C002423,Carrier C,Liability,Mobile,2026-08-30,2026-08,2026-09-03,Closed,0,4.99,4,32,2226.18,14
C002424,Carrier C,Auto,Agent,2026-04-06,2026-04,2026-05-05,Closed,0,11.34,29,178,13615.86,14
C002425,Carrier B,Auto,Mobile,2026-09-15,2026-09,2026-10-01,Closed,0,9.29,16,16,3108.84,14
C002426,Carrier C,Property,Web,2026-08-08,2026-08,2026-09-02,Closed,0,9.27,25,54,693.34,20
C002427,Carrier C,Liability,Web,2026-09-06,2026-09,2026-09-21,Closed,1,17.27,15,25,4001.26,14
C002428,Carrier A,Property,Mobile,2026-05-31,2026-05,2026-06-18,Closed,1,16.59,18,123,5076.95,20
C002429,Carrier C,Auto,Mobile,2026-06-02,2026-06,2026-06-14,Closed,0,6.71,12,121,2593.5,14
C002430,Carrier A,Auto,Agent,2026-06-15,2026-06,2026-06-17,Closed,0,5.7,2,108,6537.1,14
C002431,Carrier B,Liability,Mobile,2026-07-18,2026-07,2026-07-30,Closed,0,8.75,12,75,3844.77,14
C002432,Carrier B,Auto,Web,2026-07-26,2026-07,2026-08-01,Closed,0,16.31,6,67,1825.82,14
C002433,Carrier C,Liability,Agent,2026-05-28,2026-05,2026-05-31,Closed,0,4.51,3,126,17047.16,14
C002434,Carrier B,Property,Web,2026-05-24,2026-05,2026-06-10,Closed,1,12.37,17,130,5519.18,20
C002435,Carrier B,Property,Web,2026-08-25,2026-08,2026-09-11,Closed,1,19.61,17,37,1386.99,20
C002436,Carrier B,Auto,Web,2026-05-25,2026-05,2026-05-29,Closed,0,17.55,4,129,964.69,14
C002437,Carrier B,Property,Agent,2026-05-06,2026-05,2026-05-13,Closed,0,11.51,7,148,7930.88,20
C002438,Carrier A,Auto,Agent,2026-06-10,2026-06,2026-06-17,Closed,0,10.11,7,113,2340.93,14
C002439,Carrier B,Auto,Web,2026-09-06,2026-09,2026-09-19,Closed,0,11.74,13,25,9199.23,14
C002440,Carrier C,Liability,Mobile,2026-09-09,2026-09,2026-09-14,Closed,0,16.57,5,22,8581.14,14
C002441,Carrier A,Auto,Agent,2026-05-08,2026-05,2026-05-25,Closed,1,24.99,17,146,2612.8,14
C002442,Carrier B,Liability,Mobile,2026-07-13,2026-07,2026-07-18,Closed,0,4.07,5,80,2867.79,14
C002443,Carrier B,Property,Mobile,2026-09-01,2026-09,2026-09-22,Closed,1,22.87,21,30,3687.63,20
C002444,Carrier C,Auto,Mobile,2026-08-06,2026-08,2026-08-16,Closed,1,14.65,10,56,4579.09,14
C002445,Carrier C,Liability,Web,2026-08-29,2026-08,,Open,0,8.03,,33,0,14
C002446,Carrier A,Property,Mobile,2026-05-31,2026-05,2026-06-15,Closed,1,21.75,15,123,4933.57,20
C002447,Carrier B,Liability,Mobile,2026-06-08,2026-06,2026-06-22,Closed,0,2.06,14,115,594.04,14
C002448,Carrier A,Property,Agent,2026-09-04,2026-09,2026-09-10,Closed,0,1.91,6,27,9498.98,20
C002449,Carrier B,Property,Web,2026-09-07,2026-09,2026-09-21,Closed,0,12.08,14,24,4572.88,20
C002450,Carrier A,Property,Agent,2026-09-18,2026-09,2026-09-27,Closed,0,8.72,9,13,4712.95,20
C002451,Carrier C,Auto,Web,2026-09-08,2026-09,2026-09-14,Closed,0,16.17,6,23,2617.08,14
C002452,Carrier B,Auto,Web,2026-06-11,2026-06,2026-06-12,Closed,0,13.33,1,112,4250.77,14
C002453,Carrier C,Auto,Web,2026-08-29,2026-08,2026-09-05,Closed,0,4.29,7,33,3805.85,14
C002454,Carrier C,Auto,Mobile,2026-09-24,2026-09,,Open,1,24.71,,7,0,14
C002455,Carrier C,Property,Web,2026-07-19,2026-07,2026-08-03,Closed,0,5.07,15,74,27228.05,20
C002456,Carrier A,Liability,Mobile,2026-05-07,2026-05,2026-05-24,Closed,0,12.13,17,147,1534.16,14
C002457,Carrier C,Property,Web,2026-05-26,2026-05,2026-06-09,Closed,1,26.02,14,128,546.66,20
C002458,Carrier C,Property,Web,2026-05-06,2026-05,2026-05-28,Closed,0,8.8,22,148,6613.24,20
C002459,Carrier A,Auto,Web,2026-04-19,2026-04,2026-04-30,Closed,1,12.43,11,165,4961.84,14
C002460,Carrier C,Property,Agent,2026-07-22,2026-07,2026-08-07,Closed,0,11.23,16,71,3388.13,20
C002461,Carrier A,Auto,Mobile,2026-08-04,2026-08,,Open,1,23.92,,58,0,14
C002462,Carrier C,Liability,Mobile,2026-07-30,2026-07,2026-07-31,Closed,0,14.64,1,63,8054.26,14
C002463,Carrier A,Liability,Agent,2026-08-07,2026-08,2026-08-11,Closed,0,14.66,4,55,6568.22,14
C002464,Carrier A,Liability,Web,2026-04-07,2026-04,2026-04-14,Closed,0,1.4,7,177,1617.37,14
C002465,Carrier C,Liability,Web,2026-07-11,2026-07,2026-07-20,Closed,0,15.11,9,82,6192.29,14
C002466,Carrier B,Auto,Agent,2026-07-15,2026-07,2026-07-17,Closed,0,17.04,2,78,862.59,14
C002467,Carrier A,Liability,Mobile,2026-04-09,2026-04,2026-04-15,Closed,0,10.99,6,175,586.19,14
C002468,Carrier C,Liability,Web,2026-08-20,2026-08,2026-08-30,Closed,0,13.82,10,42,2609.29,14
C002469,Carrier A,Property,Agent,2026-08-02,2026-08,2026-08-10,Closed,0,1.97,8,60,7798.02,20
C002470,Carrier B,Liability,Web,2026-05-28,2026-05,2026-06-06,Closed,0,4.29,9,126,3223.14,14
C002471,Carrier C,Auto,Web,2026-06-29,2026-06,2026-07-07,Closed,0,10.27,8,94,5006.31,14
C002472,Carrier B,Property,Mobile,2026-09-18,2026-09,,Open,1,20.32,,13,0,20
C002473,Carrier A,Property,Agent,2026-08-14,2026-08,2026-08-31,Closed,1,20.58,17,48,14940.4,20
C002474,Carrier B,Property,Agent,2026-07-16,2026-07,2026-07-28,Closed,0,15.7,12,77,907.67,20
C002475,Carrier C,Property,Agent,2026-09-12,2026-09,,Open,1,12.52,,19,0,20
C002476,Carrier C,Liability,Agent,2026-07-22,2026-07,2026-08-04,Closed,0,6.55,13,71,8896.49,14
C002477,Carrier B,Liability,Agent,2026-05-29,2026-05,2026-06-07,Closed,0,10.82,9,125,3435.48,14
C002478,Carrier B,Auto,Web,2026-04-06,2026-04,2026-04-15,Closed,1,14.12,9,178,6593.52,14
C002479,Carrier B,Property,Agent,2026-05-13,2026-05,,Open,0,11.81,,141,0,20
C002480,Carrier B,Auto,Agent,2026-08-25,2026-08,2026-09-19,Closed,0,8.52,25,37,816.92,14
C002481,Carrier B,Auto,Mobile,2026-08-15,2026-08,2026-09-03,Closed,1,26.98,19,47,1184.9,14
C002482,Carrier B,Property,Web,2026-09-14,2026-09,2026-09-22,Closed,0,12.48,8,17,3001.13,20
C002483,Carrier C,Property,Agent,2026-07-14,2026-07,2026-08-11,Closed,0,15.58,28,79,3620.76,20
C002484,Carrier A,Auto,Web,2026-06-13,2026-06,2026-07-07,Closed,1,16.05,24,110,7046.3,14
C002485,Carrier B,Auto,Agent,2026-08-29,2026-08,2026-09-06,Closed,0,7.55,8,33,2238.65,14
C002486,Carrier A,Auto,Mobile,2026-05-08,2026-05,2026-05-20,Closed,1,26.37,12,146,945.94,14
C002487,Carrier B,Liability,Web,2026-09-08,2026-09,2026-09-18,Closed,0,13.48,10,23,3390.31,14
C002488,Carrier B,Liability,Agent,2026-04-01,2026-04,2026-04-12,Closed,0,9.77,11,183,3891.71,14
C002489,Carrier B,Liability,Mobile,2026-05-22,2026-05,2026-06-05,Closed,0,3.46,14,132,443.56,14
C002490,Carrier B,Property,Mobile,2026-09-17,2026-09,,Open,1,23.11,,14,0,20
C002491,Carrier C,Liability,Mobile,2026-06-09,2026-06,2026-06-20,Closed,0,14.23,11,114,7810.15,14
C002492,Carrier B,Auto,Agent,2026-08-29,2026-08,2026-09-05,Closed,0,7.26,7,33,4989.56,14
C002493,Carrier C,Property,Web,2026-04-09,2026-04,2026-05-01,Closed,1,14.98,22,175,1151.74,20
C002494,Carrier A,Property,Mobile,2026-04-07,2026-04,2026-04-14,Closed,0,8.66,7,177,6504.78,20
C002495,Carrier A,Auto,Agent,2026-05-18,2026-05,2026-06-04,Closed,1,13.77,17,136,5316.46,14
C002496,Carrier A,Liability,Agent,2026-06-19,2026-06,2026-06-26,Closed,0,8.63,7,104,4033.62,14
C002497,Carrier B,Liability,Web,2026-08-27,2026-08,2026-09-10,Closed,0,14.54,14,35,5421.9,14
C002498,Carrier A,Property,Mobile,2026-09-21,2026-09,2026-09-30,Closed,0,7.51,9,10,5824.85,20
C002499,Carrier B,Property,Web,2026-08-03,2026-08,2026-08-20,Closed,0,8.23,17,59,17419.24,20
C002500,Carrier A,Liability,Agent,2026-06-01,2026-06,2026-06-10,Closed,0,8.05,9,122,4537.48,14
C002501,Carrier B,Auto,Agent,2026-07-23,2026-07,2026-08-01,Closed,0,7.42,9,70,3258.21,14
C002502,Carrier C,Property,Mobile,2026-07-22,2026-07,2026-08-05,Closed,0,13.37,14,71,16026.56,20
C002503,Carrier B,Liability,Mobile,2026-06-22,2026-06,2026-07-09,Closed,1,13.16,17,101,1817.16,14
C002504,Carrier A,Liability,Agent,2026-04-11,2026-04,2026-04-14,Closed,0,1.53,3,173,1336.96,14
C002505,Carrier A,Property,Web,2026-09-24,2026-09,,Open,0,1.56,,7,0,20
C002506,Carrier C,Property,Agent,2026-08-22,2026-08,2026-09-17,Closed,1,27.92,26,40,2438.63,20
C002507,Carrier B,Auto,Agent,2026-05-15,2026-05,2026-05-31,Closed,1,11.87,16,139,3676.7,14
C002508,Carrier A,Liability,Mobile,2026-08-06,2026-08,2026-08-13,Closed,0,15.09,7,56,1295.58,14
C002509,Carrier B,Liability,Mobile,2026-07-26,2026-07,2026-08-08,Closed,0,2.7,13,67,1816.57,14
C002510,Carrier B,Liability,Web,2026-08-21,2026-08,2026-08-29,Closed,0,17.34,8,41,16140.63,14
C002511,Carrier A,Auto,Mobile,2026-07-29,2026-07,2026-08-01,Closed,0,14.22,3,64,2368.6,14
C002512,Carrier A,Auto,Mobile,2026-04-04,2026-04,,Open,1,11.96,,180,0,14
C002513,Carrier B,Auto,Web,2026-07-18,2026-07,2026-07-25,Closed,0,16.46,7,75,3423.35,14
C002514,Carrier C,Liability,Web,2026-09-02,2026-09,2026-09-18,Closed,1,18.43,16,29,2823.41,14
C002515,Carrier C,Liability,Web,2026-04-13,2026-04,2026-04-18,Closed,0,1.4,5,171,6655.57,14
C002516,Carrier C,Liability,Agent,2026-06-11,2026-06,2026-06-29,Closed,0,17.68,18,112,2697.11,14
C002517,Carrier B,Auto,Mobile,2026-07-16,2026-07,,Open,0,10.45,,77,0,14
C002518,Carrier B,Liability,Agent,2026-09-15,2026-09,,Open,0,12.25,,16,0,14
C002519,Carrier A,Liability,Web,2026-06-17,2026-06,2026-06-25,Closed,0,14.53,8,106,3625.15,14
C002520,Carrier A,Auto,Web,2026-07-16,2026-07,2026-07-30,Closed,0,7.48,14,77,7324.0,14
C002521,Carrier B,Liability,Mobile,2026-08-29,2026-08,2026-09-12,Closed,1,20.2,14,33,1987.04,14
C002522,Carrier A,Auto,Agent,2026-05-09,2026-05,2026-05-14,Closed,0,17.22,5,145,1187.59,14
C002523,Carrier A,Property,Agent,2026-05-06,2026-05,2026-05-25,Closed,0,14.59,19,148,10528.23,20
C002524,Carrier B,Property,Web,2026-08-31,2026-08,2026-09-16,Closed,0,6.01,16,31,11709.74,20
C002525,Carrier C,Property,Web,2026-09-23,2026-09,2026-09-30,Closed,0,9.13,7,8,4914.52,20
C002526,Carrier B,Auto,Web,2026-06-01,2026-06,2026-06-02,Closed,0,9.21,1,122,1852.65,14
C002527,Carrier B,Liability,Agent,2026-07-16,2026-07,2026-07-27,Closed,1,17.1,11,77,2817.07,14
C002528,Carrier C,Auto,Mobile,2026-04-18,2026-04,2026-04-26,Closed,0,17.05,8,166,5078.28,14
C002529,Carrier A,Property,Mobile,2026-06-24,2026-06,2026-07-10,Closed,1,11.14,16,99,1955.43,20
C002530,Carrier A,Property,Web,2026-08-31,2026-08,2026-09-23,Closed,0,12.68,23,31,727.3,20
C002531,Carrier A,Property,Mobile,2026-04-19,2026-04,2026-05-09,Closed,1,19.72,20,165,2562.7,20
C002532,Carrier C,Liability,Agent,2026-04-26,2026-04,2026-05-07,Closed,0,15.08,11,158,1085.51,14
C002533,Carrier B,Property,Web,2026-06-07,2026-06,2026-06-16,Closed,0,15.52,9,116,467.39,20
C002534,Carrier B,Liability,Agent,2026-09-20,2026-09,,Open,1,20.2,,11,0,14
C002535,Carrier A,Auto,Mobile,2026-06-27,2026-06,2026-07-19,Closed,1,20.55,22,96,2331.17,14
C002536,Carrier B,Auto,Mobile,2026-05-26,2026-05,,Open,0,3.51,,128,0,14
C002537,Carrier C,Auto,Mobile,2026-04-21,2026-04,2026-05-11,Closed,1,14.69,20,163,6803.77,14
C002538,Carrier A,Auto,Web,2026-05-19,2026-05,2026-05-24,Closed,0,7.39,5,135,5189.12,14
C002539,Carrier A,Liability,Web,2026-04-28,2026-04,2026-05-06,Closed,0,17.68,8,156,7513.11,14
C002540,Carrier B,Property,Web,2026-07-12,2026-07,2026-07-21,Closed,0,10.54,9,81,1487.02,20
C002541,Carrier A,Liability,Agent,2026-08-28,2026-08,2026-09-11,Closed,1,24.76,14,34,1993.03,14
C002542,Carrier A,Liability,Agent,2026-08-18,2026-08,2026-08-26,Closed,0,13.73,8,44,9070.82,14
C002543,Carrier C,Property,Agent,2026-08-05,2026-08,,Open,0,16.14,,57,0,20
C002544,Carrier C,Property,Mobile,2026-08-11,2026-08,2026-08-31,Closed,1,24.65,20,51,7937.57,20
C002545,Carrier C,Auto,Mobile,2026-07-17,2026-07,2026-07-26,Closed,0,15.44,9,76,2680.08,14
C002546,Carrier A,Property,Agent,2026-08-01,2026-08,2026-08-16,Closed,0,8.2,15,61,958.39,20
C002547,Carrier B,Property,Web,2026-07-26,2026-07,2026-08-15,Closed,0,3.11,20,67,6220.67,20
C002548,Carrier B,Property,Agent,2026-06-13,2026-06,2026-06-23,Closed,0,5.27,10,110,5139.47,20
C002549,Carrier C,Auto,Agent,2026-09-12,2026-09,,Open,0,5.84,,19,0,14
C002550,Carrier A,Liability,Web,2026-07-22,2026-07,2026-07-30,Closed,0,4.48,8,71,3980.54,14
C002551,Carrier B,Liability,Web,2026-06-01,2026-06,2026-06-10,Closed,0,17.44,9,122,6635.5,14
C002552,Carrier A,Property,Mobile,2026-05-18,2026-05,2026-05-30,Closed,0,8.5,12,136,2137.84,20
C002553,Carrier C,Liability,Agent,2026-05-14,2026-05,2026-05-26,Closed,0,3.3,12,140,5539.98,14
C002554,Carrier C,Property,Mobile,2026-09-08,2026-09,,Open,0,15.7,,23,0,20
C002555,Carrier C,Liability,Mobile,2026-05-31,2026-05,2026-06-13,Closed,1,15.15,13,123,4718.57,14
C002556,Carrier C,Property,Web,2026-06-17,2026-06,2026-07-02,Closed,0,7.89,15,106,3701.5,20
C002557,Carrier A,Auto,Agent,2026-04-24,2026-04,2026-04-28,Closed,0,6.0,4,160,3062.41,14
C002558,Carrier B,Liability,Mobile,2026-07-05,2026-07,2026-07-24,Closed,1,12.31,19,88,3034.86,14
C002559,Carrier B,Property,Mobile,2026-09-17,2026-09,,Open,0,3.01,,14,0,20
C002560,Carrier B,Property,Agent,2026-08-30,2026-08,2026-09-12,Closed,0,4.01,13,32,8280.6,20
C002561,Carrier C,Liability,Agent,2026-06-28,2026-06,2026-07-02,Closed,0,1.8,4,95,2966.18,14
C002562,Carrier B,Liability,Mobile,2026-04-28,2026-04,2026-05-08,Closed,1,22.27,10,156,6852.84,14
C002563,Carrier A,Property,Web,2026-08-26,2026-08,2026-09-05,Closed,0,12.25,10,36,1166.44,20
C002564,Carrier B,Liability,Agent,2026-09-14,2026-09,2026-09-18,Closed,0,12.78,4,17,19837.54,14
C002565,Carrier B,Property,Agent,2026-06-30,2026-06,2026-07-30,Closed,0,15.09,30,93,1714.87,20
C002566,Carrier B,Liability,Agent,2026-08-12,2026-08,2026-08-26,Closed,0,9.45,14,50,893.82,14
C002567,Carrier C,Liability,Web,2026-05-21,2026-05,2026-05-23,Closed,0,7.9,2,133,1845.68,14
C002568,Carrier C,Property,Web,2026-05-02,2026-05,2026-05-08,Closed,0,9.07,6,152,2644.24,20
C002569,Carrier C,Auto,Mobile,2026-09-01,2026-09,2026-09-14,Closed,0,3.7,13,30,2661.57,14
C002570,Carrier B,Liability,Mobile,2026-07-03,2026-07,2026-07-16,Closed,0,17.96,13,90,2805.52,14
C002571,Carrier B,Property,Mobile,2026-07-01,2026-07,2026-07-22,Closed,0,1.94,21,92,1827.49,20
C002572,Carrier A,Auto,Mobile,2026-04-20,2026-04,2026-04-27,Closed,0,3.26,7,164,3547.99,14
C002573,Carrier B,Liability,Web,2026-09-03,2026-09,2026-09-12,Closed,0,17.89,9,28,5150.96,14
C002574,Carrier B,Property,Agent,2026-04-13,2026-04,2026-04-30,Closed,0,5.14,17,171,4586.51,20
C002575,Carrier B,Property,Mobile,2026-07-01,2026-07,2026-07-10,Closed,0,9.45,9,92,3967.94,20
C002576,Carrier B,Auto,Mobile,2026-06-22,2026-06,2026-07-13,Closed,0,10.86,21,101,10758.34,14
C002577,Carrier C,Auto,Web,2026-09-04,2026-09,,Open,0,11.51,,27,0,14
C002578,Carrier A,Property,Agent,2026-04-09,2026-04,2026-04-23,Closed,0,16.33,14,175,645.92,20
C002579,Carrier B,Auto,Agent,2026-05-27,2026-05,2026-06-06,Closed,0,2.75,10,127,2417.49,14
C002580,Carrier B,Liability,Agent,2026-05-18,2026-05,2026-05-21,Closed,0,17.2,3,136,2065.23,14
C002581,Carrier B,Auto,Mobile,2026-09-17,2026-09,,Open,0,4.29,,14,0,14
C002582,Carrier B,Auto,Mobile,2026-05-11,2026-05,2026-05-21,Closed,1,26.88,10,143,7826.98,14
C002583,Carrier C,Liability,Web,2026-05-29,2026-05,2026-06-08,Closed,1,26.04,10,125,4026.63,14
C002584,Carrier B,Auto,Mobile,2026-05-20,2026-05,2026-05-28,Closed,1,18.6,8,134,1141.03,14
C002585,Carrier A,Auto,Web,2026-07-30,2026-07,2026-08-14,Closed,0,7.64,15,63,2641.67,14
C002586,Carrier A,Auto,Mobile,2026-04-09,2026-04,2026-04-29,Closed,0,11.88,20,175,3369.22,14
C002587,Carrier B,Auto,Agent,2026-06-01,2026-06,2026-06-13,Closed,0,2.54,12,122,3436.76,14
C002588,Carrier A,Auto,Web,2026-06-17,2026-06,2026-07-04,Closed,0,7.58,17,106,2123.05,14
C002589,Carrier B,Liability,Agent,2026-05-10,2026-05,,Open,0,11.38,,144,0,14
C002590,Carrier C,Auto,Mobile,2026-08-27,2026-08,2026-09-03,Closed,0,14.18,7,35,2860.53,14
C002591,Carrier B,Property,Mobile,2026-05-12,2026-05,2026-05-22,Closed,0,8.31,10,142,4071.51,20
C002592,Carrier C,Property,Web,2026-05-22,2026-05,2026-06-06,Closed,0,17.49,15,132,1956.5,20
C002593,Carrier A,Liability,Mobile,2026-08-19,2026-08,2026-08-25,Closed,0,1.6,6,43,11256.77,14
C002594,Carrier A,Auto,Agent,2026-08-30,2026-08,2026-09-15,Closed,1,11.99,16,32,3453.97,14
C002595,Carrier B,Liability,Web,2026-05-04,2026-05,2026-05-08,Closed,0,4.15,4,150,4467.36,14
C002596,Carrier C,Property,Web,2026-09-19,2026-09,,Open,0,11.46,,12,0,20
C002597,Carrier B,Property,Web,2026-08-31,2026-08,2026-09-20,Closed,1,15.29,20,31,786.73,20
C002598,Carrier C,Auto,Mobile,2026-08-26,2026-08,2026-08-30,Closed,0,13.41,4,36,2485.08,14
C002599,Carrier A,Auto,Agent,2026-05-28,2026-05,2026-06-04,Closed,0,7.43,7,126,1948.95,14
C002600,Carrier A,Auto,Agent,2026-05-21,2026-05,2026-06-13,Closed,0,17.32,23,133,4792.57,14
C002601,Carrier B,Auto,Web,2026-04-09,2026-04,2026-04-18,Closed,0,4.0,9,175,8630.97,14
C002602,Carrier C,Liability,Mobile,2026-05-19,2026-05,2026-05-29,Closed,0,14.19,10,135,3227.5,14
C002603,Carrier C,Property,Agent,2026-08-28,2026-08,2026-09-22,Closed,1,19.62,25,34,9358.17,20
C002604,Carrier A,Property,Agent,2026-09-09,2026-09,2026-09-16,Closed,0,9.2,7,22,8895.54,20
C002605,Carrier B,Auto,Agent,2026-09-12,2026-09,2026-09-16,Closed,0,2.65,4,19,3580.43,14
C002606,Carrier C,Liability,Mobile,2026-09-18,2026-09,,Open,1,13.37,,13,0,14
C002607,Carrier C,Liability,Mobile,2026-08-27,2026-08,2026-08-28,Closed,0,17.06,1,35,2017.01,14
C002608,Carrier C,Property,Mobile,2026-05-05,2026-05,2026-05-22,Closed,0,8.68,17,149,1867.18,20
C002609,Carrier C,Property,Agent,2026-09-16,2026-09,,Open,1,12.84,,15,0,20
C002610,Carrier A,Liability,Web,2026-09-09,2026-09,2026-09-13,Closed,0,8.15,4,22,2287.71,14
C002611,Carrier C,Liability,Agent,2026-09-15,2026-09,2026-09-24,Closed,1,18.37,9,16,15303.64,14
C002612,Carrier C,Liability,Web,2026-08-12,2026-08,2026-08-23,Closed,1,14.95,11,50,1515.39,14
C002613,Carrier C,Liability,Web,2026-06-28,2026-06,2026-07-18,Closed,1,25.83,20,95,3482.74,14
C002614,Carrier A,Liability,Web,2026-06-24,2026-06,2026-06-25,Closed,0,1.53,1,99,2482.81,14
C002615,Carrier A,Property,Agent,2026-04-04,2026-04,2026-04-23,Closed,0,7.47,19,180,5566.4,20
C002616,Carrier B,Liability,Mobile,2026-08-17,2026-08,2026-08-25,Closed,0,13.22,8,45,7185.67,14
C002617,Carrier B,Liability,Agent,2026-09-04,2026-09,2026-09-13,Closed,0,17.64,9,27,1614.54,14
C002618,Carrier C,Auto,Web,2026-04-21,2026-04,2026-04-28,Closed,0,8.25,7,163,18482.9,14
C002619,Carrier B,Auto,Web,2026-07-04,2026-07,2026-07-15,Closed,1,22.51,11,89,1283.88,14
C002620,Carrier C,Property,Mobile,2026-06-11,2026-06,2026-06-22,Closed,0,14.92,11,112,5255.62,20
C002621,Carrier B,Auto,Mobile,2026-07-05,2026-07,2026-07-17,Closed,0,16.51,12,88,2668.26,14
C002622,Carrier A,Property,Mobile,2026-08-09,2026-08,2026-08-16,Closed,0,11.74,7,53,15386.86,20
C002623,Carrier C,Property,Agent,2026-05-14,2026-05,2026-05-25,Closed,0,5.14,11,140,2068.38,20
C002624,Carrier B,Liability,Web,2026-04-23,2026-04,2026-05-10,Closed,1,22.15,17,161,1591.08,14
C002625,Carrier A,Property,Web,2026-05-05,2026-05,2026-05-11,Closed,0,10.87,6,149,1083.91,20
C002626,Carrier C,Property,Agent,2026-06-16,2026-06,2026-07-01,Closed,0,10.55,15,107,5101.49,20
C002627,Carrier B,Property,Web,2026-06-19,2026-06,,Open,1,20.55,,104,0,20
C002628,Carrier B,Property,Web,2026-06-20,2026-06,2026-06-30,Closed,0,8.83,10,103,9712.37,20
C002629,Carrier A,Property,Mobile,2026-06-13,2026-06,2026-07-03,Closed,0,14.64,20,110,2106.63,20
C002630,Carrier C,Auto,Web,2026-08-16,2026-08,2026-08-27,Closed,0,14.39,11,46,2682.37,14
C002631,Carrier B,Liability,Web,2026-05-06,2026-05,2026-05-09,Closed,0,10.61,3,148,2621.93,14
C002632,Carrier C,Property,Mobile,2026-09-11,2026-09,2026-09-26,Closed,1,25.18,15,20,1426.64,20
C002633,Carrier B,Liability,Agent,2026-07-11,2026-07,2026-07-19,Closed,0,13.38,8,82,788.85,14
C002634,Carrier C,Liability,Agent,2026-06-28,2026-06,2026-07-02,Closed,0,2.42,4,95,9772.82,14
C002635,Carrier C,Auto,Web,2026-05-23,2026-05,2026-06-06,Closed,1,21.77,14,131,16630.91,14
C002636,Carrier A,Auto,Web,2026-04-23,2026-04,2026-05-10,Closed,1,11.53,17,161,4178.45,14
C002637,Carrier B,Liability,Mobile,2026-09-06,2026-09,,Open,0,5.23,,25,0,14
C002638,Carrier C,Liability,Agent,2026-04-26,2026-04,2026-05-08,Closed,0,9.32,12,158,6880.17,14
C002639,Carrier B,Property,Agent,2026-06-04,2026-06,2026-06-14,Closed,0,13.85,10,119,4328.44,20
C002640,Carrier B,Property,Web,2026-08-14,2026-08,2026-09-16,Closed,0,1.9,33,48,4746.76,20
C002641,Carrier B,Liability,Web,2026-06-04,2026-06,2026-06-10,Closed,0,2.45,6,119,2007.72,14
C002642,Carrier B,Auto,Agent,2026-06-21,2026-06,,Open,0,7.55,,102,0,14
C002643,Carrier B,Auto,Web,2026-07-20,2026-07,2026-08-06,Closed,0,7.63,17,73,915.01,14
C002644,Carrier A,Auto,Agent,2026-07-28,2026-07,2026-08-09,Closed,0,16.28,12,65,8733.12,14
C002645,Carrier A,Liability,Agent,2026-08-03,2026-08,2026-08-19,Closed,1,17.87,16,59,3781.05,14
C002646,Carrier A,Auto,Mobile,2026-06-12,2026-06,2026-06-28,Closed,1,24.87,16,111,1468.69,14
C002647,Carrier B,Property,Agent,2026-07-26,2026-07,2026-08-06,Closed,0,15.18,11,67,5989.4,20
C002648,Carrier A,Liability,Web,2026-07-30,2026-07,,Open,1,18.03,,63,0,14
C002649,Carrier A,Property,Web,2026-08-26,2026-08,2026-09-22,Closed,0,4.27,27,36,1615.07,20
C002650,Carrier C,Property,Agent,2026-08-06,2026-08,2026-08-21,Closed,0,7.91,15,56,1100.86,20
C002651,Carrier B,Liability,Web,2026-07-18,2026-07,2026-07-22,Closed,0,5.58,4,75,2789.32,14
C002652,Carrier B,Property,Web,2026-07-21,2026-07,2026-08-12,Closed,1,23.51,22,72,3582.29,20
C002653,Carrier A,Auto,Web,2026-05-19,2026-05,2026-06-07,Closed,0,15.85,19,135,1574.51,14
C002654,Carrier A,Property,Web,2026-05-12,2026-05,2026-05-23,Closed,0,13.23,11,142,2348.56,20
C002655,Carrier C,Property,Mobile,2026-08-28,2026-08,2026-09-04,Closed,0,10.4,7,34,5597.25,20
C002656,Carrier A,Liability,Agent,2026-09-28,2026-09,,Open,0,14.9,,3,0,14
C002657,Carrier C,Liability,Web,2026-05-07,2026-05,2026-05-13,Closed,0,15.56,6,147,2722.32,14
C002658,Carrier B,Property,Agent,2026-07-16,2026-07,2026-07-31,Closed,0,7.04,15,77,3479.63,20
C002659,Carrier A,Liability,Web,2026-08-18,2026-08,2026-09-06,Closed,1,11.2,19,44,3406.74,14
C002660,Carrier A,Liability,Agent,2026-08-10,2026-08,2026-08-19,Closed,0,5.56,9,52,8869.93,14
C002661,Carrier A,Liability,Agent,2026-08-05,2026-08,2026-08-08,Closed,0,11.05,3,57,2103.41,14
C002662,Carrier C,Auto,Mobile,2026-04-11,2026-04,2026-05-10,Closed,1,25.49,29,173,1322.63,14
C002663,Carrier B,Auto,Agent,2026-04-24,2026-04,2026-04-27,Closed,0,2.27,3,160,7951.61,14
C002664,Carrier B,Property,Agent,2026-08-02,2026-08,2026-08-21,Closed,1,19.93,19,60,1983.53,20
C002665,Carrier A,Property,Mobile,2026-04-15,2026-04,2026-05-20,Closed,1,25.94,35,169,7323.39,20
C002666,Carrier A,Property,Agent,2026-08-06,2026-08,2026-08-21,Closed,1,21.49,15,56,3722.27,20
C002667,Carrier B,Auto,Agent,2026-06-29,2026-06,2026-07-05,Closed,0,16.45,6,94,1379.19,14
C002668,Carrier C,Property,Web,2026-05-30,2026-05,2026-06-22,Closed,1,12.72,23,124,5513.9,20
C002669,Carrier C,Auto,Mobile,2026-05-22,2026-05,2026-06-07,Closed,1,15.4,16,132,3196.64,14
C002670,Carrier B,Liability,Web,2026-04-26,2026-04,2026-05-05,Closed,0,9.7,9,158,1927.42,14
C002671,Carrier A,Property,Mobile,2026-07-20,2026-07,2026-08-01,Closed,0,9.52,12,73,7504.38,20
C002672,Carrier C,Property,Agent,2026-06-05,2026-06,2026-06-12,Closed,0,6.24,7,118,1787.76,20
C002673,Carrier C,Auto,Web,2026-07-28,2026-07,2026-08-02,Closed,0,4.83,5,65,1543.11,14
C002674,Carrier A,Auto,Mobile,2026-06-20,2026-06,2026-06-27,Closed,0,3.94,7,103,6802.75,14
C002675,Carrier A,Liability,Mobile,2026-06-13,2026-06,2026-06-21,Closed,0,12.78,8,110,3169.9,14
C002676,Carrier B,Property,Web,2026-08-25,2026-08,,Open,1,20.6,,37,0,20
C002677,Carrier C,Liability,Mobile,2026-05-12,2026-05,2026-05-20,Closed,0,13.25,8,142,5717.36,14
C002678,Carrier A,Property,Agent,2026-07-17,2026-07,2026-08-03,Closed,1,23.75,17,76,4195.01,20
C002679,Carrier B,Property,Mobile,2026-06-17,2026-06,2026-07-20,Closed,0,9.62,33,106,1813.71,20
C002680,Carrier C,Liability,Agent,2026-06-26,2026-06,2026-07-07,Closed,0,14.29,11,97,4877.48,14
C002681,Carrier A,Auto,Mobile,2026-04-20,2026-04,2026-04-30,Closed,0,14.31,10,164,2865.39,14
C002682,Carrier A,Property,Agent,2026-05-14,2026-05,2026-06-03,Closed,1,12.41,20,140,3522.42,20
C002683,Carrier B,Liability,Agent,2026-09-24,2026-09,,Open,0,1.51,,7,0,14
C002684,Carrier C,Auto,Web,2026-06-19,2026-06,2026-06-23,Closed,0,4.74,4,104,3327.63,14
C002685,Carrier B,Property,Mobile,2026-06-04,2026-06,2026-06-24,Closed,0,6.88,20,119,2543.0,20
C002686,Carrier C,Liability,Mobile,2026-09-11,2026-09,2026-09-17,Closed,0,6.26,6,20,4600.57,14
C002687,Carrier B,Auto,Mobile,2026-06-26,2026-06,2026-07-22,Closed,1,23.13,26,97,13318.62,14
C002688,Carrier C,Auto,Web,2026-07-31,2026-07,2026-08-06,Closed,0,2.91,6,62,2146.07,14
C002689,Carrier B,Liability,Web,2026-07-09,2026-07,2026-07-15,Closed,0,2.4,6,84,1005.94,14
C002690,Carrier A,Property,Mobile,2026-08-30,2026-08,2026-09-11,Closed,0,12.24,12,32,5004.94,20
C002691,Carrier B,Auto,Mobile,2026-05-22,2026-05,2026-05-28,Closed,0,2.23,6,132,3024.9,14
C002692,Carrier B,Property,Mobile,2026-08-21,2026-08,,Open,0,5.67,,41,0,20
C002693,Carrier B,Auto,Mobile,2026-06-21,2026-06,2026-07-07,Closed,1,27.17,16,102,2791.09,14
C002694,Carrier C,Auto,Web,2026-08-09,2026-08,2026-08-17,Closed,0,15.85,8,53,579.21,14
C002695,Carrier C,Auto,Mobile,2026-09-30,2026-09,,Open,1,22.2,,1,0,14
C002696,Carrier B,Property,Mobile,2026-09-25,2026-09,,Open,1,20.5,,6,0,20
C002697,Carrier B,Property,Web,2026-08-12,2026-08,2026-09-02,Closed,0,9.35,21,50,4594.23,20
C002698,Carrier B,Auto,Agent,2026-09-13,2026-09,2026-09-19,Closed,0,17.74,6,18,1100.91,14
C002699,Carrier A,Liability,Web,2026-07-13,2026-07,2026-07-28,Closed,0,6.06,15,80,1121.57,14
C002700,Carrier B,Liability,Mobile,2026-05-02,2026-05,2026-05-15,Closed,0,7.31,13,152,2811.47,14
C002701,Carrier A,Property,Mobile,2026-05-04,2026-05,2026-05-23,Closed,1,25.95,19,150,7511.47,20
C002702,Carrier B,Property,Web,2026-05-30,2026-05,2026-06-08,Closed,0,15.33,9,124,1770.58,20
C002703,Carrier C,Liability,Mobile,2026-07-13,2026-07,2026-07-29,Closed,1,14.81,16,80,2532.74,14
C002704,Carrier A,Liability,Web,2026-06-08,2026-06,2026-06-12,Closed,0,12.55,4,115,1412.03,14
C002705,Carrier C,Auto,Agent,2026-07-06,2026-07,2026-07-12,Closed,0,14.86,6,87,2097.22,14
C002706,Carrier A,Auto,Agent,2026-08-11,2026-08,2026-08-27,Closed,1,19.81,16,51,3177.4,14
C002707,Carrier B,Auto,Agent,2026-07-22,2026-07,,Open,0,7.47,,71,0,14
C002708,Carrier A,Auto,Mobile,2026-09-30,2026-09,,Open,0,5.45,,1,0,14
C002709,Carrier B,Property,Web,2026-07-19,2026-07,2026-08-15,Closed,1,21.4,27,74,2442.28,20
C002710,Carrier B,Liability,Web,2026-06-29,2026-06,2026-07-06,Closed,0,9.81,7,94,3412.38,14
C002711,Carrier A,Liability,Mobile,2026-08-08,2026-08,2026-08-15,Closed,0,5.14,7,54,3253.45,14
C002712,Carrier C,Liability,Agent,2026-08-22,2026-08,2026-08-27,Closed,0,11.61,5,40,2471.64,14
C002713,Carrier A,Liability,Mobile,2026-06-08,2026-06,2026-06-19,Closed,1,22.67,11,115,4528.4,14
C002714,Carrier C,Liability,Mobile,2026-08-07,2026-08,2026-08-26,Closed,1,26.71,19,55,3881.19,14
C002715,Carrier C,Liability,Mobile,2026-04-13,2026-04,,Open,1,15.38,,171,0,14
C002716,Carrier C,Liability,Agent,2026-05-24,2026-05,2026-05-31,Closed,0,15.38,7,130,5742.84,14
C002717,Carrier C,Liability,Web,2026-09-22,2026-09,2026-09-25,Closed,0,7.36,3,9,2499.22,14
C002718,Carrier B,Property,Agent,2026-05-30,2026-05,2026-06-13,Closed,0,7.88,14,124,4181.89,20
C002719,Carrier B,Auto,Agent,2026-07-31,2026-07,2026-08-12,Closed,0,4.57,12,62,2571.25,14
C002720,Carrier A,Auto,Mobile,2026-07-11,2026-07,2026-07-27,Closed,0,14.29,16,82,8280.71,14
C002721,Carrier C,Liability,Web,2026-05-29,2026-05,2026-06-07,Closed,0,3.05,9,125,898.34,14
C002722,Carrier C,Liability,Mobile,2026-04-29,2026-04,,Open,1,14.38,,155,0,14
C002723,Carrier C,Auto,Agent,2026-06-08,2026-06,2026-06-10,Closed,0,17.67,2,115,4224.56,14
C002724,Carrier C,Liability,Mobile,2026-07-01,2026-07,2026-07-12,Closed,0,15.46,11,92,1970.52,14
C002725,Carrier C,Auto,Mobile,2026-04-25,2026-04,2026-05-11,Closed,1,20.32,16,159,3563.93,14
C002726,Carrier A,Property,Web,2026-05-06,2026-05,2026-06-04,Closed,0,17.43,29,148,1935.5,20
C002727,Carrier A,Auto,Web,2026-06-14,2026-06,2026-07-02,Closed,0,14.46,18,109,7749.02,14
C002728,Carrier C,Liability,Agent,2026-07-08,2026-07,2026-07-15,Closed,0,2.66,7,85,2146.42,14
C002729,Carrier B,Property,Web,2026-09-26,2026-09,,Open,0,6.46,,5,0,20
C002730,Carrier C,Liability,Agent,2026-05-24,2026-05,2026-05-30,Closed,0,13.15,6,130,6662.74,14
C002731,Carrier A,Auto,Agent,2026-08-27,2026-08,,Open,0,11.49,,35,0,14
C002732,Carrier B,Liability,Mobile,2026-06-30,2026-06,2026-07-08,Closed,0,11.23,8,93,4089.28,14
C002733,Carrier C,Auto,Web,2026-06-01,2026-06,,Open,0,17.09,,122,0,14
C002734,Carrier A,Property,Mobile,2026-07-11,2026-07,,Open,1,27.44,,82,0,20
C002735,Carrier B,Property,Agent,2026-07-04,2026-07,2026-07-12,Closed,0,6.35,8,89,5579.74,20
C002736,Carrier A,Property,Agent,2026-07-05,2026-07,2026-07-12,Closed,0,8.5,7,88,1463.33,20
C002737,Carrier A,Liability,Mobile,2026-07-14,2026-07,2026-07-16,Closed,0,3.97,2,79,6599.49,14
C002738,Carrier B,Auto,Mobile,2026-05-22,2026-05,,Open,0,17.51,,132,0,14
C002739,Carrier C,Property,Web,2026-06-25,2026-06,2026-07-01,Closed,0,15.24,6,98,1688.75,20
C002740,Carrier B,Property,Web,2026-05-13,2026-05,2026-05-22,Closed,0,17.43,9,141,4316.1,20
C002741,Carrier A,Liability,Mobile,2026-07-05,2026-07,2026-07-15,Closed,1,27.65,10,88,3716.51,14
C002742,Carrier C,Auto,Mobile,2026-05-18,2026-05,2026-05-24,Closed,0,4.77,6,136,8244.16,14
C002743,Carrier B,Property,Mobile,2026-07-13,2026-07,2026-07-21,Closed,0,8.32,8,80,4503.12,20
C002744,Carrier C,Property,Mobile,2026-07-10,2026-07,2026-07-18,Closed,0,1.37,8,83,4223.19,20
C002745,Carrier A,Liability,Agent,2026-05-13,2026-05,,Open,0,15.53,,141,0,14
C002746,Carrier B,Liability,Agent,2026-04-30,2026-04,2026-05-05,Closed,0,1.29,5,154,3786.75,14
C002747,Carrier C,Auto,Web,2026-09-15,2026-09,,Open,0,16.74,,16,0,14
C002748,Carrier B,Auto,Web,2026-08-01,2026-08,2026-08-20,Closed,1,20.99,19,61,9341.94,14
C002749,Carrier B,Property,Web,2026-07-20,2026-07,2026-08-06,Closed,0,1.3,17,73,1501.37,20
C002750,Carrier C,Auto,Agent,2026-04-02,2026-04,,Open,0,11.41,,182,0,14
C002751,Carrier C,Auto,Web,2026-06-21,2026-06,2026-07-06,Closed,1,14.55,15,102,3222.32,14
C002752,Carrier A,Property,Web,2026-07-15,2026-07,2026-08-09,Closed,0,14.72,25,78,2915.74,20
C002753,Carrier A,Property,Agent,2026-05-01,2026-05,2026-05-11,Closed,0,6.02,10,153,1438.43,20
C002754,Carrier A,Property,Mobile,2026-09-05,2026-09,2026-09-18,Closed,0,8.42,13,26,2216.5,20
C002755,Carrier B,Auto,Web,2026-06-29,2026-06,2026-07-05,Closed,0,12.15,6,94,1874.26,14
C002756,Carrier A,Liability,Web,2026-07-13,2026-07,2026-07-22,Closed,0,9.49,9,80,8191.7,14
C002757,Carrier A,Property,Web,2026-09-13,2026-09,,Open,0,6.48,,18,0,20
C002758,Carrier A,Auto,Mobile,2026-09-09,2026-09,,Open,1,17.66,,22,0,14
C002759,Carrier C,Liability,Web,2026-04-21,2026-04,2026-04-22,Closed,0,9.71,1,163,1977.78,14
C002760,Carrier B,Property,Web,2026-07-04,2026-07,2026-07-11,Closed,0,11.59,7,89,5355.41,20
C002761,Carrier B,Property,Web,2026-08-25,2026-08,2026-09-15,Closed,1,17.34,21,37,10024.06,20
C002762,Carrier C,Auto,Web,2026-09-18,2026-09,2026-09-26,Closed,0,1.52,8,13,308.64,14
C002763,Carrier B,Auto,Web,2026-04-10,2026-04,2026-04-17,Closed,0,8.91,7,174,6495.56,14
C002764,Carrier B,Property,Web,2026-09-07,2026-09,2026-09-19,Closed,0,8.09,12,24,4727.87,20
C002765,Carrier C,Property,Agent,2026-04-08,2026-04,2026-04-19,Closed,0,4.69,11,176,2398.91,20
C002766,Carrier A,Auto,Agent,2026-06-08,2026-06,2026-06-22,Closed,0,11.6,14,115,2766.35,14
C002767,Carrier B,Auto,Web,2026-07-20,2026-07,2026-07-22,Closed,0,15.17,2,73,5967.5,14
C002768,Carrier A,Property,Web,2026-04-23,2026-04,2026-05-03,Closed,0,3.04,10,161,12195.54,20
C002769,Carrier B,Property,Web,2026-08-22,2026-08,2026-09-03,Closed,0,15.19,12,40,25088.99,20
C002770,Carrier C,Liability,Web,2026-07-16,2026-07,2026-07-19,Closed,0,15.31,3,77,1243.57,14
C002771,Carrier C,Liability,Web,2026-04-29,2026-04,,Open,0,17.53,,155,0,14
C002772,Carrier A,Property,Web,2026-08-12,2026-08,2026-08-22,Closed,0,10.12,10,50,2810.02,20
C002773,Carrier B,Auto,Mobile,2026-06-21,2026-06,2026-06-28,Closed,0,2.57,7,102,5865.72,14
C002774,Carrier A,Auto,Web,2026-08-17,2026-08,2026-08-23,Closed,0,6.06,6,45,5849.73,14
C002775,Carrier B,Liability,Web,2026-06-05,2026-06,2026-06-07,Closed,0,1.57,2,118,6653.57,14
C002776,Carrier C,Auto,Agent,2026-06-16,2026-06,2026-06-28,Closed,1,26.16,12,107,1468.27,14
C002777,Carrier C,Auto,Agent,2026-05-11,2026-05,,Open,0,6.33,,143,0,14
C002778,Carrier A,Liability,Agent,2026-09-13,2026-09,2026-09-16,Closed,0,7.24,3,18,1010.41,14
C002779,Carrier A,Property,Mobile,2026-08-08,2026-08,2026-08-14,Closed,0,2.55,6,54,1205.54,20
C002780,Carrier A,Property,Agent,2026-07-26,2026-07,,Open,1,24.91,,67,0,20
C002781,Carrier A,Property,Agent,2026-08-05,2026-08,2026-08-17,Closed,0,3.88,12,57,1859.22,20
C002782,Carrier B,Property,Web,2026-05-28,2026-05,2026-06-15,Closed,0,7.43,18,126,3988.26,20
C002783,Carrier B,Liability,Agent,2026-04-28,2026-04,2026-05-01,Closed,0,9.17,3,156,2036.4,14
C002784,Carrier A,Auto,Mobile,2026-05-12,2026-05,2026-05-30,Closed,1,17.61,18,142,2121.14,14
C002785,Carrier A,Auto,Web,2026-09-29,2026-09,,Open,0,15.82,,2,0,14
C002786,Carrier C,Auto,Web,2026-08-03,2026-08,2026-08-19,Closed,1,26.07,16,59,1469.55,14
C002787,Carrier C,Auto,Agent,2026-07-04,2026-07,2026-07-08,Closed,0,11.9,4,89,2081.5,14
C002788,Carrier C,Auto,Mobile,2026-07-14,2026-07,2026-07-20,Closed,0,7.1,6,79,4100.29,14
C002789,Carrier C,Property,Agent,2026-08-04,2026-08,2026-08-10,Closed,0,3.57,6,58,5754.33,20
C002790,Carrier A,Auto,Agent,2026-05-17,2026-05,2026-05-20,Closed,0,17.56,3,137,11454.63,14
C002791,Carrier A,Property,Mobile,2026-04-01,2026-04,2026-04-27,Closed,0,7.51,26,183,1139.33,20
C002792,Carrier B,Property,Agent,2026-07-17,2026-07,2026-08-01,Closed,0,16.05,15,76,1919.48,20
C002793,Carrier A,Liability,Agent,2026-05-14,2026-05,,Open,0,12.53,,140,0,14
C002794,Carrier A,Auto,Mobile,2026-09-04,2026-09,2026-09-26,Closed,0,13.35,22,27,2742.14,14
C002795,Carrier C,Auto,Web,2026-07-25,2026-07,2026-08-02,Closed,0,4.87,8,68,1283.12,14
C002796,Carrier A,Property,Agent,2026-05-11,2026-05,,Open,0,8.31,,143,0,20
C002797,Carrier B,Property,Mobile,2026-04-07,2026-04,2026-04-20,Closed,0,6.7,13,177,14329.22,20
C002798,Carrier C,Liability,Web,2026-04-19,2026-04,2026-05-10,Closed,0,17.13,21,165,2111.42,14
C002799,Carrier B,Liability,Agent,2026-04-19,2026-04,2026-04-28,Closed,0,2.65,9,165,11458.1,14
C002800,Carrier C,Auto,Web,2026-05-28,2026-05,2026-06-05,Closed,0,4.82,8,126,6140.82,14
C002801,Carrier A,Property,Web,2026-05-11,2026-05,2026-05-28,Closed,1,11.93,17,143,3380.21,20
C002802,Carrier C,Property,Mobile,2026-04-16,2026-04,2026-04-24,Closed,0,11.18,8,168,3040.37,20
C002803,Carrier B,Auto,Web,2026-04-08,2026-04,2026-05-14,Closed,1,13.39,36,176,1119.81,14
C002804,Carrier A,Property,Web,2026-05-08,2026-05,2026-05-31,Closed,0,16.26,23,146,653.67,20
C002805,Carrier C,Property,Agent,2026-08-05,2026-08,2026-08-14,Closed,0,11.94,9,57,5888.82,20
C002806,Carrier B,Property,Web,2026-06-13,2026-06,2026-06-21,Closed,0,9.66,8,110,2673.29,20
C002807,Carrier A,Auto,Mobile,2026-08-02,2026-08,2026-08-11,Closed,1,12.66,9,60,1788.0,14
C002808,Carrier A,Auto,Agent,2026-09-24,2026-09,2026-09-28,Closed,0,4.9,4,7,877.79,14
C002809,Carrier B,Auto,Mobile,2026-07-02,2026-07,2026-07-16,Closed,1,15.25,14,91,2704.69,14
C002810,Carrier A,Auto,Agent,2026-05-03,2026-05,2026-05-06,Closed,0,2.78,3,151,6902.45,14
C002811,Carrier C,Liability,Agent,2026-08-08,2026-08,2026-08-09,Closed,0,14.64,1,54,7224.12,14
C002812,Carrier A,Liability,Agent,2026-06-30,2026-06,2026-07-05,Closed,0,17.08,5,93,2114.71,14
C002813,Carrier A,Property,Mobile,2026-04-13,2026-04,2026-04-26,Closed,0,6.79,13,171,1427.91,20
C002814,Carrier B,Liability,Mobile,2026-04-21,2026-04,,Open,0,9.89,,163,0,14
C002815,Carrier B,Property,Agent,2026-09-09,2026-09,,Open,0,8.77,,22,0,20
C002816,Carrier C,Liability,Web,2026-06-25,2026-06,2026-07-07,Closed,0,5.12,12,98,4960.83,14
C002817,Carrier B,Liability,Agent,2026-08-13,2026-08,2026-08-25,Closed,1,20.02,12,49,3427.45,14
C002818,Carrier B,Auto,Agent,2026-07-09,2026-07,2026-07-13,Closed,0,11.91,4,84,3807.02,14
C002819,Carrier A,Auto,Web,2026-05-16,2026-05,2026-05-27,Closed,1,21.26,11,138,5325.16,14
C002820,Carrier C,Property,Web,2026-05-15,2026-05,,Open,0,9.69,,139,0,20
C002821,Carrier B,Liability,Mobile,2026-09-18,2026-09,2026-09-30,Closed,0,7.75,12,13,6214.07,14
C002822,Carrier C,Property,Agent,2026-09-20,2026-09,,Open,1,16.65,,11,0,20
C002823,Carrier A,Auto,Mobile,2026-09-16,2026-09,2026-09-19,Closed,0,9.2,3,15,1150.95,14
C002824,Carrier C,Liability,Mobile,2026-09-06,2026-09,2026-09-15,Closed,0,10.7,9,25,2255.55,14
C002825,Carrier A,Liability,Agent,2026-08-30,2026-08,2026-09-16,Closed,1,20.63,17,32,4424.22,14
C002826,Carrier A,Property,Mobile,2026-04-02,2026-04,2026-05-01,Closed,1,20.83,29,182,1923.23,20
C002827,Carrier B,Property,Mobile,2026-09-02,2026-09,2026-09-20,Closed,1,22.68,18,29,3571.86,20
C002828,Carrier C,Liability,Mobile,2026-04-23,2026-04,2026-04-25,Closed,0,6.77,2,161,4671.41,14
C002829,Carrier A,Property,Agent,2026-06-25,2026-06,2026-07-17,Closed,1,25.93,22,98,2037.46,20
C002830,Carrier C,Auto,Mobile,2026-07-21,2026-07,2026-07-25,Closed,0,5.68,4,72,2306.49,14
C002831,Carrier A,Liability,Mobile,2026-09-26,2026-09,,Open,1,12.73,,5,0,14
C002832,Carrier C,Auto,Mobile,2026-04-01,2026-04,2026-04-04,Closed,0,15.61,3,183,7147.27,14
C002833,Carrier A,Liability,Web,2026-05-17,2026-05,2026-05-23,Closed,0,5.03,6,137,6147.2,14
C002834,Carrier A,Liability,Agent,2026-06-19,2026-06,2026-06-20,Closed,0,17.62,1,104,3545.91,14
C002835,Carrier C,Auto,Mobile,2026-05-11,2026-05,,Open,0,12.03,,143,0,14
C002836,Carrier B,Auto,Agent,2026-06-02,2026-06,2026-06-11,Closed,0,11.28,9,121,4361.48,14
C002837,Carrier B,Liability,Web,2026-06-20,2026-06,2026-06-23,Closed,0,10.51,3,103,9804.72,14
C002838,Carrier C,Property,Web,2026-07-02,2026-07,2026-07-11,Closed,0,2.2,9,91,1745.91,20
C002839,Carrier C,Auto,Web,2026-06-10,2026-06,2026-06-22,Closed,0,17.74,12,113,8258.72,14
C002840,Carrier A,Property,Agent,2026-09-23,2026-09,,Open,0,7.92,,8,0,20
C002841,Carrier B,Liability,Web,2026-07-28,2026-07,2026-08-05,Closed,0,14.38,8,65,1755.9,14
C002842,Carrier C,Liability,Mobile,2026-07-07,2026-07,2026-07-21,Closed,0,16.08,14,86,1534.13,14
C002843,Carrier C,Liability,Mobile,2026-06-04,2026-06,2026-06-08,Closed,0,9.36,4,119,1447.44,14
C002844,Carrier C,Liability,Mobile,2026-06-16,2026-06,2026-06-28,Closed,0,9.78,12,107,754.06,14
C002845,Carrier B,Liability,Agent,2026-05-18,2026-05,2026-05-23,Closed,0,2.92,5,136,3310.03,14
C002846,Carrier A,Auto,Web,2026-09-01,2026-09,2026-09-05,Closed,0,9.58,4,30,3883.32,14
C002847,Carrier B,Liability,Mobile,2026-04-08,2026-04,2026-04-22,Closed,0,16.65,14,176,4655.35,14
C002848,Carrier A,Auto,Mobile,2026-09-24,2026-09,2026-09-27,Closed,0,5.33,3,7,5153.41,14
C002849,Carrier B,Property,Mobile,2026-04-09,2026-04,2026-04-17,Closed,0,14.31,8,175,3035.79,20
C002850,Carrier C,Property,Mobile,2026-04-28,2026-04,2026-05-06,Closed,0,3.35,8,156,693.28,20
C002851,Carrier B,Auto,Web,2026-07-29,2026-07,2026-08-20,Closed,1,15.23,22,64,24205.98,14
C002852,Carrier C,Property,Web,2026-05-01,2026-05,2026-05-08,Closed,0,16.37,7,153,3314.12,20
C002853,Carrier C,Auto,Agent,2026-09-22,2026-09,2026-09-25,Closed,0,4.33,3,9,2542.92,14
C002854,Carrier B,Liability,Mobile,2026-09-10,2026-09,,Open,1,18.11,,21,0,14
C002855,Carrier A,Property,Agent,2026-04-05,2026-04,2026-04-13,Closed,0,4.1,8,179,4049.05,20
C002856,Carrier C,Property,Agent,2026-05-10,2026-05,2026-05-25,Closed,0,11.51,15,144,1890.27,20
C002857,Carrier C,Property,Mobile,2026-07-30,2026-07,2026-08-15,Closed,1,11.9,16,63,1122.07,20
C002858,Carrier A,Property,Mobile,2026-04-22,2026-04,2026-05-06,Closed,1,18.88,14,162,2621.51,20
C002859,Carrier C,Liability,Web,2026-08-01,2026-08,2026-08-05,Closed,0,17.01,4,61,1145.35,14
C002860,Carrier A,Auto,Agent,2026-06-17,2026-06,2026-06-25,Closed,0,9.49,8,106,9686.51,14
C002861,Carrier B,Liability,Agent,2026-07-25,2026-07,,Open,0,6.18,,68,0,14
C002862,Carrier B,Property,Web,2026-06-18,2026-06,2026-06-29,Closed,0,5.05,11,105,8183.17,20
C002863,Carrier A,Auto,Mobile,2026-05-14,2026-05,,Open,0,17.53,,140,0,14
C002864,Carrier B,Liability,Agent,2026-08-21,2026-08,2026-09-20,Closed,1,20.3,30,41,3633.99,14
C002865,Carrier B,Liability,Web,2026-06-22,2026-06,2026-07-03,Closed,1,22.17,11,101,1490.8,14
C002866,Carrier B,Property,Web,2026-05-12,2026-05,2026-06-02,Closed,0,13.96,21,142,1883.47,20
C002867,Carrier A,Auto,Web,2026-09-12,2026-09,2026-09-20,Closed,0,14.69,8,19,649.92,14
C002868,Carrier B,Auto,Agent,2026-05-15,2026-05,2026-06-05,Closed,0,11.58,21,139,2326.44,14
C002869,Carrier A,Auto,Web,2026-05-19,2026-05,2026-06-06,Closed,1,18.67,18,135,16774.39,14
C002870,Carrier C,Liability,Mobile,2026-04-13,2026-04,2026-05-15,Closed,0,14.08,32,171,12911.63,14
C002871,Carrier B,Liability,Web,2026-09-08,2026-09,2026-09-14,Closed,0,3.02,6,23,11095.53,14
C002872,Carrier A,Liability,Agent,2026-04-20,2026-04,2026-04-25,Closed,0,13.83,5,164,3180.49,14
C002873,Carrier B,Property,Agent,2026-06-29,2026-06,2026-07-08,Closed,0,1.18,9,94,2006.89,20
C002874,Carrier C,Auto,Mobile,2026-04-16,2026-04,2026-04-20,Closed,0,14.18,4,168,2370.34,14
C002875,Carrier C,Liability,Web,2026-07-29,2026-07,2026-08-07,Closed,0,3.75,9,64,2879.42,14
C002876,Carrier B,Auto,Web,2026-08-24,2026-08,2026-09-06,Closed,1,13.33,13,38,6715.1,14
C002877,Carrier B,Property,Mobile,2026-07-15,2026-07,2026-08-10,Closed,0,17.58,26,78,635.91,20
C002878,Carrier B,Liability,Web,2026-06-02,2026-06,2026-06-08,Closed,0,12.06,6,121,2572.91,14
C002879,Carrier C,Property,Mobile,2026-05-09,2026-05,2026-05-24,Closed,1,27.46,15,145,3108.45,20
C002880,Carrier A,Liability,Mobile,2026-08-18,2026-08,2026-08-20,Closed,0,17.35,2,44,3768.28,14
C002881,Carrier C,Property,Agent,2026-08-20,2026-08,2026-09-02,Closed,0,13.53,13,42,779.51,20
C002882,Carrier B,Auto,Agent,2026-07-29,2026-07,,Open,1,17.95,,64,0,14
C002883,Carrier B,Property,Web,2026-09-26,2026-09,,Open,0,13.76,,5,0,20
C002884,Carrier C,Auto,Mobile,2026-04-05,2026-04,2026-04-15,Closed,1,12.12,10,179,3309.4,14
C002885,Carrier A,Liability,Agent,2026-04-10,2026-04,2026-04-12,Closed,0,5.11,2,174,14113.17,14
C002886,Carrier B,Liability,Agent,2026-08-30,2026-08,2026-09-20,Closed,0,1.99,21,32,3844.78,14
C002887,Carrier A,Liability,Mobile,2026-05-21,2026-05,2026-06-02,Closed,1,24.52,12,133,3276.01,14
C002888,Carrier B,Auto,Agent,2026-09-23,2026-09,,Open,0,12.14,,8,0,14
C002889,Carrier B,Liability,Mobile,2026-08-31,2026-08,2026-09-22,Closed,1,12.56,22,31,5948.43,14
C002890,Carrier C,Liability,Mobile,2026-04-14,2026-04,2026-05-01,Closed,0,7.23,17,170,3726.62,14
C002891,Carrier C,Property,Mobile,2026-08-06,2026-08,2026-09-08,Closed,1,19.7,33,56,3566.8,20
C002892,Carrier A,Liability,Web,2026-05-11,2026-05,,Open,0,4.41,,143,0,14
C002893,Carrier C,Property,Agent,2026-04-08,2026-04,,Open,0,2.39,,176,0,20
C002894,Carrier C,Property,Mobile,2026-08-23,2026-08,2026-09-24,Closed,1,17.85,32,39,3473.75,20
C002895,Carrier B,Liability,Mobile,2026-05-26,2026-05,2026-05-27,Closed,0,5.02,1,128,1938.8,14
C002896,Carrier C,Auto,Web,2026-07-23,2026-07,2026-08-06,Closed,0,6.84,14,70,4864.12,14
C002897,Carrier C,Liability,Web,2026-09-12,2026-09,2026-09-15,Closed,0,14.92,3,19,4311.01,14
C002898,Carrier C,Property,Mobile,2026-09-04,2026-09,2026-09-13,Closed,0,1.09,9,27,1753.75,20
C002899,Carrier C,Auto,Agent,2026-09-22,2026-09,,Open,0,15.68,,9,0,14
C002900,Carrier A,Property,Agent,2026-05-27,2026-05,2026-06-11,Closed,0,11.84,15,127,9434.03,20
C002901,Carrier B,Auto,Mobile,2026-07-31,2026-07,2026-08-11,Closed,0,12.6,11,62,2570.73,14
C002902,Carrier B,Property,Agent,2026-08-29,2026-08,2026-09-07,Closed,0,6.8,9,33,1555.07,20
C002903,Carrier B,Auto,Mobile,2026-04-21,2026-04,2026-05-01,Closed,1,18.93,10,163,7424.59,14
C002904,Carrier A,Auto,Agent,2026-08-12,2026-08,2026-08-15,Closed,0,10.46,3,50,3085.35,14
C002905,Carrier A,Auto,Mobile,2026-04-11,2026-04,2026-04-21,Closed,0,10.33,10,173,4216.78,14
C002906,Carrier B,Liability,Mobile,2026-09-06,2026-09,2026-09-12,Closed,0,16.68,6,25,4963.95,14
C002907,Carrier C,Property,Mobile,2026-04-10,2026-04,2026-04-23,Closed,0,9.73,13,174,5538.51,20
C002908,Carrier B,Property,Agent,2026-04-15,2026-04,2026-05-01,Closed,0,12.62,16,169,4681.27,20
C002909,Carrier B,Auto,Web,2026-09-26,2026-09,2026-09-28,Closed,0,7.38,2,5,2270.72,14
C002910,Carrier C,Property,Web,2026-09-10,2026-09,2026-09-19,Closed,0,1.3,9,21,1532.65,20
C002911,Carrier A,Auto,Web,2026-07-22,2026-07,2026-07-27,Closed,0,1.73,5,71,999.9,14
C002912,Carrier A,Auto,Agent,2026-09-27,2026-09,2026-09-29,Closed,0,3.03,2,4,2409.18,14
C002913,Carrier C,Liability,Web,2026-08-05,2026-08,2026-08-16,Closed,1,25.15,11,57,4440.88,14
C002914,Carrier C,Liability,Agent,2026-07-26,2026-07,2026-08-11,Closed,0,2.07,16,67,11239.13,14
C002915,Carrier A,Property,Mobile,2026-09-16,2026-09,2026-09-23,Closed,0,6.08,7,15,334.25,20
C002916,Carrier A,Auto,Agent,2026-04-28,2026-04,2026-05-03,Closed,0,10.14,5,156,4228.42,14
C002917,Carrier A,Auto,Web,2026-05-13,2026-05,2026-05-17,Closed,0,14.66,4,141,11149.81,14
C002918,Carrier B,Liability,Agent,2026-04-15,2026-04,2026-04-20,Closed,0,6.12,5,169,1758.45,14
C002919,Carrier C,Property,Web,2026-09-21,2026-09,,Open,0,1.31,,10,0,20
C002920,Carrier A,Property,Web,2026-04-21,2026-04,2026-05-02,Closed,0,15.93,11,163,2620.64,20
C002921,Carrier B,Property,Mobile,2026-04-10,2026-04,2026-04-25,Closed,1,23.2,15,174,993.69,20
C002922,Carrier A,Property,Web,2026-07-07,2026-07,2026-07-26,Closed,1,20.96,19,86,6652.14,20
C002923,Carrier C,Property,Agent,2026-05-05,2026-05,2026-05-25,Closed,0,14.69,20,149,17647.35,20
C002924,Carrier B,Property,Agent,2026-08-19,2026-08,2026-09-01,Closed,0,5.93,13,43,4843.5,20
C002925,Carrier B,Auto,Mobile,2026-08-31,2026-08,2026-09-06,Closed,0,15.53,6,31,2652.98,14
C002926,Carrier A,Liability,Web,2026-05-28,2026-05,2026-06-01,Closed,0,7.11,4,126,6393.1,14
C002927,Carrier C,Auto,Agent,2026-09-10,2026-09,2026-09-12,Closed,0,9.84,2,21,2910.57,14
C002928,Carrier C,Property,Mobile,2026-05-14,2026-05,,Open,0,6.5,,140,0,20
C002929,Carrier C,Liability,Mobile,2026-06-13,2026-06,2026-06-15,Closed,0,11.29,2,110,3127.26,14
C002930,Carrier C,Auto,Mobile,2026-05-20,2026-05,2026-05-29,Closed,0,10.74,9,134,2248.6,14
C002931,Carrier A,Property,Agent,2026-04-13,2026-04,2026-04-29,Closed,0,1.23,16,171,5189.54,20
C002932,Carrier A,Auto,Agent,2026-04-07,2026-04,2026-04-14,Closed,0,12.91,7,177,2151.42,14
C002933,Carrier B,Liability,Agent,2026-04-18,2026-04,,Open,0,15.94,,166,0,14
C002934,Carrier C,Property,Web,2026-05-08,2026-05,2026-05-31,Closed,1,19.47,23,146,1060.76,20
C002935,Carrier B,Property,Agent,2026-05-11,2026-05,2026-05-21,Closed,0,7.77,10,143,4100.9,20
C002936,Carrier A,Liability,Agent,2026-07-26,2026-07,2026-07-30,Closed,0,8.6,4,67,1998.77,14
C002937,Carrier C,Liability,Mobile,2026-07-08,2026-07,2026-07-13,Closed,0,7.34,5,85,3382.76,14
C002938,Carrier C,Property,Agent,2026-09-02,2026-09,2026-09-08,Closed,0,7.51,6,29,2339.04,20
C002939,Carrier C,Property,Mobile,2026-09-05,2026-09,2026-09-28,Closed,0,6.86,23,26,1243.21,20
C002940,Carrier C,Property,Mobile,2026-09-13,2026-09,2026-09-28,Closed,1,23.06,15,18,4128.55,20
C002941,Carrier B,Property,Agent,2026-06-22,2026-06,2026-07-14,Closed,1,27.24,22,101,3261.77,20
C002942,Carrier C,Liability,Web,2026-09-26,2026-09,2026-09-29,Closed,0,11.66,3,5,3377.63,14
C002943,Carrier C,Auto,Web,2026-09-11,2026-09,2026-09-19,Closed,0,12.27,8,20,7669.85,14
C002944,Carrier C,Auto,Web,2026-04-21,2026-04,2026-05-08,Closed,0,15.38,17,163,8106.78,14
C002945,Carrier B,Liability,Agent,2026-04-02,2026-04,2026-04-08,Closed,0,17.26,6,182,2785.94,14
C002946,Carrier B,Property,Mobile,2026-06-20,2026-06,2026-06-29,Closed,0,2.76,9,103,2054.97,20
C002947,Carrier A,Auto,Web,2026-05-09,2026-05,2026-05-15,Closed,0,9.72,6,145,3022.53,14
C002948,Carrier C,Property,Agent,2026-07-18,2026-07,,Open,0,11.89,,75,0,20
C002949,Carrier A,Liability,Mobile,2026-09-07,2026-09,2026-09-30,Closed,1,21.0,23,24,7673.83,14
C002950,Carrier A,Auto,Agent,2026-05-03,2026-05,2026-05-07,Closed,0,16.78,4,151,1208.12,14
C002951,Carrier C,Auto,Web,2026-06-10,2026-06,2026-06-12,Closed,0,1.47,2,113,3827.33,14
C002952,Carrier B,Liability,Web,2026-08-27,2026-08,2026-08-30,Closed,0,15.38,3,35,727.53,14
C002953,Carrier B,Liability,Mobile,2026-07-19,2026-07,2026-07-23,Closed,0,3.46,4,74,1581.2,14
C002954,Carrier C,Auto,Web,2026-07-04,2026-07,2026-07-17,Closed,0,15.12,13,89,4890.54,14
C002955,Carrier C,Auto,Web,2026-08-14,2026-08,2026-08-21,Closed,0,9.95,7,48,1174.21,14
C002956,Carrier B,Auto,Mobile,2026-07-04,2026-07,2026-07-12,Closed,0,13.95,8,89,3666.92,14
C002957,Carrier A,Liability,Mobile,2026-08-26,2026-08,2026-08-31,Closed,0,12.3,5,36,2330.68,14
C002958,Carrier B,Auto,Agent,2026-05-12,2026-05,2026-05-17,Closed,0,7.78,5,142,1983.47,14
C002959,Carrier B,Liability,Mobile,2026-06-03,2026-06,2026-06-14,Closed,0,17.21,11,120,747.93,14
C002960,Carrier C,Auto,Web,2026-05-03,2026-05,2026-05-09,Closed,0,6.97,6,151,5346.49,14
C002961,Carrier B,Property,Mobile,2026-04-12,2026-04,2026-04-23,Closed,0,8.08,11,172,1768.63,20
C002962,Carrier B,Liability,Mobile,2026-07-26,2026-07,2026-07-28,Closed,0,3.94,2,67,5684.29,14
C002963,Carrier B,Property,Web,2026-07-31,2026-07,2026-08-10,Closed,0,14.13,10,62,5658.39,20
C002964,Carrier A,Auto,Mobile,2026-09-14,2026-09,2026-09-28,Closed,0,17.84,14,17,1391.77,14
C002965,Carrier B,Auto,Agent,2026-05-26,2026-05,2026-06-01,Closed,0,6.2,6,128,3133.67,14
C002966,Carrier C,Auto,Agent,2026-06-28,2026-06,,Open,0,15.01,,95,0,14
C002967,Carrier A,Auto,Agent,2026-09-17,2026-09,2026-09-24,Closed,0,12.76,7,14,3582.52,14
C002968,Carrier A,Liability,Web,2026-05-25,2026-05,2026-06-05,Closed,0,11.92,11,129,10526.32,14
C002969,Carrier A,Property,Mobile,2026-08-10,2026-08,2026-08-25,Closed,1,22.87,15,52,4072.2,20
C002970,Carrier A,Property,Agent,2026-05-20,2026-05,2026-05-27,Closed,0,16.77,7,134,21526.83,20
C002971,Carrier A,Liability,Web,2026-09-12,2026-09,2026-09-29,Closed,0,12.11,17,19,3515.76,14
C002972,Carrier B,Property,Agent,2026-09-26,2026-09,,Open,0,1.89,,5,0,20
C002973,Carrier B,Liability,Mobile,2026-05-17,2026-05,2026-05-19,Closed,0,13.63,2,137,14572.73,14
C002974,Carrier B,Property,Web,2026-09-14,2026-09,,Open,1,11.17,,17,0,20
C002975,Carrier A,Property,Web,2026-09-28,2026-09,,Open,1,20.39,,3,0,20
C002976,Carrier B,Liability,Web,2026-04-26,2026-04,,Open,0,5.6,,158,0,14
C002977,Carrier A,Auto,Web,2026-08-11,2026-08,2026-08-16,Closed,0,9.15,5,51,6055.04,14
C002978,Carrier A,Liability,Web,2026-07-17,2026-07,2026-07-21,Closed,0,16.06,4,76,7952.13,14
C002979,Carrier C,Auto,Mobile,2026-06-13,2026-06,2026-06-23,Closed,0,11.97,10,110,3047.16,14
C002980,Carrier A,Auto,Web,2026-09-18,2026-09,2026-10-01,Closed,1,15.51,13,13,3106.65,14
C002981,Carrier A,Property,Agent,2026-05-15,2026-05,2026-05-25,Closed,0,8.29,10,139,3012.2,20
C002982,Carrier C,Liability,Agent,2026-05-20,2026-05,2026-06-08,Closed,0,9.48,19,134,7641.5,14
C002983,Carrier C,Property,Web,2026-05-02,2026-05,2026-05-21,Closed,0,8.39,19,152,1270.53,20
C002984,Carrier B,Auto,Mobile,2026-08-03,2026-08,2026-08-15,Closed,1,19.83,12,59,1621.9,14
C002985,Carrier C,Property,Agent,2026-08-17,2026-08,2026-08-29,Closed,0,11.91,12,45,2639.63,20
C002986,Carrier B,Auto,Web,2026-09-09,2026-09,2026-09-13,Closed,0,17.44,4,22,2353.33,14
C002987,Carrier A,Liability,Web,2026-05-24,2026-05,2026-05-27,Closed,0,7.99,3,130,4662.16,14
C002988,Carrier A,Property,Web,2026-07-14,2026-07,2026-07-31,Closed,0,14.37,17,79,5439.45,20
C002989,Carrier B,Auto,Web,2026-05-10,2026-05,2026-06-01,Closed,1,15.48,22,144,3501.82,14
C002990,Carrier A,Auto,Agent,2026-09-23,2026-09,,Open,0,5.85,,8,0,14
C002991,Carrier B,Auto,Mobile,2026-04-22,2026-04,2026-04-30,Closed,0,14.6,8,162,2595.68,14
C002992,Carrier B,Property,Mobile,2026-09-14,2026-09,,Open,1,23.67,,17,0,20
C002993,Carrier C,Liability,Agent,2026-08-30,2026-08,2026-09-09,Closed,0,11.14,10,32,2565.79,14
C002994,Carrier B,Property,Mobile,2026-07-25,2026-07,,Open,0,9.76,,68,0,20
C002995,Carrier C,Liability,Agent,2026-09-14,2026-09,2026-09-16,Closed,0,13.49,2,17,1772.25,14
C002996,Carrier B,Liability,Agent,2026-06-01,2026-06,2026-06-11,Closed,0,8.88,10,122,191.35,14
C002997,Carrier C,Property,Web,2026-07-05,2026-07,,Open,0,2.67,,88,0,20
C002998,Carrier C,Property,Web,2026-06-03,2026-06,2026-06-17,Closed,0,11.53,14,120,1727.01,20
C002999,Carrier A,Property,Mobile,2026-05-06,2026-05,2026-05-18,Closed,0,2.79,12,148,1701.82,20
C003000,Carrier B,Auto,Web,2026-09-18,2026-09,2026-09-22,Closed,0,15.4,4,13,1400.8,14
C003001,Carrier B,Auto,Mobile,2026-07-12,2026-07,2026-07-24,Closed,0,14.22,12,81,2305.7,14
C003002,Carrier C,Liability,Mobile,2026-06-26,2026-06,2026-07-08,Closed,1,18.34,12,97,5844.93,14
C003003,Carrier A,Liability,Agent,2026-08-08,2026-08,2026-08-13,Closed,0,2.59,5,54,2595.69,14
C003004,Carrier B,Property,Mobile,2026-07-17,2026-07,2026-07-26,Closed,0,1.48,9,76,4398.96,20
C003005,Carrier A,Auto,Mobile,2026-06-07,2026-06,2026-06-12,Closed,0,8.89,5,116,5796.42,14
C003006,Carrier A,Auto,Mobile,2026-05-05,2026-05,2026-05-09,Closed,0,7.17,4,149,1922.68,14
C003007,Carrier A,Property,Agent,2026-08-16,2026-08,2026-09-07,Closed,0,5.23,22,46,1387.66,20
C003008,Carrier A,Property,Agent,2026-09-10,2026-09,2026-09-18,Closed,0,7.36,8,21,9606.38,20
C003009,Carrier B,Auto,Mobile,2026-05-31,2026-05,2026-06-09,Closed,0,2.73,9,123,7912.49,14
C003010,Carrier A,Auto,Web,2026-08-03,2026-08,2026-08-09,Closed,0,16.24,6,59,2602.06,14
C003011,Carrier B,Liability,Mobile,2026-08-03,2026-08,2026-08-12,Closed,1,16.18,9,59,4585.57,14
C003012,Carrier B,Property,Web,2026-06-29,2026-06,2026-07-13,Closed,0,1.99,14,94,11215.25,20
C003013,Carrier C,Auto,Mobile,2026-08-07,2026-08,2026-08-23,Closed,1,12.9,16,55,3552.11,14
C003014,Carrier A,Liability,Mobile,2026-09-19,2026-09,,Open,0,10.24,,12,0,14
C003015,Carrier A,Property,Mobile,2026-08-02,2026-08,2026-08-27,Closed,1,11.22,25,60,3916.01,20
C003016,Carrier B,Auto,Web,2026-04-03,2026-04,,Open,0,11.7,,181,0,14
C003017,Carrier A,Property,Mobile,2026-08-24,2026-08,2026-09-20,Closed,1,19.71,27,38,1436.15,20
C003018,Carrier C,Liability,Mobile,2026-05-02,2026-05,2026-05-15,Closed,1,22.31,13,152,5581.37,14
C003019,Carrier C,Property,Mobile,2026-08-24,2026-08,2026-09-10,Closed,0,16.9,17,38,5250.7,20
C003020,Carrier C,Property,Mobile,2026-05-16,2026-05,2026-05-30,Closed,0,14.16,14,138,2249.31,20
C003021,Carrier C,Liability,Agent,2026-08-13,2026-08,2026-08-17,Closed,0,7.71,4,49,7142.02,14
C003022,Carrier B,Liability,Mobile,2026-08-12,2026-08,2026-09-05,Closed,1,23.6,24,50,2745.08,14
C003023,Carrier C,Property,Web,2026-08-27,2026-08,2026-09-11,Closed,0,6.2,15,35,9613.94,20
C003024,Carrier A,Auto,Agent,2026-04-16,2026-04,2026-05-08,Closed,0,13.83,22,168,3662.85,14
C003025,Carrier A,Auto,Mobile,2026-08-15,2026-08,2026-08-24,Closed,0,8.92,9,47,7376.78,14
C003026,Carrier A,Property,Mobile,2026-08-03,2026-08,2026-08-24,Closed,0,5.06,21,59,3734.85,20
C003027,Carrier A,Property,Agent,2026-04-19,2026-04,2026-04-26,Closed,0,13.42,7,165,7196.28,20
C003028,Carrier B,Liability,Agent,2026-04-30,2026-04,2026-05-14,Closed,0,14.28,14,154,2763.71,14
C003029,Carrier B,Auto,Mobile,2026-06-01,2026-06,2026-06-11,Closed,1,24.67,10,122,14220.83,14
C003030,Carrier C,Liability,Mobile,2026-09-12,2026-09,2026-09-21,Closed,0,12.05,9,19,3017.31,14
C003031,Carrier A,Liability,Mobile,2026-08-31,2026-08,2026-09-08,Closed,0,5.33,8,31,702.93,14
C003032,Carrier B,Auto,Web,2026-04-15,2026-04,2026-05-03,Closed,0,1.84,18,169,3537.65,14
C003033,Carrier A,Liability,Agent,2026-05-28,2026-05,2026-06-06,Closed,0,11.65,9,126,3202.79,14
C003034,Carrier A,Liability,Mobile,2026-08-22,2026-08,2026-09-12,Closed,1,13.75,21,40,2211.84,14
C003035,Carrier C,Liability,Mobile,2026-07-14,2026-07,2026-07-26,Closed,1,22.74,12,79,23946.07,14
C003036,Carrier B,Liability,Web,2026-07-07,2026-07,,Open,0,12.19,,86,0,14
C003037,Carrier C,Property,Agent,2026-08-31,2026-08,2026-09-05,Closed,0,2.01,5,31,3926.57,20
C003038,Carrier A,Property,Agent,2026-05-04,2026-05,2026-05-22,Closed,1,14.71,18,150,7271.64,20
C003039,Carrier B,Liability,Agent,2026-07-20,2026-07,2026-08-01,Closed,1,17.98,12,73,8285.58,14
C003040,Carrier B,Auto,Web,2026-08-18,2026-08,2026-08-23,Closed,0,13.61,5,44,3602.46,14
C003041,Carrier C,Auto,Agent,2026-07-24,2026-07,2026-08-11,Closed,1,27.11,18,69,2166.04,14
C003042,Carrier C,Liability,Mobile,2026-07-24,2026-07,2026-07-27,Closed,0,9.44,3,69,66320.42,14
C003043,Carrier A,Auto,Web,2026-05-05,2026-05,2026-05-16,Closed,1,22.5,11,149,4164.65,14
C003044,Carrier C,Property,Web,2026-04-09,2026-04,2026-04-15,Closed,0,13.62,6,175,5666.2,20
C003045,Carrier B,Liability,Web,2026-07-25,2026-07,2026-07-28,Closed,0,10.9,3,68,3143.01,14
C003046,Carrier B,Liability,Web,2026-08-08,2026-08,2026-08-10,Closed,0,12.77,2,54,301.59,14
C003047,Carrier A,Auto,Agent,2026-04-14,2026-04,2026-04-17,Closed,0,5.5,3,170,1132.33,14
C003048,Carrier B,Auto,Web,2026-08-23,2026-08,2026-09-01,Closed,0,8.52,9,39,1978.14,14
C003049,Carrier C,Property,Web,2026-08-16,2026-08,2026-08-22,Closed,0,17.29,6,46,3878.29,20
C003050,Carrier A,Auto,Web,2026-05-10,2026-05,2026-05-12,Closed,0,14.92,2,144,1378.36,14
C003051,Carrier B,Liability,Web,2026-09-16,2026-09,2026-09-28,Closed,0,7.32,12,15,995.97,14
C003052,Carrier A,Auto,Agent,2026-09-15,2026-09,2026-09-19,Closed,0,4.46,4,16,716.15,14
C003053,Carrier C,Auto,Mobile,2026-09-02,2026-09,2026-09-16,Closed,1,15.14,14,29,825.69,14
C003054,Carrier B,Property,Web,2026-04-29,2026-04,2026-05-17,Closed,0,15.48,18,155,616.09,20
C003055,Carrier A,Property,Mobile,2026-06-05,2026-06,2026-06-23,Closed,1,21.5,18,118,10529.94,20
C003056,Carrier A,Property,Mobile,2026-05-12,2026-05,2026-06-02,Closed,0,15.24,21,142,5122.52,20
C003057,Carrier A,Auto,Web,2026-08-22,2026-08,2026-08-25,Closed,0,3.44,3,40,2393.31,14
C003058,Carrier C,Auto,Web,2026-07-07,2026-07,2026-07-20,Closed,1,13.76,13,86,5462.41,14
C003059,Carrier C,Auto,Mobile,2026-05-14,2026-05,2026-05-27,Closed,1,15.05,13,140,3478.59,14
C003060,Carrier A,Liability,Web,2026-08-15,2026-08,2026-08-23,Closed,0,16.13,8,47,1078.53,14
C003061,Carrier B,Liability,Web,2026-04-11,2026-04,2026-04-20,Closed,0,10.26,9,173,3737.93,14
C003062,Carrier B,Auto,Mobile,2026-08-14,2026-08,2026-08-16,Closed,0,3.16,2,48,3542.65,14
C003063,Carrier C,Auto,Mobile,2026-04-05,2026-04,2026-04-09,Closed,0,15.51,4,179,1420.51,14
C003064,Carrier B,Auto,Agent,2026-04-23,2026-04,2026-05-02,Closed,0,6.74,9,161,7697.09,14
C003065,Carrier B,Auto,Agent,2026-05-07,2026-05,2026-05-20,Closed,0,8.31,13,147,8505.62,14
C003066,Carrier A,Property,Agent,2026-08-11,2026-08,,Open,0,10.55,,51,0,20
C003067,Carrier C,Liability,Web,2026-06-22,2026-06,2026-06-28,Closed,0,15.73,6,101,4358.23,14
C003068,Carrier C,Property,Agent,2026-05-08,2026-05,2026-05-17,Closed,0,1.47,9,146,1700.49,20
C003069,Carrier C,Liability,Agent,2026-08-20,2026-08,,Open,0,4.68,,42,0,14
C003070,Carrier B,Property,Web,2026-07-25,2026-07,2026-08-15,Closed,0,3.63,21,68,4016.19,20
C003071,Carrier C,Property,Web,2026-08-23,2026-08,2026-08-31,Closed,0,4.15,8,39,7643.92,20
C003072,Carrier B,Property,Web,2026-06-03,2026-06,2026-06-10,Closed,0,14.49,7,120,5019.81,20
C003073,Carrier A,Property,Mobile,2026-04-19,2026-04,2026-04-27,Closed,0,7.21,8,165,5169.84,20
C003074,Carrier A,Liability,Web,2026-06-28,2026-06,2026-07-01,Closed,0,2.75,3,95,1535.11,14
C003075,Carrier C,Property,Web,2026-07-02,2026-07,2026-07-12,Closed,0,7.55,10,91,19029.7,20
C003076,Carrier B,Liability,Mobile,2026-06-28,2026-06,2026-07-07,Closed,0,12.56,9,95,5429.05,14
C003077,Carrier C,Liability,Mobile,2026-06-24,2026-06,2026-06-25,Closed,0,5.82,1,99,3424.45,14
C003078,Carrier B,Liability,Mobile,2026-08-30,2026-08,2026-09-09,Closed,0,5.09,10,32,16222.77,14
C003079,Carrier C,Property,Web,2026-04-23,2026-04,2026-05-02,Closed,0,6.72,9,161,4434.44,20
C003080,Carrier A,Auto,Mobile,2026-09-11,2026-09,2026-09-28,Closed,0,1.69,17,20,1228.66,14
C003081,Carrier B,Liability,Web,2026-08-27,2026-08,2026-08-29,Closed,0,11.95,2,35,1400.87,14
C003082,Carrier C,Property,Mobile,2026-09-06,2026-09,2026-09-20,Closed,0,6.36,14,25,2260.81,20
C003083,Carrier C,Auto,Agent,2026-05-07,2026-05,,Open,0,4.55,,147,0,14
C003084,Carrier B,Property,Mobile,2026-04-08,2026-04,2026-04-14,Closed,0,5.15,6,176,34005.54,20
C003085,Carrier B,Property,Web,2026-08-07,2026-08,2026-08-24,Closed,0,1.4,17,55,3537.86,20
C003086,Carrier C,Liability,Agent,2026-05-06,2026-05,,Open,0,1.72,,148,0,14
C003087,Carrier B,Auto,Agent,2026-09-08,2026-09,2026-09-13,Closed,0,14.17,5,23,6319.91,14
C003088,Carrier C,Auto,Mobile,2026-05-18,2026-05,,Open,0,12.49,,136,0,14
C003089,Carrier A,Property,Agent,2026-07-26,2026-07,2026-08-06,Closed,0,12.11,11,67,2272.27,20
C003090,Carrier A,Property,Agent,2026-08-07,2026-08,2026-08-26,Closed,0,6.7,19,55,3424.69,20
C003091,Carrier B,Liability,Web,2026-07-13,2026-07,,Open,0,15.77,,80,0,14
C003092,Carrier A,Property,Mobile,2026-07-26,2026-07,2026-08-11,Closed,1,18.76,16,67,5267.32,20
C003093,Carrier A,Auto,Agent,2026-07-05,2026-07,2026-08-02,Closed,0,10.73,28,88,7857.68,14
C003094,Carrier B,Liability,Agent,2026-07-04,2026-07,2026-07-18,Closed,1,27.41,14,89,3574.48,14
C003095,Carrier C,Liability,Agent,2026-08-19,2026-08,2026-08-23,Closed,0,8.34,4,43,3063.35,14
C003096,Carrier A,Auto,Agent,2026-07-25,2026-07,2026-08-09,Closed,1,23.42,15,68,2297.5,14
C003097,Carrier B,Liability,Web,2026-04-05,2026-04,2026-04-26,Closed,1,15.88,21,179,5224.29,14
C003098,Carrier A,Auto,Agent,2026-08-14,2026-08,2026-08-18,Closed,0,13.06,4,48,5055.62,14
C003099,Carrier C,Auto,Agent,2026-08-10,2026-08,2026-08-14,Closed,0,11.94,4,52,896.16,14
C003100,Carrier A,Property,Agent,2026-08-23,2026-08,2026-09-11,Closed,1,18.33,19,39,3344.18,20
C003101,Carrier C,Property,Agent,2026-09-13,2026-09,2026-09-22,Closed,0,9.85,9,18,3990.24,20
C003102,Carrier B,Liability,Mobile,2026-08-19,2026-08,2026-08-24,Closed,0,16.51,5,43,4532.68,14
C003103,Carrier A,Auto,Mobile,2026-06-11,2026-06,2026-06-22,Closed,1,21.82,11,112,1256.59,14
C003104,Carrier C,Liability,Web,2026-08-22,2026-08,2026-08-23,Closed,0,7.58,1,40,3994.53,14
C003105,Carrier A,Liability,Mobile,2026-04-28,2026-04,2026-05-14,Closed,0,11.59,16,156,4160.12,14
C003106,Carrier A,Property,Web,2026-04-05,2026-04,2026-04-28,Closed,0,17.48,23,179,6266.52,20
C003107,Carrier C,Auto,Mobile,2026-09-29,2026-09,,Open,0,4.31,,2,0,14
C003108,Carrier B,Auto,Agent,2026-09-22,2026-09,2026-09-23,Closed,0,9.59,1,9,2360.16,14
C003109,Carrier C,Property,Web,2026-09-02,2026-09,2026-09-09,Closed,0,17.94,7,29,2926.29,20
C003110,Carrier C,Property,Mobile,2026-09-18,2026-09,2026-10-01,Closed,0,8.26,13,13,20238.19,20
C003111,Carrier B,Property,Mobile,2026-04-15,2026-04,2026-04-25,Closed,0,6.43,10,169,1935.48,20
C003112,Carrier A,Property,Web,2026-04-13,2026-04,2026-05-01,Closed,0,9.61,18,171,1939.01,20
C003113,Carrier C,Auto,Agent,2026-05-08,2026-05,2026-05-17,Closed,0,8.26,9,146,11624.77,14
C003114,Carrier A,Property,Mobile,2026-04-17,2026-04,2026-04-23,Closed,0,6.89,6,167,2286.73,20
C003115,Carrier B,Auto,Agent,2026-06-23,2026-06,2026-06-28,Closed,0,6.8,5,100,2752.38,14
C003116,Carrier C,Auto,Agent,2026-09-28,2026-09,,Open,0,16.01,,3,0,14
C003117,Carrier A,Property,Web,2026-07-24,2026-07,2026-08-04,Closed,0,16.25,11,69,4411.1,20
C003118,Carrier A,Liability,Web,2026-07-25,2026-07,2026-08-07,Closed,0,4.69,13,68,10813.5,14
C003119,Carrier B,Property,Agent,2026-09-27,2026-09,,Open,0,5.75,,4,0,20
C003120,Carrier C,Liability,Web,2026-06-15,2026-06,2026-06-26,Closed,0,5.35,11,108,2762.14,14
C003121,Carrier A,Liability,Web,2026-09-13,2026-09,,Open,0,17.04,,18,0,14
C003122,Carrier C,Auto,Mobile,2026-06-20,2026-06,2026-06-23,Closed,0,16.16,3,103,1483.24,14
C003123,Carrier A,Property,Mobile,2026-09-10,2026-09,2026-09-18,Closed,0,16.24,8,21,1123.15,20
C003124,Carrier C,Property,Mobile,2026-08-09,2026-08,2026-08-27,Closed,0,5.72,18,53,3433.88,20
C003125,Carrier A,Liability,Web,2026-04-04,2026-04,2026-04-07,Closed,0,9.49,3,180,4133.53,14
C003126,Carrier B,Liability,Web,2026-08-17,2026-08,2026-08-30,Closed,1,25.74,13,45,4671.78,14
C003127,Carrier C,Liability,Mobile,2026-06-26,2026-06,2026-07-08,Closed,0,8.51,12,97,2167.21,14
C003128,Carrier C,Auto,Agent,2026-06-13,2026-06,2026-06-28,Closed,0,15.15,15,110,19382.05,14
C003129,Carrier B,Property,Agent,2026-05-16,2026-05,2026-05-24,Closed,0,4.28,8,138,2389.71,20
C003130,Carrier C,Auto,Mobile,2026-09-23,2026-09,,Open,0,14.23,,8,0,14
C003131,Carrier B,Liability,Mobile,2026-06-10,2026-06,2026-06-29,Closed,0,3.85,19,113,4445.65,14
C003132,Carrier A,Liability,Web,2026-06-21,2026-06,2026-07-04,Closed,1,23.18,13,102,3500.99,14
C003133,Carrier A,Auto,Web,2026-08-13,2026-08,2026-08-15,Closed,0,12.18,2,49,5800.44,14
C003134,Carrier B,Liability,Mobile,2026-05-25,2026-05,2026-06-04,Closed,0,1.09,10,129,1806.86,14
C003135,Carrier A,Property,Agent,2026-07-06,2026-07,2026-07-23,Closed,1,13.82,17,87,1591.06,20
C003136,Carrier C,Liability,Agent,2026-08-29,2026-08,2026-09-04,Closed,0,8.46,6,33,6118.19,14
C003137,Carrier B,Property,Mobile,2026-09-27,2026-09,,Open,0,13.1,,4,0,20
C003138,Carrier C,Liability,Web,2026-05-31,2026-05,2026-06-01,Closed,0,12.49,1,123,9225.59,14
C003139,Carrier C,Property,Web,2026-05-24,2026-05,2026-06-04,Closed,0,5.75,11,130,5066.69,20
C003140,Carrier C,Auto,Web,2026-04-19,2026-04,2026-04-22,Closed,0,9.25,3,165,3343.48,14
C003141,Carrier B,Auto,Agent,2026-07-15,2026-07,2026-07-28,Closed,0,8.03,13,78,5884.76,14
C003142,Carrier B,Property,Mobile,2026-08-27,2026-08,2026-09-21,Closed,1,26.6,25,35,11546.99,20
C003143,Carrier C,Property,Agent,2026-08-21,2026-08,2026-09-08,Closed,1,24.25,18,41,4913.94,20
C003144,Carrier C,Auto,Mobile,2026-05-02,2026-05,2026-05-04,Closed,0,17.19,2,152,2234.66,14
C003145,Carrier C,Auto,Web,2026-07-28,2026-07,2026-08-10,Closed,0,12.34,13,65,3161.65,14
C003146,Carrier A,Liability,Mobile,2026-06-27,2026-06,,Open,1,11.15,,96,0,14
C003147,Carrier B,Property,Mobile,2026-04-12,2026-04,2026-04-30,Closed,1,26.08,18,172,5707.24,20
C003148,Carrier C,Property,Agent,2026-06-30,2026-06,2026-07-19,Closed,0,6.02,19,93,1228.39,20
C003149,Carrier C,Liability,Mobile,2026-04-07,2026-04,2026-04-25,Closed,1,25.74,18,177,3914.41,14
C003150,Carrier B,Liability,Mobile,2026-08-27,2026-08,2026-09-02,Closed,0,10.09,6,35,1539.29,14
C003151,Carrier C,Property,Agent,2026-08-11,2026-08,2026-08-18,Closed,0,7.07,7,51,1917.21,20
C003152,Carrier B,Auto,Agent,2026-04-02,2026-04,2026-04-08,Closed,0,1.18,6,182,4766.35,14
C003153,Carrier A,Auto,Agent,2026-04-25,2026-04,2026-04-29,Closed,0,2.88,4,159,8204.83,14
C003154,Carrier B,Auto,Agent,2026-05-26,2026-05,,Open,0,7.12,,128,0,14
C003155,Carrier A,Property,Mobile,2026-06-12,2026-06,2026-06-23,Closed,0,1.51,11,111,3245.62,20
C003156,Carrier B,Property,Agent,2026-07-14,2026-07,2026-08-03,Closed,1,20.43,20,79,8892.59,20
C003157,Carrier A,Property,Web,2026-09-18,2026-09,,Open,1,15.82,,13,0,20
C003158,Carrier B,Property,Web,2026-05-22,2026-05,2026-06-19,Closed,1,15.08,28,132,1738.12,20
C003159,Carrier A,Auto,Agent,2026-04-01,2026-04,2026-04-11,Closed,0,4.67,10,183,6065.55,14
C003160,Carrier A,Auto,Mobile,2026-05-14,2026-05,,Open,0,9.25,,140,0,14
C003161,Carrier B,Liability,Agent,2026-09-18,2026-09,2026-09-22,Closed,0,4.05,4,13,4044.93,14
C003162,Carrier B,Liability,Web,2026-06-08,2026-06,2026-06-19,Closed,0,5.66,11,115,6280.65,14
C003163,Carrier C,Property,Agent,2026-09-04,2026-09,2026-09-13,Closed,0,15.63,9,27,5518.44,20
C003164,Carrier A,Property,Mobile,2026-09-01,2026-09,2026-09-10,Closed,0,10.22,9,30,2286.29,20
C003165,Carrier A,Liability,Web,2026-09-02,2026-09,2026-09-03,Closed,0,8.48,1,29,7286.62,14
C003166,Carrier B,Auto,Mobile,2026-05-27,2026-05,2026-06-24,Closed,1,19.44,28,127,2118.03,14
C003167,Carrier B,Property,Mobile,2026-04-19,2026-04,2026-04-26,Closed,0,6.48,7,165,3214.27,20
C003168,Carrier B,Auto,Mobile,2026-08-25,2026-08,2026-09-18,Closed,1,26.87,24,37,12156.72,14
C003169,Carrier A,Auto,Web,2026-04-23,2026-04,2026-05-02,Closed,0,6.38,9,161,2007.29,14
C003170,Carrier C,Auto,Mobile,2026-09-11,2026-09,2026-09-15,Closed,0,17.42,4,20,3347.18,14
C003171,Carrier B,Property,Mobile,2026-09-28,2026-09,,Open,0,16.94,,3,0,20
C003172,Carrier B,Liability,Web,2026-08-21,2026-08,2026-09-04,Closed,1,18.63,14,41,3721.17,14
C003173,Carrier C,Liability,Web,2026-08-02,2026-08,2026-08-30,Closed,1,23.13,28,60,4699.89,14
C003174,Carrier B,Liability,Agent,2026-04-09,2026-04,2026-04-11,Closed,0,10.43,2,175,3317.05,14
C003175,Carrier A,Property,Mobile,2026-06-18,2026-06,,Open,0,16.49,,105,0,20
C003176,Carrier C,Liability,Web,2026-07-23,2026-07,2026-08-03,Closed,0,4.98,11,70,3273.31,14
C003177,Carrier C,Liability,Agent,2026-08-09,2026-08,2026-08-15,Closed,0,2.0,6,53,778.79,14
C003178,Carrier A,Liability,Agent,2026-04-03,2026-04,,Open,0,7.42,,181,0,14
C003179,Carrier B,Auto,Web,2026-07-12,2026-07,,Open,0,15.16,,81,0,14
C003180,Carrier C,Auto,Agent,2026-09-15,2026-09,2026-09-21,Closed,0,6.19,6,16,3370.9,14
C003181,Carrier C,Auto,Web,2026-09-26,2026-09,2026-09-28,Closed,0,12.6,2,5,1714.16,14
C003182,Carrier C,Property,Mobile,2026-05-07,2026-05,2026-05-22,Closed,0,14.81,15,147,3510.4,20
C003183,Carrier A,Property,Mobile,2026-05-10,2026-05,2026-05-29,Closed,0,17.03,19,144,6019.01,20
C003184,Carrier C,Liability,Agent,2026-05-11,2026-05,2026-05-20,Closed,1,14.66,9,143,4665.25,14
C003185,Carrier B,Auto,Mobile,2026-06-12,2026-06,2026-06-25,Closed,0,3.74,13,111,10030.54,14
C003186,Carrier A,Property,Agent,2026-05-01,2026-05,2026-05-20,Closed,0,5.43,19,153,2581.75,20
C003187,Carrier A,Auto,Agent,2026-07-01,2026-07,,Open,0,4.47,,92,0,14
C003188,Carrier B,Liability,Agent,2026-06-05,2026-06,2026-06-10,Closed,0,14.36,5,118,5589.05,14
C003189,Carrier A,Liability,Mobile,2026-05-20,2026-05,2026-05-28,Closed,0,7.94,8,134,4493.28,14
C003190,Carrier C,Liability,Web,2026-09-18,2026-09,2026-09-27,Closed,0,17.61,9,13,5444.51,14
C003191,Carrier C,Liability,Agent,2026-08-21,2026-08,2026-09-05,Closed,0,3.21,15,41,2150.37,14
C003192,Carrier B,Auto,Mobile,2026-04-21,2026-04,2026-05-01,Closed,1,21.68,10,163,2620.57,14
C003193,Carrier A,Auto,Agent,2026-04-26,2026-04,2026-04-30,Closed,0,3.11,4,158,1486.35,14
C003194,Carrier A,Property,Mobile,2026-06-14,2026-06,2026-06-22,Closed,0,7.87,8,109,8375.81,20
C003195,Carrier B,Property,Web,2026-04-19,2026-04,2026-05-20,Closed,0,5.71,31,165,3781.46,20
C003196,Carrier C,Property,Agent,2026-06-20,2026-06,2026-07-09,Closed,0,17.16,19,103,2099.04,20
C003197,Carrier B,Liability,Web,2026-09-02,2026-09,2026-09-21,Closed,0,10.98,19,29,1618.65,14
C003198,Carrier B,Auto,Web,2026-07-15,2026-07,2026-08-07,Closed,1,19.43,23,78,7698.17,14
C003199,Carrier C,Property,Web,2026-04-23,2026-04,2026-05-28,Closed,0,1.22,35,161,3683.66,20
C003200,Carrier A,Auto,Mobile,2026-05-30,2026-05,2026-06-11,Closed,1,19.9,12,124,6890.43,14
C003201,Carrier C,Liability,Web,2026-04-19,2026-04,2026-04-28,Closed,0,3.96,9,165,1903.82,14
C003202,Carrier C,Liability,Mobile,2026-07-29,2026-07,2026-08-04,Closed,0,13.94,6,64,4349.45,14
C003203,Carrier C,Property,Agent,2026-09-23,2026-09,2026-10-01,Closed,0,9.88,8,8,6905.66,20
C003204,Carrier C,Auto,Agent,2026-09-30,2026-09,,Open,0,1.66,,1,0,14
C003205,Carrier A,Liability,Agent,2026-04-01,2026-04,2026-04-16,Closed,0,3.74,15,183,2492.53,14
C003206,Carrier C,Auto,Mobile,2026-06-10,2026-06,2026-06-24,Closed,1,16.44,14,113,3182.67,14
C003207,Carrier A,Liability,Agent,2026-09-08,2026-09,2026-09-14,Closed,0,8.41,6,23,5701.99,14
C003208,Carrier B,Auto,Mobile,2026-04-20,2026-04,2026-04-26,Closed,0,7.32,6,164,1444.13,14
C003209,Carrier C,Property,Agent,2026-05-01,2026-05,2026-05-21,Closed,0,14.19,20,153,1420.63,20
C003210,Carrier A,Liability,Agent,2026-09-22,2026-09,,Open,0,2.19,,9,0,14
C003211,Carrier A,Property,Agent,2026-08-10,2026-08,2026-09-11,Closed,1,12.39,32,52,5397.41,20
C003212,Carrier B,Auto,Web,2026-07-20,2026-07,2026-07-28,Closed,0,11.56,8,73,3970.82,14
C003213,Carrier C,Property,Agent,2026-07-31,2026-07,2026-08-16,Closed,0,1.34,16,62,919.33,20
C003214,Carrier C,Liability,Agent,2026-04-19,2026-04,2026-04-21,Closed,0,11.19,2,165,6180.81,14
C003215,Carrier B,Property,Web,2026-06-19,2026-06,2026-06-27,Closed,0,3.4,8,104,3091.7,20
C003216,Carrier C,Liability,Mobile,2026-06-10,2026-06,2026-06-18,Closed,0,14.62,8,113,2794.46,14
C003217,Carrier C,Property,Mobile,2026-05-13,2026-05,2026-05-25,Closed,0,13.9,12,141,5346.16,20
C003218,Carrier B,Liability,Web,2026-09-24,2026-09,,Open,1,19.83,,7,0,14
C003219,Carrier B,Auto,Web,2026-05-03,2026-05,2026-05-05,Closed,0,6.09,2,151,8215.7,14
C003220,Carrier B,Auto,Agent,2026-08-23,2026-08,2026-08-26,Closed,0,15.0,3,39,6277.76,14
C003221,Carrier C,Auto,Agent,2026-06-28,2026-06,2026-06-30,Closed,0,1.08,2,95,438.52,14
C003222,Carrier A,Liability,Web,2026-05-16,2026-05,,Open,0,3.64,,138,0,14
C003223,Carrier B,Liability,Web,2026-04-26,2026-04,2026-04-28,Closed,0,2.44,2,158,3506.78,14
C003224,Carrier A,Liability,Web,2026-08-18,2026-08,2026-08-22,Closed,0,6.21,4,44,1698.04,14
C003225,Carrier A,Auto,Web,2026-07-28,2026-07,2026-08-08,Closed,1,16.12,11,65,1246.16,14
C003226,Carrier A,Auto,Mobile,2026-07-01,2026-07,2026-07-11,Closed,0,15.34,10,92,3264.15,14
C003227,Carrier A,Property,Mobile,2026-09-01,2026-09,2026-09-23,Closed,0,17.63,22,30,5821.55,20
C003228,Carrier A,Auto,Agent,2026-04-04,2026-04,2026-05-10,Closed,1,14.69,36,180,764.52,14
C003229,Carrier C,Liability,Agent,2026-04-05,2026-04,2026-04-14,Closed,0,3.93,9,179,3162.77,14
C003230,Carrier B,Property,Agent,2026-05-15,2026-05,2026-05-26,Closed,0,12.85,11,139,18984.95,20
C003231,Carrier A,Property,Agent,2026-08-06,2026-08,2026-08-14,Closed,0,15.55,8,56,2608.37,20
C003232,Carrier C,Property,Agent,2026-05-07,2026-05,2026-05-18,Closed,0,10.88,11,147,2604.09,20
C003233,Carrier C,Property,Web,2026-06-12,2026-06,2026-06-18,Closed,0,15.43,6,111,9260.12,20
C003234,Carrier A,Liability,Web,2026-04-27,2026-04,2026-05-02,Closed,0,2.55,5,157,2088.45,14
C003235,Carrier B,Liability,Agent,2026-05-19,2026-05,2026-06-07,Closed,1,21.02,19,135,5216.81,14
C003236,Carrier A,Liability,Mobile,2026-07-10,2026-07,2026-07-23,Closed,1,23.31,13,83,628.06,14
C003237,Carrier C,Liability,Web,2026-09-17,2026-09,2026-09-29,Closed,0,5.11,12,14,1147.88,14
C003238,Carrier A,Liability,Web,2026-05-20,2026-05,2026-05-28,Closed,0,17.28,8,134,8577.4,14
C003239,Carrier A,Auto,Agent,2026-09-02,2026-09,2026-09-13,Closed,0,15.99,11,29,21636.54,14
C003240,Carrier B,Property,Web,2026-04-12,2026-04,2026-05-04,Closed,0,4.49,22,172,4045.6,20
C003241,Carrier B,Property,Mobile,2026-04-17,2026-04,2026-05-05,Closed,0,15.05,18,167,552.87,20
C003242,Carrier C,Liability,Mobile,2026-09-24,2026-09,,Open,0,7.67,,7,0,14
C003243,Carrier B,Liability,Mobile,2026-07-05,2026-07,2026-07-18,Closed,1,24.43,13,88,4042.51,14
C003244,Carrier B,Property,Mobile,2026-05-22,2026-05,,Open,1,19.86,,132,0,20
C003245,Carrier A,Property,Agent,2026-07-17,2026-07,2026-07-27,Closed,0,10.34,10,76,5408.01,20
C003246,Carrier B,Auto,Mobile,2026-09-20,2026-09,2026-09-28,Closed,0,14.6,8,11,6009.46,14
C003247,Carrier C,Auto,Agent,2026-07-31,2026-07,2026-08-04,Closed,0,16.33,4,62,7455.08,14
C003248,Carrier A,Auto,Mobile,2026-09-28,2026-09,,Open,0,1.59,,3,0,14
C003249,Carrier C,Auto,Mobile,2026-09-26,2026-09,,Open,1,25.02,,5,0,14
C003250,Carrier B,Auto,Web,2026-08-09,2026-08,2026-08-11,Closed,0,7.5,2,53,3451.68,14
C003251,Carrier A,Property,Mobile,2026-08-31,2026-08,2026-09-19,Closed,1,27.16,19,31,8110.01,20
C003252,Carrier B,Liability,Web,2026-04-23,2026-04,2026-05-09,Closed,1,21.64,16,161,904.53,14
C003253,Carrier A,Auto,Mobile,2026-09-23,2026-09,,Open,1,18.23,,8,0,14
C003254,Carrier B,Liability,Web,2026-07-03,2026-07,2026-07-17,Closed,0,8.63,14,90,2827.32,14
C003255,Carrier C,Property,Web,2026-06-12,2026-06,2026-07-01,Closed,0,8.67,19,111,1789.43,20
C003256,Carrier A,Property,Agent,2026-06-15,2026-06,,Open,0,9.57,,108,0,20
C003257,Carrier B,Auto,Mobile,2026-05-21,2026-05,2026-05-31,Closed,1,27.39,10,133,1666.17,14
C003258,Carrier A,Property,Agent,2026-04-09,2026-04,2026-04-24,Closed,1,18.63,15,175,2738.53,20
C003259,Carrier A,Auto,Web,2026-09-08,2026-09,2026-10-01,Closed,0,14.2,23,23,2153.42,14
C003260,Carrier C,Auto,Agent,2026-07-04,2026-07,2026-07-13,Closed,0,1.05,9,89,7303.22,14
C003261,Carrier A,Liability,Agent,2026-05-30,2026-05,2026-06-04,Closed,0,8.13,5,124,5110.7,14
C003262,Carrier C,Property,Web,2026-04-16,2026-04,2026-05-02,Closed,0,8.84,16,168,1331.3,20
C003263,Carrier C,Auto,Web,2026-04-01,2026-04,2026-04-17,Closed,0,13.13,16,183,1707.52,14
C003264,Carrier A,Property,Agent,2026-07-07,2026-07,2026-07-15,Closed,0,1.67,8,86,4131.55,20
C003265,Carrier B,Property,Mobile,2026-06-14,2026-06,2026-06-24,Closed,0,1.45,10,109,2730.44,20
C003266,Carrier C,Auto,Agent,2026-05-12,2026-05,2026-05-19,Closed,0,16.13,7,142,1599.66,14
C003267,Carrier A,Property,Mobile,2026-07-15,2026-07,2026-07-31,Closed,0,3.67,16,78,1982.2,20
C003268,Carrier C,Liability,Mobile,2026-06-11,2026-06,2026-06-28,Closed,0,8.12,17,112,1945.3,14
C003269,Carrier B,Liability,Mobile,2026-06-29,2026-06,2026-07-20,Closed,1,25.28,21,94,2639.72,14
C003270,Carrier B,Liability,Mobile,2026-08-18,2026-08,2026-08-27,Closed,0,16.67,9,44,3786.21,14
C003271,Carrier B,Property,Mobile,2026-06-09,2026-06,2026-06-25,Closed,0,3.69,16,114,1554.42,20
C003272,Carrier C,Auto,Mobile,2026-05-27,2026-05,2026-06-12,Closed,1,19.76,16,127,1810.1,14
C003273,Carrier A,Auto,Agent,2026-09-09,2026-09,2026-09-18,Closed,1,24.3,9,22,1337.84,14
C003274,Carrier C,Liability,Agent,2026-09-16,2026-09,2026-09-20,Closed,0,6.3,4,15,10772.39,14
C003275,Carrier A,Liability,Web,2026-06-29,2026-06,2026-07-16,Closed,0,12.12,17,94,27801.24,14
C003276,Carrier A,Property,Mobile,2026-04-03,2026-04,2026-04-22,Closed,1,15.18,19,181,5333.73,20
C003277,Carrier B,Liability,Agent,2026-08-12,2026-08,2026-08-22,Closed,0,9.78,10,50,1208.19,14
C003278,Carrier A,Auto,Mobile,2026-08-20,2026-08,2026-09-03,Closed,1,11.76,14,42,1566.42,14
C003279,Carrier C,Property,Mobile,2026-04-02,2026-04,2026-04-12,Closed,0,6.12,10,182,651.26,20
C003280,Carrier A,Auto,Web,2026-05-02,2026-05,2026-05-16,Closed,0,5.77,14,152,1307.26,14
C003281,Carrier B,Auto,Mobile,2026-08-22,2026-08,2026-08-26,Closed,0,16.56,4,40,2727.83,14
C003282,Carrier C,Liability,Mobile,2026-06-17,2026-06,2026-07-01,Closed,1,18.1,14,106,3688.53,14
C003283,Carrier C,Auto,Mobile,2026-08-31,2026-08,2026-09-08,Closed,0,17.97,8,31,2860.05,14
C003284,Carrier A,Property,Agent,2026-08-02,2026-08,2026-08-16,Closed,0,13.52,14,60,2398.2,20
C003285,Carrier A,Liability,Web,2026-06-23,2026-06,2026-06-30,Closed,0,9.51,7,100,6676.62,14
C003286,Carrier C,Auto,Mobile,2026-06-12,2026-06,2026-06-17,Closed,0,16.42,5,111,5192.79,14
C003287,Carrier A,Auto,Web,2026-06-28,2026-06,2026-07-11,Closed,1,20.69,13,95,3239.28,14
C003288,Carrier A,Auto,Web,2026-07-22,2026-07,2026-07-25,Closed,0,6.57,3,71,1840.05,14
C003289,Carrier A,Liability,Web,2026-08-23,2026-08,2026-09-03,Closed,1,22.85,11,39,4475.82,14
C003290,Carrier C,Auto,Mobile,2026-06-27,2026-06,,Open,0,3.38,,96,0,14
C003291,Carrier A,Auto,Mobile,2026-06-09,2026-06,2026-06-13,Closed,0,11.36,4,114,6357.32,14
C003292,Carrier B,Auto,Mobile,2026-04-16,2026-04,2026-04-20,Closed,0,16.7,4,168,4730.54,14
C003293,Carrier C,Property,Web,2026-05-16,2026-05,2026-05-27,Closed,0,8.15,11,138,3972.05,20
C003294,Carrier A,Liability,Web,2026-05-18,2026-05,2026-05-26,Closed,0,5.58,8,136,18458.01,14
C003295,Carrier B,Liability,Mobile,2026-05-11,2026-05,2026-05-14,Closed,0,7.3,3,143,5326.79,14
C003296,Carrier B,Property,Mobile,2026-07-30,2026-07,2026-08-05,Closed,0,4.93,6,63,3714.51,20
C003297,Carrier B,Liability,Mobile,2026-07-21,2026-07,2026-07-30,Closed,1,24.85,9,72,1191.64,14
C003298,Carrier A,Liability,Agent,2026-06-08,2026-06,2026-06-12,Closed,0,14.09,4,115,2040.53,14
C003299,Carrier A,Liability,Web,2026-08-30,2026-08,2026-09-09,Closed,0,10.62,10,32,7132.74,14
C003300,Carrier B,Liability,Agent,2026-07-09,2026-07,2026-07-26,Closed,1,15.69,17,84,12661.39,14
C003301,Carrier B,Auto,Web,2026-09-15,2026-09,,Open,0,6.44,,16,0,14
C003302,Carrier C,Property,Agent,2026-06-15,2026-06,2026-06-29,Closed,0,8.21,14,108,1642.65,20
C003303,Carrier B,Property,Mobile,2026-04-17,2026-04,2026-04-28,Closed,0,5.97,11,167,6171.89,20
C003304,Carrier C,Property,Agent,2026-04-27,2026-04,2026-05-03,Closed,0,8.99,6,157,1198.67,20
C003305,Carrier B,Liability,Agent,2026-09-08,2026-09,2026-09-24,Closed,0,10.3,16,23,1647.94,14
C003306,Carrier A,Liability,Web,2026-07-14,2026-07,2026-07-16,Closed,0,11.04,2,79,3039.9,14
C003307,Carrier B,Liability,Mobile,2026-04-24,2026-04,2026-04-28,Closed,0,9.35,4,160,1387.36,14
C003308,Carrier A,Property,Mobile,2026-05-04,2026-05,2026-05-17,Closed,0,7.33,13,150,2808.9,20
C003309,Carrier C,Liability,Web,2026-06-04,2026-06,2026-06-20,Closed,0,7.63,16,119,2986.48,14
C003310,Carrier C,Auto,Web,2026-05-10,2026-05,2026-05-17,Closed,0,12.56,7,144,2615.75,14
C003311,Carrier C,Auto,Agent,2026-08-20,2026-08,2026-08-22,Closed,0,4.36,2,42,3693.74,14
C003312,Carrier B,Auto,Agent,2026-05-11,2026-05,2026-05-14,Closed,0,15.04,3,143,2399.38,14
C003313,Carrier C,Auto,Mobile,2026-09-05,2026-09,2026-09-14,Closed,0,17.72,9,26,15059.15,14
C003314,Carrier B,Auto,Agent,2026-05-18,2026-05,2026-05-21,Closed,0,17.37,3,136,1161.98,14
C003315,Carrier B,Property,Mobile,2026-08-08,2026-08,2026-08-26,Closed,0,13.88,18,54,7025.39,20
C003316,Carrier A,Auto,Web,2026-05-30,2026-05,2026-06-10,Closed,0,15.46,11,124,1430.54,14
C003317,Carrier A,Property,Mobile,2026-08-12,2026-08,2026-08-19,Closed,0,13.65,7,50,2269.78,20
C003318,Carrier B,Liability,Mobile,2026-06-30,2026-06,2026-07-02,Closed,0,1.86,2,93,6248.03,14
C003319,Carrier A,Liability,Agent,2026-06-30,2026-06,2026-07-13,Closed,0,16.35,13,93,813.03,14
C003320,Carrier A,Auto,Agent,2026-07-03,2026-07,2026-07-09,Closed,0,7.06,6,90,4068.7,14
C003321,Carrier A,Property,Agent,2026-06-02,2026-06,2026-06-13,Closed,0,14.42,11,121,1835.68,20
C003322,Carrier B,Liability,Mobile,2026-04-20,2026-04,2026-04-24,Closed,0,7.12,4,164,6244.66,14
C003323,Carrier A,Auto,Web,2026-04-05,2026-04,2026-04-19,Closed,0,6.8,14,179,4616.03,14
C003324,Carrier B,Property,Web,2026-07-10,2026-07,2026-07-17,Closed,0,13.07,7,83,6344.78,20
C003325,Carrier B,Liability,Mobile,2026-07-06,2026-07,,Open,1,18.02,,87,0,14
C003326,Carrier C,Liability,Agent,2026-09-04,2026-09,2026-09-10,Closed,0,9.51,6,27,2829.01,14
C003327,Carrier C,Auto,Agent,2026-06-11,2026-06,2026-06-12,Closed,0,17.86,1,112,4420.48,14
C003328,Carrier B,Property,Web,2026-06-14,2026-06,2026-07-08,Closed,0,13.79,24,109,8868.48,20
C003329,Carrier C,Liability,Mobile,2026-04-12,2026-04,2026-04-30,Closed,0,3.44,18,172,1378.47,14
C003330,Carrier C,Auto,Agent,2026-04-15,2026-04,2026-04-23,Closed,0,4.24,8,169,2117.3,14
C003331,Carrier B,Auto,Mobile,2026-05-19,2026-05,2026-05-31,Closed,0,10.04,12,135,603.51,14
C003332,Carrier B,Liability,Agent,2026-08-13,2026-08,2026-08-20,Closed,0,6.1,7,49,3239.52,14
C003333,Carrier B,Property,Mobile,2026-05-20,2026-05,2026-06-14,Closed,1,16.01,25,134,937.28,20
C003334,Carrier C,Property,Web,2026-06-04,2026-06,2026-06-16,Closed,0,11.51,12,119,2732.1,20
C003335,Carrier C,Auto,Mobile,2026-04-03,2026-04,2026-04-14,Closed,1,22.54,11,181,5728.2,14
C003336,Carrier B,Auto,Agent,2026-06-29,2026-06,2026-07-05,Closed,0,10.83,6,94,3176.2,14
C003337,Carrier C,Auto,Mobile,2026-08-29,2026-08,2026-09-25,Closed,1,15.87,27,33,2142.16,14
C003338,Carrier A,Auto,Agent,2026-06-13,2026-06,2026-06-25,Closed,1,15.35,12,110,10145.26,14
C003339,Carrier B,Liability,Mobile,2026-06-12,2026-06,2026-06-19,Closed,0,16.09,7,111,4767.48,14
C003340,Carrier C,Liability,Agent,2026-07-14,2026-07,2026-07-25,Closed,0,2.17,11,79,584.44,14
C003341,Carrier C,Auto,Mobile,2026-08-17,2026-08,2026-08-21,Closed,0,12.09,4,45,9695.68,14
C003342,Carrier C,Auto,Mobile,2026-06-27,2026-06,2026-07-01,Closed,0,10.68,4,96,491.19,14
C003343,Carrier C,Auto,Agent,2026-08-25,2026-08,2026-09-14,Closed,1,19.09,20,37,1010.65,14
C003344,Carrier B,Auto,Mobile,2026-05-16,2026-05,2026-05-24,Closed,0,7.8,8,138,823.51,14
C003345,Carrier A,Liability,Mobile,2026-05-11,2026-05,2026-05-13,Closed,0,14.79,2,143,9216.16,14
C003346,Carrier B,Auto,Mobile,2026-06-03,2026-06,2026-06-20,Closed,0,16.64,17,120,15868.25,14
C003347,Carrier C,Liability,Agent,2026-05-27,2026-05,2026-06-07,Closed,0,6.94,11,127,829.03,14
C003348,Carrier C,Property,Web,2026-04-12,2026-04,,Open,1,18.28,,172,0,20
C003349,Carrier C,Liability,Web,2026-09-11,2026-09,,Open,0,15.02,,20,0,14
C003350,Carrier B,Property,Web,2026-09-24,2026-09,,Open,0,6.63,,7,0,20
C003351,Carrier A,Auto,Web,2026-08-12,2026-08,2026-08-29,Closed,1,21.98,17,50,12333.39,14
C003352,Carrier B,Auto,Web,2026-09-10,2026-09,2026-09-15,Closed,0,3.96,5,21,6299.04,14
C003353,Carrier C,Auto,Web,2026-06-18,2026-06,2026-07-17,Closed,0,13.79,29,105,4647.68,14
C003354,Carrier C,Auto,Agent,2026-07-02,2026-07,2026-07-11,Closed,0,5.05,9,91,3205.43,14
C003355,Carrier A,Property,Web,2026-07-09,2026-07,2026-07-16,Closed,0,2.14,7,84,2472.95,20
C003356,Carrier B,Auto,Mobile,2026-04-24,2026-04,2026-05-17,Closed,0,13.35,23,160,7796.54,14
C003357,Carrier A,Auto,Mobile,2026-07-09,2026-07,2026-07-18,Closed,0,2.07,9,84,10381.76,14
C003358,Carrier B,Property,Web,2026-09-22,2026-09,,Open,0,15.43,,9,0,20
C003359,Carrier B,Auto,Mobile,2026-08-26,2026-08,2026-09-07,Closed,0,6.6,12,36,25535.62,14
C003360,Carrier A,Property,Web,2026-06-03,2026-06,2026-06-21,Closed,0,9.17,18,120,2987.15,20
C003361,Carrier A,Property,Agent,2026-08-31,2026-08,2026-09-09,Closed,0,17.31,9,31,3583.79,20
C003362,Carrier C,Property,Web,2026-05-23,2026-05,2026-05-31,Closed,0,17.4,8,131,3842.74,20
C003363,Carrier A,Auto,Web,2026-07-19,2026-07,2026-07-23,Closed,0,2.53,4,74,1121.74,14
C003364,Carrier C,Property,Web,2026-08-28,2026-08,2026-09-16,Closed,1,15.08,19,34,3301.24,20
C003365,Carrier B,Auto,Agent,2026-05-03,2026-05,2026-05-06,Closed,0,7.34,3,151,2051.66,14
C003366,Carrier C,Liability,Agent,2026-07-26,2026-07,2026-08-13,Closed,0,14.57,18,67,1600.98,14
C003367,Carrier C,Property,Web,2026-06-12,2026-06,2026-07-07,Closed,1,22.01,25,111,4244.03,20
C003368,Carrier B,Auto,Agent,2026-09-10,2026-09,2026-09-26,Closed,0,12.25,16,21,3019.31,14
C003369,Carrier B,Auto,Web,2026-08-27,2026-08,2026-09-02,Closed,0,11.69,6,35,1873.52,14
C003370,Carrier B,Auto,Web,2026-07-07,2026-07,2026-07-12,Closed,0,6.53,5,86,1226.72,14
C003371,Carrier A,Auto,Web,2026-08-20,2026-08,2026-09-08,Closed,1,19.12,19,42,2592.34,14
C003372,Carrier B,Property,Mobile,2026-06-12,2026-06,2026-06-25,Closed,0,7.73,13,111,8235.57,20
C003373,Carrier A,Property,Mobile,2026-09-13,2026-09,2026-09-23,Closed,0,8.36,10,18,2368.63,20
C003374,Carrier C,Liability,Agent,2026-09-04,2026-09,2026-09-18,Closed,0,7.35,14,27,5437.63,14
C003375,Carrier A,Property,Web,2026-06-05,2026-06,2026-06-21,Closed,0,16.48,16,118,3501.62,20
C003376,Carrier A,Property,Agent,2026-08-14,2026-08,,Open,0,1.47,,48,0,20
C003377,Carrier A,Property,Mobile,2026-09-22,2026-09,,Open,1,16.84,,9,0,20
C003378,Carrier A,Property,Mobile,2026-04-30,2026-04,2026-05-22,Closed,0,8.52,22,154,6368.56,20
C003379,Carrier C,Property,Web,2026-08-10,2026-08,2026-08-21,Closed,0,4.55,11,52,6452.64,20
C003380,Carrier A,Liability,Agent,2026-09-16,2026-09,2026-09-25,Closed,1,26.75,9,15,1740.47,14
C003381,Carrier A,Property,Mobile,2026-06-16,2026-06,2026-07-02,Closed,1,21.76,16,107,4195.79,20
C003382,Carrier C,Liability,Agent,2026-04-01,2026-04,2026-04-08,Closed,0,5.49,7,183,1286.95,14
C003383,Carrier A,Auto,Agent,2026-04-24,2026-04,2026-04-30,Closed,0,5.0,6,160,3748.0,14
C003384,Carrier B,Auto,Web,2026-05-04,2026-05,2026-05-14,Closed,0,4.47,10,150,1966.36,14
C003385,Carrier C,Auto,Agent,2026-09-06,2026-09,2026-09-22,Closed,0,3.53,16,25,1284.9,14
C003386,Carrier A,Property,Web,2026-05-14,2026-05,2026-05-26,Closed,0,11.9,12,140,2125.33,20
C003387,Carrier C,Auto,Mobile,2026-07-07,2026-07,2026-07-22,Closed,0,7.66,15,86,5470.77,14
C003388,Carrier C,Liability,Web,2026-07-21,2026-07,2026-07-24,Closed,0,6.87,3,72,5374.77,14
C003389,Carrier B,Auto,Mobile,2026-07-05,2026-07,2026-07-09,Closed,0,1.26,4,88,9766.35,14
C003390,Carrier A,Liability,Agent,2026-05-30,2026-05,2026-06-07,Closed,0,7.49,8,124,8060.18,14
C003391,Carrier B,Auto,Mobile,2026-04-23,2026-04,2026-05-05,Closed,0,3.08,12,161,20944.52,14
C003392,Carrier C,Auto,Web,2026-07-30,2026-07,2026-08-14,Closed,0,10.35,15,63,2773.0,14
C003393,Carrier A,Property,Agent,2026-06-03,2026-06,2026-06-11,Closed,0,15.68,8,120,13058.11,20
C003394,Carrier B,Property,Web,2026-09-02,2026-09,,Open,0,1.43,,29,0,20
C003395,Carrier A,Liability,Agent,2026-08-21,2026-08,2026-08-27,Closed,0,12.97,6,41,467.79,14
C003396,Carrier C,Liability,Mobile,2026-07-08,2026-07,2026-07-13,Closed,0,10.02,5,85,2697.63,14
C003397,Carrier C,Auto,Web,2026-07-25,2026-07,2026-08-05,Closed,0,6.49,11,68,3972.34,14
C003398,Carrier A,Auto,Web,2026-07-02,2026-07,2026-07-24,Closed,0,1.32,22,91,994.53,14
C003399,Carrier C,Property,Mobile,2026-05-03,2026-05,2026-05-31,Closed,0,11.94,28,151,3519.3,20
C003400,Carrier B,Auto,Mobile,2026-04-20,2026-04,2026-05-04,Closed,1,16.17,14,164,1588.33,14
C003401,Carrier C,Property,Web,2026-05-02,2026-05,2026-05-12,Closed,0,10.04,10,152,9376.06,20
C003402,Carrier B,Liability,Mobile,2026-05-21,2026-05,2026-05-28,Closed,0,16.48,7,133,26015.14,14
C003403,Carrier C,Property,Agent,2026-05-03,2026-05,2026-05-29,Closed,0,11.89,26,151,2714.89,20
C003404,Carrier A,Property,Web,2026-04-09,2026-04,2026-04-16,Closed,0,11.32,7,175,2643.86,20
C003405,Carrier C,Auto,Mobile,2026-06-15,2026-06,2026-06-29,Closed,0,11.32,14,108,1370.33,14
C003406,Carrier A,Auto,Web,2026-07-25,2026-07,2026-08-14,Closed,1,25.58,20,68,11482.55,14
C003407,Carrier C,Liability,Mobile,2026-07-14,2026-07,2026-07-17,Closed,0,15.37,3,79,6931.41,14
C003408,Carrier C,Auto,Mobile,2026-05-21,2026-05,2026-05-28,Closed,0,1.22,7,133,2075.46,14
C003409,Carrier A,Property,Mobile,2026-07-30,2026-07,2026-08-27,Closed,1,16.17,28,63,7421.16,20
C003410,Carrier C,Liability,Agent,2026-04-29,2026-04,2026-05-02,Closed,0,7.88,3,155,1155.6,14
C003411,Carrier C,Liability,Web,2026-07-06,2026-07,2026-07-23,Closed,1,19.37,17,87,3421.01,14
C003412,Carrier A,Liability,Web,2026-04-06,2026-04,2026-04-10,Closed,0,2.2,4,178,14587.37,14
C003413,Carrier A,Auto,Web,2026-08-16,2026-08,2026-08-23,Closed,0,5.73,7,46,7690.36,14
C003414,Carrier B,Auto,Mobile,2026-04-24,2026-04,2026-05-15,Closed,0,2.31,21,160,2612.69,14
C003415,Carrier A,Auto,Mobile,2026-07-02,2026-07,2026-07-19,Closed,1,22.3,17,91,7093.47,14
C003416,Carrier A,Liability,Mobile,2026-08-23,2026-08,2026-09-01,Closed,0,11.82,9,39,12217.4,14
C003417,Carrier B,Liability,Mobile,2026-05-15,2026-05,2026-05-18,Closed,0,13.33,3,139,13289.61,14
C003418,Carrier A,Liability,Agent,2026-08-08,2026-08,2026-08-19,Closed,0,3.49,11,54,1662.63,14
C003419,Carrier C,Liability,Web,2026-05-11,2026-05,2026-05-23,Closed,1,24.35,12,143,3684.14,14
C003420,Carrier B,Liability,Mobile,2026-08-01,2026-08,2026-08-09,Closed,0,8.71,8,61,7306.18,14
C003421,Carrier C,Liability,Agent,2026-07-18,2026-07,2026-08-03,Closed,1,13.8,16,75,2399.09,14
C003422,Carrier A,Liability,Mobile,2026-04-26,2026-04,2026-05-06,Closed,1,13.81,10,158,5122.25,14
C003423,Carrier A,Auto,Mobile,2026-08-26,2026-08,2026-09-13,Closed,1,24.09,18,36,11964.78,14
C003424,Carrier C,Property,Agent,2026-09-11,2026-09,2026-09-29,Closed,0,17.77,18,20,3989.43,20
C003425,Carrier C,Liability,Agent,2026-04-18,2026-04,2026-04-23,Closed,0,1.49,5,166,2007.78,14
C003426,Carrier C,Auto,Web,2026-04-25,2026-04,2026-05-02,Closed,0,15.46,7,159,6541.0,14
C003427,Carrier C,Liability,Agent,2026-04-18,2026-04,2026-05-05,Closed,0,14.24,17,166,8721.36,14
C003428,Carrier A,Liability,Agent,2026-08-03,2026-08,2026-08-05,Closed,0,2.03,2,59,819.74,14
C003429,Carrier A,Property,Mobile,2026-09-11,2026-09,2026-09-20,Closed,0,11.7,9,20,2893.01,20
C003430,Carrier B,Auto,Agent,2026-08-03,2026-08,2026-08-15,Closed,0,10.68,12,59,3437.68,14
C003431,Carrier A,Auto,Mobile,2026-07-22,2026-07,2026-07-31,Closed,0,16.43,9,71,4369.62,14
C003432,Carrier C,Property,Web,2026-06-21,2026-06,2026-06-29,Closed,0,13.06,8,102,23211.74,20
C003433,Carrier C,Auto,Agent,2026-07-09,2026-07,2026-07-14,Closed,0,16.97,5,84,2431.28,14
C003434,Carrier C,Auto,Web,2026-09-26,2026-09,,Open,1,22.47,,5,0,14
C003435,Carrier A,Property,Agent,2026-07-01,2026-07,2026-07-15,Closed,0,16.51,14,92,3584.52,20
C003436,Carrier C,Liability,Mobile,2026-08-27,2026-08,2026-09-02,Closed,0,8.15,6,35,1908.49,14
C003437,Carrier A,Auto,Mobile,2026-06-29,2026-06,2026-07-05,Closed,0,12.83,6,94,2571.27,14
C003438,Carrier B,Liability,Agent,2026-04-24,2026-04,2026-05-14,Closed,0,7.72,20,160,6724.34,14
C003439,Carrier B,Liability,Agent,2026-07-04,2026-07,,Open,0,16.34,,89,0,14
C003440,Carrier B,Liability,Web,2026-09-30,2026-09,,Open,0,13.39,,1,0,14
C003441,Carrier A,Property,Agent,2026-07-14,2026-07,2026-07-27,Closed,0,4.3,13,79,1841.54,20
C003442,Carrier C,Auto,Web,2026-06-30,2026-06,2026-07-09,Closed,0,2.49,9,93,1140.32,14
C003443,Carrier B,Property,Mobile,2026-07-25,2026-07,2026-08-21,Closed,1,14.4,27,68,1300.29,20
C003444,Carrier B,Liability,Mobile,2026-05-01,2026-05,2026-05-06,Closed,0,16.27,5,153,21530.96,14
C003445,Carrier A,Property,Mobile,2026-05-25,2026-05,2026-06-18,Closed,1,21.99,24,129,1786.77,20
C003446,Carrier A,Auto,Mobile,2026-06-25,2026-06,,Open,0,17.79,,98,0,14
C003447,Carrier A,Liability,Web,2026-04-28,2026-04,2026-05-12,Closed,0,8.14,14,156,2464.93,14
C003448,Carrier A,Liability,Web,2026-07-06,2026-07,2026-07-19,Closed,0,10.79,13,87,2060.48,14
C003449,Carrier A,Property,Web,2026-07-15,2026-07,2026-08-03,Closed,1,22.77,19,78,2379.45,20
C003450,Carrier A,Auto,Web,2026-07-19,2026-07,2026-07-27,Closed,0,11.99,8,74,3194.22,14
C003451,Carrier C,Property,Mobile,2026-05-16,2026-05,2026-06-06,Closed,1,16.89,21,138,2774.31,20
C003452,Carrier B,Property,Web,2026-05-18,2026-05,2026-05-27,Closed,0,15.53,9,136,1218.63,20
C003453,Carrier C,Auto,Mobile,2026-08-08,2026-08,2026-08-09,Closed,0,11.92,1,54,2353.04,14
C003454,Carrier B,Auto,Web,2026-07-23,2026-07,2026-07-26,Closed,0,10.28,3,70,865.95,14
C003455,Carrier A,Property,Web,2026-04-24,2026-04,,Open,0,10.14,,160,0,20
C003456,Carrier C,Liability,Agent,2026-09-27,2026-09,2026-10-01,Closed,0,8.52,4,4,1687.46,14
C003457,Carrier A,Auto,Mobile,2026-06-26,2026-06,2026-06-29,Closed,0,3.04,3,97,5430.97,14
C003458,Carrier C,Property,Web,2026-05-20,2026-05,2026-05-29,Closed,0,12.58,9,134,1897.82,20
C003459,Carrier C,Property,Web,2026-09-08,2026-09,2026-09-14,Closed,0,9.28,6,23,1446.27,20
C003460,Carrier B,Auto,Agent,2026-07-08,2026-07,2026-07-23,Closed,1,12.6,15,85,1990.49,14
C003461,Carrier C,Auto,Web,2026-06-20,2026-06,2026-06-25,Closed,0,6.67,5,103,6066.91,14
C003462,Carrier A,Auto,Agent,2026-06-17,2026-06,2026-06-22,Closed,0,15.12,5,106,1560.66,14
C003463,Carrier B,Liability,Agent,2026-09-05,2026-09,2026-09-07,Closed,0,14.41,2,26,5220.34,14
C003464,Carrier A,Liability,Agent,2026-04-23,2026-04,2026-05-08,Closed,0,10.8,15,161,5008.61,14
C003465,Carrier C,Property,Web,2026-07-02,2026-07,2026-07-22,Closed,0,6.05,20,91,4220.46,20
C003466,Carrier A,Liability,Agent,2026-06-11,2026-06,2026-06-20,Closed,0,13.79,9,112,4734.37,14
C003467,Carrier A,Property,Mobile,2026-09-28,2026-09,,Open,1,12.17,,3,0,20
C003468,Carrier A,Auto,Web,2026-04-27,2026-04,2026-05-09,Closed,0,12.86,12,157,5401.86,14
C003469,Carrier C,Liability,Web,2026-07-27,2026-07,2026-08-12,Closed,0,16.35,16,66,2568.08,14
C003470,Carrier A,Liability,Mobile,2026-09-03,2026-09,2026-09-29,Closed,0,15.47,26,28,2922.16,14
C003471,Carrier C,Liability,Agent,2026-07-02,2026-07,2026-07-06,Closed,0,11.32,4,91,2331.74,14
C003472,Carrier B,Property,Web,2026-09-29,2026-09,,Open,0,5.93,,2,0,20
C003473,Carrier C,Auto,Web,2026-08-08,2026-08,2026-08-31,Closed,0,15.61,23,54,2137.99,14
C003474,Carrier A,Property,Agent,2026-09-30,2026-09,,Open,0,11.91,,1,0,20
C003475,Carrier B,Property,Web,2026-04-11,2026-04,2026-04-26,Closed,0,6.5,15,173,7646.21,20
C003476,Carrier B,Auto,Agent,2026-06-25,2026-06,2026-06-30,Closed,0,15.82,5,98,1030.2,14
C003477,Carrier C,Liability,Agent,2026-04-29,2026-04,2026-05-03,Closed,0,10.65,4,155,3983.93,14
C003478,Carrier C,Liability,Web,2026-05-13,2026-05,2026-05-25,Closed,0,16.32,12,141,1681.67,14
C003479,Carrier C,Liability,Mobile,2026-08-14,2026-08,2026-08-23,Closed,0,10.48,9,48,2340.28,14
C003480,Carrier C,Liability,Web,2026-06-18,2026-06,2026-06-20,Closed,0,1.65,2,105,1110.13,14
C003481,Carrier B,Auto,Agent,2026-04-05,2026-04,2026-04-14,Closed,0,15.93,9,179,2530.71,14
C003482,Carrier C,Property,Mobile,2026-04-19,2026-04,2026-05-17,Closed,1,16.47,28,165,3771.32,20
C003483,Carrier A,Property,Web,2026-05-16,2026-05,2026-06-07,Closed,1,20.72,22,138,2717.87,20
C003484,Carrier C,Property,Mobile,2026-08-27,2026-08,2026-09-07,Closed,0,10.13,11,35,1368.21,20
C003485,Carrier C,Property,Mobile,2026-06-15,2026-06,2026-07-08,Closed,1,15.42,23,108,2157.56,20
C003486,Carrier B,Liability,Web,2026-09-18,2026-09,,Open,1,20.38,,13,0,14
C003487,Carrier B,Liability,Mobile,2026-07-16,2026-07,2026-08-01,Closed,0,3.88,16,77,2442.77,14
C003488,Carrier A,Liability,Mobile,2026-09-28,2026-09,,Open,0,4.04,,3,0,14
C003489,Carrier B,Auto,Agent,2026-06-20,2026-06,2026-07-02,Closed,0,11.74,12,103,3018.16,14
C003490,Carrier B,Property,Agent,2026-07-17,2026-07,,Open,0,1.73,,76,0,20
C003491,Carrier C,Liability,Mobile,2026-05-25,2026-05,2026-05-29,Closed,0,17.09,4,129,4397.67,14
C003492,Carrier B,Auto,Web,2026-07-11,2026-07,,Open,0,9.01,,82,0,14
C003493,Carrier A,Property,Web,2026-07-02,2026-07,2026-07-14,Closed,0,17.59,12,91,4021.68,20
C003494,Carrier A,Auto,Mobile,2026-06-26,2026-06,2026-07-15,Closed,1,11.22,19,97,1787.51,14
C003495,Carrier A,Property,Web,2026-09-05,2026-09,,Open,1,25.45,,26,0,20
C003496,Carrier C,Property,Web,2026-04-22,2026-04,2026-05-04,Closed,0,17.62,12,162,4723.5,20
C003497,Carrier A,Liability,Mobile,2026-06-18,2026-06,2026-06-23,Closed,0,3.95,5,105,888.66,14
C003498,Carrier C,Property,Web,2026-04-30,2026-04,2026-05-12,Closed,0,9.85,12,154,2061.54,20
C003499,Carrier A,Liability,Agent,2026-07-31,2026-07,2026-08-21,Closed,1,15.56,21,62,2886.04,14
C003500,Carrier A,Property,Mobile,2026-04-28,2026-04,2026-05-13,Closed,0,9.31,15,156,3510.56,20
C003501,Carrier B,Property,Web,2026-04-09,2026-04,2026-04-28,Closed,1,20.12,19,175,1643.06,20
C003502,Carrier B,Property,Agent,2026-08-29,2026-08,2026-09-18,Closed,1,20.81,20,33,2832.43,20
C003503,Carrier C,Property,Web,2026-07-07,2026-07,2026-07-29,Closed,1,24.21,22,86,3426.36,20
C003504,Carrier B,Liability,Agent,2026-09-10,2026-09,2026-09-13,Closed,0,8.93,3,21,3190.93,14
C003505,Carrier C,Auto,Mobile,2026-05-07,2026-05,2026-05-12,Closed,0,15.53,5,147,1032.59,14
C003506,Carrier C,Liability,Web,2026-07-25,2026-07,2026-08-17,Closed,0,3.18,23,68,3573.78,14
C003507,Carrier A,Auto,Agent,2026-07-22,2026-07,2026-08-02,Closed,0,14.67,11,71,2871.09,14
C003508,Carrier B,Auto,Web,2026-05-01,2026-05,2026-06-02,Closed,1,23.28,32,153,3216.83,14
C003509,Carrier A,Liability,Web,2026-04-16,2026-04,2026-04-23,Closed,0,9.65,7,168,2691.91,14
C003510,Carrier A,Auto,Agent,2026-05-11,2026-05,2026-05-21,Closed,0,3.96,10,143,3088.26,14
C003511,Carrier C,Auto,Mobile,2026-07-25,2026-07,2026-08-08,Closed,1,19.24,14,68,10831.39,14
C003512,Carrier C,Property,Web,2026-07-16,2026-07,2026-07-31,Closed,0,4.83,15,77,2691.18,20
C003513,Carrier B,Property,Mobile,2026-04-30,2026-04,2026-05-10,Closed,0,17.01,10,154,1829.39,20
C003514,Carrier A,Liability,Web,2026-07-20,2026-07,2026-07-27,Closed,0,14.28,7,73,771.01,14
C003515,Carrier C,Property,Mobile,2026-06-18,2026-06,2026-06-29,Closed,0,7.87,11,105,9337.36,20
C003516,Carrier A,Property,Agent,2026-08-01,2026-08,2026-08-26,Closed,1,22.95,25,61,9478.44,20
C003517,Carrier B,Auto,Agent,2026-08-14,2026-08,,Open,0,12.02,,48,0,14
C003518,Carrier A,Property,Mobile,2026-06-02,2026-06,2026-06-23,Closed,1,11.97,21,121,1512.88,20
C003519,Carrier C,Liability,Agent,2026-06-13,2026-06,2026-06-25,Closed,0,16.5,12,110,3337.3,14
C003520,Carrier B,Auto,Web,2026-09-25,2026-09,,Open,0,8.71,,6,0,14
C003521,Carrier A,Liability,Web,2026-06-02,2026-06,2026-06-04,Closed,0,7.46,2,121,45509.7,14
C003522,Carrier B,Property,Mobile,2026-07-23,2026-07,2026-08-08,Closed,0,7.48,16,70,3956.32,20
C003523,Carrier A,Property,Web,2026-07-14,2026-07,2026-07-31,Closed,0,6.27,17,79,1819.96,20
C003524,Carrier C,Property,Web,2026-04-22,2026-04,2026-05-03,Closed,0,16.46,11,162,13880.02,20
C003525,Carrier C,Auto,Web,2026-06-13,2026-06,2026-06-21,Closed,0,17.54,8,110,10856.03,14
C003526,Carrier B,Auto,Agent,2026-05-10,2026-05,2026-05-13,Closed,0,10.98,3,144,1617.07,14
C003527,Carrier A,Auto,Web,2026-06-30,2026-06,2026-07-08,Closed,0,5.62,8,93,9042.08,14
C003528,Carrier C,Auto,Web,2026-05-21,2026-05,2026-05-28,Closed,0,15.81,7,133,4171.4,14
C003529,Carrier C,Property,Mobile,2026-07-28,2026-07,2026-08-16,Closed,1,19.07,19,65,1814.69,20
C003530,Carrier C,Liability,Agent,2026-09-08,2026-09,2026-09-27,Closed,0,8.86,19,23,2826.08,14
C003531,Carrier C,Property,Mobile,2026-06-17,2026-06,2026-07-05,Closed,0,4.57,18,106,3010.14,20
C003532,Carrier C,Auto,Web,2026-09-07,2026-09,2026-09-15,Closed,0,1.56,8,24,5527.75,14
C003533,Carrier B,Auto,Web,2026-09-15,2026-09,2026-09-24,Closed,0,13.12,9,16,2087.2,14
C003534,Carrier A,Liability,Agent,2026-06-28,2026-06,,Open,0,1.7,,95,0,14
C003535,Carrier C,Property,Agent,2026-04-22,2026-04,2026-05-08,Closed,0,2.55,16,162,2159.0,20
C003536,Carrier B,Liability,Mobile,2026-05-28,2026-05,2026-06-02,Closed,0,5.17,5,126,4839.55,14
C003537,Carrier C,Property,Mobile,2026-04-20,2026-04,2026-04-26,Closed,0,14.43,6,164,2811.65,20
C003538,Carrier B,Property,Agent,2026-04-22,2026-04,2026-05-04,Closed,0,8.36,12,162,2582.34,20
C003539,Carrier A,Auto,Web,2026-07-22,2026-07,2026-07-25,Closed,0,3.87,3,71,4023.71,14
C003540,Carrier B,Auto,Agent,2026-07-28,2026-07,2026-08-05,Closed,0,15.54,8,65,7589.43,14
C003541,Carrier B,Liability,Web,2026-05-20,2026-05,,Open,0,15.68,,134,0,14
C003542,Carrier B,Liability,Web,2026-09-12,2026-09,2026-09-17,Closed,0,7.13,5,19,7047.79,14
C003543,Carrier C,Property,Web,2026-08-09,2026-08,2026-08-18,Closed,0,2.42,9,53,8207.55,20
C003544,Carrier C,Property,Mobile,2026-09-14,2026-09,,Open,1,17.56,,17,0,20
C003545,Carrier A,Auto,Web,2026-04-30,2026-04,2026-05-02,Closed,0,9.26,2,154,1191.92,14
C003546,Carrier C,Liability,Web,2026-07-13,2026-07,2026-07-22,Closed,0,16.31,9,80,5365.37,14
C003547,Carrier A,Property,Mobile,2026-04-06,2026-04,2026-04-13,Closed,0,13.41,7,178,1815.26,20
C003548,Carrier A,Auto,Web,2026-07-06,2026-07,2026-07-10,Closed,0,15.81,4,87,975.09,14
C003549,Carrier B,Liability,Web,2026-07-20,2026-07,2026-07-31,Closed,0,5.29,11,73,6089.86,14
C003550,Carrier A,Auto,Mobile,2026-07-01,2026-07,2026-07-05,Closed,0,6.18,4,92,14410.73,14
C003551,Carrier A,Liability,Web,2026-07-30,2026-07,2026-08-01,Closed,0,16.22,2,63,1039.5,14
C003552,Carrier A,Auto,Mobile,2026-05-31,2026-05,2026-06-14,Closed,0,6.15,14,123,4666.71,14
C003553,Carrier B,Property,Web,2026-08-26,2026-08,2026-09-02,Closed,0,14.08,7,36,2740.33,20
C003554,Carrier A,Liability,Mobile,2026-04-29,2026-04,2026-05-13,Closed,0,8.71,14,155,8183.74,14
C003555,Carrier B,Property,Mobile,2026-05-20,2026-05,2026-06-07,Closed,1,16.28,18,134,8856.27,20
C003556,Carrier A,Property,Web,2026-08-25,2026-08,2026-09-03,Closed,0,3.35,9,37,6989.58,20
C003557,Carrier C,Property,Web,2026-06-05,2026-06,2026-06-27,Closed,0,13.27,22,118,1594.32,20
C003558,Carrier B,Property,Agent,2026-04-26,2026-04,2026-05-10,Closed,0,1.72,14,158,1773.14,20
C003559,Carrier A,Property,Agent,2026-09-07,2026-09,2026-09-20,Closed,0,15.31,13,24,8339.2,20
C003560,Carrier C,Liability,Web,2026-06-21,2026-06,,Open,0,1.16,,102,0,14
C003561,Carrier B,Liability,Agent,2026-05-27,2026-05,2026-06-08,Closed,0,8.78,12,127,1879.72,14
C003562,Carrier A,Liability,Agent,2026-05-30,2026-05,2026-06-07,Closed,0,4.63,8,124,9013.97,14
C003563,Carrier A,Auto,Agent,2026-06-07,2026-06,2026-06-10,Closed,0,9.54,3,116,19343.66,14
C003564,Carrier B,Auto,Mobile,2026-09-20,2026-09,2026-09-30,Closed,0,9.79,10,11,4360.04,14
C003565,Carrier B,Property,Mobile,2026-04-26,2026-04,2026-05-08,Closed,0,17.69,12,158,4671.84,20
C003566,Carrier C,Liability,Agent,2026-06-29,2026-06,2026-07-05,Closed,0,6.22,6,94,3626.04,14
C003567,Carrier B,Property,Web,2026-08-27,2026-08,2026-09-23,Closed,0,8.35,27,35,3237.4,20
C003568,Carrier C,Liability,Mobile,2026-05-07,2026-05,2026-05-17,Closed,0,5.55,10,147,1683.61,14
C003569,Carrier C,Liability,Agent,2026-08-21,2026-08,2026-09-10,Closed,0,5.12,20,41,2854.94,14
C003570,Carrier C,Property,Web,2026-09-02,2026-09,2026-09-18,Closed,0,16.41,16,29,2895.8,20
C003571,Carrier C,Property,Agent,2026-07-04,2026-07,2026-07-12,Closed,0,13.11,8,89,5635.66,20
C003572,Carrier B,Property,Mobile,2026-09-20,2026-09,,Open,0,15.01,,11,0,20
C003573,Carrier C,Liability,Web,2026-05-16,2026-05,2026-05-25,Closed,0,12.78,9,138,1480.63,14
C003574,Carrier C,Liability,Agent,2026-04-14,2026-04,2026-04-24,Closed,0,11.76,10,170,1259.01,14
C003575,Carrier C,Property,Mobile,2026-08-15,2026-08,2026-09-04,Closed,1,11.74,20,47,6366.82,20
C003576,Carrier C,Auto,Mobile,2026-05-11,2026-05,2026-05-16,Closed,0,11.71,5,143,2187.23,14
C003577,Carrier B,Auto,Mobile,2026-08-13,2026-08,2026-08-20,Closed,0,8.38,7,49,2396.14,14
C003578,Carrier B,Liability,Agent,2026-08-23,2026-08,2026-08-26,Closed,0,12.86,3,39,3001.69,14
C003579,Carrier A,Auto,Web,2026-05-02,2026-05,2026-05-31,Closed,1,17.87,29,152,6267.19,14
C003580,Carrier B,Auto,Web,2026-06-17,2026-06,2026-06-19,Closed,0,14.08,2,106,1573.65,14
C003581,Carrier C,Property,Agent,2026-04-18,2026-04,2026-05-12,Closed,1,21.87,24,166,2428.82,20
C003582,Carrier C,Liability,Web,2026-04-18,2026-04,2026-05-12,Closed,0,14.8,24,166,3816.08,14
C003583,Carrier B,Auto,Web,2026-08-22,2026-08,2026-09-01,Closed,0,7.81,10,40,11084.01,14
C003584,Carrier B,Liability,Web,2026-05-27,2026-05,2026-06-06,Closed,0,12.86,10,127,997.76,14
C003585,Carrier C,Auto,Mobile,2026-05-02,2026-05,2026-05-13,Closed,0,13.1,11,152,8257.58,14
C003586,Carrier B,Liability,Web,2026-08-28,2026-08,2026-09-01,Closed,0,7.08,4,34,3317.92,14
C003587,Carrier B,Property,Agent,2026-07-06,2026-07,2026-07-23,Closed,1,26.97,17,87,3794.11,20
C003588,Carrier C,Liability,Agent,2026-07-19,2026-07,2026-07-26,Closed,0,11.39,7,74,6272.62,14
C003589,Carrier B,Property,Web,2026-09-04,2026-09,2026-09-14,Closed,0,13.29,10,27,451.29,20
C003590,Carrier A,Auto,Mobile,2026-05-15,2026-05,2026-05-28,Closed,1,18.46,13,139,2339.48,14
C003591,Carrier A,Property,Web,2026-04-28,2026-04,2026-05-05,Closed,0,7.5,7,156,1051.9,20
C003592,Carrier A,Auto,Agent,2026-09-05,2026-09,2026-09-15,Closed,1,15.24,10,26,1639.54,14
C003593,Carrier A,Liability,Mobile,2026-09-25,2026-09,,Open,1,14.72,,6,0,14
C003594,Carrier C,Liability,Agent,2026-09-25,2026-09,,Open,0,1.75,,6,0,14
C003595,Carrier C,Liability,Web,2026-09-20,2026-09,2026-09-25,Closed,0,1.14,5,11,3443.29,14
C003596,Carrier C,Auto,Web,2026-08-29,2026-08,2026-09-05,Closed,0,14.64,7,33,4874.12,14
C003597,Carrier A,Auto,Web,2026-07-04,2026-07,2026-07-19,Closed,1,16.76,15,89,24990.31,14
C003598,Carrier A,Property,Web,2026-05-22,2026-05,2026-06-11,Closed,0,15.75,20,132,3685.36,20
C003599,Carrier A,Liability,Web,2026-07-31,2026-07,2026-08-04,Closed,0,13.83,4,62,2547.55,14
C003600,Carrier B,Auto,Agent,2026-04-09,2026-04,2026-05-01,Closed,0,10.54,22,175,2154.32,14
C003601,Carrier A,Liability,Agent,2026-08-21,2026-08,2026-09-02,Closed,1,16.86,12,41,3642.5,14
C003602,Carrier C,Liability,Agent,2026-08-22,2026-08,2026-08-26,Closed,0,2.26,4,40,655.57,14
C003603,Carrier C,Liability,Mobile,2026-07-13,2026-07,2026-07-17,Closed,0,11.46,4,80,7532.66,14
C003604,Carrier B,Auto,Mobile,2026-05-29,2026-05,2026-06-11,Closed,1,26.63,13,125,12355.51,14
C003605,Carrier C,Property,Agent,2026-06-26,2026-06,2026-07-18,Closed,0,3.21,22,97,2574.63,20
C003606,Carrier A,Auto,Mobile,2026-04-22,2026-04,2026-05-03,Closed,0,11.68,11,162,1266.02,14
C003607,Carrier A,Auto,Agent,2026-07-05,2026-07,2026-07-07,Closed,0,2.13,2,88,5327.15,14
C003608,Carrier B,Property,Agent,2026-05-31,2026-05,2026-06-09,Closed,0,17.44,9,123,2278.7,20
C003609,Carrier B,Auto,Mobile,2026-04-28,2026-04,2026-05-02,Closed,0,8.59,4,156,3979.3,14
C003610,Carrier B,Liability,Agent,2026-04-12,2026-04,2026-04-28,Closed,1,22.89,16,172,4798.09,14
C003611,Carrier A,Auto,Mobile,2026-06-12,2026-06,2026-06-26,Closed,0,12.19,14,111,3091.19,14
C003612,Carrier A,Auto,Agent,2026-08-14,2026-08,2026-08-21,Closed,0,17.98,7,48,5471.24,14
C003613,Carrier C,Auto,Agent,2026-05-26,2026-05,2026-06-01,Closed,0,5.74,6,128,1272.62,14
C003614,Carrier A,Liability,Web,2026-04-11,2026-04,2026-04-16,Closed,0,9.91,5,173,2351.98,14
C003615,Carrier B,Property,Web,2026-04-22,2026-04,2026-05-01,Closed,0,17.38,9,162,1474.02,20
C003616,Carrier B,Property,Web,2026-07-17,2026-07,2026-07-28,Closed,0,4.56,11,76,13933.61,20
C003617,Carrier A,Auto,Agent,2026-05-29,2026-05,2026-06-02,Closed,0,9.67,4,125,4511.36,14
C003618,Carrier C,Property,Web,2026-04-14,2026-04,2026-05-03,Closed,1,17.94,19,170,1396.89,20
C003619,Carrier A,Auto,Agent,2026-08-05,2026-08,2026-08-27,Closed,0,8.99,22,57,8098.14,14
C003620,Carrier B,Property,Mobile,2026-09-01,2026-09,2026-09-15,Closed,0,10.83,14,30,2589.34,20
C003621,Carrier C,Liability,Mobile,2026-08-23,2026-08,2026-08-26,Closed,0,13.0,3,39,3563.57,14
C003622,Carrier C,Auto,Mobile,2026-06-28,2026-06,2026-07-27,Closed,0,13.77,29,95,5360.04,14
C003623,Carrier B,Property,Web,2026-05-31,2026-05,2026-06-18,Closed,0,10.11,18,123,3213.7,20
C003624,Carrier C,Property,Agent,2026-06-14,2026-06,2026-06-22,Closed,0,13.0,8,109,7878.74,20
C003625,Carrier B,Property,Agent,2026-04-11,2026-04,,Open,0,4.91,,173,0,20
C003626,Carrier B,Liability,Web,2026-06-10,2026-06,2026-06-14,Closed,0,1.83,4,113,2006.19,14
C003627,Carrier B,Property,Mobile,2026-07-25,2026-07,2026-08-03,Closed,0,9.54,9,68,3949.73,20
C003628,Carrier A,Auto,Agent,2026-05-25,2026-05,,Open,0,14.66,,129,0,14
C003629,Carrier A,Auto,Agent,2026-05-07,2026-05,2026-05-09,Closed,0,5.61,2,147,2972.71,14
C003630,Carrier C,Liability,Agent,2026-04-11,2026-04,2026-04-20,Closed,0,11.67,9,173,1732.36,14
C003631,Carrier A,Liability,Agent,2026-09-15,2026-09,,Open,1,19.93,,16,0,14
C003632,Carrier C,Liability,Web,2026-07-28,2026-07,2026-08-04,Closed,0,14.27,7,65,13590.2,14
C003633,Carrier B,Liability,Mobile,2026-04-15,2026-04,2026-04-19,Closed,0,2.35,4,169,2253.51,14
C003634,Carrier C,Auto,Mobile,2026-06-08,2026-06,2026-06-12,Closed,0,7.98,4,115,4802.62,14
C003635,Carrier C,Property,Web,2026-08-28,2026-08,2026-09-04,Closed,0,1.76,7,34,45537.85,20
C003636,Carrier C,Auto,Web,2026-09-12,2026-09,2026-09-21,Closed,0,3.61,9,19,2522.97,14
C003637,Carrier B,Auto,Web,2026-08-23,2026-08,,Open,1,17.21,,39,0,14
C003638,Carrier A,Auto,Web,2026-06-18,2026-06,2026-07-01,Closed,0,9.12,13,105,2310.98,14
C003639,Carrier C,Auto,Agent,2026-04-23,2026-04,2026-04-27,Closed,0,10.28,4,161,3609.1,14
C003640,Carrier C,Auto,Agent,2026-04-12,2026-04,,Open,0,4.78,,172,0,14
C003641,Carrier C,Property,Web,2026-04-10,2026-04,2026-04-30,Closed,1,16.36,20,174,4569.59,20
C003642,Carrier C,Property,Mobile,2026-08-19,2026-08,2026-08-28,Closed,0,13.34,9,43,2267.79,20
C003643,Carrier A,Property,Mobile,2026-08-20,2026-08,2026-08-27,Closed,0,15.52,7,42,4766.15,20
C003644,Carrier A,Property,Agent,2026-09-05,2026-09,2026-09-18,Closed,0,4.64,13,26,5076.78,20
C003645,Carrier A,Liability,Agent,2026-04-24,2026-04,2026-05-11,Closed,1,19.3,17,160,2610.06,14
C003646,Carrier C,Property,Agent,2026-06-03,2026-06,2026-06-10,Closed,0,13.24,7,120,9091.88,20
C003647,Carrier A,Property,Web,2026-05-11,2026-05,2026-05-23,Closed,0,17.41,12,143,7967.84,20
C003648,Carrier A,Auto,Agent,2026-07-13,2026-07,,Open,0,9.77,,80,0,14
C003649,Carrier A,Property,Web,2026-07-31,2026-07,2026-08-15,Closed,0,7.87,15,62,2531.0,20
C003650,Carrier A,Auto,Web,2026-08-25,2026-08,2026-09-03,Closed,0,12.61,9,37,5848.92,14
C003651,Carrier B,Property,Web,2026-04-26,2026-04,2026-05-07,Closed,0,2.1,11,158,4012.55,20
C003652,Carrier C,Property,Web,2026-04-10,2026-04,2026-04-26,Closed,0,12.62,16,174,18457.12,20
C003653,Carrier A,Liability,Agent,2026-05-10,2026-05,2026-05-20,Closed,0,12.36,10,144,627.36,14
C003654,Carrier A,Liability,Mobile,2026-06-24,2026-06,2026-07-05,Closed,0,9.9,11,99,1444.97,14
C003655,Carrier C,Auto,Mobile,2026-08-07,2026-08,2026-08-20,Closed,1,24.62,13,55,1944.98,14
C003656,Carrier B,Liability,Mobile,2026-07-24,2026-07,2026-08-10,Closed,1,15.84,17,69,2716.44,14
C003657,Carrier B,Liability,Mobile,2026-07-22,2026-07,2026-07-26,Closed,0,13.53,4,71,897.06,14
C003658,Carrier B,Liability,Agent,2026-08-23,2026-08,2026-09-05,Closed,1,22.49,13,39,7667.27,14
C003659,Carrier B,Property,Mobile,2026-06-25,2026-06,2026-07-21,Closed,1,27.1,26,98,4355.34,20
C003660,Carrier A,Auto,Web,2026-07-31,2026-07,2026-08-10,Closed,0,2.88,10,62,2138.91,14
C003661,Carrier A,Property,Agent,2026-06-09,2026-06,2026-07-06,Closed,1,25.53,27,114,4526.14,20
C003662,Carrier A,Liability,Agent,2026-09-01,2026-09,,Open,1,12.41,,30,0,14
C003663,Carrier C,Liability,Web,2026-09-03,2026-09,2026-09-11,Closed,0,11.03,8,28,1369.37,14
C003664,Carrier C,Auto,Mobile,2026-07-19,2026-07,2026-08-11,Closed,1,27.9,23,74,5158.31,14
C003665,Carrier A,Property,Mobile,2026-08-23,2026-08,2026-09-18,Closed,0,14.67,26,39,1199.67,20
C003666,Carrier B,Liability,Web,2026-05-13,2026-05,2026-05-15,Closed,0,12.04,2,141,3911.12,14
C003667,Carrier C,Property,Agent,2026-08-22,2026-08,2026-09-02,Closed,0,12.03,11,40,6977.79,20
C003668,Carrier C,Liability,Agent,2026-08-14,2026-08,2026-08-30,Closed,1,26.65,16,48,6297.54,14
C003669,Carrier B,Liability,Agent,2026-06-01,2026-06,2026-06-02,Closed,0,2.96,1,122,10669.22,14
C003670,Carrier C,Property,Agent,2026-05-30,2026-05,,Open,0,11.08,,124,0,20
C003671,Carrier A,Liability,Web,2026-07-20,2026-07,2026-07-28,Closed,0,17.13,8,73,1557.61,14
C003672,Carrier C,Property,Web,2026-08-16,2026-08,2026-08-22,Closed,0,12.89,6,46,1797.04,20
C003673,Carrier A,Property,Web,2026-04-27,2026-04,2026-05-20,Closed,0,12.43,23,157,4080.88,20
C003674,Carrier B,Liability,Web,2026-04-07,2026-04,2026-04-20,Closed,0,13.13,13,177,2691.84,14
C003675,Carrier A,Property,Agent,2026-09-28,2026-09,,Open,0,6.78,,3,0,20
C003676,Carrier C,Liability,Mobile,2026-07-15,2026-07,2026-07-27,Closed,1,17.23,12,78,2665.59,14
C003677,Carrier B,Auto,Mobile,2026-07-08,2026-07,2026-07-13,Closed,0,7.12,5,85,1894.23,14
C003678,Carrier A,Auto,Agent,2026-08-10,2026-08,2026-08-15,Closed,0,10.72,5,52,6257.68,14
C003679,Carrier A,Property,Mobile,2026-08-24,2026-08,2026-09-16,Closed,0,12.01,23,38,7867.04,20
C003680,Carrier A,Liability,Agent,2026-07-23,2026-07,2026-07-27,Closed,0,3.75,4,70,2733.13,14
C003681,Carrier B,Property,Web,2026-06-03,2026-06,,Open,1,17.74,,120,0,20
C003682,Carrier B,Property,Agent,2026-07-04,2026-07,2026-07-13,Closed,0,17.21,9,89,3660.35,20
C003683,Carrier C,Property,Agent,2026-09-08,2026-09,,Open,1,22.33,,23,0,20
C003684,Carrier C,Property,Web,2026-04-10,2026-04,2026-04-20,Closed,0,8.26,10,174,2605.25,20
C003685,Carrier C,Liability,Mobile,2026-04-09,2026-04,2026-04-12,Closed,0,5.83,3,175,3847.89,14
C003686,Carrier C,Liability,Mobile,2026-05-28,2026-05,2026-06-21,Closed,0,9.47,24,126,2489.33,14
C003687,Carrier C,Liability,Web,2026-06-21,2026-06,2026-06-22,Closed,0,12.31,1,102,1223.8,14
C003688,Carrier C,Liability,Web,2026-04-25,2026-04,2026-05-02,Closed,0,4.87,7,159,1928.51,14
C003689,Carrier C,Auto,Mobile,2026-07-15,2026-07,2026-07-21,Closed,0,3.99,6,78,1256.41,14
C003690,Carrier A,Auto,Agent,2026-06-08,2026-06,2026-06-11,Closed,0,16.31,3,115,5312.18,14
C003691,Carrier A,Liability,Web,2026-06-08,2026-06,2026-06-13,Closed,0,4.54,5,115,2653.69,14
C003692,Carrier C,Auto,Mobile,2026-06-20,2026-06,2026-07-01,Closed,1,20.29,11,103,6468.13,14
C003693,Carrier C,Liability,Mobile,2026-04-10,2026-04,2026-04-25,Closed,1,12.89,15,174,2108.0,14
C003694,Carrier B,Property,Mobile,2026-04-22,2026-04,2026-05-04,Closed,0,2.15,12,162,1988.72,20
C003695,Carrier B,Auto,Agent,2026-04-28,2026-04,2026-05-03,Closed,0,4.3,5,156,5889.93,14
C003696,Carrier B,Property,Web,2026-07-10,2026-07,2026-07-28,Closed,1,15.09,18,83,6176.09,20
C003697,Carrier C,Auto,Mobile,2026-08-06,2026-08,2026-08-12,Closed,0,16.39,6,56,4194.57,14
C003698,Carrier C,Property,Web,2026-06-15,2026-06,2026-06-23,Closed,0,8.28,8,108,1881.31,20
C003699,Carrier A,Liability,Web,2026-06-19,2026-06,2026-06-28,Closed,0,13.94,9,104,3234.51,14
C003700,Carrier B,Liability,Agent,2026-07-10,2026-07,2026-07-17,Closed,0,16.65,7,83,6900.39,14
C003701,Carrier B,Auto,Web,2026-07-03,2026-07,2026-07-09,Closed,0,12.5,6,90,3327.9,14
C003702,Carrier B,Auto,Mobile,2026-08-17,2026-08,2026-08-22,Closed,0,1.93,5,45,4551.85,14
C003703,Carrier C,Property,Mobile,2026-05-13,2026-05,2026-06-05,Closed,1,18.88,23,141,12983.65,20
C003704,Carrier A,Property,Mobile,2026-08-29,2026-08,2026-09-10,Closed,0,11.19,12,33,34437.6,20
C003705,Carrier B,Liability,Mobile,2026-09-29,2026-09,,Open,1,15.92,,2,0,14
C003706,Carrier A,Liability,Mobile,2026-08-08,2026-08,2026-08-17,Closed,0,17.79,9,54,5064.62,14
C003707,Carrier A,Property,Mobile,2026-06-29,2026-06,2026-07-15,Closed,0,13.65,16,94,863.72,20
C003708,Carrier A,Liability,Agent,2026-07-03,2026-07,2026-07-04,Closed,0,1.79,1,90,3924.04,14
C003709,Carrier C,Property,Web,2026-05-22,2026-05,2026-06-04,Closed,0,9.51,13,132,2298.13,20
C003710,Carrier A,Property,Agent,2026-04-08,2026-04,2026-04-29,Closed,0,2.13,21,176,4552.99,20
C003711,Carrier B,Property,Web,2026-06-24,2026-06,2026-07-10,Closed,0,5.92,16,99,3582.51,20
C003712,Carrier A,Auto,Web,2026-05-24,2026-05,2026-05-26,Closed,0,1.08,2,130,4612.9,14
C003713,Carrier C,Auto,Agent,2026-04-16,2026-04,2026-04-21,Closed,0,11.37,5,168,2186.1,14
C003714,Carrier B,Property,Web,2026-06-30,2026-06,2026-07-15,Closed,0,1.58,15,93,6290.97,20
C003715,Carrier A,Property,Web,2026-08-01,2026-08,2026-08-10,Closed,0,14.18,9,61,3897.56,20
C003716,Carrier B,Auto,Agent,2026-09-03,2026-09,2026-09-20,Closed,1,14.17,17,28,2490.18,14
C003717,Carrier C,Property,Agent,2026-08-26,2026-08,2026-09-05,Closed,0,13.56,10,36,7652.17,20
C003718,Carrier A,Auto,Agent,2026-07-12,2026-07,2026-07-13,Closed,0,4.13,1,81,1478.35,14
C003719,Carrier B,Liability,Web,2026-09-17,2026-09,2026-09-23,Closed,0,13.87,6,14,1974.17,14
C003720,Carrier A,Property,Web,2026-09-09,2026-09,2026-09-18,Closed,0,17.37,9,22,1076.7,20
C003721,Carrier B,Auto,Mobile,2026-05-18,2026-05,2026-05-28,Closed,0,6.52,10,136,8425.52,14
C003722,Carrier C,Property,Web,2026-07-14,2026-07,2026-08-03,Closed,0,12.25,20,79,2744.73,20
C003723,Carrier A,Auto,Agent,2026-07-15,2026-07,2026-07-19,Closed,0,2.22,4,78,741.85,14
C003724,Carrier C,Liability,Agent,2026-09-01,2026-09,,Open,0,14.22,,30,0,14
C003725,Carrier A,Property,Mobile,2026-04-13,2026-04,2026-04-26,Closed,0,9.0,13,171,2005.92,20
C003726,Carrier B,Auto,Agent,2026-08-15,2026-08,2026-08-18,Closed,0,14.87,3,47,3419.58,14
C003727,Carrier B,Property,Agent,2026-07-20,2026-07,2026-07-26,Closed,0,6.46,6,73,7193.09,20
C003728,Carrier C,Liability,Agent,2026-06-21,2026-06,2026-07-05,Closed,0,9.75,14,102,2832.21,14
C003729,Carrier B,Auto,Agent,2026-06-20,2026-06,2026-06-28,Closed,0,10.37,8,103,3360.72,14
C003730,Carrier C,Property,Mobile,2026-07-21,2026-07,2026-08-05,Closed,0,9.24,15,72,2803.76,20
C003731,Carrier A,Liability,Agent,2026-06-07,2026-06,,Open,0,12.55,,116,0,14
C003732,Carrier A,Property,Agent,2026-05-08,2026-05,2026-05-22,Closed,0,7.12,14,146,2286.82,20
C003733,Carrier B,Property,Web,2026-06-21,2026-06,2026-07-18,Closed,1,13.33,27,102,4192.39,20
C003734,Carrier A,Auto,Mobile,2026-09-29,2026-09,,Open,0,17.39,,2,0,14
C003735,Carrier B,Auto,Web,2026-08-24,2026-08,2026-08-25,Closed,0,11.28,1,38,778.62,14
C003736,Carrier A,Property,Agent,2026-07-07,2026-07,2026-08-07,Closed,1,25.4,31,86,5024.59,20
C003737,Carrier C,Auto,Web,2026-04-18,2026-04,2026-04-28,Closed,0,7.33,10,166,4188.3,14
C003738,Carrier B,Property,Web,2026-04-30,2026-04,2026-05-22,Closed,0,14.58,22,154,5345.05,20
C003739,Carrier B,Auto,Agent,2026-07-15,2026-07,2026-07-21,Closed,0,14.33,6,78,1315.78,14
C003740,Carrier B,Liability,Mobile,2026-04-13,2026-04,,Open,0,8.14,,171,0,14
C003741,Carrier C,Liability,Agent,2026-08-20,2026-08,2026-09-13,Closed,0,5.11,24,42,3023.7,14
C003742,Carrier B,Liability,Web,2026-04-15,2026-04,2026-04-19,Closed,0,7.31,4,169,2473.95,14
C003743,Carrier C,Property,Agent,2026-09-03,2026-09,2026-09-19,Closed,0,5.71,16,28,4343.75,20
C003744,Carrier A,Property,Agent,2026-04-08,2026-04,2026-04-17,Closed,0,13.71,9,176,7172.95,20
C003745,Carrier C,Auto,Web,2026-08-25,2026-08,2026-09-04,Closed,0,16.04,10,37,2276.89,14
C003746,Carrier C,Liability,Agent,2026-06-14,2026-06,2026-06-23,Closed,0,1.81,9,109,5475.72,14
C003747,Carrier B,Auto,Web,2026-04-11,2026-04,2026-04-21,Closed,1,13.22,10,173,2987.87,14
C003748,Carrier B,Property,Web,2026-08-26,2026-08,2026-09-14,Closed,1,20.67,19,36,5365.68,20
C003749,Carrier A,Liability,Agent,2026-09-04,2026-09,2026-09-05,Closed,0,1.38,1,27,3910.94,14
C003750,Carrier A,Property,Web,2026-06-27,2026-06,2026-07-03,Closed,0,17.39,6,96,753.73,20
C003751,Carrier B,Property,Mobile,2026-06-07,2026-06,2026-06-15,Closed,0,16.09,8,116,4554.12,20
C003752,Carrier B,Liability,Agent,2026-08-10,2026-08,2026-08-22,Closed,1,18.68,12,52,4346.65,14
C003753,Carrier A,Auto,Agent,2026-08-19,2026-08,2026-08-26,Closed,0,1.46,7,43,13775.15,14
C003754,Carrier C,Property,Web,2026-09-04,2026-09,2026-09-12,Closed,0,1.98,8,27,10142.85,20
C003755,Carrier A,Property,Mobile,2026-07-01,2026-07,2026-07-16,Closed,0,10.6,15,92,6570.53,20
C003756,Carrier B,Liability,Mobile,2026-07-20,2026-07,2026-07-31,Closed,0,3.54,11,73,1286.71,14
C003757,Carrier A,Auto,Web,2026-08-15,2026-08,2026-08-26,Closed,0,4.26,11,47,8370.25,14
C003758,Carrier A,Auto,Web,2026-05-09,2026-05,2026-05-12,Closed,0,1.79,3,145,1578.63,14
C003759,Carrier A,Auto,Mobile,2026-08-22,2026-08,2026-08-30,Closed,0,5.85,8,40,4290.74,14
C003760,Carrier B,Auto,Agent,2026-08-27,2026-08,2026-09-17,Closed,0,1.23,21,35,2316.16,14
C003761,Carrier C,Property,Mobile,2026-08-12,2026-08,2026-08-25,Closed,0,6.91,13,50,2903.55,20
C003762,Carrier C,Property,Mobile,2026-04-09,2026-04,2026-04-16,Closed,0,4.12,7,175,873.89,20
C003763,Carrier B,Property,Agent,2026-04-05,2026-04,2026-04-14,Closed,0,9.72,9,179,4421.02,20
C003764,Carrier B,Property,Mobile,2026-04-16,2026-04,2026-05-17,Closed,1,21.94,31,168,3100.45,20
C003765,Carrier B,Property,Mobile,2026-07-25,2026-07,2026-08-12,Closed,1,18.16,18,68,1721.5,20
C003766,Carrier B,Property,Agent,2026-06-04,2026-06,2026-06-13,Closed,0,1.85,9,119,19662.72,20
C003767,Carrier C,Liability,Web,2026-07-22,2026-07,2026-08-13,Closed,1,22.51,22,71,3052.73,14
C003768,Carrier A,Liability,Mobile,2026-05-23,2026-05,2026-05-25,Closed,0,16.61,2,131,855.89,14
C003769,Carrier C,Liability,Web,2026-06-05,2026-06,2026-06-08,Closed,0,16.63,3,118,5032.33,14
C003770,Carrier B,Auto,Web,2026-06-03,2026-06,2026-06-11,Closed,0,12.15,8,120,1742.7,14
C003771,Carrier C,Auto,Web,2026-09-23,2026-09,,Open,1,11.37,,8,0,14
C003772,Carrier C,Liability,Agent,2026-09-18,2026-09,2026-09-20,Closed,0,12.8,2,13,709.84,14
C003773,Carrier C,Property,Web,2026-07-16,2026-07,2026-07-26,Closed,0,7.72,10,77,1475.78,20
C003774,Carrier B,Property,Mobile,2026-09-25,2026-09,,Open,1,22.0,,6,0,20
C003775,Carrier B,Liability,Mobile,2026-04-21,2026-04,,Open,0,1.92,,163,0,14
C003776,Carrier A,Liability,Agent,2026-05-02,2026-05,2026-05-10,Closed,0,10.18,8,152,6748.96,14
C003777,Carrier C,Property,Agent,2026-07-10,2026-07,2026-08-03,Closed,1,13.63,24,83,5264.3,20
C003778,Carrier A,Liability,Web,2026-06-13,2026-06,2026-06-28,Closed,0,14.71,15,110,1013.05,14
C003779,Carrier A,Auto,Mobile,2026-07-13,2026-07,2026-07-25,Closed,1,24.07,12,80,30263.83,14
C003780,Carrier B,Property,Mobile,2026-05-12,2026-05,2026-05-26,Closed,1,17.93,14,142,8062.23,20
C003781,Carrier A,Liability,Web,2026-05-30,2026-05,,Open,1,27.22,,124,0,14
C003782,Carrier B,Liability,Mobile,2026-06-04,2026-06,2026-06-11,Closed,0,14.54,7,119,2927.04,14
C003783,Carrier A,Liability,Agent,2026-09-26,2026-09,,Open,0,4.53,,5,0,14
C003784,Carrier A,Auto,Web,2026-07-06,2026-07,2026-07-17,Closed,0,3.18,11,87,1851.05,14
C003785,Carrier A,Property,Mobile,2026-09-20,2026-09,2026-09-30,Closed,0,6.99,10,11,11702.93,20
C003786,Carrier C,Property,Agent,2026-07-28,2026-07,2026-08-18,Closed,0,15.66,21,65,2091.57,20
C003787,Carrier C,Property,Mobile,2026-06-02,2026-06,2026-06-24,Closed,0,14.33,22,121,3291.46,20
C003788,Carrier A,Auto,Web,2026-04-02,2026-04,2026-04-07,Closed,0,7.01,5,182,1791.87,14
C003789,Carrier C,Auto,Web,2026-08-13,2026-08,,Open,0,6.34,,49,0,14
C003790,Carrier B,Property,Agent,2026-06-02,2026-06,2026-06-17,Closed,0,3.72,15,121,5448.77,20
C003791,Carrier C,Liability,Mobile,2026-05-11,2026-05,2026-05-16,Closed,0,9.73,5,143,3646.51,14
C003792,Carrier A,Property,Agent,2026-04-06,2026-04,2026-04-23,Closed,0,1.07,17,178,7265.62,20
C003793,Carrier C,Property,Mobile,2026-08-21,2026-08,2026-09-06,Closed,1,12.27,16,41,3944.08,20
C003794,Carrier C,Property,Mobile,2026-09-16,2026-09,2026-10-01,Closed,0,6.76,15,15,5144.24,20
C003795,Carrier A,Property,Web,2026-08-29,2026-08,2026-09-09,Closed,0,15.59,11,33,3076.55,20
C003796,Carrier A,Liability,Web,2026-07-02,2026-07,2026-07-04,Closed,0,13.77,2,91,3300.92,14
C003797,Carrier B,Property,Mobile,2026-08-26,2026-08,2026-09-15,Closed,1,17.09,20,36,31137.91,20
C003798,Carrier B,Auto,Mobile,2026-05-23,2026-05,2026-06-04,Closed,0,6.14,12,131,3149.89,14
C003799,Carrier C,Auto,Web,2026-07-19,2026-07,,Open,0,14.96,,74,0,14
C003800,Carrier A,Auto,Agent,2026-09-13,2026-09,2026-09-23,Closed,1,20.95,10,18,7836.02,14
C003801,Carrier C,Auto,Mobile,2026-05-14,2026-05,2026-05-16,Closed,0,4.22,2,140,3752.43,14
C003802,Carrier A,Liability,Mobile,2026-04-30,2026-04,2026-05-08,Closed,0,11.45,8,154,1455.84,14
C003803,Carrier B,Liability,Mobile,2026-06-09,2026-06,2026-06-11,Closed,0,1.97,2,114,4675.38,14
C003804,Carrier A,Property,Mobile,2026-08-14,2026-08,2026-09-03,Closed,0,6.42,20,48,6920.78,20
C003805,Carrier B,Auto,Web,2026-07-23,2026-07,2026-07-25,Closed,0,6.64,2,70,4548.61,14
C003806,Carrier A,Liability,Agent,2026-05-12,2026-05,2026-05-25,Closed,0,13.59,13,142,4857.13,14
C003807,Carrier C,Liability,Web,2026-07-13,2026-07,2026-08-04,Closed,1,23.67,22,80,3526.51,14
C003808,Carrier A,Liability,Agent,2026-07-08,2026-07,,Open,0,17.95,,85,0,14
C003809,Carrier A,Property,Agent,2026-09-30,2026-09,,Open,1,18.59,,1,0,20
C003810,Carrier C,Property,Agent,2026-04-10,2026-04,2026-04-25,Closed,0,8.7,15,174,6533.67,20
C003811,Carrier B,Auto,Agent,2026-06-02,2026-06,2026-06-04,Closed,0,8.23,2,121,8094.22,14
C003812,Carrier A,Liability,Agent,2026-05-06,2026-05,2026-05-09,Closed,0,6.06,3,148,5077.15,14
C003813,Carrier A,Property,Web,2026-07-06,2026-07,2026-07-22,Closed,0,6.81,16,87,2629.88,20
C003814,Carrier C,Liability,Web,2026-07-18,2026-07,2026-08-03,Closed,1,22.4,16,75,8379.15,14
C003815,Carrier C,Property,Web,2026-08-06,2026-08,2026-08-22,Closed,1,27.61,16,56,3851.92,20
C003816,Carrier A,Auto,Agent,2026-04-12,2026-04,2026-04-28,Closed,1,24.27,16,172,2588.27,14
C003817,Carrier C,Auto,Mobile,2026-09-30,2026-09,2026-10-01,Closed,0,16.59,1,1,978.51,14
C003818,Carrier B,Property,Mobile,2026-09-08,2026-09,2026-09-30,Closed,1,16.46,22,23,3988.29,20
C003819,Carrier B,Liability,Web,2026-07-02,2026-07,2026-07-05,Closed,0,8.51,3,91,7083.6,14
C003820,Carrier A,Liability,Mobile,2026-07-24,2026-07,2026-08-09,Closed,1,25.0,16,69,5462.54,14
C003821,Carrier C,Auto,Web,2026-09-20,2026-09,2026-09-28,Closed,0,13.01,8,11,1214.76,14
C003822,Carrier A,Liability,Web,2026-08-22,2026-08,2026-09-18,Closed,1,25.72,27,40,1883.97,14
C003823,Carrier C,Auto,Web,2026-06-20,2026-06,2026-07-02,Closed,0,11.29,12,103,7281.71,14
C003824,Carrier C,Liability,Web,2026-07-29,2026-07,2026-07-30,Closed,0,1.75,1,64,3123.84,14
C003825,Carrier C,Auto,Agent,2026-09-05,2026-09,,Open,0,10.43,,26,0,14
C003826,Carrier B,Auto,Agent,2026-08-07,2026-08,2026-08-25,Closed,0,12.05,18,55,1116.29,14
C003827,Carrier A,Auto,Mobile,2026-06-12,2026-06,2026-06-26,Closed,1,24.44,14,111,9747.33,14
C003828,Carrier C,Property,Web,2026-06-09,2026-06,2026-06-23,Closed,0,2.08,14,114,7200.18,20
C003829,Carrier B,Auto,Mobile,2026-09-11,2026-09,,Open,1,26.6,,20,0,14
C003830,Carrier C,Liability,Mobile,2026-08-11,2026-08,2026-08-16,Closed,0,10.12,5,51,2078.11,14
C003831,Carrier C,Property,Mobile,2026-07-22,2026-07,2026-08-05,Closed,0,6.77,14,71,6977.63,20
C003832,Carrier C,Auto,Agent,2026-07-30,2026-07,2026-08-05,Closed,0,2.06,6,63,2239.68,14
C003833,Carrier A,Auto,Web,2026-06-28,2026-06,2026-07-08,Closed,0,15.15,10,95,2170.26,14
C003834,Carrier B,Property,Agent,2026-09-21,2026-09,,Open,0,13.6,,10,0,20
C003835,Carrier A,Liability,Agent,2026-08-21,2026-08,2026-08-26,Closed,0,8.7,5,41,1387.86,14
C003836,Carrier A,Liability,Mobile,2026-06-11,2026-06,2026-07-01,Closed,1,22.71,20,112,1547.1,14
C003837,Carrier B,Auto,Web,2026-08-25,2026-08,2026-09-06,Closed,1,21.49,12,37,1955.66,14
C003838,Carrier B,Property,Mobile,2026-09-10,2026-09,2026-09-25,Closed,0,7.52,15,21,1829.27,20
C003839,Carrier A,Liability,Mobile,2026-06-20,2026-06,2026-06-23,Closed,0,6.6,3,103,2801.63,14
C003840,Carrier B,Auto,Mobile,2026-06-08,2026-06,2026-06-12,Closed,0,2.63,4,115,1019.83,14
C003841,Carrier C,Auto,Agent,2026-07-17,2026-07,2026-07-31,Closed,0,14.3,14,76,1912.63,14
C003842,Carrier B,Liability,Agent,2026-07-19,2026-07,2026-07-25,Closed,0,10.06,6,74,3317.1,14
C003843,Carrier A,Auto,Agent,2026-09-06,2026-09,2026-09-09,Closed,0,11.9,3,25,5870.7,14
C003844,Carrier A,Liability,Agent,2026-05-11,2026-05,2026-05-17,Closed,0,1.62,6,143,1009.14,14
C003845,Carrier B,Liability,Web,2026-04-12,2026-04,2026-04-14,Closed,0,1.51,2,172,11474.68,14
C003846,Carrier B,Liability,Web,2026-05-11,2026-05,2026-06-01,Closed,0,6.76,21,143,1365.83,14
C003847,Carrier B,Auto,Mobile,2026-07-20,2026-07,2026-07-27,Closed,0,5.73,7,73,3706.53,14
C003848,Carrier A,Property,Agent,2026-06-03,2026-06,2026-06-23,Closed,0,6.15,20,120,1908.39,20
C003849,Carrier B,Property,Agent,2026-07-25,2026-07,2026-08-13,Closed,0,11.42,19,68,2641.06,20
C003850,Carrier C,Liability,Agent,2026-09-18,2026-09,2026-09-25,Closed,0,13.39,7,13,1147.61,14
C003851,Carrier B,Property,Mobile,2026-08-07,2026-08,2026-08-31,Closed,1,25.73,24,55,3983.54,20
C003852,Carrier B,Property,Web,2026-09-22,2026-09,,Open,0,17.11,,9,0,20
C003853,Carrier A,Liability,Web,2026-06-07,2026-06,2026-06-15,Closed,0,9.94,8,116,1416.77,14
C003854,Carrier B,Auto,Web,2026-05-05,2026-05,2026-06-03,Closed,0,17.13,29,149,1032.95,14
C003855,Carrier C,Liability,Mobile,2026-06-13,2026-06,2026-06-17,Closed,0,13.42,4,110,9085.88,14
C003856,Carrier C,Property,Agent,2026-05-03,2026-05,2026-05-13,Closed,0,1.68,10,151,3824.55,20
C003857,Carrier A,Property,Mobile,2026-06-20,2026-06,2026-07-04,Closed,0,4.45,14,103,7993.78,20
C003858,Carrier A,Liability,Mobile,2026-09-06,2026-09,2026-09-08,Closed,0,8.27,2,25,1875.86,14
C003859,Carrier B,Liability,Agent,2026-07-28,2026-07,2026-08-05,Closed,0,3.95,8,65,5632.63,14
C003860,Carrier A,Liability,Web,2026-08-31,2026-08,2026-09-02,Closed,0,4.73,2,31,1182.42,14
C003861,Carrier A,Liability,Mobile,2026-08-25,2026-08,2026-09-03,Closed,0,9.17,9,37,4307.0,14
C003862,Carrier B,Property,Agent,2026-06-15,2026-06,2026-06-23,Closed,0,14.27,8,108,2375.3,20
C003863,Carrier A,Auto,Agent,2026-06-25,2026-06,2026-07-03,Closed,0,16.46,8,98,3314.1,14
C003864,Carrier B,Property,Agent,2026-04-08,2026-04,2026-04-16,Closed,0,2.08,8,176,1165.77,20
C003865,Carrier A,Liability,Agent,2026-06-22,2026-06,2026-06-30,Closed,0,12.87,8,101,3442.34,14
C003866,Carrier B,Liability,Agent,2026-05-11,2026-05,2026-05-19,Closed,0,15.21,8,143,3733.77,14
C003867,Carrier A,Auto,Web,2026-07-10,2026-07,2026-07-20,Closed,0,12.86,10,83,5931.92,14
C003868,Carrier C,Property,Agent,2026-04-04,2026-04,,Open,0,15.67,,180,0,20
C003869,Carrier B,Liability,Mobile,2026-05-03,2026-05,2026-05-11,Closed,0,5.14,8,151,1811.76,14
C003870,Carrier C,Liability,Web,2026-04-17,2026-04,2026-04-22,Closed,0,9.69,5,167,2731.0,14
C003871,Carrier C,Liability,Agent,2026-08-27,2026-08,2026-09-11,Closed,0,10.61,15,35,987.55,14
C003872,Carrier A,Liability,Web,2026-05-14,2026-05,2026-05-27,Closed,1,25.83,13,140,2112.43,14
C003873,Carrier B,Property,Agent,2026-08-07,2026-08,2026-08-13,Closed,0,13.05,6,55,6671.9,20
C003874,Carrier B,Auto,Agent,2026-05-29,2026-05,2026-06-03,Closed,0,4.29,5,125,1451.58,14
C003875,Carrier B,Property,Agent,2026-05-27,2026-05,2026-06-14,Closed,0,1.02,18,127,15805.9,20
C003876,Carrier B,Property,Agent,2026-05-19,2026-05,2026-05-28,Closed,0,3.38,9,135,2597.86,20
C003877,Carrier B,Property,Mobile,2026-07-10,2026-07,2026-07-22,Closed,0,2.63,12,83,1840.8,20
C003878,Carrier A,Liability,Mobile,2026-04-07,2026-04,2026-04-13,Closed,0,16.83,6,177,7027.37,14
C003879,Carrier A,Property,Mobile,2026-04-02,2026-04,2026-04-11,Closed,0,16.11,9,182,13168.28,20
C003880,Carrier A,Liability,Web,2026-05-22,2026-05,2026-06-01,Closed,0,6.52,10,132,2260.91,14
C003881,Carrier A,Liability,Agent,2026-04-15,2026-04,2026-04-17,Closed,0,17.2,2,169,2909.28,14
C003882,Carrier A,Auto,Agent,2026-07-10,2026-07,2026-07-12,Closed,0,17.02,2,83,2236.91,14
C003883,Carrier C,Auto,Web,2026-06-25,2026-06,,Open,0,14.86,,98,0,14
C003884,Carrier A,Auto,Agent,2026-04-17,2026-04,2026-04-22,Closed,0,16.08,5,167,604.43,14
C003885,Carrier B,Property,Mobile,2026-06-24,2026-06,,Open,1,21.9,,99,0,20
C003886,Carrier A,Property,Mobile,2026-09-24,2026-09,2026-10-01,Closed,0,11.98,7,7,2408.65,20
C003887,Carrier B,Auto,Agent,2026-06-28,2026-06,2026-07-02,Closed,0,14.4,4,95,3786.11,14
C003888,Carrier A,Liability,Web,2026-09-24,2026-09,2026-09-25,Closed,0,12.37,1,7,6241.71,14
C003889,Carrier A,Liability,Mobile,2026-09-18,2026-09,2026-09-22,Closed,0,16.67,4,13,4893.22,14
C003890,Carrier C,Auto,Agent,2026-07-19,2026-07,2026-07-27,Closed,0,16.57,8,74,3129.57,14
C003891,Carrier A,Auto,Web,2026-07-17,2026-07,2026-07-21,Closed,0,4.35,4,76,9092.04,14
C003892,Carrier B,Property,Agent,2026-08-02,2026-08,,Open,1,14.18,,60,0,20
C003893,Carrier C,Property,Mobile,2026-06-17,2026-06,2026-07-07,Closed,1,13.72,20,106,9821.74,20
C003894,Carrier A,Property,Mobile,2026-08-11,2026-08,2026-08-18,Closed,0,11.16,7,51,6605.52,20
C003895,Carrier B,Property,Mobile,2026-07-16,2026-07,2026-07-31,Closed,0,4.46,15,77,859.47,20
C003896,Carrier C,Auto,Mobile,2026-08-27,2026-08,2026-09-05,Closed,1,23.26,9,35,1528.35,14
C003897,Carrier C,Auto,Mobile,2026-06-13,2026-06,2026-06-19,Closed,0,14.14,6,110,3207.95,14
C003898,Carrier B,Auto,Mobile,2026-08-24,2026-08,2026-09-15,Closed,1,13.47,22,38,9263.43,14
C003899,Carrier B,Property,Agent,2026-04-13,2026-04,2026-04-21,Closed,0,7.7,8,171,2410.11,20
C003900,Carrier C,Liability,Agent,2026-08-28,2026-08,2026-09-01,Closed,0,13.49,4,34,2152.62,14
C003901,Carrier A,Property,Agent,2026-05-05,2026-05,2026-05-16,Closed,0,15.56,11,149,2577.93,20
C003902,Carrier B,Auto,Web,2026-08-08,2026-08,2026-08-14,Closed,0,16.07,6,54,2715.31,14
C003903,Carrier B,Auto,Mobile,2026-09-02,2026-09,2026-09-11,Closed,0,5.04,9,29,2311.73,14
C003904,Carrier C,Property,Web,2026-04-23,2026-04,,Open,0,16.07,,161,0,20
C003905,Carrier C,Liability,Agent,2026-09-14,2026-09,2026-09-23,Closed,0,7.44,9,17,3454.19,14
C003906,Carrier B,Liability,Web,2026-09-28,2026-09,,Open,0,5.63,,3,0,14
C003907,Carrier B,Auto,Web,2026-07-05,2026-07,2026-07-22,Closed,0,16.21,17,88,3208.86,14
C003908,Carrier C,Auto,Mobile,2026-04-22,2026-04,2026-05-12,Closed,1,21.82,20,162,1546.39,14
C003909,Carrier A,Auto,Web,2026-04-17,2026-04,,Open,1,22.3,,167,0,14
C003910,Carrier B,Liability,Mobile,2026-06-14,2026-06,2026-06-19,Closed,0,10.12,5,109,3407.81,14
C003911,Carrier A,Auto,Web,2026-09-11,2026-09,2026-09-18,Closed,0,1.0,7,20,2498.74,14
C003912,Carrier A,Property,Web,2026-08-13,2026-08,2026-09-10,Closed,1,26.12,28,49,14005.19,20
C003913,Carrier C,Liability,Mobile,2026-09-08,2026-09,2026-09-22,Closed,0,4.02,14,23,3234.72,14
C003914,Carrier B,Liability,Mobile,2026-05-15,2026-05,2026-06-04,Closed,1,13.7,20,139,1183.87,14
C003915,Carrier A,Property,Agent,2026-04-18,2026-04,2026-04-25,Closed,0,16.01,7,166,990.64,20
C003916,Carrier C,Auto,Mobile,2026-08-12,2026-08,2026-08-20,Closed,0,1.37,8,50,2724.47,14
C003917,Carrier C,Auto,Web,2026-04-10,2026-04,2026-04-14,Closed,0,17.71,4,174,3807.0,14
C003918,Carrier C,Auto,Mobile,2026-06-13,2026-06,2026-07-08,Closed,1,26.79,25,110,4815.12,14
C003919,Carrier A,Property,Web,2026-05-08,2026-05,2026-05-30,Closed,1,18.97,22,146,3525.93,20
C003920,Carrier B,Property,Mobile,2026-06-27,2026-06,2026-07-07,Closed,0,7.8,10,96,4317.31,20
C003921,Carrier C,Auto,Web,2026-07-01,2026-07,2026-07-03,Closed,0,14.32,2,92,3224.22,14
C003922,Carrier B,Property,Web,2026-09-21,2026-09,,Open,0,9.65,,10,0,20
C003923,Carrier B,Property,Web,2026-07-06,2026-07,2026-07-15,Closed,0,7.32,9,87,1132.15,20
C003924,Carrier B,Auto,Agent,2026-09-08,2026-09,2026-09-16,Closed,0,2.99,8,23,5804.93,14
C003925,Carrier A,Liability,Web,2026-08-30,2026-08,2026-09-18,Closed,1,24.37,19,32,7570.03,14
C003926,Carrier C,Property,Agent,2026-07-05,2026-07,2026-07-19,Closed,0,14.57,14,88,10330.95,20
C003927,Carrier B,Auto,Web,2026-06-11,2026-06,2026-06-16,Closed,0,12.48,5,112,7115.16,14
C003928,Carrier A,Property,Agent,2026-06-09,2026-06,2026-06-17,Closed,0,2.12,8,114,1614.09,20
C003929,Carrier A,Property,Agent,2026-07-06,2026-07,2026-07-14,Closed,0,16.05,8,87,2410.74,20
C003930,Carrier A,Auto,Agent,2026-09-17,2026-09,2026-09-21,Closed,0,6.43,4,14,10982.66,14
C003931,Carrier A,Auto,Agent,2026-07-06,2026-07,2026-07-07,Closed,0,12.82,1,87,3945.95,14
C003932,Carrier B,Liability,Web,2026-05-19,2026-05,,Open,0,1.91,,135,0,14
C003933,Carrier A,Liability,Mobile,2026-04-22,2026-04,2026-04-26,Closed,0,5.68,4,162,3547.78,14
C003934,Carrier C,Liability,Mobile,2026-05-02,2026-05,2026-05-15,Closed,0,9.36,13,152,1775.05,14
C003935,Carrier A,Auto,Mobile,2026-08-02,2026-08,,Open,0,13.88,,60,0,14
C003936,Carrier C,Auto,Web,2026-04-26,2026-04,2026-05-04,Closed,0,13.44,8,158,7216.46,14
C003937,Carrier B,Property,Agent,2026-04-08,2026-04,2026-04-19,Closed,0,14.32,11,176,3369.6,20
C003938,Carrier C,Liability,Agent,2026-08-09,2026-08,2026-08-30,Closed,0,6.07,21,53,18083.49,14
C003939,Carrier C,Property,Web,2026-06-25,2026-06,2026-07-06,Closed,0,7.67,11,98,2598.55,20
C003940,Carrier B,Liability,Web,2026-08-22,2026-08,2026-09-02,Closed,0,13.34,11,40,4719.07,14
C003941,Carrier C,Property,Web,2026-08-01,2026-08,2026-08-09,Closed,0,3.48,8,61,3763.67,20
C003942,Carrier C,Property,Mobile,2026-06-30,2026-06,2026-07-25,Closed,0,3.5,25,93,937.67,20
C003943,Carrier A,Auto,Web,2026-07-26,2026-07,2026-08-15,Closed,0,2.52,20,67,1484.08,14
C003944,Carrier C,Property,Mobile,2026-04-22,2026-04,2026-05-08,Closed,1,16.2,16,162,6627.74,20
C003945,Carrier B,Auto,Agent,2026-07-04,2026-07,2026-07-17,Closed,0,5.83,13,89,7563.93,14
C003946,Carrier C,Property,Agent,2026-04-22,2026-04,2026-05-03,Closed,0,1.06,11,162,873.54,20
C003947,Carrier C,Property,Mobile,2026-05-09,2026-05,2026-06-03,Closed,0,7.42,25,145,1045.15,20
C003948,Carrier C,Property,Agent,2026-08-01,2026-08,2026-08-11,Closed,0,17.48,10,61,2113.73,20
C003949,Carrier C,Property,Mobile,2026-05-29,2026-05,2026-06-22,Closed,1,21.93,24,125,2306.15,20
C003950,Carrier A,Property,Mobile,2026-08-08,2026-08,,Open,1,21.62,,54,0,20
C003951,Carrier A,Auto,Mobile,2026-09-25,2026-09,,Open,1,14.8,,6,0,14
C003952,Carrier B,Property,Mobile,2026-07-26,2026-07,2026-08-12,Closed,1,17.07,17,67,1911.7,20
C003953,Carrier C,Auto,Agent,2026-08-17,2026-08,2026-08-20,Closed,0,16.45,3,45,9352.32,14
C003954,Carrier C,Auto,Mobile,2026-06-16,2026-06,2026-07-02,Closed,0,1.99,16,107,3719.91,14
C003955,Carrier B,Liability,Mobile,2026-05-11,2026-05,2026-05-14,Closed,0,14.52,3,143,6230.21,14
C003956,Carrier C,Property,Agent,2026-08-03,2026-08,2026-08-17,Closed,0,5.63,14,59,5576.39,20
C003957,Carrier B,Liability,Mobile,2026-06-13,2026-06,2026-07-04,Closed,0,6.96,21,110,12773.01,14
C003958,Carrier A,Auto,Agent,2026-07-07,2026-07,2026-07-12,Closed,0,9.21,5,86,10070.38,14
C003959,Carrier C,Property,Agent,2026-05-24,2026-05,2026-06-04,Closed,0,6.95,11,130,2570.71,20
C003960,Carrier A,Property,Agent,2026-07-06,2026-07,2026-07-17,Closed,0,4.76,11,87,5377.45,20
C003961,Carrier C,Auto,Agent,2026-06-02,2026-06,2026-06-06,Closed,0,2.74,4,121,2496.58,14
C003962,Carrier C,Liability,Web,2026-08-16,2026-08,2026-08-20,Closed,0,15.87,4,46,4058.68,14
C003963,Carrier B,Property,Web,2026-05-18,2026-05,2026-06-05,Closed,1,20.31,18,136,2612.02,20
C003964,Carrier C,Auto,Mobile,2026-04-06,2026-04,2026-04-14,Closed,0,9.05,8,178,18283.78,14
C003965,Carrier C,Property,Agent,2026-07-28,2026-07,2026-08-04,Closed,0,14.87,7,65,2173.03,20
C003966,Carrier C,Property,Mobile,2026-08-06,2026-08,2026-08-25,Closed,1,16.64,19,56,1273.82,20
C003967,Carrier A,Liability,Mobile,2026-07-07,2026-07,2026-07-23,Closed,1,18.36,16,86,948.98,14
C003968,Carrier B,Liability,Agent,2026-08-31,2026-08,2026-09-16,Closed,0,7.51,16,31,2709.3,14
C003969,Carrier A,Property,Mobile,2026-04-17,2026-04,2026-04-23,Closed,0,11.19,6,167,2796.02,20
C003970,Carrier A,Property,Mobile,2026-04-23,2026-04,2026-05-01,Closed,0,4.38,8,161,4108.35,20
C003971,Carrier A,Property,Agent,2026-06-23,2026-06,2026-06-30,Closed,0,1.21,7,100,2007.87,20
C003972,Carrier C,Auto,Mobile,2026-08-04,2026-08,2026-08-13,Closed,1,17.66,9,58,7958.27,14
C003973,Carrier C,Auto,Agent,2026-04-01,2026-04,2026-04-08,Closed,0,2.92,7,183,4535.13,14
C003974,Carrier B,Property,Mobile,2026-06-05,2026-06,2026-07-02,Closed,1,20.52,27,118,2078.72,20
C003975,Carrier A,Property,Agent,2026-07-30,2026-07,,Open,1,12.9,,63,0,20
C003976,Carrier A,Liability,Mobile,2026-08-15,2026-08,2026-08-20,Closed,0,2.1,5,47,1787.61,14
C003977,Carrier B,Liability,Web,2026-06-02,2026-06,2026-06-04,Closed,0,17.71,2,121,1606.94,14
C003978,Carrier C,Auto,Mobile,2026-07-18,2026-07,2026-07-31,Closed,0,1.52,13,75,5062.3,14
C003979,Carrier A,Property,Agent,2026-09-10,2026-09,,Open,0,8.21,,21,0,20
C003980,Carrier C,Property,Web,2026-04-18,2026-04,2026-04-27,Closed,0,13.34,9,166,12499.07,20
C003981,Carrier A,Auto,Agent,2026-04-12,2026-04,,Open,0,6.43,,172,0,14
C003982,Carrier B,Property,Mobile,2026-04-19,2026-04,2026-05-05,Closed,0,10.03,16,165,30427.15,20
C003983,Carrier A,Property,Mobile,2026-05-18,2026-05,2026-05-31,Closed,0,5.71,13,136,6135.22,20
C003984,Carrier B,Auto,Agent,2026-09-10,2026-09,2026-09-24,Closed,0,8.79,14,21,2397.81,14
C003985,Carrier B,Liability,Mobile,2026-05-18,2026-05,2026-05-29,Closed,0,13.13,11,136,8262.04,14
C003986,Carrier A,Liability,Mobile,2026-09-24,2026-09,2026-09-28,Closed,0,2.99,4,7,9388.2,14
C003987,Carrier A,Property,Mobile,2026-07-09,2026-07,2026-07-17,Closed,0,16.59,8,84,1447.97,20
C003988,Carrier C,Property,Web,2026-09-14,2026-09,2026-09-20,Closed,0,13.89,6,17,4463.2,20
C003989,Carrier C,Liability,Mobile,2026-04-24,2026-04,2026-05-03,Closed,0,12.48,9,160,1347.36,14
C003990,Carrier C,Auto,Web,2026-07-24,2026-07,2026-07-28,Closed,0,8.49,4,69,4566.68,14
C003991,Carrier A,Auto,Web,2026-05-20,2026-05,2026-06-07,Closed,0,8.08,18,134,3673.43,14
C003992,Carrier C,Property,Web,2026-09-12,2026-09,,Open,0,15.13,,19,0,20
C003993,Carrier A,Liability,Web,2026-09-18,2026-09,,Open,1,19.76,,13,0,14
C003994,Carrier A,Property,Mobile,2026-07-01,2026-07,2026-07-12,Closed,0,12.22,11,92,1254.03,20
C003995,Carrier A,Auto,Agent,2026-07-31,2026-07,2026-08-15,Closed,0,10.17,15,62,649.15,14
C003996,Carrier C,Liability,Mobile,2026-06-25,2026-06,2026-07-02,Closed,0,14.88,7,98,2158.29,14
C003997,Carrier A,Liability,Web,2026-05-01,2026-05,2026-05-04,Closed,0,5.85,3,153,8041.96,14
C003998,Carrier A,Auto,Web,2026-08-01,2026-08,2026-08-04,Closed,0,15.44,3,61,33174.16,14
C003999,Carrier B,Auto,Web,2026-09-26,2026-09,,Open,0,4.03,,5,0,14
C004000,Carrier C,Property,Mobile,2026-09-12,2026-09,2026-09-22,Closed,0,10.04,10,19,1046.5,20
C004001,Carrier A,Liability,Mobile,2026-05-14,2026-05,2026-05-23,Closed,0,13.59,9,140,1856.89,14
C004002,Carrier C,Liability,Mobile,2026-09-12,2026-09,2026-09-18,Closed,0,15.68,6,19,2273.22,14
C004003,Carrier B,Auto,Agent,2026-06-26,2026-06,2026-06-29,Closed,0,4.96,3,97,3971.13,14
C004004,Carrier C,Liability,Web,2026-09-30,2026-09,,Open,0,11.01,,1,0,14
C004005,Carrier B,Auto,Mobile,2026-05-29,2026-05,2026-06-14,Closed,1,22.36,16,125,2299.48,14
C004006,Carrier A,Auto,Mobile,2026-09-12,2026-09,2026-09-16,Closed,0,6.86,4,19,522.58,14
C004007,Carrier B,Liability,Web,2026-09-21,2026-09,,Open,0,14.8,,10,0,14
C004008,Carrier A,Liability,Agent,2026-09-01,2026-09,,Open,0,16.07,,30,0,14
C004009,Carrier A,Property,Web,2026-07-31,2026-07,2026-08-11,Closed,0,13.67,11,62,3341.27,20
C004010,Carrier A,Liability,Web,2026-08-01,2026-08,2026-08-07,Closed,0,8.45,6,61,6505.67,14
C004011,Carrier B,Auto,Web,2026-04-30,2026-04,2026-05-03,Closed,0,8.03,3,154,3093.03,14
C004012,Carrier C,Auto,Agent,2026-09-06,2026-09,2026-09-20,Closed,0,14.39,14,25,8507.81,14
C004013,Carrier C,Liability,Mobile,2026-09-14,2026-09,2026-09-25,Closed,1,24.46,11,17,2599.35,14
C004014,Carrier C,Property,Web,2026-06-24,2026-06,2026-07-21,Closed,0,15.45,27,99,2988.29,20
C004015,Carrier C,Liability,Mobile,2026-05-30,2026-05,2026-06-17,Closed,1,23.03,18,124,4590.83,14
C004016,Carrier A,Auto,Agent,2026-08-10,2026-08,2026-08-25,Closed,0,6.45,15,52,3397.57,14
C004017,Carrier A,Property,Agent,2026-08-17,2026-08,2026-08-31,Closed,0,2.71,14,45,1416.67,20
C004018,Carrier A,Auto,Mobile,2026-04-06,2026-04,2026-04-07,Closed,0,10.47,1,178,17856.21,14
C004019,Carrier C,Property,Web,2026-04-29,2026-04,2026-05-07,Closed,0,8.82,8,155,1338.7,20
C004020,Carrier C,Property,Agent,2026-09-06,2026-09,2026-09-26,Closed,1,11.88,20,25,342.47,20
C004021,Carrier A,Property,Agent,2026-09-29,2026-09,,Open,1,19.67,,2,0,20
C004022,Carrier C,Auto,Web,2026-05-08,2026-05,2026-05-19,Closed,1,18.83,11,146,1640.03,14
C004023,Carrier B,Liability,Web,2026-09-03,2026-09,,Open,0,4.06,,28,0,14
C004024,Carrier A,Auto,Mobile,2026-05-24,2026-05,2026-06-06,Closed,1,18.02,13,130,3634.58,14
C004025,Carrier B,Liability,Mobile,2026-05-29,2026-05,,Open,1,15.19,,125,0,14
C004026,Carrier A,Liability,Mobile,2026-09-28,2026-09,2026-09-30,Closed,0,10.83,2,3,1478.83,14
C004027,Carrier B,Property,Web,2026-07-03,2026-07,2026-07-16,Closed,0,7.23,13,90,2144.69,20
C004028,Carrier C,Property,Mobile,2026-09-14,2026-09,2026-09-27,Closed,0,8.97,13,17,1447.63,20
C004029,Carrier C,Property,Agent,2026-04-23,2026-04,2026-05-24,Closed,1,24.86,31,161,3010.42,20
C004030,Carrier B,Auto,Agent,2026-07-31,2026-07,2026-08-05,Closed,0,11.06,5,62,4822.35,14
C004031,Carrier B,Auto,Agent,2026-06-14,2026-06,2026-06-16,Closed,0,15.36,2,109,450.77,14
C004032,Carrier A,Auto,Agent,2026-05-07,2026-05,2026-05-19,Closed,1,24.48,12,147,8553.69,14
C004033,Carrier B,Liability,Web,2026-07-13,2026-07,2026-07-18,Closed,0,17.97,5,80,5972.14,14
C004034,Carrier A,Auto,Mobile,2026-07-26,2026-07,2026-07-29,Closed,0,15.85,3,67,2329.56,14
C004035,Carrier C,Auto,Agent,2026-08-11,2026-08,,Open,1,19.16,,51,0,14
C004036,Carrier A,Auto,Web,2026-05-24,2026-05,2026-06-01,Closed,0,7.88,8,130,1875.05,14
C004037,Carrier B,Property,Web,2026-05-31,2026-05,2026-06-13,Closed,0,2.05,13,123,1431.28,20
C004038,Carrier C,Auto,Agent,2026-05-27,2026-05,2026-05-30,Closed,0,13.74,3,127,1506.33,14
C004039,Carrier B,Liability,Agent,2026-07-06,2026-07,2026-07-12,Closed,0,9.76,6,87,2250.48,14
C004040,Carrier C,Liability,Mobile,2026-07-10,2026-07,2026-07-19,Closed,0,6.41,9,83,3375.65,14
C004041,Carrier B,Liability,Mobile,2026-07-05,2026-07,2026-07-19,Closed,0,5.89,14,88,1707.48,14
C004042,Carrier C,Property,Web,2026-05-29,2026-05,2026-06-06,Closed,0,11.96,8,125,5091.85,20
C004043,Carrier B,Property,Mobile,2026-06-15,2026-06,2026-06-28,Closed,0,8.63,13,108,2171.3,20
C004044,Carrier A,Liability,Mobile,2026-06-14,2026-06,2026-07-01,Closed,1,21.21,17,109,1638.62,14
C004045,Carrier B,Property,Web,2026-05-14,2026-05,2026-05-24,Closed,0,12.1,10,140,396.91,20
C004046,Carrier B,Liability,Agent,2026-09-28,2026-09,,Open,0,12.15,,3,0,14
C004047,Carrier C,Property,Web,2026-05-13,2026-05,2026-05-30,Closed,0,7.44,17,141,674.71,20
C004048,Carrier C,Auto,Web,2026-04-13,2026-04,2026-04-18,Closed,0,8.42,5,171,1259.61,14
C004049,Carrier B,Property,Web,2026-09-02,2026-09,2026-09-07,Closed,0,5.79,5,29,3097.54,20
C004050,Carrier A,Property,Mobile,2026-05-08,2026-05,,Open,0,8.67,,146,0,20
C004051,Carrier B,Liability,Web,2026-05-20,2026-05,,Open,0,13.57,,134,0,14
C004052,Carrier A,Property,Agent,2026-09-08,2026-09,2026-09-14,Closed,0,1.7,6,23,2243.7,20
C004053,Carrier B,Liability,Web,2026-05-04,2026-05,2026-05-16,Closed,0,9.5,12,150,229.5,14
C004054,Carrier A,Auto,Web,2026-09-17,2026-09,2026-09-22,Closed,0,16.29,5,14,2121.51,14
C004055,Carrier B,Liability,Web,2026-05-31,2026-05,2026-06-21,Closed,0,8.9,21,123,5624.78,14
C004056,Carrier C,Liability,Mobile,2026-04-17,2026-04,2026-04-24,Closed,0,11.19,7,167,3123.4,14
C004057,Carrier C,Property,Web,2026-07-23,2026-07,2026-07-31,Closed,0,10.25,8,70,944.3,20
C004058,Carrier B,Liability,Agent,2026-05-18,2026-05,2026-05-24,Closed,0,10.05,6,136,5793.18,14
C004059,Carrier C,Property,Mobile,2026-08-04,2026-08,,Open,0,12.42,,58,0,20
C004060,Carrier C,Property,Agent,2026-08-24,2026-08,2026-09-01,Closed,0,17.29,8,38,5243.88,20
C004061,Carrier A,Property,Mobile,2026-07-22,2026-07,2026-08-03,Closed,0,2.4,12,71,1573.91,20
C004062,Carrier A,Property,Web,2026-04-15,2026-04,2026-04-28,Closed,0,15.26,13,169,1729.26,20
C004063,Carrier A,Liability,Mobile,2026-06-17,2026-06,2026-06-20,Closed,0,11.35,3,106,11741.12,14
C004064,Carrier C,Liability,Web,2026-08-03,2026-08,2026-08-11,Closed,1,21.01,8,59,7472.94,14
C004065,Carrier A,Auto,Agent,2026-04-05,2026-04,2026-04-14,Closed,0,12.47,9,179,3993.79,14
C004066,Carrier B,Auto,Web,2026-09-04,2026-09,,Open,0,1.08,,27,0,14
C004067,Carrier B,Liability,Mobile,2026-08-26,2026-08,2026-08-27,Closed,0,2.69,1,36,14452.23,14
C004068,Carrier B,Property,Web,2026-09-27,2026-09,,Open,0,3.63,,4,0,20
C004069,Carrier C,Property,Agent,2026-07-11,2026-07,2026-08-05,Closed,1,12.75,25,82,7883.74,20
C004070,Carrier B,Auto,Web,2026-07-25,2026-07,2026-08-29,Closed,1,17.71,35,68,1391.77,14
C004071,Carrier A,Auto,Web,2026-07-23,2026-07,,Open,0,6.63,,70,0,14
C004072,Carrier C,Property,Agent,2026-08-28,2026-08,2026-09-07,Closed,0,10.46,10,34,2421.92,20
C004073,Carrier C,Auto,Agent,2026-07-31,2026-07,2026-08-03,Closed,0,14.21,3,62,11769.13,14
C004074,Carrier B,Property,Mobile,2026-04-18,2026-04,2026-05-28,Closed,0,9.05,40,166,18924.43,20
C004075,Carrier A,Property,Agent,2026-04-26,2026-04,2026-06-01,Closed,0,9.09,36,158,11242.92,20
C004076,Carrier A,Auto,Mobile,2026-09-26,2026-09,,Open,0,6.08,,5,0,14
C004077,Carrier C,Property,Web,2026-09-13,2026-09,2026-09-26,Closed,0,5.41,13,18,3534.45,20
C004078,Carrier C,Property,Web,2026-06-04,2026-06,2026-06-18,Closed,1,11.83,14,119,10412.62,20
C004079,Carrier B,Liability,Mobile,2026-09-17,2026-09,2026-09-20,Closed,0,9.92,3,14,529.9,14
C004080,Carrier C,Property,Web,2026-08-20,2026-08,2026-08-30,Closed,0,3.28,10,42,6340.26,20
C004081,Carrier B,Liability,Agent,2026-08-29,2026-08,2026-09-14,Closed,0,4.38,16,33,1512.6,14
C004082,Carrier A,Property,Mobile,2026-08-02,2026-08,2026-08-21,Closed,0,9.4,19,60,2443.81,20
C004083,Carrier A,Property,Agent,2026-07-11,2026-07,2026-07-30,Closed,1,14.15,19,82,1897.74,20
C004084,Carrier B,Property,Agent,2026-05-13,2026-05,2026-05-22,Closed,0,8.0,9,141,8447.03,20
C004085,Carrier C,Property,Web,2026-04-22,2026-04,2026-04-29,Closed,0,14.72,7,162,1748.35,20
C004086,Carrier A,Property,Agent,2026-06-10,2026-06,2026-06-18,Closed,0,10.39,8,113,7016.51,20
C004087,Carrier A,Property,Web,2026-08-07,2026-08,2026-08-15,Closed,0,12.65,8,55,3359.09,20
C004088,Carrier C,Property,Web,2026-07-16,2026-07,2026-08-01,Closed,0,15.94,16,77,2557.87,20
C004089,Carrier C,Liability,Mobile,2026-04-12,2026-04,2026-04-13,Closed,0,16.64,1,172,1698.67,14
C004090,Carrier A,Liability,Mobile,2026-07-22,2026-07,2026-08-03,Closed,0,10.66,12,71,1299.99,14
C004091,Carrier A,Liability,Web,2026-07-14,2026-07,2026-07-18,Closed,0,1.18,4,79,4591.6,14
C004092,Carrier C,Property,Mobile,2026-08-20,2026-08,2026-09-06,Closed,0,3.9,17,42,2122.64,20
C004093,Carrier B,Auto,Web,2026-07-12,2026-07,2026-07-19,Closed,0,1.28,7,81,6237.48,14
C004094,Carrier A,Auto,Web,2026-09-05,2026-09,2026-09-12,Closed,0,13.58,7,26,1487.29,14
C004095,Carrier A,Liability,Mobile,2026-05-03,2026-05,2026-05-04,Closed,0,16.16,1,151,1261.41,14
C004096,Carrier C,Property,Web,2026-07-31,2026-07,2026-08-07,Closed,0,17.21,7,62,5150.16,20
C004097,Carrier A,Liability,Agent,2026-08-06,2026-08,2026-08-14,Closed,0,16.8,8,56,4785.48,14
C004098,Carrier B,Property,Web,2026-09-17,2026-09,2026-10-01,Closed,0,9.85,14,14,9536.14,20
C004099,Carrier B,Auto,Mobile,2026-06-14,2026-06,2026-06-28,Closed,1,17.21,14,109,3575.23,14
C004100,Carrier B,Property,Agent,2026-04-28,2026-04,2026-05-18,Closed,1,26.64,20,156,6876.81,20
C004101,Carrier C,Auto,Web,2026-07-22,2026-07,2026-08-01,Closed,0,6.69,10,71,3682.42,14
C004102,Carrier C,Property,Web,2026-06-29,2026-06,,Open,1,11.24,,94,0,20
C004103,Carrier A,Auto,Mobile,2026-08-12,2026-08,2026-08-30,Closed,0,5.54,18,50,3007.02,14
C004104,Carrier A,Auto,Mobile,2026-06-11,2026-06,2026-06-29,Closed,1,26.37,18,112,11193.92,14
C004105,Carrier C,Property,Mobile,2026-05-24,2026-05,2026-06-13,Closed,1,26.51,20,130,2054.88,20
C004106,Carrier C,Property,Web,2026-07-10,2026-07,2026-07-31,Closed,0,3.94,21,83,1641.28,20
C004107,Carrier C,Liability,Agent,2026-04-07,2026-04,2026-04-10,Closed,0,14.58,3,177,5563.49,14
C004108,Carrier C,Liability,Agent,2026-04-04,2026-04,,Open,1,18.62,,180,0,14
C004109,Carrier A,Liability,Web,2026-08-17,2026-08,2026-08-18,Closed,0,1.8,1,45,5314.5,14
C004110,Carrier C,Auto,Agent,2026-05-12,2026-05,2026-05-14,Closed,0,2.5,2,142,1845.86,14
C004111,Carrier B,Auto,Web,2026-08-31,2026-08,2026-09-06,Closed,0,2.84,6,31,2224.84,14
C004112,Carrier B,Liability,Mobile,2026-04-17,2026-04,2026-04-19,Closed,0,5.71,2,167,2223.59,14
C004113,Carrier A,Property,Web,2026-04-06,2026-04,,Open,0,9.03,,178,0,20
C004114,Carrier B,Auto,Web,2026-06-30,2026-06,2026-07-04,Closed,0,10.59,4,93,1305.7,14
C004115,Carrier A,Property,Mobile,2026-09-26,2026-09,,Open,0,9.05,,5,0,20
C004116,Carrier A,Auto,Web,2026-07-22,2026-07,2026-07-27,Closed,0,1.52,5,71,6549.56,14
C004117,Carrier A,Liability,Mobile,2026-06-03,2026-06,2026-06-17,Closed,0,9.92,14,120,2447.11,14
C004118,Carrier A,Property,Mobile,2026-06-10,2026-06,2026-07-05,Closed,0,16.27,25,113,5244.94,20
C004119,Carrier C,Auto,Mobile,2026-06-02,2026-06,2026-06-09,Closed,0,1.26,7,121,9885.12,14
C004120,Carrier A,Liability,Mobile,2026-07-24,2026-07,2026-08-07,Closed,0,3.42,14,69,3273.21,14
C004121,Carrier C,Property,Web,2026-08-18,2026-08,2026-08-31,Closed,0,17.17,13,44,3537.56,20
C004122,Carrier A,Auto,Agent,2026-07-11,2026-07,2026-07-28,Closed,1,27.24,17,82,9683.23,14
C004123,Carrier C,Liability,Web,2026-07-26,2026-07,2026-08-03,Closed,0,2.28,8,67,5329.64,14
C004124,Carrier A,Liability,Web,2026-04-22,2026-04,2026-04-23,Closed,0,8.14,1,162,1148.7,14
C004125,Carrier C,Auto,Web,2026-07-31,2026-07,2026-08-08,Closed,0,5.47,8,62,799.64,14
C004126,Carrier A,Auto,Mobile,2026-09-16,2026-09,,Open,0,5.89,,15,0,14
C004127,Carrier A,Liability,Agent,2026-05-06,2026-05,2026-05-07,Closed,0,2.2,1,148,1772.38,14
C004128,Carrier B,Auto,Agent,2026-05-05,2026-05,2026-05-21,Closed,0,6.56,16,149,2990.54,14
C004129,Carrier C,Auto,Web,2026-07-31,2026-07,2026-08-13,Closed,0,7.27,13,62,4386.66,14
C004130,Carrier A,Auto,Web,2026-09-03,2026-09,2026-09-07,Closed,0,1.09,4,28,3396.87,14
C004131,Carrier A,Property,Agent,2026-06-06,2026-06,2026-07-14,Closed,0,10.38,38,117,11366.34,20
C004132,Carrier A,Liability,Mobile,2026-07-30,2026-07,,Open,1,15.94,,63,0,14
C004133,Carrier B,Property,Web,2026-09-24,2026-09,,Open,0,11.58,,7,0,20
C004134,Carrier A,Liability,Mobile,2026-07-31,2026-07,2026-08-05,Closed,0,17.75,5,62,18190.26,14
C004135,Carrier A,Property,Mobile,2026-06-18,2026-06,2026-07-09,Closed,1,23.32,21,105,1171.3,20
C004136,Carrier C,Liability,Mobile,2026-08-21,2026-08,2026-09-08,Closed,1,23.51,18,41,1040.92,14
C004137,Carrier B,Liability,Mobile,2026-08-24,2026-08,2026-08-29,Closed,0,1.04,5,38,3086.01,14
C004138,Carrier B,Property,Web,2026-07-29,2026-07,2026-08-08,Closed,0,9.78,10,64,1680.18,20
C004139,Carrier A,Liability,Mobile,2026-08-25,2026-08,2026-08-31,Closed,0,12.87,6,37,7342.82,14
C004140,Carrier B,Liability,Web,2026-09-26,2026-09,,Open,0,11.34,,5,0,14
C004141,Carrier B,Property,Agent,2026-04-19,2026-04,2026-05-01,Closed,0,2.16,12,165,3141.16,20
C004142,Carrier C,Property,Agent,2026-04-08,2026-04,2026-04-19,Closed,0,10.14,11,176,5197.33,20
C004143,Carrier C,Auto,Agent,2026-07-13,2026-07,2026-07-28,Closed,1,27.71,15,80,9641.81,14
C004144,Carrier A,Property,Agent,2026-09-04,2026-09,,Open,0,8.54,,27,0,20
C004145,Carrier A,Liability,Mobile,2026-08-23,2026-08,2026-09-13,Closed,1,21.14,21,39,1375.23,14
C004146,Carrier C,Property,Agent,2026-08-05,2026-08,2026-08-27,Closed,1,22.74,22,57,2717.12,20
C004147,Carrier B,Auto,Agent,2026-08-09,2026-08,2026-08-29,Closed,1,24.05,20,53,811.2,14
C004148,Carrier A,Auto,Web,2026-08-07,2026-08,2026-08-21,Closed,1,16.1,14,55,3173.56,14
C004149,Carrier B,Liability,Mobile,2026-07-11,2026-07,2026-07-14,Closed,0,1.1,3,82,3985.98,14
C004150,Carrier A,Property,Mobile,2026-05-22,2026-05,2026-06-06,Closed,0,17.28,15,132,2150.99,20
C004151,Carrier B,Auto,Mobile,2026-08-11,2026-08,2026-08-22,Closed,0,10.85,11,51,4220.28,14
C004152,Carrier B,Auto,Web,2026-07-27,2026-07,2026-07-31,Closed,0,9.91,4,66,2251.29,14
C004153,Carrier A,Auto,Agent,2026-06-21,2026-06,2026-06-27,Closed,0,3.99,6,102,1494.97,14
C004154,Carrier C,Auto,Web,2026-04-04,2026-04,2026-04-08,Closed,0,2.57,4,180,3458.87,14
C004155,Carrier A,Liability,Web,2026-06-10,2026-06,,Open,0,12.95,,113,0,14
C004156,Carrier C,Property,Web,2026-08-29,2026-08,2026-09-26,Closed,1,12.61,28,33,1782.95,20
C004157,Carrier B,Property,Web,2026-04-24,2026-04,2026-05-12,Closed,1,19.66,18,160,3328.88,20
C004158,Carrier C,Liability,Agent,2026-04-02,2026-04,2026-04-13,Closed,0,13.96,11,182,1155.15,14
C004159,Carrier B,Liability,Mobile,2026-04-27,2026-04,2026-05-09,Closed,0,11.78,12,157,6433.59,14
C004160,Carrier C,Property,Mobile,2026-06-27,2026-06,2026-07-14,Closed,0,8.47,17,96,3814.36,20
C004161,Carrier C,Property,Web,2026-07-19,2026-07,2026-07-27,Closed,0,9.62,8,74,2382.64,20
C004162,Carrier C,Liability,Mobile,2026-09-26,2026-09,,Open,0,9.03,,5,0,14
C004163,Carrier C,Liability,Mobile,2026-08-14,2026-08,2026-08-18,Closed,0,1.57,4,48,1174.01,14
C004164,Carrier B,Liability,Web,2026-09-18,2026-09,2026-10-01,Closed,0,11.39,13,13,2961.21,14
C004165,Carrier B,Property,Web,2026-05-14,2026-05,2026-05-31,Closed,0,16.95,17,140,1638.56,20
C004166,Carrier B,Property,Mobile,2026-08-05,2026-08,2026-08-13,Closed,0,12.46,8,57,1561.78,20
C004167,Carrier B,Liability,Mobile,2026-08-15,2026-08,2026-08-24,Closed,0,3.7,9,47,4303.71,14
C004168,Carrier B,Property,Agent,2026-07-14,2026-07,2026-07-24,Closed,0,2.93,10,79,3949.41,20
C004169,Carrier C,Property,Mobile,2026-08-20,2026-08,2026-08-30,Closed,0,1.78,10,42,2685.95,20
C004170,Carrier A,Auto,Mobile,2026-07-19,2026-07,,Open,1,19.83,,74,0,14
C004171,Carrier B,Liability,Mobile,2026-07-21,2026-07,2026-07-25,Closed,0,8.42,4,72,4327.1,14
C004172,Carrier B,Liability,Web,2026-05-31,2026-05,2026-06-13,Closed,0,4.59,13,123,8723.09,14
C004173,Carrier C,Auto,Web,2026-05-10,2026-05,2026-05-24,Closed,0,14.7,14,144,2524.0,14
C004174,Carrier B,Property,Mobile,2026-07-09,2026-07,2026-07-28,Closed,1,17.89,19,84,4379.75,20
C004175,Carrier B,Liability,Mobile,2026-09-28,2026-09,,Open,1,21.64,,3,0,14
C004176,Carrier C,Auto,Mobile,2026-08-11,2026-08,2026-08-22,Closed,1,27.97,11,51,2379.67,14
C004177,Carrier B,Auto,Agent,2026-09-14,2026-09,2026-09-16,Closed,0,12.29,2,17,1433.74,14
C004178,Carrier A,Auto,Agent,2026-07-12,2026-07,2026-07-22,Closed,1,17.48,10,81,5345.71,14
C004179,Carrier B,Auto,Agent,2026-08-05,2026-08,2026-08-12,Closed,0,2.89,7,57,6300.77,14
C004180,Carrier B,Auto,Agent,2026-09-06,2026-09,2026-09-08,Closed,0,3.13,2,25,21091.72,14
C004181,Carrier C,Liability,Web,2026-07-14,2026-07,2026-07-17,Closed,0,17.61,3,79,2847.05,14
C004182,Carrier A,Property,Web,2026-08-09,2026-08,2026-08-30,Closed,1,24.47,21,53,4402.65,20
C004183,Carrier B,Auto,Web,2026-05-30,2026-05,2026-06-07,Closed,0,6.62,8,124,1324.03,14
C004184,Carrier B,Auto,Mobile,2026-04-27,2026-04,2026-04-28,Closed,0,13.15,1,157,3315.78,14
C004185,Carrier B,Property,Agent,2026-05-25,2026-05,2026-06-08,Closed,0,16.06,14,129,5509.93,20
C004186,Carrier A,Property,Agent,2026-09-22,2026-09,,Open,1,22.22,,9,0,20
C004187,Carrier C,Auto,Web,2026-09-10,2026-09,2026-09-17,Closed,0,2.27,7,21,4511.14,14
C004188,Carrier C,Property,Agent,2026-04-29,2026-04,2026-05-07,Closed,0,3.14,8,155,2386.33,20
C004189,Carrier C,Property,Agent,2026-05-13,2026-05,2026-05-27,Closed,0,2.49,14,141,6021.38,20
C004190,Carrier A,Liability,Agent,2026-08-29,2026-08,2026-09-04,Closed,0,7.46,6,33,4419.59,14
C004191,Carrier A,Property,Web,2026-09-02,2026-09,2026-09-12,Closed,0,8.36,10,29,3108.65,20
C004192,Carrier A,Property,Mobile,2026-04-30,2026-04,2026-05-20,Closed,0,17.47,20,154,3110.25,20
C004193,Carrier C,Property,Web,2026-08-20,2026-08,2026-09-08,Closed,0,15.95,19,42,4730.06,20
C004194,Carrier A,Auto,Web,2026-04-07,2026-04,2026-04-20,Closed,0,17.27,13,177,2760.01,14
C004195,Carrier B,Auto,Mobile,2026-09-10,2026-09,2026-09-14,Closed,0,3.73,4,21,7987.84,14
C004196,Carrier B,Auto,Agent,2026-07-28,2026-07,2026-08-10,Closed,1,17.55,13,65,2761.96,14
C004197,Carrier C,Liability,Agent,2026-09-30,2026-09,,Open,0,8.04,,1,0,14
C004198,Carrier C,Liability,Mobile,2026-06-07,2026-06,2026-07-01,Closed,1,23.09,24,116,2989.87,14
C004199,Carrier B,Auto,Mobile,2026-07-29,2026-07,2026-08-06,Closed,0,5.62,8,64,1201.11,14
C004200,Carrier C,Property,Web,2026-08-30,2026-08,2026-09-08,Closed,0,11.14,9,32,911.55,20
C004201,Carrier A,Auto,Mobile,2026-05-15,2026-05,2026-06-11,Closed,0,6.34,27,139,4646.2,14
C004202,Carrier C,Auto,Agent,2026-09-10,2026-09,2026-09-24,Closed,0,11.06,14,21,3661.24,14
C004203,Carrier A,Auto,Web,2026-05-31,2026-05,2026-06-16,Closed,1,27.13,16,123,3076.35,14
C004204,Carrier C,Property,Mobile,2026-09-08,2026-09,,Open,1,20.72,,23,0,20
C004205,Carrier C,Auto,Mobile,2026-07-07,2026-07,2026-07-30,Closed,1,15.79,23,86,6000.01,14
C004206,Carrier A,Property,Web,2026-08-21,2026-08,2026-08-30,Closed,0,6.12,9,41,1621.53,20
C004207,Carrier C,Property,Mobile,2026-08-20,2026-08,2026-09-11,Closed,1,14.14,22,42,6352.43,20
C004208,Carrier B,Property,Web,2026-07-09,2026-07,2026-07-24,Closed,0,9.85,15,84,3481.36,20
C004209,Carrier A,Liability,Web,2026-09-12,2026-09,2026-09-17,Closed,0,11.61,5,19,8665.09,14
C004210,Carrier C,Property,Agent,2026-05-07,2026-05,2026-05-22,Closed,0,6.95,15,147,4638.93,20
C004211,Carrier B,Property,Web,2026-08-17,2026-08,2026-08-28,Closed,0,9.09,11,45,4081.79,20
C004212,Carrier A,Property,Web,2026-08-29,2026-08,,Open,0,12.35,,33,0,20
C004213,Carrier B,Property,Mobile,2026-05-29,2026-05,2026-06-12,Closed,0,1.98,14,125,1557.0,20
C004214,Carrier B,Property,Mobile,2026-07-05,2026-07,2026-07-30,Closed,1,26.05,25,88,1803.62,20
C004215,Carrier B,Property,Agent,2026-04-01,2026-04,2026-04-11,Closed,0,4.82,10,183,3096.92,20
C004216,Carrier C,Auto,Agent,2026-06-28,2026-06,2026-06-30,Closed,0,6.23,2,95,1208.39,14
C004217,Carrier C,Property,Mobile,2026-06-24,2026-06,2026-07-21,Closed,0,9.15,27,99,5785.24,20
C004218,Carrier A,Liability,Agent,2026-06-16,2026-06,2026-07-04,Closed,1,12.21,18,107,2644.05,14
C004219,Carrier B,Auto,Mobile,2026-05-20,2026-05,2026-05-23,Closed,0,8.09,3,134,2131.49,14
C004220,Carrier B,Property,Agent,2026-09-05,2026-09,2026-09-26,Closed,0,12.89,21,26,923.54,20
C004221,Carrier B,Liability,Mobile,2026-08-19,2026-08,2026-09-01,Closed,0,13.27,13,43,3793.88,14
C004222,Carrier B,Property,Web,2026-09-16,2026-09,2026-09-30,Closed,0,14.04,14,15,10117.75,20
C004223,Carrier B,Liability,Mobile,2026-05-31,2026-05,2026-06-05,Closed,0,5.87,5,123,2702.91,14
C004224,Carrier A,Property,Agent,2026-09-30,2026-09,,Open,0,12.67,,1,0,20
C004225,Carrier B,Auto,Agent,2026-06-11,2026-06,2026-06-26,Closed,0,10.0,15,112,8240.08,14
C004226,Carrier A,Liability,Agent,2026-04-02,2026-04,2026-04-22,Closed,0,4.64,20,182,1939.82,14
C004227,Carrier B,Property,Web,2026-05-25,2026-05,2026-06-06,Closed,0,8.47,12,129,3078.12,20
C004228,Carrier C,Liability,Mobile,2026-09-07,2026-09,2026-09-23,Closed,1,17.61,16,24,2814.18,14
C004229,Carrier B,Liability,Web,2026-09-26,2026-09,2026-09-29,Closed,0,17.79,3,5,3041.37,14
C004230,Carrier B,Liability,Agent,2026-09-20,2026-09,2026-09-28,Closed,0,8.19,8,11,3395.72,14
C004231,Carrier C,Property,Mobile,2026-07-05,2026-07,2026-07-14,Closed,0,3.47,9,88,2861.36,20
C004232,Carrier A,Liability,Mobile,2026-08-21,2026-08,,Open,0,16.77,,41,0,14
C004233,Carrier C,Property,Mobile,2026-08-10,2026-08,2026-08-29,Closed,1,26.43,19,52,4936.66,20
C004234,Carrier C,Auto,Web,2026-07-01,2026-07,2026-07-04,Closed,0,4.68,3,92,5777.05,14
C004235,Carrier A,Liability,Mobile,2026-06-28,2026-06,2026-07-14,Closed,1,23.47,16,95,7922.29,14
C004236,Carrier B,Auto,Web,2026-06-07,2026-06,2026-06-12,Closed,0,15.04,5,116,2035.5,14
C004237,Carrier A,Auto,Mobile,2026-06-25,2026-06,2026-07-12,Closed,0,1.79,17,98,3435.01,14
C004238,Carrier A,Liability,Web,2026-04-06,2026-04,2026-04-20,Closed,1,18.71,14,178,1319.35,14
C004239,Carrier C,Property,Agent,2026-09-19,2026-09,,Open,0,2.09,,12,0,20
C004240,Carrier B,Liability,Web,2026-07-18,2026-07,2026-08-02,Closed,0,11.66,15,75,1725.05,14
C004241,Carrier A,Liability,Mobile,2026-08-13,2026-08,2026-08-23,Closed,0,10.05,10,49,6754.74,14
C004242,Carrier C,Property,Agent,2026-05-17,2026-05,2026-05-27,Closed,0,16.11,10,137,1688.66,20
C004243,Carrier B,Liability,Mobile,2026-05-10,2026-05,2026-05-28,Closed,1,19.58,18,144,3657.29,14
C004244,Carrier B,Auto,Mobile,2026-08-26,2026-08,2026-09-13,Closed,1,18.77,18,36,4933.01,14
C004245,Carrier A,Auto,Web,2026-07-21,2026-07,2026-07-30,Closed,0,16.06,9,72,2265.72,14
C004246,Carrier B,Auto,Mobile,2026-05-28,2026-05,2026-06-13,Closed,1,13.32,16,126,1735.99,14
C004247,Carrier C,Auto,Agent,2026-07-27,2026-07,2026-08-07,Closed,0,9.7,11,66,3055.14,14
C004248,Carrier B,Auto,Agent,2026-06-03,2026-06,,Open,0,1.11,,120,0,14
C004249,Carrier C,Liability,Mobile,2026-09-01,2026-09,2026-09-11,Closed,0,2.52,10,30,2415.32,14
C004250,Carrier C,Property,Agent,2026-09-20,2026-09,,Open,0,15.24,,11,0,20
C004251,Carrier A,Property,Mobile,2026-07-25,2026-07,2026-08-06,Closed,0,2.8,12,68,7806.28,20
C004252,Carrier B,Auto,Agent,2026-07-22,2026-07,2026-08-03,Closed,0,5.74,12,71,5364.07,14
C004253,Carrier B,Property,Mobile,2026-09-21,2026-09,,Open,0,10.61,,10,0,20
C004254,Carrier A,Auto,Mobile,2026-04-19,2026-04,2026-05-03,Closed,0,17.6,14,165,4983.31,14
C004255,Carrier B,Liability,Web,2026-08-27,2026-08,2026-09-04,Closed,0,5.6,8,35,1984.07,14
C004256,Carrier C,Property,Web,2026-06-26,2026-06,2026-07-06,Closed,0,11.87,10,97,1951.22,20
C004257,Carrier C,Liability,Web,2026-08-25,2026-08,2026-09-06,Closed,1,18.78,12,37,2613.83,14
C004258,Carrier A,Auto,Mobile,2026-07-23,2026-07,2026-07-30,Closed,0,4.26,7,70,3243.49,14
C004259,Carrier A,Property,Agent,2026-09-13,2026-09,2026-09-21,Closed,0,16.34,8,18,7362.46,20
C004260,Carrier B,Auto,Agent,2026-09-14,2026-09,2026-09-24,Closed,0,11.32,10,17,5544.75,14
C004261,Carrier B,Auto,Agent,2026-08-08,2026-08,2026-08-19,Closed,0,15.17,11,54,1650.85,14
C004262,Carrier A,Liability,Agent,2026-08-23,2026-08,2026-09-05,Closed,0,6.15,13,39,2025.68,14
C004263,Carrier C,Auto,Agent,2026-09-30,2026-09,,Open,0,14.19,,1,0,14
C004264,Carrier B,Auto,Web,2026-05-24,2026-05,2026-06-02,Closed,0,8.67,9,130,3804.56,14
C004265,Carrier C,Property,Mobile,2026-09-22,2026-09,,Open,0,2.64,,9,0,20
C004266,Carrier A,Property,Mobile,2026-07-26,2026-07,,Open,1,20.01,,67,0,20
C004267,Carrier B,Liability,Web,2026-07-13,2026-07,2026-07-22,Closed,0,17.32,9,80,1838.68,14
C004268,Carrier A,Liability,Agent,2026-08-19,2026-08,2026-08-25,Closed,0,17.79,6,43,762.36,14
C004269,Carrier A,Auto,Web,2026-07-14,2026-07,2026-07-26,Closed,1,13.26,12,79,1142.41,14
C004270,Carrier B,Property,Mobile,2026-07-18,2026-07,2026-07-25,Closed,0,8.84,7,75,1619.84,20
C004271,Carrier A,Auto,Mobile,2026-05-27,2026-05,,Open,1,27.31,,127,0,14
C004272,Carrier A,Property,Web,2026-07-04,2026-07,2026-07-17,Closed,0,1.85,13,89,3160.61,20
C004273,Carrier A,Auto,Web,2026-06-17,2026-06,2026-06-28,Closed,0,17.91,11,106,2619.93,14
C004274,Carrier A,Auto,Web,2026-05-23,2026-05,2026-05-30,Closed,0,5.91,7,131,4854.42,14
C004275,Carrier C,Auto,Agent,2026-04-18,2026-04,,Open,0,11.77,,166,0,14
C004276,Carrier C,Auto,Agent,2026-06-30,2026-06,2026-07-27,Closed,1,18.03,27,93,3169.58,14
C004277,Carrier B,Auto,Agent,2026-04-14,2026-04,2026-04-19,Closed,0,2.83,5,170,7039.62,14
C004278,Carrier B,Liability,Web,2026-05-10,2026-05,2026-05-28,Closed,1,20.23,18,144,11194.74,14
C004279,Carrier C,Liability,Web,2026-08-25,2026-08,2026-09-06,Closed,0,13.32,12,37,1095.42,14
C004280,Carrier B,Auto,Agent,2026-07-09,2026-07,2026-07-12,Closed,0,4.43,3,84,9327.61,14
C004281,Carrier B,Liability,Web,2026-09-19,2026-09,2026-09-26,Closed,0,11.74,7,12,2392.9,14
C004282,Carrier B,Auto,Agent,2026-06-18,2026-06,2026-06-25,Closed,0,1.84,7,105,5808.1,14
C004283,Carrier A,Auto,Mobile,2026-04-05,2026-04,2026-04-10,Closed,0,9.95,5,179,7268.0,14
C004284,Carrier C,Liability,Agent,2026-04-16,2026-04,2026-04-19,Closed,0,12.01,3,168,4926.7,14
C004285,Carrier B,Property,Agent,2026-05-01,2026-05,2026-05-14,Closed,0,5.16,13,153,1858.06,20
C004286,Carrier B,Property,Agent,2026-04-20,2026-04,2026-05-06,Closed,1,22.35,16,164,2093.78,20
C004287,Carrier C,Property,Mobile,2026-08-15,2026-08,2026-08-23,Closed,0,7.61,8,47,7463.81,20
C004288,Carrier B,Property,Web,2026-09-22,2026-09,2026-10-01,Closed,0,7.26,9,9,2524.23,20
C004289,Carrier B,Liability,Web,2026-08-30,2026-08,2026-09-09,Closed,0,2.6,10,32,5152.66,14
C004290,Carrier A,Auto,Web,2026-09-15,2026-09,2026-09-16,Closed,0,1.46,1,16,1246.42,14
C004291,Carrier C,Liability,Web,2026-09-02,2026-09,2026-09-07,Closed,0,13.24,5,29,2904.23,14
C004292,Carrier B,Property,Agent,2026-06-21,2026-06,2026-07-06,Closed,0,15.88,15,102,16050.16,20
C004293,Carrier A,Property,Web,2026-08-12,2026-08,2026-08-22,Closed,0,1.75,10,50,777.34,20
C004294,Carrier B,Liability,Mobile,2026-08-16,2026-08,2026-08-26,Closed,0,13.36,10,46,1081.04,14
C004295,Carrier C,Liability,Agent,2026-04-19,2026-04,2026-04-21,Closed,0,2.76,2,165,8501.34,14
C004296,Carrier A,Liability,Web,2026-06-23,2026-06,2026-06-30,Closed,0,15.88,7,100,7616.05,14
C004297,Carrier C,Liability,Web,2026-06-11,2026-06,2026-06-16,Closed,0,9.2,5,112,1138.16,14
C004298,Carrier C,Auto,Agent,2026-07-10,2026-07,,Open,0,4.66,,83,0,14
C004299,Carrier B,Auto,Mobile,2026-07-27,2026-07,2026-08-01,Closed,0,12.38,5,66,1200.92,14
C004300,Carrier A,Liability,Web,2026-06-14,2026-06,2026-06-16,Closed,0,16.71,2,109,5808.75,14
C004301,Carrier C,Liability,Web,2026-07-30,2026-07,,Open,0,13.24,,63,0,14
C004302,Carrier A,Liability,Mobile,2026-08-27,2026-08,2026-09-15,Closed,0,16.25,19,35,8309.05,14
C004303,Carrier B,Liability,Web,2026-07-03,2026-07,2026-07-04,Closed,0,3.1,1,90,2334.07,14
C004304,Carrier B,Property,Web,2026-05-30,2026-05,2026-06-26,Closed,1,24.97,27,124,2088.28,20
C004305,Carrier C,Auto,Agent,2026-08-25,2026-08,2026-08-28,Closed,0,17.04,3,37,3906.72,14
C004306,Carrier A,Auto,Agent,2026-07-26,2026-07,2026-07-28,Closed,0,2.82,2,67,1857.63,14
C004307,Carrier C,Auto,Web,2026-09-22,2026-09,,Open,0,5.86,,9,0,14
C004308,Carrier B,Property,Agent,2026-09-10,2026-09,2026-09-17,Closed,0,1.88,7,21,5037.26,20
C004309,Carrier C,Property,Mobile,2026-06-24,2026-06,2026-07-03,Closed,0,5.95,9,99,627.33,20
C004310,Carrier C,Auto,Agent,2026-04-04,2026-04,2026-04-26,Closed,0,15.13,22,180,1300.57,14
C004311,Carrier B,Liability,Web,2026-07-25,2026-07,2026-08-06,Closed,0,9.6,12,68,8272.39,14
C004312,Carrier A,Liability,Web,2026-06-11,2026-06,2026-06-17,Closed,0,12.43,6,112,5988.69,14
C004313,Carrier C,Property,Mobile,2026-08-19,2026-08,2026-09-05,Closed,1,24.71,17,43,2883.93,20
C004314,Carrier C,Liability,Web,2026-04-02,2026-04,,Open,0,15.06,,182,0,14
C004315,Carrier B,Auto,Web,2026-09-05,2026-09,2026-09-15,Closed,0,13.58,10,26,1211.5,14
C004316,Carrier B,Auto,Web,2026-08-02,2026-08,2026-08-17,Closed,1,20.91,15,60,2768.57,14
C004317,Carrier C,Auto,Mobile,2026-07-09,2026-07,2026-07-19,Closed,1,25.39,10,84,4370.87,14
C004318,Carrier C,Property,Agent,2026-07-21,2026-07,2026-08-18,Closed,1,23.91,28,72,14100.38,20
C004319,Carrier C,Auto,Agent,2026-05-16,2026-05,2026-06-01,Closed,0,11.95,16,138,2153.59,14
C004320,Carrier A,Auto,Web,2026-09-04,2026-09,2026-09-11,Closed,0,6.06,7,27,11430.89,14
C004321,Carrier A,Auto,Web,2026-06-25,2026-06,2026-07-02,Closed,0,14.6,7,98,2137.23,14
C004322,Carrier A,Auto,Web,2026-08-25,2026-08,2026-09-01,Closed,0,14.09,7,37,6242.55,14
C004323,Carrier C,Property,Mobile,2026-09-22,2026-09,,Open,0,8.38,,9,0,20
C004324,Carrier C,Property,Agent,2026-08-10,2026-08,2026-08-21,Closed,0,14.94,11,52,981.34,20
C004325,Carrier B,Liability,Mobile,2026-09-20,2026-09,2026-10-01,Closed,0,16.03,11,11,1523.16,14
C004326,Carrier A,Liability,Web,2026-06-27,2026-06,2026-07-01,Closed,0,7.56,4,96,4959.61,14
C004327,Carrier B,Liability,Mobile,2026-05-04,2026-05,2026-05-17,Closed,0,10.5,13,150,2918.13,14
C004328,Carrier B,Liability,Agent,2026-07-18,2026-07,2026-07-28,Closed,0,2.98,10,75,5630.04,14
C004329,Carrier A,Auto,Agent,2026-07-24,2026-07,2026-08-10,Closed,0,15.83,17,69,1455.77,14
C004330,Carrier B,Auto,Agent,2026-05-06,2026-05,2026-05-18,Closed,0,13.19,12,148,2209.14,14
C004331,Carrier A,Property,Mobile,2026-04-10,2026-04,2026-04-20,Closed,0,13.38,10,174,3194.89,20
C004332,Carrier A,Auto,Web,2026-08-18,2026-08,2026-08-28,Closed,0,12.85,10,44,4975.48,14
C004333,Carrier A,Liability,Web,2026-07-07,2026-07,2026-07-12,Closed,0,4.41,5,86,2120.94,14
C004334,Carrier A,Property,Agent,2026-07-07,2026-07,2026-07-18,Closed,0,6.05,11,86,5710.81,20
C004335,Carrier A,Liability,Agent,2026-09-27,2026-09,2026-10-01,Closed,0,9.83,4,4,2512.41,14
C004336,Carrier A,Property,Web,2026-05-12,2026-05,2026-05-31,Closed,0,16.27,19,142,1631.6,20
C004337,Carrier A,Liability,Agent,2026-04-17,2026-04,2026-04-24,Closed,0,17.02,7,167,3919.47,14
C004338,Carrier A,Property,Agent,2026-06-29,2026-06,2026-07-14,Closed,0,7.19,15,94,8909.88,20
C004339,Carrier A,Liability,Agent,2026-08-29,2026-08,2026-09-05,Closed,0,6.26,7,33,956.92,14
C004340,Carrier C,Auto,Web,2026-04-30,2026-04,2026-05-13,Closed,1,14.8,13,154,466.25,14
C004341,Carrier C,Liability,Web,2026-05-12,2026-05,2026-05-22,Closed,0,4.26,10,142,1140.0,14
C004342,Carrier B,Auto,Mobile,2026-07-18,2026-07,2026-08-21,Closed,0,7.82,34,75,4214.83,14
C004343,Carrier C,Auto,Agent,2026-04-08,2026-04,2026-04-17,Closed,0,13.35,9,176,1391.69,14
C004344,Carrier B,Property,Web,2026-05-20,2026-05,2026-05-31,Closed,0,11.37,11,134,629.88,20
C004345,Carrier A,Auto,Agent,2026-04-18,2026-04,2026-04-20,Closed,0,14.89,2,166,918.86,14
C004346,Carrier B,Property,Agent,2026-07-11,2026-07,2026-07-28,Closed,0,13.12,17,82,7399.74,20
C004347,Carrier B,Liability,Web,2026-04-13,2026-04,2026-05-07,Closed,1,22.29,24,171,2258.65,14
C004348,Carrier A,Property,Agent,2026-05-13,2026-05,2026-05-28,Closed,1,17.48,15,141,33446.77,20
C004349,Carrier B,Liability,Web,2026-07-18,2026-07,,Open,0,4.54,,75,0,14
C004350,Carrier C,Auto,Mobile,2026-05-12,2026-05,2026-05-18,Closed,0,6.19,6,142,6338.06,14
C004351,Carrier C,Property,Mobile,2026-07-23,2026-07,2026-08-12,Closed,1,18.08,20,70,3198.78,20
C004352,Carrier B,Liability,Agent,2026-07-21,2026-07,2026-07-31,Closed,0,2.31,10,72,3633.66,14
C004353,Carrier B,Liability,Agent,2026-05-06,2026-05,2026-05-10,Closed,0,2.01,4,148,1059.74,14
C004354,Carrier C,Liability,Web,2026-06-23,2026-06,2026-06-26,Closed,0,2.41,3,100,1963.83,14
C004355,Carrier B,Property,Web,2026-09-11,2026-09,2026-09-28,Closed,0,1.87,17,20,1506.02,20
C004356,Carrier B,Property,Agent,2026-05-05,2026-05,2026-05-23,Closed,1,25.19,18,149,5037.09,20
C004357,Carrier C,Property,Mobile,2026-07-08,2026-07,2026-07-14,Closed,0,7.01,6,85,7386.37,20
C004358,Carrier B,Property,Mobile,2026-09-12,2026-09,2026-09-27,Closed,0,13.97,15,19,1567.37,20
C004359,Carrier B,Property,Mobile,2026-09-01,2026-09,2026-09-09,Closed,0,7.89,8,30,1457.09,20
C004360,Carrier C,Auto,Web,2026-08-28,2026-08,2026-09-04,Closed,0,14.29,7,34,1131.53,14
C004361,Carrier A,Auto,Agent,2026-08-13,2026-08,2026-08-30,Closed,0,13.76,17,49,4266.25,14
C004362,Carrier A,Liability,Web,2026-08-06,2026-08,2026-08-29,Closed,0,8.05,23,56,3454.24,14
C004363,Carrier A,Auto,Agent,2026-07-22,2026-07,2026-07-29,Closed,0,6.99,7,71,7144.67,14
C004364,Carrier A,Property,Web,2026-07-27,2026-07,2026-08-24,Closed,0,3.13,28,66,2746.74,20
C004365,Carrier B,Liability,Mobile,2026-08-11,2026-08,2026-08-25,Closed,0,10.07,14,51,13497.29,14
C004366,Carrier B,Liability,Agent,2026-06-08,2026-06,2026-06-16,Closed,0,2.01,8,115,1585.7,14
C004367,Carrier A,Property,Agent,2026-07-06,2026-07,2026-07-23,Closed,1,15.19,17,87,3227.54,20
C004368,Carrier B,Liability,Mobile,2026-07-07,2026-07,2026-07-11,Closed,0,17.39,4,86,8906.42,14
C004369,Carrier C,Liability,Mobile,2026-06-15,2026-06,2026-06-20,Closed,0,10.25,5,108,3501.18,14
C004370,Carrier C,Auto,Agent,2026-09-22,2026-09,,Open,0,17.71,,9,0,14
C004371,Carrier C,Auto,Agent,2026-08-25,2026-08,2026-08-27,Closed,0,15.93,2,37,1537.34,14
C004372,Carrier A,Liability,Web,2026-07-21,2026-07,,Open,0,2.71,,72,0,14
C004373,Carrier A,Property,Mobile,2026-09-14,2026-09,2026-09-29,Closed,1,22.32,15,17,8076.18,20
C004374,Carrier C,Auto,Web,2026-06-03,2026-06,2026-06-25,Closed,0,14.27,22,120,5350.37,14
C004375,Carrier A,Liability,Web,2026-09-06,2026-09,2026-09-10,Closed,0,15.13,4,25,7442.57,14
C004376,Carrier A,Auto,Web,2026-07-17,2026-07,2026-07-24,Closed,0,3.04,7,76,3040.1,14
C004377,Carrier B,Liability,Mobile,2026-07-21,2026-07,2026-07-31,Closed,0,1.11,10,72,10284.47,14
C004378,Carrier C,Auto,Mobile,2026-09-25,2026-09,2026-09-30,Closed,0,7.22,5,6,1644.18,14
C004379,Carrier A,Property,Agent,2026-08-09,2026-08,2026-08-17,Closed,0,7.48,8,53,6762.03,20
C004380,Carrier A,Property,Agent,2026-09-05,2026-09,2026-09-20,Closed,0,11.07,15,26,3823.93,20
C004381,Carrier C,Liability,Agent,2026-06-22,2026-06,2026-07-02,Closed,0,5.32,10,101,7015.52,14
C004382,Carrier C,Auto,Mobile,2026-05-17,2026-05,2026-06-04,Closed,1,19.09,18,137,681.09,14
C004383,Carrier B,Liability,Mobile,2026-04-03,2026-04,2026-04-23,Closed,1,26.29,20,181,11401.75,14
C004384,Carrier B,Liability,Agent,2026-08-13,2026-08,2026-08-20,Closed,0,17.98,7,49,7619.45,14
C004385,Carrier C,Auto,Agent,2026-04-04,2026-04,2026-04-16,Closed,0,7.09,12,180,977.58,14
C004386,Carrier B,Property,Agent,2026-05-25,2026-05,2026-06-01,Closed,0,2.57,7,129,827.27,20
C004387,Carrier B,Liability,Mobile,2026-04-20,2026-04,2026-04-25,Closed,0,5.3,5,164,3239.67,14
C004388,Carrier A,Property,Mobile,2026-09-22,2026-09,,Open,0,13.15,,9,0,20
C004389,Carrier B,Property,Agent,2026-07-05,2026-07,2026-07-17,Closed,0,13.11,12,88,1309.72,20
C004390,Carrier B,Auto,Mobile,2026-09-15,2026-09,2026-09-19,Closed,0,1.28,4,16,11654.13,14
C004391,Carrier B,Auto,Mobile,2026-09-16,2026-09,2026-09-23,Closed,0,6.11,7,15,3070.95,14
C004392,Carrier C,Liability,Web,2026-05-04,2026-05,,Open,1,21.64,,150,0,14
C004393,Carrier C,Property,Agent,2026-09-16,2026-09,,Open,0,4.38,,15,0,20
C004394,Carrier A,Liability,Agent,2026-04-16,2026-04,2026-04-21,Closed,0,13.28,5,168,3665.79,14
C004395,Carrier C,Auto,Mobile,2026-04-23,2026-04,2026-05-12,Closed,0,8.97,19,161,2565.91,14
C004396,Carrier A,Property,Agent,2026-05-08,2026-05,2026-05-15,Closed,0,5.27,7,146,575.95,20
C004397,Carrier B,Property,Agent,2026-07-19,2026-07,2026-07-26,Closed,0,10.85,7,74,1731.01,20
C004398,Carrier B,Property,Agent,2026-09-14,2026-09,,Open,0,10.95,,17,0,20
C004399,Carrier A,Liability,Mobile,2026-08-17,2026-08,2026-08-29,Closed,1,12.45,12,45,1392.33,14
C004400,Carrier C,Auto,Agent,2026-07-20,2026-07,2026-09-09,Closed,0,1.96,51,73,13455.95,14
C004401,Carrier A,Liability,Mobile,2026-04-07,2026-04,2026-04-14,Closed,0,6.33,7,177,1245.91,14
C004402,Carrier C,Auto,Web,2026-07-28,2026-07,2026-08-09,Closed,1,16.26,12,65,2369.28,14
C004403,Carrier C,Property,Mobile,2026-09-17,2026-09,,Open,1,19.21,,14,0,20
C004404,Carrier B,Auto,Agent,2026-05-15,2026-05,2026-05-27,Closed,0,11.88,12,139,21057.3,14
C004405,Carrier B,Auto,Web,2026-09-10,2026-09,2026-09-13,Closed,0,12.56,3,21,854.38,14
C004406,Carrier A,Liability,Agent,2026-07-30,2026-07,2026-08-11,Closed,0,15.32,12,63,2177.21,14
C004407,Carrier B,Property,Mobile,2026-06-09,2026-06,2026-06-29,Closed,1,15.51,20,114,1094.59,20
C004408,Carrier C,Property,Agent,2026-05-29,2026-05,2026-06-06,Closed,0,9.94,8,125,19253.65,20
C004409,Carrier B,Auto,Web,2026-05-27,2026-05,,Open,0,8.04,,127,0,14
C004410,Carrier B,Property,Mobile,2026-07-22,2026-07,2026-07-29,Closed,0,13.02,7,71,704.21,20
C004411,Carrier C,Property,Web,2026-09-17,2026-09,2026-09-28,Closed,0,8.4,11,14,4470.23,20
C004412,Carrier C,Auto,Mobile,2026-09-09,2026-09,2026-09-12,Closed,0,14.54,3,22,4982.77,14
C004413,Carrier B,Auto,Agent,2026-05-18,2026-05,2026-05-29,Closed,1,16.51,11,136,1813.5,14
C004414,Carrier C,Liability,Web,2026-08-26,2026-08,2026-09-05,Closed,0,4.97,10,36,4726.7,14
C004415,Carrier B,Liability,Web,2026-05-16,2026-05,2026-05-31,Closed,1,18.17,15,138,3340.29,14
C004416,Carrier B,Property,Mobile,2026-07-29,2026-07,2026-08-21,Closed,0,9.02,23,64,2386.59,20
C004417,Carrier A,Property,Agent,2026-07-09,2026-07,2026-07-19,Closed,0,7.23,10,84,382.68,20
C004418,Carrier C,Property,Agent,2026-08-31,2026-08,2026-09-25,Closed,1,18.63,25,31,749.29,20
C004419,Carrier C,Property,Agent,2026-06-23,2026-06,2026-07-04,Closed,0,2.79,11,100,2965.65,20
C004420,Carrier C,Property,Web,2026-07-23,2026-07,2026-08-04,Closed,0,9.71,12,70,4280.03,20
C004421,Carrier B,Liability,Web,2026-04-18,2026-04,2026-05-03,Closed,1,17.19,15,166,2504.5,14
C004422,Carrier B,Liability,Agent,2026-09-28,2026-09,,Open,0,9.01,,3,0,14
C004423,Carrier B,Liability,Mobile,2026-05-23,2026-05,2026-05-28,Closed,0,6.24,5,131,3157.02,14
C004424,Carrier B,Auto,Mobile,2026-07-28,2026-07,2026-08-14,Closed,1,23.29,17,65,1423.16,14
C004425,Carrier B,Auto,Web,2026-08-23,2026-08,2026-08-29,Closed,0,16.39,6,39,1558.17,14
C004426,Carrier A,Auto,Agent,2026-04-04,2026-04,2026-04-09,Closed,0,15.21,5,180,3964.22,14
C004427,Carrier B,Liability,Web,2026-09-03,2026-09,2026-09-05,Closed,0,8.57,2,28,6135.98,14
C004428,Carrier B,Property,Mobile,2026-09-23,2026-09,,Open,1,12.36,,8,0,20
C004429,Carrier A,Auto,Web,2026-04-30,2026-04,2026-05-15,Closed,0,8.17,15,154,15361.69,14
C004430,Carrier A,Liability,Web,2026-08-09,2026-08,,Open,0,15.76,,53,0,14
C004431,Carrier A,Property,Agent,2026-07-09,2026-07,2026-07-18,Closed,0,2.49,9,84,3001.88,20
C004432,Carrier C,Auto,Web,2026-04-09,2026-04,2026-04-23,Closed,0,16.4,14,175,2276.32,14
C004433,Carrier A,Auto,Web,2026-07-01,2026-07,2026-07-02,Closed,0,11.89,1,92,1006.32,14
C004434,Carrier C,Property,Agent,2026-08-11,2026-08,2026-08-22,Closed,0,12.01,11,51,2224.23,20
C004435,Carrier C,Property,Mobile,2026-09-11,2026-09,,Open,1,16.96,,20,0,20
C004436,Carrier A,Auto,Mobile,2026-09-29,2026-09,2026-09-30,Closed,0,13.81,1,2,1626.2,14
C004437,Carrier A,Property,Mobile,2026-05-31,2026-05,2026-06-07,Closed,0,12.02,7,123,12758.17,20
C004438,Carrier C,Liability,Web,2026-06-07,2026-06,2026-06-25,Closed,0,1.27,18,116,5720.84,14
C004439,Carrier B,Property,Mobile,2026-07-19,2026-07,2026-07-31,Closed,0,11.94,12,74,4561.68,20
C004440,Carrier A,Property,Mobile,2026-04-07,2026-04,2026-04-22,Closed,1,20.81,15,177,4226.32,20
C004441,Carrier A,Property,Agent,2026-07-22,2026-07,2026-08-02,Closed,0,14.45,11,71,3902.12,20
C004442,Carrier C,Liability,Mobile,2026-07-26,2026-07,2026-07-31,Closed,0,1.17,5,67,2999.96,14
C004443,Carrier C,Auto,Agent,2026-07-16,2026-07,2026-07-20,Closed,0,8.69,4,77,1570.59,14
C004444,Carrier B,Property,Mobile,2026-06-04,2026-06,,Open,0,11.38,,119,0,20
C004445,Carrier A,Liability,Agent,2026-08-23,2026-08,2026-08-26,Closed,0,5.12,3,39,14911.15,14
C004446,Carrier A,Liability,Web,2026-07-24,2026-07,2026-07-27,Closed,0,11.84,3,69,6288.07,14
C004447,Carrier B,Property,Agent,2026-09-11,2026-09,2026-09-17,Closed,0,6.1,6,20,4686.6,20
C004448,Carrier B,Liability,Agent,2026-06-02,2026-06,2026-06-04,Closed,0,9.96,2,121,3498.93,14
C004449,Carrier A,Auto,Agent,2026-06-16,2026-06,2026-06-18,Closed,0,12.71,2,107,2424.43,14
C004450,Carrier B,Auto,Web,2026-05-23,2026-05,2026-05-26,Closed,0,5.87,3,131,7248.97,14
C004451,Carrier B,Liability,Web,2026-08-08,2026-08,2026-08-28,Closed,1,15.94,20,54,4105.52,14
C004452,Carrier C,Auto,Agent,2026-05-30,2026-05,2026-06-04,Closed,0,3.3,5,124,3915.48,14
C004453,Carrier C,Property,Mobile,2026-08-07,2026-08,,Open,1,15.92,,55,0,20
C004454,Carrier A,Liability,Web,2026-09-16,2026-09,,Open,0,10.36,,15,0,14
C004455,Carrier B,Property,Agent,2026-05-02,2026-05,2026-05-14,Closed,0,10.18,12,152,2411.75,20
C004456,Carrier B,Property,Mobile,2026-08-26,2026-08,2026-09-12,Closed,1,17.76,17,36,4527.42,20
C004457,Carrier A,Auto,Mobile,2026-07-16,2026-07,2026-07-19,Closed,0,2.79,3,77,1324.97,14
C004458,Carrier C,Property,Web,2026-08-26,2026-08,2026-09-07,Closed,0,16.72,12,36,646.54,20
C004459,Carrier B,Liability,Mobile,2026-04-22,2026-04,2026-05-05,Closed,0,6.11,13,162,1637.52,14
C004460,Carrier A,Property,Agent,2026-06-04,2026-06,2026-07-26,Closed,1,15.0,52,119,2892.0,20
C004461,Carrier A,Liability,Agent,2026-06-13,2026-06,2026-06-18,Closed,0,9.8,5,110,1168.65,14
C004462,Carrier A,Auto,Agent,2026-09-16,2026-09,2026-09-18,Closed,0,8.52,2,15,3256.75,14
C004463,Carrier C,Property,Agent,2026-04-29,2026-04,,Open,0,2.24,,155,0,20
C004464,Carrier A,Property,Agent,2026-07-20,2026-07,2026-08-13,Closed,0,13.78,24,73,5139.3,20
C004465,Carrier A,Property,Agent,2026-06-19,2026-06,,Open,0,12.1,,104,0,20
C004466,Carrier C,Liability,Web,2026-05-21,2026-05,2026-06-04,Closed,1,13.61,14,133,5637.52,14
C004467,Carrier C,Auto,Agent,2026-05-05,2026-05,2026-05-13,Closed,0,16.34,8,149,3986.27,14
C004468,Carrier B,Liability,Web,2026-06-07,2026-06,2026-06-21,Closed,0,6.01,14,116,19182.91,14
C004469,Carrier C,Liability,Agent,2026-05-27,2026-05,2026-06-06,Closed,0,3.82,10,127,5226.08,14
C004470,Carrier C,Liability,Mobile,2026-09-12,2026-09,2026-09-18,Closed,0,9.4,6,19,2658.4,14
C004471,Carrier B,Auto,Agent,2026-07-06,2026-07,2026-07-20,Closed,0,13.75,14,87,3474.69,14
C004472,Carrier A,Liability,Agent,2026-09-27,2026-09,2026-10-01,Closed,0,4.11,4,4,4053.92,14
C004473,Carrier B,Property,Agent,2026-04-26,2026-04,2026-05-03,Closed,0,4.71,7,158,5501.16,20
C004474,Carrier A,Property,Web,2026-04-19,2026-04,2026-05-05,Closed,0,5.81,16,165,1941.05,20
C004475,Carrier A,Auto,Mobile,2026-04-01,2026-04,2026-04-21,Closed,1,25.46,20,183,1524.9,14
C004476,Carrier C,Auto,Agent,2026-05-02,2026-05,2026-05-05,Closed,0,13.89,3,152,5469.67,14
C004477,Carrier B,Liability,Agent,2026-06-11,2026-06,2026-06-28,Closed,0,3.93,17,112,1638.82,14
C004478,Carrier B,Auto,Web,2026-06-16,2026-06,2026-06-23,Closed,0,16.12,7,107,10536.52,14
C004479,Carrier C,Auto,Mobile,2026-06-16,2026-06,2026-07-08,Closed,1,13.29,22,107,549.6,14
C004480,Carrier C,Liability,Web,2026-06-09,2026-06,2026-06-12,Closed,0,16.22,3,114,1003.63,14
C004481,Carrier C,Auto,Mobile,2026-05-05,2026-05,2026-05-18,Closed,0,7.82,13,149,1630.33,14
C004482,Carrier C,Property,Mobile,2026-09-01,2026-09,2026-09-13,Closed,0,9.52,12,30,2033.06,20
C004483,Carrier B,Liability,Mobile,2026-07-27,2026-07,,Open,0,2.72,,66,0,14
C004484,Carrier C,Auto,Web,2026-07-01,2026-07,2026-07-06,Closed,0,7.52,5,92,1062.21,14
C004485,Carrier A,Property,Mobile,2026-05-06,2026-05,2026-06-06,Closed,1,13.6,31,148,2819.05,20
C004486,Carrier B,Liability,Web,2026-06-08,2026-06,2026-06-09,Closed,0,13.84,1,115,3801.03,14
C004487,Carrier C,Liability,Mobile,2026-05-04,2026-05,2026-05-10,Closed,0,17.74,6,150,2934.18,14
C004488,Carrier C,Property,Web,2026-06-03,2026-06,2026-06-10,Closed,0,9.22,7,120,2301.75,20
C004489,Carrier B,Liability,Web,2026-06-24,2026-06,2026-07-09,Closed,1,22.46,15,99,2682.13,14
C004490,Carrier B,Auto,Agent,2026-04-26,2026-04,2026-05-07,Closed,1,14.23,11,158,4180.48,14
C004491,Carrier C,Liability,Agent,2026-07-28,2026-07,2026-08-04,Closed,0,14.64,7,65,2175.39,14
C004492,Carrier A,Liability,Agent,2026-09-25,2026-09,,Open,0,11.61,,6,0,14
C004493,Carrier A,Property,Agent,2026-09-06,2026-09,2026-09-25,Closed,1,18.52,19,25,3010.54,20
C004494,Carrier A,Property,Mobile,2026-09-01,2026-09,2026-09-14,Closed,0,7.44,13,30,3232.81,20
C004495,Carrier A,Auto,Mobile,2026-09-27,2026-09,,Open,0,1.48,,4,0,14
C004496,Carrier C,Property,Mobile,2026-04-25,2026-04,2026-05-09,Closed,0,7.14,14,159,4459.27,20
C004497,Carrier C,Auto,Agent,2026-09-27,2026-09,2026-09-30,Closed,0,7.17,3,4,2688.04,14
C004498,Carrier C,Property,Web,2026-05-09,2026-05,,Open,1,23.67,,145,0,20
C004499,Carrier C,Liability,Web,2026-07-02,2026-07,2026-07-05,Closed,0,11.75,3,91,2101.87,14
C004500,Carrier C,Liability,Web,2026-07-18,2026-07,,Open,0,7.35,,75,0,14
C004501,Carrier C,Liability,Agent,2026-09-01,2026-09,2026-09-11,Closed,0,10.33,10,30,2211.69,14
C004502,Carrier A,Property,Agent,2026-04-13,2026-04,2026-04-30,Closed,0,10.42,17,171,5776.8,20
C004503,Carrier C,Auto,Mobile,2026-05-24,2026-05,2026-06-05,Closed,0,4.77,12,130,3439.86,14
C004504,Carrier C,Property,Agent,2026-05-29,2026-05,2026-06-09,Closed,0,8.94,11,125,2567.08,20
C004505,Carrier B,Auto,Mobile,2026-08-14,2026-08,2026-09-02,Closed,1,27.68,19,48,4689.46,14
C004506,Carrier A,Liability,Web,2026-05-10,2026-05,2026-05-13,Closed,0,7.58,3,144,5613.07,14
C004507,Carrier A,Liability,Agent,2026-08-02,2026-08,2026-08-27,Closed,0,1.41,25,60,6829.82,14
C004508,Carrier C,Auto,Web,2026-09-24,2026-09,,Open,1,16.97,,7,0,14
C004509,Carrier C,Liability,Agent,2026-07-27,2026-07,2026-08-13,Closed,0,9.45,17,66,1020.3,14
C004510,Carrier A,Liability,Agent,2026-07-18,2026-07,2026-07-27,Closed,0,4.85,9,75,4096.95,14
C004511,Carrier B,Auto,Mobile,2026-05-03,2026-05,2026-05-14,Closed,0,14.73,11,151,941.85,14
C004512,Carrier B,Auto,Agent,2026-07-20,2026-07,2026-08-06,Closed,1,17.9,17,73,2806.41,14
C004513,Carrier B,Auto,Mobile,2026-08-15,2026-08,2026-08-17,Closed,0,7.91,2,47,6465.41,14
C004514,Carrier B,Liability,Web,2026-09-29,2026-09,,Open,0,2.08,,2,0,14
C004515,Carrier C,Auto,Agent,2026-04-13,2026-04,2026-04-25,Closed,0,8.92,12,171,5099.43,14
C004516,Carrier C,Auto,Web,2026-05-06,2026-05,2026-05-17,Closed,0,8.28,11,148,1203.08,14
C004517,Carrier A,Property,Agent,2026-06-21,2026-06,2026-07-01,Closed,0,2.83,10,102,2779.8,20
C004518,Carrier C,Liability,Agent,2026-07-27,2026-07,2026-08-04,Closed,0,11.52,8,66,2089.5,14
C004519,Carrier A,Auto,Agent,2026-08-21,2026-08,2026-09-04,Closed,0,6.06,14,41,8899.08,14
C004520,Carrier A,Auto,Agent,2026-06-15,2026-06,,Open,0,4.57,,108,0,14
C004521,Carrier B,Property,Agent,2026-04-23,2026-04,,Open,0,2.7,,161,0,20
C004522,Carrier C,Auto,Agent,2026-06-11,2026-06,2026-06-25,Closed,0,9.49,14,112,2414.03,14
C004523,Carrier C,Auto,Mobile,2026-08-02,2026-08,2026-08-03,Closed,0,17.23,1,60,9494.75,14
C004524,Carrier C,Property,Mobile,2026-09-18,2026-09,,Open,1,11.34,,13,0,20
C004525,Carrier B,Property,Web,2026-06-24,2026-06,2026-07-11,Closed,1,27.16,17,99,1032.33,20
C004526,Carrier B,Liability,Web,2026-07-10,2026-07,2026-07-24,Closed,0,2.92,14,83,6249.59,14
C004527,Carrier C,Auto,Agent,2026-04-23,2026-04,2026-04-28,Closed,0,16.02,5,161,1538.05,14
C004528,Carrier C,Auto,Mobile,2026-04-18,2026-04,2026-05-05,Closed,0,8.54,17,166,2604.53,14
C004529,Carrier C,Liability,Agent,2026-05-01,2026-05,2026-05-17,Closed,0,13.67,16,153,3128.44,14
C004530,Carrier C,Property,Web,2026-04-04,2026-04,2026-04-22,Closed,1,15.08,18,180,11468.19,20
C004531,Carrier A,Auto,Web,2026-05-22,2026-05,2026-05-25,Closed,0,5.62,3,132,1884.81,14
C004532,Carrier C,Liability,Agent,2026-04-11,2026-04,2026-05-05,Closed,0,4.73,24,173,25967.59,14
C004533,Carrier A,Liability,Web,2026-07-25,2026-07,2026-07-28,Closed,0,5.2,3,68,1422.5,14
C004534,Carrier C,Property,Agent,2026-07-21,2026-07,,Open,0,1.18,,72,0,20
C004535,Carrier C,Liability,Mobile,2026-09-07,2026-09,2026-09-17,Closed,0,15.31,10,24,5601.34,14
C004536,Carrier C,Auto,Mobile,2026-07-20,2026-07,2026-08-10,Closed,1,26.04,21,73,1540.5,14
C004537,Carrier B,Property,Mobile,2026-08-21,2026-08,2026-09-09,Closed,1,13.66,19,41,2416.61,20
C004538,Carrier A,Liability,Agent,2026-07-23,2026-07,2026-07-28,Closed,0,3.25,5,70,3248.71,14
C004539,Carrier A,Liability,Web,2026-09-03,2026-09,2026-09-26,Closed,1,15.41,23,28,6997.48,14
C004540,Carrier B,Auto,Agent,2026-05-31,2026-05,2026-06-19,Closed,1,16.8,19,123,3749.93,14
C004541,Carrier A,Liability,Web,2026-08-22,2026-08,2026-08-29,Closed,0,17.6,7,40,738.45,14
C004542,Carrier C,Property,Mobile,2026-08-05,2026-08,2026-08-15,Closed,0,12.99,10,57,874.88,20
C004543,Carrier A,Liability,Web,2026-07-21,2026-07,2026-07-23,Closed,0,17.69,2,72,4023.07,14
C004544,Carrier A,Liability,Web,2026-05-23,2026-05,2026-06-05,Closed,0,14.28,13,131,2794.65,14
C004545,Carrier B,Liability,Web,2026-07-12,2026-07,2026-07-19,Closed,0,16.21,7,81,4724.64,14
C004546,Carrier C,Property,Mobile,2026-06-25,2026-06,2026-07-07,Closed,0,7.74,12,98,6091.45,20
C004547,Carrier B,Auto,Agent,2026-09-23,2026-09,2026-09-29,Closed,0,14.36,6,8,11301.75,14
C004548,Carrier C,Property,Web,2026-04-17,2026-04,,Open,0,9.29,,167,0,20
C004549,Carrier A,Auto,Web,2026-05-14,2026-05,,Open,0,4.11,,140,0,14
C004550,Carrier A,Auto,Agent,2026-05-26,2026-05,2026-05-31,Closed,0,2.36,5,128,4369.35,14
C004551,Carrier A,Property,Mobile,2026-09-25,2026-09,,Open,0,3.38,,6,0,20
C004552,Carrier B,Liability,Web,2026-09-07,2026-09,2026-09-17,Closed,0,15.11,10,24,2488.78,14
C004553,Carrier C,Auto,Mobile,2026-08-31,2026-08,2026-09-10,Closed,0,8.1,10,31,4907.93,14
C004554,Carrier A,Property,Web,2026-06-04,2026-06,2026-06-17,Closed,0,6.01,13,119,2036.31,20
C004555,Carrier A,Auto,Mobile,2026-09-28,2026-09,,Open,1,22.71,,3,0,14
C004556,Carrier C,Auto,Agent,2026-09-17,2026-09,2026-09-21,Closed,0,15.48,4,14,1228.74,14
C004557,Carrier B,Property,Agent,2026-04-01,2026-04,2026-04-10,Closed,0,6.56,9,183,3287.38,20
C004558,Carrier C,Auto,Web,2026-08-26,2026-08,2026-09-02,Closed,0,6.5,7,36,3818.8,14
C004559,Carrier C,Auto,Web,2026-06-07,2026-06,,Open,1,24.59,,116,0,14
C004560,Carrier A,Liability,Mobile,2026-09-16,2026-09,2026-09-29,Closed,1,18.86,13,15,3314.14,14
C004561,Carrier B,Auto,Web,2026-07-08,2026-07,2026-07-12,Closed,0,17.46,4,85,15573.64,14
C004562,Carrier B,Auto,Agent,2026-05-05,2026-05,2026-05-14,Closed,0,9.11,9,149,6031.33,14
C004563,Carrier B,Liability,Agent,2026-05-01,2026-05,2026-05-15,Closed,0,6.66,14,153,1834.13,14
C004564,Carrier C,Liability,Agent,2026-07-29,2026-07,2026-08-04,Closed,0,4.07,6,64,4553.01,14
C004565,Carrier B,Property,Mobile,2026-09-05,2026-09,2026-09-22,Closed,0,15.82,17,26,1350.74,20
C004566,Carrier C,Property,Agent,2026-06-28,2026-06,2026-07-12,Closed,0,1.91,14,95,1271.8,20
C004567,Carrier B,Property,Agent,2026-08-01,2026-08,,Open,0,12.75,,61,0,20
C004568,Carrier A,Auto,Web,2026-09-30,2026-09,,Open,0,10.08,,1,0,14
C004569,Carrier A,Liability,Agent,2026-04-13,2026-04,2026-04-26,Closed,0,1.63,13,171,5707.04,14
C004570,Carrier C,Property,Mobile,2026-04-11,2026-04,2026-05-04,Closed,1,22.89,23,173,4599.61,20
C004571,Carrier B,Auto,Web,2026-04-09,2026-04,2026-04-18,Closed,0,11.28,9,175,7334.07,14
C004572,Carrier B,Auto,Agent,2026-06-10,2026-06,2026-06-13,Closed,0,12.87,3,113,7615.32,14
C004573,Carrier A,Liability,Agent,2026-05-28,2026-05,2026-06-05,Closed,0,3.63,8,126,2250.68,14
C004574,Carrier B,Auto,Agent,2026-07-14,2026-07,2026-07-16,Closed,0,2.79,2,79,4920.89,14
C004575,Carrier A,Property,Web,2026-08-09,2026-08,2026-08-17,Closed,0,8.78,8,53,21019.5,20
C004576,Carrier B,Property,Web,2026-07-09,2026-07,2026-08-16,Closed,1,12.85,38,84,1576.51,20
C004577,Carrier A,Liability,Web,2026-04-20,2026-04,2026-05-06,Closed,1,23.67,16,164,1940.05,14
C004578,Carrier C,Liability,Mobile,2026-09-17,2026-09,2026-09-30,Closed,0,14.08,13,14,1655.04,14
C004579,Carrier C,Liability,Mobile,2026-07-05,2026-07,2026-07-21,Closed,1,15.75,16,88,5378.83,14
C004580,Carrier A,Auto,Web,2026-05-15,2026-05,2026-05-18,Closed,0,12.03,3,139,4647.01,14
C004581,Carrier C,Property,Agent,2026-09-22,2026-09,,Open,0,13.06,,9,0,20
C004582,Carrier B,Auto,Agent,2026-09-25,2026-09,,Open,0,17.03,,6,0,14
C004583,Carrier C,Property,Mobile,2026-05-25,2026-05,2026-06-05,Closed,0,9.62,11,129,13562.41,20
C004584,Carrier A,Liability,Web,2026-08-31,2026-08,2026-09-11,Closed,0,2.38,11,31,1619.69,14
C004585,Carrier A,Liability,Mobile,2026-08-16,2026-08,2026-08-24,Closed,0,15.83,8,46,3825.14,14
C004586,Carrier A,Property,Agent,2026-06-29,2026-06,2026-07-13,Closed,1,12.03,14,94,1605.48,20
C004587,Carrier A,Property,Mobile,2026-05-22,2026-05,2026-06-01,Closed,0,15.93,10,132,1847.06,20
C004588,Carrier C,Liability,Mobile,2026-07-17,2026-07,2026-08-02,Closed,1,16.57,16,76,6040.83,14
C004589,Carrier C,Auto,Web,2026-07-10,2026-07,2026-07-31,Closed,1,26.61,21,83,5771.99,14
C004590,Carrier A,Auto,Web,2026-09-30,2026-09,,Open,0,6.24,,1,0,14
C004591,Carrier A,Liability,Web,2026-08-28,2026-08,2026-09-02,Closed,0,16.43,5,34,1441.13,14
C004592,Carrier C,Liability,Mobile,2026-06-19,2026-06,2026-06-20,Closed,0,14.55,1,104,8318.97,14
C004593,Carrier A,Liability,Agent,2026-06-11,2026-06,2026-06-25,Closed,1,16.63,14,112,3932.5,14
C004594,Carrier B,Liability,Mobile,2026-06-25,2026-06,2026-07-04,Closed,1,15.73,9,98,4562.87,14
C004595,Carrier A,Auto,Mobile,2026-06-12,2026-06,2026-06-15,Closed,0,14.54,3,111,6113.74,14
C004596,Carrier B,Auto,Agent,2026-08-03,2026-08,,Open,1,19.96,,59,0,14
C004597,Carrier B,Property,Web,2026-06-11,2026-06,2026-06-23,Closed,0,9.65,12,112,2332.58,20
C004598,Carrier B,Liability,Mobile,2026-07-25,2026-07,2026-07-28,Closed,0,9.17,3,68,1234.88,14
C004599,Carrier C,Auto,Agent,2026-06-10,2026-06,2026-06-14,Closed,0,6.71,4,113,4994.94,14
C004600,Carrier B,Auto,Mobile,2026-06-05,2026-06,2026-06-13,Closed,0,7.62,8,118,1898.46,14
C004601,Carrier B,Liability,Mobile,2026-08-03,2026-08,2026-08-18,Closed,1,16.33,15,59,3391.3,14
C004602,Carrier B,Auto,Web,2026-05-05,2026-05,2026-05-11,Closed,0,1.86,6,149,1037.38,14
C004603,Carrier C,Auto,Web,2026-09-06,2026-09,2026-09-25,Closed,1,24.5,19,25,892.13,14
C004604,Carrier B,Auto,Agent,2026-05-02,2026-05,2026-05-11,Closed,0,14.27,9,152,1560.23,14
C004605,Carrier C,Liability,Agent,2026-08-13,2026-08,2026-08-22,Closed,0,11.78,9,49,3807.85,14
C004606,Carrier A,Auto,Web,2026-08-09,2026-08,2026-08-14,Closed,0,11.82,5,53,1441.93,14
C004607,Carrier A,Property,Agent,2026-04-24,2026-04,2026-05-17,Closed,0,15.26,23,160,11949.02,20
C004608,Carrier B,Property,Agent,2026-09-05,2026-09,2026-09-21,Closed,0,3.62,16,26,12929.82,20
C004609,Carrier C,Property,Mobile,2026-06-08,2026-06,2026-06-19,Closed,0,8.9,11,115,1751.64,20
C004610,Carrier C,Liability,Mobile,2026-05-03,2026-05,2026-05-25,Closed,0,13.12,22,151,543.03,14
C004611,Carrier C,Auto,Mobile,2026-06-13,2026-06,2026-06-17,Closed,0,6.81,4,110,5977.6,14
C004612,Carrier B,Property,Agent,2026-05-29,2026-05,2026-06-11,Closed,0,9.72,13,125,3049.29,20
C004613,Carrier C,Property,Mobile,2026-04-06,2026-04,2026-04-29,Closed,1,16.19,23,178,2465.19,20
C004614,Carrier C,Liability,Agent,2026-09-13,2026-09,2026-09-16,Closed,0,13.35,3,18,756.16,14
C004615,Carrier C,Auto,Web,2026-04-06,2026-04,2026-04-19,Closed,1,15.18,13,178,10457.07,14
C004616,Carrier A,Property,Mobile,2026-04-24,2026-04,2026-05-09,Closed,0,8.17,15,160,4151.51,20
C004617,Carrier B,Property,Mobile,2026-08-15,2026-08,2026-09-02,Closed,0,14.81,18,47,4423.8,20
C004618,Carrier B,Property,Agent,2026-05-14,2026-05,2026-06-01,Closed,0,8.64,18,140,1520.12,20
C004619,Carrier A,Liability,Web,2026-09-20,2026-09,2026-09-24,Closed,0,4.93,4,11,4184.36,14
C004620,Carrier A,Auto,Agent,2026-04-25,2026-04,2026-05-01,Closed,0,4.96,6,159,1221.95,14
C004621,Carrier A,Auto,Agent,2026-07-23,2026-07,2026-08-19,Closed,1,18.95,27,70,473.32,14
C004622,Carrier A,Property,Web,2026-07-12,2026-07,2026-07-23,Closed,0,16.71,11,81,2677.11,20
C004623,Carrier A,Auto,Agent,2026-06-06,2026-06,2026-06-07,Closed,0,6.52,1,117,3550.4,14
C004624,Carrier B,Liability,Mobile,2026-05-21,2026-05,2026-05-27,Closed,0,6.81,6,133,1243.79,14
C004625,Carrier B,Auto,Mobile,2026-06-19,2026-06,2026-06-20,Closed,0,11.51,1,104,2317.0,14
C004626,Carrier B,Property,Mobile,2026-09-16,2026-09,,Open,0,11.66,,15,0,20
C004627,Carrier A,Property,Mobile,2026-05-05,2026-05,2026-05-17,Closed,0,5.92,12,149,4527.33,20
C004628,Carrier A,Property,Mobile,2026-05-08,2026-05,2026-05-26,Closed,0,15.02,18,146,4261.88,20
C004629,Carrier C,Auto,Agent,2026-04-08,2026-04,2026-04-12,Closed,0,14.83,4,176,6094.53,14
C004630,Carrier C,Auto,Agent,2026-05-04,2026-05,2026-05-08,Closed,0,7.67,4,150,1983.42,14
C004631,Carrier C,Liability,Agent,2026-06-19,2026-06,2026-07-04,Closed,0,2.4,15,104,5714.9,14
C004632,Carrier A,Liability,Agent,2026-08-28,2026-08,2026-08-30,Closed,0,10.08,2,34,1325.24,14
C004633,Carrier C,Auto,Web,2026-09-01,2026-09,2026-09-11,Closed,1,15.54,10,30,829.33,14
C004634,Carrier C,Liability,Mobile,2026-04-02,2026-04,2026-04-06,Closed,0,12.93,4,182,5844.83,14
C004635,Carrier A,Liability,Mobile,2026-08-14,2026-08,2026-09-03,Closed,1,23.11,20,48,4533.43,14
C004636,Carrier B,Liability,Agent,2026-08-25,2026-08,2026-09-09,Closed,1,15.83,15,37,188.02,14
C004637,Carrier B,Property,Mobile,2026-05-04,2026-05,2026-05-21,Closed,0,5.65,17,150,2402.54,20
C004638,Carrier A,Property,Web,2026-08-05,2026-08,2026-08-24,Closed,0,15.67,19,57,1169.11,20
C004639,Carrier B,Property,Mobile,2026-08-26,2026-08,2026-09-09,Closed,0,2.08,14,36,1907.09,20
C004640,Carrier B,Auto,Mobile,2026-04-27,2026-04,2026-05-07,Closed,0,15.92,10,157,7993.28,14
C004641,Carrier C,Liability,Web,2026-04-05,2026-04,2026-04-11,Closed,0,1.68,6,179,6454.1,14
C004642,Carrier B,Auto,Web,2026-05-31,2026-05,2026-06-21,Closed,0,9.58,21,123,5123.78,14
C004643,Carrier B,Liability,Web,2026-04-11,2026-04,2026-04-18,Closed,0,9.62,7,173,1741.02,14
C004644,Carrier C,Auto,Web,2026-09-20,2026-09,,Open,0,5.81,,11,0,14
C004645,Carrier B,Auto,Agent,2026-07-10,2026-07,2026-07-12,Closed,0,11.04,2,83,6551.09,14
C004646,Carrier B,Property,Mobile,2026-05-05,2026-05,2026-05-12,Closed,0,4.81,7,149,2004.85,20
C004647,Carrier B,Liability,Mobile,2026-05-21,2026-05,2026-06-03,Closed,1,17.66,13,133,4511.84,14
C004648,Carrier B,Liability,Agent,2026-08-07,2026-08,2026-08-17,Closed,0,15.6,10,55,896.09,14
C004649,Carrier C,Auto,Mobile,2026-04-14,2026-04,2026-04-19,Closed,0,4.21,5,170,8522.36,14
C004650,Carrier C,Property,Web,2026-04-08,2026-04,2026-04-22,Closed,0,7.6,14,176,1850.82,20
C004651,Carrier A,Property,Agent,2026-08-02,2026-08,,Open,1,12.95,,60,0,20
C004652,Carrier A,Auto,Mobile,2026-08-19,2026-08,2026-09-11,Closed,1,12.02,23,43,3076.69,14
C004653,Carrier C,Property,Agent,2026-04-26,2026-04,2026-05-14,Closed,0,7.93,18,158,2953.44,20
C004654,Carrier C,Auto,Agent,2026-05-16,2026-05,2026-05-21,Closed,0,2.94,5,138,7421.87,14
C004655,Carrier B,Liability,Web,2026-09-02,2026-09,2026-09-06,Closed,0,14.81,4,29,5374.69,14
C004656,Carrier A,Liability,Mobile,2026-06-25,2026-06,,Open,1,14.43,,98,0,14
C004657,Carrier A,Auto,Agent,2026-04-29,2026-04,2026-05-02,Closed,0,12.17,3,155,1101.48,14
C004658,Carrier C,Liability,Agent,2026-09-16,2026-09,2026-09-22,Closed,0,1.47,6,15,2702.52,14
C004659,Carrier A,Property,Mobile,2026-08-27,2026-08,2026-09-05,Closed,0,4.81,9,35,2129.44,20
C004660,Carrier B,Auto,Mobile,2026-04-21,2026-04,2026-04-24,Closed,0,14.52,3,163,1346.13,14
C004661,Carrier C,Auto,Web,2026-09-13,2026-09,2026-09-28,Closed,1,23.46,15,18,2283.28,14
C004662,Carrier A,Property,Agent,2026-06-07,2026-06,2026-06-18,Closed,0,8.32,11,116,3671.12,20
C004663,Carrier A,Liability,Web,2026-08-25,2026-08,2026-09-08,Closed,1,18.36,14,37,8293.19,14
C004664,Carrier C,Property,Agent,2026-05-03,2026-05,2026-05-22,Closed,0,12.32,19,151,1858.65,20
C004665,Carrier C,Property,Mobile,2026-04-22,2026-04,2026-05-03,Closed,0,17.93,11,162,6150.05,20
C004666,Carrier C,Auto,Mobile,2026-07-06,2026-07,,Open,0,4.66,,87,0,14
C004667,Carrier B,Auto,Web,2026-05-09,2026-05,2026-05-11,Closed,0,16.67,2,145,4481.8,14
C004668,Carrier C,Liability,Agent,2026-09-06,2026-09,2026-09-24,Closed,0,16.85,18,25,2704.51,14
C004669,Carrier C,Auto,Web,2026-09-30,2026-09,,Open,1,24.54,,1,0,14
C004670,Carrier B,Liability,Web,2026-09-01,2026-09,2026-09-05,Closed,0,12.55,4,30,5821.99,14
C004671,Carrier C,Property,Web,2026-05-19,2026-05,2026-06-07,Closed,1,12.55,19,135,7662.23,20
C004672,Carrier B,Property,Web,2026-06-02,2026-06,2026-06-20,Closed,0,1.8,18,121,1305.36,20
C004673,Carrier B,Liability,Web,2026-09-19,2026-09,2026-09-30,Closed,1,25.43,11,12,1801.86,14
C004674,Carrier A,Liability,Web,2026-05-28,2026-05,2026-06-07,Closed,1,14.28,10,126,1824.87,14
C004675,Carrier C,Liability,Agent,2026-09-28,2026-09,,Open,0,15.49,,3,0,14
C004676,Carrier B,Liability,Web,2026-07-28,2026-07,,Open,1,12.03,,65,0,14
C004677,Carrier A,Auto,Web,2026-07-23,2026-07,2026-07-26,Closed,0,10.53,3,70,3314.22,14
C004678,Carrier B,Auto,Mobile,2026-06-12,2026-06,2026-06-23,Closed,1,14.02,11,111,2750.12,14
C004679,Carrier B,Auto,Agent,2026-09-13,2026-09,,Open,0,5.74,,18,0,14
C004680,Carrier C,Auto,Mobile,2026-06-14,2026-06,2026-06-20,Closed,0,11.25,6,109,3146.01,14
C004681,Carrier C,Liability,Mobile,2026-06-12,2026-06,2026-06-28,Closed,1,25.21,16,111,2487.92,14
C004682,Carrier C,Property,Web,2026-04-27,2026-04,,Open,0,8.69,,157,0,20
C004683,Carrier B,Liability,Agent,2026-05-30,2026-05,,Open,0,1.06,,124,0,14
C004684,Carrier A,Auto,Mobile,2026-04-02,2026-04,2026-04-16,Closed,0,8.41,14,182,2430.83,14
C004685,Carrier C,Liability,Web,2026-07-29,2026-07,2026-08-09,Closed,0,8.87,11,64,2048.59,14
C004686,Carrier C,Property,Web,2026-08-25,2026-08,2026-09-09,Closed,0,7.36,15,37,1001.82,20
C004687,Carrier A,Liability,Web,2026-09-23,2026-09,2026-09-29,Closed,0,3.33,6,8,8124.8,14
C004688,Carrier A,Auto,Web,2026-07-17,2026-07,2026-07-31,Closed,0,17.08,14,76,6551.36,14
C004689,Carrier C,Liability,Mobile,2026-04-05,2026-04,2026-04-24,Closed,0,5.48,19,179,2415.59,14
C004690,Carrier A,Property,Web,2026-09-26,2026-09,,Open,0,1.74,,5,0,20
C004691,Carrier A,Property,Mobile,2026-05-15,2026-05,2026-05-24,Closed,0,11.87,9,139,2221.61,20
C004692,Carrier C,Property,Mobile,2026-04-28,2026-04,2026-05-05,Closed,0,10.85,7,156,4602.3,20
C004693,Carrier A,Auto,Agent,2026-07-14,2026-07,2026-07-18,Closed,0,13.68,4,79,7850.62,14
C004694,Carrier C,Property,Agent,2026-08-05,2026-08,2026-08-20,Closed,0,9.52,15,57,3780.0,20
C004695,Carrier A,Property,Agent,2026-05-09,2026-05,2026-06-16,Closed,0,2.18,38,145,9362.96,20
C004696,Carrier A,Liability,Agent,2026-08-28,2026-08,2026-09-01,Closed,0,2.96,4,34,2942.3,14
C004697,Carrier C,Liability,Web,2026-06-26,2026-06,2026-07-03,Closed,0,14.26,7,97,12442.05,14
C004698,Carrier C,Auto,Web,2026-05-26,2026-05,2026-06-24,Closed,0,6.14,29,128,14331.48,14
C004699,Carrier A,Liability,Mobile,2026-04-11,2026-04,2026-04-28,Closed,1,24.09,17,173,13150.55,14
C004700,Carrier C,Property,Web,2026-09-23,2026-09,,Open,0,8.0,,8,0,20
C004701,Carrier A,Liability,Web,2026-07-14,2026-07,2026-07-24,Closed,0,15.96,10,79,2314.74,14
C004702,Carrier B,Property,Agent,2026-09-15,2026-09,,Open,1,12.83,,16,0,20
C004703,Carrier B,Liability,Agent,2026-04-14,2026-04,2026-04-17,Closed,0,13.39,3,170,6638.54,14
C004704,Carrier C,Auto,Agent,2026-06-21,2026-06,2026-06-25,Closed,0,10.81,4,102,7469.1,14
C004705,Carrier B,Liability,Mobile,2026-07-23,2026-07,,Open,1,25.12,,70,0,14
C004706,Carrier A,Property,Web,2026-08-10,2026-08,,Open,0,4.29,,52,0,20
C004707,Carrier C,Liability,Web,2026-07-27,2026-07,2026-07-29,Closed,0,10.37,2,66,2719.92,14
C004708,Carrier B,Liability,Web,2026-08-23,2026-08,2026-09-12,Closed,1,27.83,20,39,2450.25,14
C004709,Carrier B,Property,Web,2026-06-30,2026-06,2026-07-14,Closed,0,9.32,14,93,3715.68,20
C004710,Carrier A,Liability,Mobile,2026-08-18,2026-08,2026-08-20,Closed,0,5.57,2,44,11647.34,14
C004711,Carrier C,Property,Agent,2026-07-01,2026-07,2026-07-10,Closed,0,9.43,9,92,2231.84,20
C004712,Carrier C,Property,Web,2026-06-27,2026-06,2026-07-18,Closed,0,10.69,21,96,3548.2,20
C004713,Carrier A,Liability,Agent,2026-04-16,2026-04,2026-04-19,Closed,0,17.35,3,168,3338.49,14
C004714,Carrier A,Liability,Agent,2026-05-10,2026-05,2026-05-17,Closed,0,11.72,7,144,4875.4,14
C004715,Carrier A,Liability,Mobile,2026-05-26,2026-05,2026-06-16,Closed,0,17.13,21,128,5521.05,14
C004716,Carrier A,Liability,Web,2026-04-25,2026-04,2026-05-09,Closed,0,15.01,14,159,3930.76,14
C004717,Carrier A,Liability,Web,2026-07-11,2026-07,2026-07-12,Closed,0,1.16,1,82,3550.28,14
C004718,Carrier B,Property,Mobile,2026-07-18,2026-07,2026-08-01,Closed,0,3.3,14,75,9604.82,20
C004719,Carrier B,Auto,Web,2026-06-28,2026-06,,Open,0,7.69,,95,0,14
C004720,Carrier C,Property,Mobile,2026-08-04,2026-08,2026-08-14,Closed,0,17.16,10,58,4680.56,20
C004721,Carrier B,Auto,Web,2026-06-03,2026-06,2026-06-10,Closed,0,7.0,7,120,578.84,14
C004722,Carrier B,Property,Agent,2026-06-13,2026-06,2026-06-19,Closed,0,14.24,6,110,2727.51,20
C004723,Carrier A,Auto,Agent,2026-09-15,2026-09,,Open,0,15.25,,16,0,14
C004724,Carrier C,Liability,Mobile,2026-06-04,2026-06,2026-06-11,Closed,0,15.7,7,119,3305.73,14
C004725,Carrier A,Property,Web,2026-09-11,2026-09,,Open,0,5.09,,20,0,20
C004726,Carrier C,Property,Mobile,2026-09-08,2026-09,2026-09-14,Closed,0,16.94,6,23,2734.61,20
C004727,Carrier A,Property,Web,2026-06-04,2026-06,,Open,1,20.44,,119,0,20
C004728,Carrier B,Property,Web,2026-09-08,2026-09,2026-09-15,Closed,0,1.16,7,23,8225.19,20
C004729,Carrier C,Auto,Agent,2026-08-24,2026-08,2026-09-20,Closed,1,18.25,27,38,2099.87,14
C004730,Carrier B,Liability,Mobile,2026-05-04,2026-05,2026-05-15,Closed,1,13.27,11,150,3531.76,14
C004731,Carrier B,Property,Web,2026-08-24,2026-08,2026-09-08,Closed,0,2.45,15,38,20365.91,20
C004732,Carrier B,Liability,Web,2026-09-17,2026-09,2026-09-29,Closed,0,15.9,12,14,2026.43,14
C004733,Carrier C,Property,Mobile,2026-07-28,2026-07,2026-08-21,Closed,1,27.98,24,65,3597.03,20
C004734,Carrier A,Auto,Agent,2026-04-18,2026-04,2026-04-25,Closed,0,5.45,7,166,10525.78,14
C004735,Carrier B,Liability,Agent,2026-08-04,2026-08,2026-08-14,Closed,0,7.89,10,58,3060.41,14
C004736,Carrier C,Property,Mobile,2026-04-10,2026-04,2026-04-30,Closed,1,23.79,20,174,657.94,20
C004737,Carrier C,Liability,Web,2026-06-28,2026-06,2026-07-06,Closed,1,23.13,8,95,2879.53,14
C004738,Carrier A,Auto,Web,2026-09-26,2026-09,,Open,0,10.37,,5,0,14
C004739,Carrier C,Liability,Mobile,2026-08-21,2026-08,,Open,0,11.35,,41,0,14
C004740,Carrier C,Auto,Agent,2026-08-29,2026-08,2026-09-06,Closed,0,16.91,8,33,2876.85,14
C004741,Carrier C,Liability,Agent,2026-09-22,2026-09,,Open,0,11.01,,9,0,14
C004742,Carrier C,Property,Mobile,2026-08-23,2026-08,2026-08-29,Closed,0,2.14,6,39,1247.9,20
C004743,Carrier C,Auto,Web,2026-09-24,2026-09,,Open,0,13.24,,7,0,14
C004744,Carrier A,Liability,Mobile,2026-08-07,2026-08,2026-08-14,Closed,0,17.13,7,55,2422.23,14
C004745,Carrier A,Auto,Mobile,2026-09-08,2026-09,2026-09-18,Closed,0,10.04,10,23,2744.97,14
C004746,Carrier B,Liability,Web,2026-07-17,2026-07,2026-07-23,Closed,0,8.0,6,76,1573.12,14
C004747,Carrier B,Property,Web,2026-06-07,2026-06,2026-06-22,Closed,1,12.7,15,116,3886.36,20
C004748,Carrier A,Liability,Agent,2026-04-26,2026-04,2026-05-04,Closed,0,15.82,8,158,10936.84,14
C004749,Carrier A,Auto,Mobile,2026-04-20,2026-04,2026-04-27,Closed,0,2.35,7,164,2456.86,14
C004750,Carrier B,Auto,Agent,2026-07-14,2026-07,2026-07-21,Closed,0,1.44,7,79,4095.62,14
C004751,Carrier A,Liability,Web,2026-04-15,2026-04,2026-04-23,Closed,0,10.29,8,169,4607.19,14
C004752,Carrier A,Auto,Mobile,2026-07-13,2026-07,2026-07-18,Closed,0,2.59,5,80,2107.71,14
C004753,Carrier B,Auto,Mobile,2026-06-14,2026-06,2026-06-23,Closed,0,12.23,9,109,1806.38,14
C004754,Carrier A,Liability,Mobile,2026-04-26,2026-04,2026-05-15,Closed,1,13.47,19,158,2227.36,14
C004755,Carrier A,Auto,Web,2026-08-13,2026-08,2026-08-30,Closed,0,14.23,17,49,4460.39,14
C004756,Carrier B,Liability,Web,2026-06-04,2026-06,2026-06-06,Closed,0,17.82,2,119,3119.96,14
C004757,Carrier A,Liability,Web,2026-05-25,2026-05,2026-05-27,Closed,0,4.0,2,129,2408.41,14
C004758,Carrier A,Liability,Mobile,2026-05-16,2026-05,2026-05-18,Closed,0,14.51,2,138,5994.31,14
C004759,Carrier B,Auto,Web,2026-08-09,2026-08,2026-08-16,Closed,0,3.83,7,53,2546.72,14
C004760,Carrier A,Liability,Agent,2026-07-18,2026-07,2026-07-19,Closed,0,13.85,1,75,3003.98,14
C004761,Carrier C,Auto,Mobile,2026-04-30,2026-04,,Open,1,26.62,,154,0,14
C004762,Carrier C,Property,Mobile,2026-09-19,2026-09,,Open,0,6.0,,12,0,20
C004763,Carrier B,Auto,Agent,2026-05-24,2026-05,2026-05-31,Closed,0,8.29,7,130,2600.34,14
C004764,Carrier A,Property,Web,2026-06-02,2026-06,2026-06-22,Closed,1,11.9,20,121,4334.45,20
C004765,Carrier B,Property,Mobile,2026-07-27,2026-07,2026-08-16,Closed,0,2.36,20,66,1806.25,20
C004766,Carrier B,Auto,Agent,2026-06-13,2026-06,2026-06-18,Closed,0,11.45,5,110,3822.83,14
C004767,Carrier B,Property,Agent,2026-07-19,2026-07,2026-07-31,Closed,0,15.13,12,74,829.69,20
C004768,Carrier C,Auto,Mobile,2026-05-24,2026-05,2026-06-02,Closed,1,19.9,9,130,3652.07,14
C004769,Carrier C,Auto,Agent,2026-05-20,2026-05,2026-05-31,Closed,0,3.85,11,134,2258.72,14
C004770,Carrier B,Property,Mobile,2026-08-09,2026-08,2026-08-26,Closed,0,10.34,17,53,4142.47,20
C004771,Carrier A,Property,Mobile,2026-05-27,2026-05,2026-06-05,Closed,0,12.58,9,127,18801.51,20
C004772,Carrier C,Property,Mobile,2026-07-01,2026-07,2026-07-15,Closed,0,1.22,14,92,13329.54,20
C004773,Carrier C,Auto,Mobile,2026-08-27,2026-08,2026-09-02,Closed,0,15.34,6,35,2573.21,14
C004774,Carrier A,Auto,Mobile,2026-07-10,2026-07,2026-07-28,Closed,1,26.39,18,83,5230.21,14
C004775,Carrier C,Auto,Web,2026-07-14,2026-07,2026-07-30,Closed,1,18.65,16,79,6474.04,14
C004776,Carrier C,Liability,Agent,2026-08-17,2026-08,2026-09-10,Closed,1,25.43,24,45,2500.13,14
C004777,Carrier A,Auto,Mobile,2026-07-13,2026-07,2026-07-30,Closed,1,26.42,17,80,4289.72,14
C004778,Carrier B,Property,Agent,2026-07-22,2026-07,2026-08-02,Closed,0,4.05,11,71,2628.57,20
C004779,Carrier B,Liability,Web,2026-05-23,2026-05,2026-06-02,Closed,0,3.42,10,131,10016.22,14
C004780,Carrier C,Property,Mobile,2026-05-13,2026-05,,Open,0,16.13,,141,0,20
C004781,Carrier B,Property,Web,2026-06-25,2026-06,2026-07-20,Closed,0,2.46,25,98,8316.59,20
C004782,Carrier B,Liability,Agent,2026-07-06,2026-07,2026-07-10,Closed,0,2.5,4,87,5553.54,14
C004783,Carrier B,Liability,Agent,2026-04-10,2026-04,2026-04-17,Closed,0,6.06,7,174,2370.06,14
C004784,Carrier C,Liability,Web,2026-05-30,2026-05,2026-06-10,Closed,1,27.83,11,124,1163.81,14
C004785,Carrier A,Property,Agent,2026-05-22,2026-05,2026-06-03,Closed,0,7.03,12,132,1344.66,20
C004786,Carrier C,Property,Mobile,2026-06-25,2026-06,2026-07-25,Closed,1,18.59,30,98,4199.1,20
C004787,Carrier B,Auto,Web,2026-06-14,2026-06,2026-06-22,Closed,0,17.83,8,109,7676.1,14
C004788,Carrier B,Auto,Web,2026-06-21,2026-06,2026-07-14,Closed,1,12.84,23,102,1672.0,14
C004789,Carrier A,Property,Mobile,2026-07-18,2026-07,2026-08-07,Closed,0,9.06,20,75,1338.83,20
C004790,Carrier C,Liability,Mobile,2026-07-03,2026-07,2026-07-09,Closed,0,2.34,6,90,5497.94,14
C004791,Carrier A,Liability,Mobile,2026-08-07,2026-08,2026-08-11,Closed,0,13.77,4,55,3817.6,14
C004792,Carrier A,Property,Mobile,2026-09-10,2026-09,2026-09-25,Closed,0,10.91,15,21,13398.87,20
C004793,Carrier B,Property,Agent,2026-08-29,2026-08,2026-09-05,Closed,0,13.9,7,33,1833.74,20
C004794,Carrier C,Auto,Mobile,2026-09-03,2026-09,2026-09-19,Closed,1,27.11,16,28,3900.27,14
C004795,Carrier B,Property,Mobile,2026-06-21,2026-06,2026-06-28,Closed,0,15.18,7,102,2138.87,20
C004796,Carrier C,Liability,Mobile,2026-08-10,2026-08,2026-08-17,Closed,0,4.26,7,52,1280.79,14
C004797,Carrier A,Liability,Web,2026-05-13,2026-05,2026-05-30,Closed,0,2.47,17,141,1566.08,14
C004798,Carrier A,Property,Mobile,2026-09-14,2026-09,,Open,1,14.23,,17,0,20
C004799,Carrier A,Property,Mobile,2026-05-30,2026-05,2026-06-15,Closed,1,20.49,16,124,13015.09,20
C004800,Carrier C,Property,Mobile,2026-09-13,2026-09,,Open,0,10.14,,18,0,20
C004801,Carrier A,Auto,Agent,2026-06-18,2026-06,2026-06-23,Closed,0,5.08,5,105,2387.19,14
C004802,Carrier C,Auto,Web,2026-05-19,2026-05,2026-05-22,Closed,0,2.01,3,135,5791.66,14
C004803,Carrier B,Property,Web,2026-08-10,2026-08,2026-08-30,Closed,0,7.36,20,52,3240.48,20
C004804,Carrier C,Auto,Agent,2026-08-31,2026-08,,Open,0,5.52,,31,0,14
C004805,Carrier B,Property,Web,2026-07-01,2026-07,2026-07-14,Closed,0,15.3,13,92,5451.42,20
C004806,Carrier B,Property,Mobile,2026-08-10,2026-08,2026-08-21,Closed,0,4.98,11,52,1094.45,20
C004807,Carrier C,Property,Mobile,2026-05-07,2026-05,,Open,0,17.39,,147,0,20
C004808,Carrier B,Liability,Web,2026-09-07,2026-09,2026-09-22,Closed,1,27.37,15,24,5104.37,14
C004809,Carrier C,Auto,Web,2026-08-01,2026-08,2026-08-11,Closed,1,24.16,10,61,1848.51,14
C004810,Carrier B,Auto,Agent,2026-06-16,2026-06,2026-06-28,Closed,0,4.58,12,107,1792.45,14
C004811,Carrier B,Property,Agent,2026-04-08,2026-04,2026-04-18,Closed,0,8.52,10,176,926.13,20
C004812,Carrier C,Liability,Mobile,2026-08-30,2026-08,2026-09-23,Closed,1,15.5,24,32,6691.33,14
C004813,Carrier C,Liability,Mobile,2026-04-10,2026-04,2026-04-18,Closed,0,15.91,8,174,3258.51,14
C004814,Carrier B,Property,Agent,2026-06-17,2026-06,2026-06-26,Closed,0,7.3,9,106,2383.56,20
C004815,Carrier A,Liability,Web,2026-04-11,2026-04,2026-04-13,Closed,0,7.03,2,173,37589.63,14
C004816,Carrier C,Auto,Mobile,2026-07-25,2026-07,2026-07-30,Closed,0,10.56,5,68,1879.1,14
C004817,Carrier C,Property,Agent,2026-04-29,2026-04,2026-05-04,Closed,0,16.88,5,155,894.88,20
C004818,Carrier C,Liability,Mobile,2026-05-31,2026-05,2026-06-10,Closed,0,4.81,10,123,3458.05,14
C004819,Carrier A,Liability,Web,2026-09-19,2026-09,2026-09-23,Closed,0,1.05,4,12,3059.44,14
C004820,Carrier A,Liability,Web,2026-06-25,2026-06,2026-07-05,Closed,0,6.84,10,98,3192.73,14
C004821,Carrier B,Liability,Agent,2026-06-06,2026-06,2026-06-11,Closed,0,10.35,5,117,2854.72,14
C004822,Carrier B,Auto,Mobile,2026-09-03,2026-09,2026-09-09,Closed,0,4.04,6,28,7269.87,14
C004823,Carrier B,Liability,Web,2026-05-28,2026-05,2026-06-14,Closed,0,14.42,17,126,3457.44,14
C004824,Carrier A,Liability,Agent,2026-09-12,2026-09,2026-09-26,Closed,1,14.81,14,19,3846.87,14
C004825,Carrier A,Liability,Agent,2026-05-14,2026-05,2026-05-23,Closed,0,12.3,9,140,2961.77,14
C004826,Carrier A,Liability,Agent,2026-08-04,2026-08,2026-08-20,Closed,1,16.89,16,58,1890.17,14
C004827,Carrier A,Auto,Mobile,2026-06-18,2026-06,2026-07-02,Closed,1,20.22,14,105,697.41,14
C004828,Carrier C,Liability,Mobile,2026-09-24,2026-09,,Open,1,12.53,,7,0,14
C004829,Carrier B,Auto,Web,2026-05-15,2026-05,2026-05-28,Closed,0,10.89,13,139,2280.27,14
C004830,Carrier A,Property,Agent,2026-08-30,2026-08,2026-09-11,Closed,0,5.32,12,32,6073.27,20
C004831,Carrier A,Liability,Mobile,2026-06-11,2026-06,2026-07-11,Closed,1,21.0,30,112,2550.04,14
C004832,Carrier A,Auto,Agent,2026-08-11,2026-08,2026-08-26,Closed,0,9.91,15,51,8783.57,14
C004833,Carrier B,Auto,Web,2026-09-01,2026-09,2026-09-11,Closed,0,13.41,10,30,3160.9,14
C004834,Carrier B,Auto,Mobile,2026-07-14,2026-07,2026-07-18,Closed,0,3.62,4,79,6664.8,14
C004835,Carrier C,Auto,Mobile,2026-04-24,2026-04,2026-04-25,Closed,0,2.89,1,160,5963.18,14
C004836,Carrier C,Auto,Mobile,2026-04-18,2026-04,2026-05-05,Closed,1,26.78,17,166,6599.68,14
C004837,Carrier C,Auto,Mobile,2026-05-26,2026-05,2026-06-06,Closed,0,11.5,11,128,8788.42,14
C004838,Carrier A,Property,Agent,2026-08-23,2026-08,2026-09-04,Closed,0,6.49,12,39,3154.5,20
C004839,Carrier B,Property,Mobile,2026-09-08,2026-09,,Open,1,17.0,,23,0,20
C004840,Carrier A,Liability,Agent,2026-04-27,2026-04,2026-05-18,Closed,0,1.39,21,157,615.73,14
C004841,Carrier B,Liability,Agent,2026-04-01,2026-04,2026-04-24,Closed,1,15.7,23,183,8697.74,14
C004842,Carrier A,Liability,Mobile,2026-04-01,2026-04,2026-04-05,Closed,0,10.32,4,183,3258.3,14
C004843,Carrier C,Property,Web,2026-06-16,2026-06,2026-06-28,Closed,0,15.33,12,107,2434.45,20
C004844,Carrier A,Auto,Web,2026-04-13,2026-04,2026-04-16,Closed,0,2.55,3,171,6440.03,14
C004845,Carrier A,Property,Mobile,2026-07-14,2026-07,2026-08-05,Closed,0,4.23,22,79,2297.47,20
C004846,Carrier B,Liability,Web,2026-05-11,2026-05,2026-05-16,Closed,0,4.2,5,143,1099.75,14
C004847,Carrier C,Auto,Agent,2026-08-13,2026-08,2026-08-25,Closed,0,15.81,12,49,3762.13,14
C004848,Carrier B,Property,Agent,2026-07-31,2026-07,2026-08-18,Closed,0,7.04,18,62,4062.96,20
C004849,Carrier A,Liability,Agent,2026-05-06,2026-05,,Open,0,10.67,,148,0,14
C004850,Carrier C,Property,Mobile,2026-08-15,2026-08,2026-09-01,Closed,1,17.93,17,47,1500.87,20
C004851,Carrier C,Property,Agent,2026-06-01,2026-06,2026-06-28,Closed,0,10.21,27,122,4332.68,20
C004852,Carrier B,Auto,Agent,2026-06-13,2026-06,2026-06-30,Closed,0,16.3,17,110,2249.28,14
C004853,Carrier C,Property,Mobile,2026-07-29,2026-07,2026-08-21,Closed,1,18.48,23,64,6111.5,20
C004854,Carrier B,Auto,Web,2026-05-18,2026-05,2026-05-20,Closed,0,4.33,2,136,5085.35,14
C004855,Carrier C,Property,Mobile,2026-09-12,2026-09,2026-09-30,Closed,1,17.25,18,19,5151.91,20
C004856,Carrier C,Auto,Mobile,2026-05-02,2026-05,,Open,0,5.82,,152,0,14
C004857,Carrier B,Liability,Agent,2026-04-13,2026-04,2026-04-23,Closed,1,20.26,10,171,2909.64,14
C004858,Carrier A,Property,Web,2026-07-22,2026-07,2026-07-31,Closed,0,8.77,9,71,5709.75,20
C004859,Carrier B,Liability,Mobile,2026-04-06,2026-04,2026-04-23,Closed,1,26.21,17,178,8363.71,14
C004860,Carrier C,Property,Web,2026-08-29,2026-08,2026-09-09,Closed,0,9.38,11,33,1383.87,20
C004861,Carrier C,Liability,Agent,2026-08-18,2026-08,2026-09-03,Closed,1,16.93,16,44,5382.87,14
C004862,Carrier A,Liability,Agent,2026-09-22,2026-09,,Open,0,11.76,,9,0,14
C004863,Carrier B,Auto,Agent,2026-06-22,2026-06,2026-07-05,Closed,0,14.92,13,101,9248.57,14
C004864,Carrier B,Auto,Agent,2026-06-03,2026-06,2026-06-05,Closed,0,7.82,2,120,17340.62,14
C004865,Carrier C,Liability,Mobile,2026-05-21,2026-05,2026-05-30,Closed,1,13.94,9,133,11700.47,14
C004866,Carrier B,Auto,Agent,2026-04-12,2026-04,2026-04-20,Closed,0,3.33,8,172,3493.01,14
C004867,Carrier A,Liability,Agent,2026-08-16,2026-08,2026-09-06,Closed,1,12.41,21,46,8162.07,14
C004868,Carrier B,Property,Web,2026-09-12,2026-09,2026-09-25,Closed,0,1.61,13,19,6843.55,20
C004869,Carrier A,Property,Agent,2026-05-25,2026-05,2026-06-07,Closed,0,13.72,13,129,2883.86,20
C004870,Carrier B,Property,Mobile,2026-09-14,2026-09,,Open,1,18.78,,17,0,20
C004871,Carrier B,Auto,Mobile,2026-05-07,2026-05,2026-05-24,Closed,1,18.66,17,147,3322.52,14
C004872,Carrier B,Property,Mobile,2026-07-31,2026-07,,Open,0,12.84,,62,0,20
C004873,Carrier C,Property,Mobile,2026-07-05,2026-07,2026-07-20,Closed,1,24.18,15,88,2932.45,20
C004874,Carrier A,Auto,Mobile,2026-05-29,2026-05,2026-06-01,Closed,0,14.69,3,125,8262.15,14
C004875,Carrier B,Auto,Web,2026-08-20,2026-08,2026-08-27,Closed,0,13.33,7,42,2674.12,14
C004876,Carrier B,Auto,Web,2026-07-16,2026-07,2026-07-18,Closed,0,9.08,2,77,1191.19,14
C004877,Carrier C,Auto,Mobile,2026-06-04,2026-06,2026-06-26,Closed,1,11.83,22,119,2610.63,14
C004878,Carrier B,Property,Agent,2026-06-10,2026-06,2026-06-19,Closed,0,1.91,9,113,5164.37,20
C004879,Carrier B,Auto,Mobile,2026-09-29,2026-09,,Open,1,23.08,,2,0,14
C004880,Carrier C,Property,Mobile,2026-05-04,2026-05,2026-05-29,Closed,1,15.95,25,150,3230.32,20
C004881,Carrier B,Liability,Agent,2026-04-06,2026-04,2026-04-11,Closed,0,14.64,5,178,2022.01,14
C004882,Carrier A,Property,Web,2026-09-12,2026-09,2026-09-25,Closed,0,11.59,13,19,9099.01,20
C004883,Carrier B,Liability,Mobile,2026-08-29,2026-08,2026-09-04,Closed,0,16.94,6,33,5823.45,14
C004884,Carrier C,Property,Mobile,2026-04-04,2026-04,2026-04-20,Closed,0,13.36,16,180,1597.04,20
C004885,Carrier C,Auto,Mobile,2026-04-08,2026-04,2026-04-20,Closed,1,13.12,12,176,685.18,14
C004886,Carrier C,Auto,Web,2026-07-26,2026-07,2026-07-28,Closed,0,14.38,2,67,5251.23,14
C004887,Carrier B,Property,Mobile,2026-04-27,2026-04,2026-05-15,Closed,1,14.63,18,157,968.7,20
C004888,Carrier C,Liability,Mobile,2026-09-27,2026-09,,Open,0,15.11,,4,0,14
C004889,Carrier C,Liability,Mobile,2026-04-09,2026-04,2026-04-12,Closed,0,6.2,3,175,3151.68,14
C004890,Carrier A,Auto,Agent,2026-07-03,2026-07,2026-07-06,Closed,0,12.07,3,90,2371.51,14
C004891,Carrier C,Auto,Mobile,2026-07-31,2026-07,2026-08-10,Closed,0,16.07,10,62,11064.2,14
C004892,Carrier B,Auto,Web,2026-05-07,2026-05,2026-05-17,Closed,1,27.84,10,147,5441.25,14
C004893,Carrier C,Property,Web,2026-05-26,2026-05,2026-06-02,Closed,0,16.27,7,128,4301.43,20
C004894,Carrier C,Property,Mobile,2026-05-28,2026-05,,Open,0,5.44,,126,0,20
C004895,Carrier B,Property,Mobile,2026-07-07,2026-07,2026-07-17,Closed,0,10.33,10,86,1698.95,20
C004896,Carrier C,Auto,Agent,2026-05-25,2026-05,2026-06-06,Closed,0,5.53,12,129,7299.2,14
C004897,Carrier A,Liability,Web,2026-09-13,2026-09,2026-09-19,Closed,0,11.59,6,18,2240.89,14
C004898,Carrier C,Property,Web,2026-06-05,2026-06,2026-07-06,Closed,1,11.2,31,118,693.08,20
C004899,Carrier B,Auto,Web,2026-08-04,2026-08,2026-08-18,Closed,0,3.4,14,58,6450.63,14
C004900,Carrier B,Liability,Agent,2026-08-02,2026-08,2026-08-06,Closed,0,4.01,4,60,252.56,14
C004901,Carrier C,Liability,Agent,2026-06-12,2026-06,2026-06-14,Closed,0,8.43,2,111,4786.66,14
C004902,Carrier B,Auto,Mobile,2026-08-27,2026-08,2026-09-05,Closed,0,3.71,9,35,2276.16,14
C004903,Carrier B,Property,Mobile,2026-07-22,2026-07,2026-08-11,Closed,1,15.44,20,71,2808.99,20
C004904,Carrier C,Property,Mobile,2026-05-04,2026-05,,Open,0,12.84,,150,0,20
C004905,Carrier A,Auto,Mobile,2026-05-21,2026-05,2026-06-07,Closed,1,26.07,17,133,27320.16,14
C004906,Carrier A,Property,Agent,2026-05-11,2026-05,2026-05-23,Closed,0,13.58,12,143,3846.82,20
C004907,Carrier C,Liability,Agent,2026-08-26,2026-08,2026-08-31,Closed,0,15.99,5,36,9594.96,14
C004908,Carrier B,Liability,Web,2026-08-14,2026-08,2026-08-25,Closed,0,17.14,11,48,1168.78,14
C004909,Carrier A,Property,Web,2026-09-08,2026-09,2026-09-16,Closed,0,17.05,8,23,10662.82,20
C004910,Carrier B,Liability,Mobile,2026-08-21,2026-08,2026-09-05,Closed,0,9.65,15,41,3518.92,14
C004911,Carrier C,Liability,Mobile,2026-08-23,2026-08,2026-08-28,Closed,0,17.97,5,39,922.52,14
C004912,Carrier B,Auto,Agent,2026-04-27,2026-04,,Open,0,15.64,,157,0,14
C004913,Carrier C,Auto,Mobile,2026-04-04,2026-04,2026-04-16,Closed,0,8.39,12,180,11739.71,14
C004914,Carrier B,Liability,Mobile,2026-09-13,2026-09,2026-09-20,Closed,0,6.27,7,18,2119.0,14
C004915,Carrier A,Property,Agent,2026-09-16,2026-09,2026-09-30,Closed,0,3.11,14,15,799.42,20
C004916,Carrier A,Property,Mobile,2026-05-18,2026-05,2026-05-31,Closed,1,26.17,13,136,4163.8,20
C004917,Carrier C,Liability,Mobile,2026-08-15,2026-08,2026-08-27,Closed,1,20.47,12,47,1296.6,14
C004918,Carrier B,Liability,Agent,2026-05-12,2026-05,2026-05-20,Closed,0,14.4,8,142,4265.26,14
C004919,Carrier A,Property,Mobile,2026-07-31,2026-07,2026-08-16,Closed,0,13.82,16,62,5180.83,20
C004920,Carrier B,Auto,Agent,2026-05-01,2026-05,2026-05-11,Closed,0,9.9,10,153,2357.22,14
C004921,Carrier B,Auto,Mobile,2026-06-11,2026-06,2026-06-23,Closed,1,13.88,12,112,7358.88,14
C004922,Carrier C,Property,Agent,2026-05-07,2026-05,2026-05-20,Closed,0,15.85,13,147,4063.14,20
C004923,Carrier C,Liability,Web,2026-08-27,2026-08,,Open,0,3.96,,35,0,14
C004924,Carrier A,Liability,Mobile,2026-07-08,2026-07,2026-07-18,Closed,0,7.4,10,85,4595.86,14
C004925,Carrier A,Liability,Web,2026-08-23,2026-08,2026-09-02,Closed,0,8.47,10,39,987.54,14
C004926,Carrier A,Property,Agent,2026-09-15,2026-09,2026-09-24,Closed,0,14.01,9,16,1369.72,20
C004927,Carrier B,Auto,Web,2026-07-27,2026-07,2026-07-30,Closed,0,5.62,3,66,1610.25,14
C004928,Carrier B,Auto,Mobile,2026-05-11,2026-05,2026-05-30,Closed,1,12.67,19,143,3734.0,14
C004929,Carrier B,Liability,Web,2026-05-10,2026-05,2026-05-15,Closed,0,12.61,5,144,3371.59,14
C004930,Carrier B,Liability,Agent,2026-06-18,2026-06,2026-06-27,Closed,0,3.61,9,105,2148.87,14
C004931,Carrier B,Auto,Mobile,2026-04-11,2026-04,2026-04-13,Closed,0,14.22,2,173,4703.05,14
C004932,Carrier C,Property,Agent,2026-07-16,2026-07,2026-08-01,Closed,0,11.56,16,77,3027.78,20
C004933,Carrier B,Property,Web,2026-06-10,2026-06,2026-06-19,Closed,0,9.26,9,113,3359.89,20
C004934,Carrier B,Property,Mobile,2026-04-28,2026-04,2026-05-16,Closed,1,20.37,18,156,4059.35,20
C004935,Carrier B,Liability,Web,2026-07-25,2026-07,2026-07-29,Closed,0,15.36,4,68,12281.71,14
C004936,Carrier C,Property,Web,2026-09-01,2026-09,2026-09-12,Closed,0,6.99,11,30,1929.4,20
C004937,Carrier C,Property,Web,2026-07-06,2026-07,2026-07-14,Closed,0,6.94,8,87,1414.41,20
C004938,Carrier A,Liability,Agent,2026-07-18,2026-07,,Open,0,1.16,,75,0,14
C004939,Carrier C,Liability,Mobile,2026-06-21,2026-06,2026-06-28,Closed,0,9.65,7,102,2584.55,14
C004940,Carrier A,Auto,Web,2026-09-01,2026-09,2026-09-04,Closed,0,4.45,3,30,2455.74,14
C004941,Carrier A,Auto,Agent,2026-07-05,2026-07,2026-07-08,Closed,0,5.55,3,88,1455.54,14
C004942,Carrier C,Auto,Mobile,2026-06-17,2026-06,2026-06-23,Closed,0,10.65,6,106,6174.36,14
C004943,Carrier A,Auto,Agent,2026-07-27,2026-07,,Open,0,17.11,,66,0,14
C004944,Carrier C,Liability,Mobile,2026-08-24,2026-08,2026-08-31,Closed,0,6.41,7,38,7671.96,14
C004945,Carrier C,Liability,Web,2026-08-26,2026-08,2026-09-03,Closed,0,2.62,8,36,940.22,14
C004946,Carrier A,Liability,Agent,2026-09-11,2026-09,2026-09-21,Closed,0,16.45,10,20,5379.96,14
C004947,Carrier A,Property,Agent,2026-08-12,2026-08,2026-08-24,Closed,0,16.27,12,50,3774.38,20
C004948,Carrier B,Property,Web,2026-09-26,2026-09,,Open,0,9.32,,5,0,20
C004949,Carrier B,Liability,Agent,2026-06-19,2026-06,2026-06-25,Closed,0,10.33,6,104,1769.8,14
C004950,Carrier B,Auto,Agent,2026-08-05,2026-08,2026-08-10,Closed,0,10.47,5,57,2270.2,14
C004951,Carrier B,Auto,Web,2026-08-26,2026-08,2026-08-28,Closed,0,8.09,2,36,1901.25,14
C004952,Carrier C,Property,Agent,2026-06-26,2026-06,2026-07-02,Closed,0,15.67,6,97,7703.19,20
C004953,Carrier B,Auto,Agent,2026-09-24,2026-09,2026-09-29,Closed,0,14.83,5,7,4105.78,14
C004954,Carrier A,Property,Mobile,2026-06-21,2026-06,2026-07-02,Closed,0,13.39,11,102,9583.19,20
C004955,Carrier C,Liability,Web,2026-08-26,2026-08,2026-08-28,Closed,0,15.36,2,36,6697.04,14
C004956,Carrier A,Liability,Agent,2026-07-24,2026-07,2026-07-30,Closed,0,3.04,6,69,5895.63,14
C004957,Carrier A,Property,Web,2026-07-11,2026-07,2026-07-21,Closed,0,3.94,10,82,12041.0,20
C004958,Carrier C,Liability,Agent,2026-05-02,2026-05,2026-05-07,Closed,0,11.92,5,152,503.64,14
C004959,Carrier A,Liability,Web,2026-04-25,2026-04,2026-05-01,Closed,0,3.94,6,159,5856.45,14
C004960,Carrier A,Auto,Web,2026-07-08,2026-07,2026-07-19,Closed,1,22.79,11,85,2106.65,14
C004961,Carrier A,Liability,Mobile,2026-09-17,2026-09,2026-09-25,Closed,0,10.08,8,14,2991.41,14
C004962,Carrier B,Liability,Agent,2026-05-20,2026-05,2026-06-06,Closed,1,21.46,17,134,4238.96,14
C004963,Carrier B,Auto,Mobile,2026-08-10,2026-08,2026-08-22,Closed,1,23.5,12,52,2098.92,14
C004964,Carrier B,Auto,Web,2026-09-04,2026-09,2026-09-08,Closed,0,14.45,4,27,10993.06,14
C004965,Carrier C,Auto,Agent,2026-07-28,2026-07,2026-08-12,Closed,0,17.03,15,65,5125.42,14
C004966,Carrier C,Liability,Web,2026-04-23,2026-04,2026-04-29,Closed,0,11.65,6,161,8132.6,14
C004967,Carrier A,Auto,Agent,2026-05-27,2026-05,2026-06-03,Closed,0,12.2,7,127,5191.16,14
C004968,Carrier C,Liability,Agent,2026-04-07,2026-04,2026-04-19,Closed,0,13.47,12,177,7204.43,14
C004969,Carrier B,Auto,Web,2026-04-08,2026-04,2026-04-12,Closed,0,9.7,4,176,6711.39,14
C004970,Carrier A,Auto,Web,2026-04-29,2026-04,2026-05-02,Closed,0,11.9,3,155,22933.3,14
C004971,Carrier A,Property,Mobile,2026-07-18,2026-07,2026-07-28,Closed,0,6.21,10,75,2946.12,20
C004972,Carrier B,Property,Web,2026-07-21,2026-07,,Open,0,3.8,,72,0,20
C004973,Carrier A,Liability,Web,2026-05-14,2026-05,,Open,1,11.55,,140,0,14
C004974,Carrier B,Property,Web,2026-08-11,2026-08,2026-08-19,Closed,0,9.13,8,51,3969.43,20
C004975,Carrier C,Liability,Agent,2026-09-12,2026-09,2026-09-20,Closed,0,15.96,8,19,4597.66,14
C004976,Carrier A,Auto,Agent,2026-09-06,2026-09,2026-09-10,Closed,0,5.04,4,25,2643.08,14
C004977,Carrier A,Property,Web,2026-09-28,2026-09,,Open,0,16.43,,3,0,20
C004978,Carrier C,Property,Mobile,2026-06-26,2026-06,2026-07-12,Closed,0,9.27,16,97,8729.73,20
C004979,Carrier B,Auto,Web,2026-04-04,2026-04,2026-04-16,Closed,0,5.84,12,180,6498.19,14
C004980,Carrier A,Auto,Web,2026-06-29,2026-06,2026-07-07,Closed,0,5.93,8,94,2773.45,14
C004981,Carrier C,Property,Agent,2026-04-30,2026-04,2026-05-15,Closed,0,2.3,15,154,1229.27,20
C004982,Carrier C,Auto,Web,2026-09-21,2026-09,,Open,0,11.58,,10,0,14
C004983,Carrier A,Auto,Agent,2026-05-25,2026-05,2026-06-04,Closed,0,10.39,10,129,14275.98,14
C004984,Carrier A,Auto,Agent,2026-09-22,2026-09,,Open,1,27.7,,9,0,14
C004985,Carrier A,Auto,Web,2026-08-16,2026-08,2026-08-22,Closed,0,4.78,6,46,1757.15,14
C004986,Carrier B,Property,Web,2026-06-27,2026-06,2026-07-12,Closed,0,17.34,15,96,9692.72,20
C004987,Carrier B,Auto,Mobile,2026-08-10,2026-08,2026-08-20,Closed,0,2.07,10,52,1498.12,14
C004988,Carrier C,Property,Web,2026-04-30,2026-04,2026-05-16,Closed,0,17.82,16,154,3148.17,20
C004989,Carrier A,Property,Agent,2026-05-23,2026-05,,Open,0,11.3,,131,0,20
C004990,Carrier C,Auto,Web,2026-08-31,2026-08,2026-09-06,Closed,0,3.75,6,31,6207.38,14
C004991,Carrier C,Liability,Web,2026-07-31,2026-07,2026-08-08,Closed,0,10.42,8,62,10316.65,14
C004992,Carrier A,Auto,Web,2026-08-11,2026-08,2026-08-19,Closed,0,14.88,8,51,2647.95,14
C004993,Carrier B,Property,Mobile,2026-05-29,2026-05,2026-06-08,Closed,0,10.42,10,125,6948.16,20
C004994,Carrier A,Liability,Agent,2026-06-02,2026-06,2026-06-04,Closed,0,17.37,2,121,6080.29,14
C004995,Carrier A,Liability,Agent,2026-07-21,2026-07,2026-07-25,Closed,0,11.03,4,72,1451.1,14
C004996,Carrier A,Liability,Web,2026-07-13,2026-07,2026-07-29,Closed,0,17.04,16,80,1860.72,14
C004997,Carrier A,Property,Agent,2026-05-26,2026-05,2026-06-08,Closed,0,16.05,13,128,5292.96,20
C004998,Carrier C,Property,Agent,2026-05-11,2026-05,2026-05-28,Closed,0,1.45,17,143,1529.86,20
C004999,Carrier A,Auto,Mobile,2026-04-22,2026-04,2026-05-04,Closed,0,4.38,12,162,3585.57,14
C005000,Carrier B,Property,Mobile,2026-08-17,2026-08,2026-08-24,Closed,0,3.63,7,45,636.67,20
C005001,Carrier A,Liability,Web,2026-04-13,2026-04,2026-04-20,Closed,0,5.37,7,171,1331.01,14
C005002,Carrier B,Liability,Mobile,2026-05-20,2026-05,2026-05-22,Closed,0,6.99,2,134,3584.2,14
C005003,Carrier C,Liability,Mobile,2026-08-15,2026-08,2026-08-22,Closed,0,15.55,7,47,2516.67,14
C005004,Carrier C,Property,Web,2026-06-07,2026-06,,Open,0,15.41,,116,0,20
C005005,Carrier A,Liability,Web,2026-08-02,2026-08,2026-08-14,Closed,0,9.89,12,60,939.87,14
C005006,Carrier B,Property,Agent,2026-07-11,2026-07,2026-07-31,Closed,1,16.77,20,82,1636.55,20
C005007,Carrier C,Liability,Web,2026-05-28,2026-05,2026-05-30,Closed,0,7.03,2,126,2802.04,14
C005008,Carrier A,Auto,Agent,2026-08-10,2026-08,2026-08-17,Closed,0,5.66,7,52,6930.55,14
C005009,Carrier C,Property,Agent,2026-04-27,2026-04,2026-05-25,Closed,0,8.45,28,157,1256.05,20
C005010,Carrier C,Auto,Agent,2026-08-31,2026-08,2026-09-05,Closed,0,15.38,5,31,3958.85,14
C005011,Carrier C,Liability,Web,2026-04-26,2026-04,2026-05-07,Closed,0,4.53,11,158,12262.83,14
C005012,Carrier B,Auto,Mobile,2026-06-13,2026-06,2026-06-26,Closed,1,17.98,13,110,5979.0,14
C005013,Carrier B,Auto,Agent,2026-07-18,2026-07,2026-08-08,Closed,1,14.23,21,75,3462.72,14
C005014,Carrier B,Property,Mobile,2026-07-27,2026-07,2026-08-16,Closed,1,14.87,20,66,22286.82,20
C005015,Carrier C,Liability,Mobile,2026-05-29,2026-05,2026-06-13,Closed,1,12.49,15,125,2722.46,14
C005016,Carrier B,Auto,Web,2026-05-18,2026-05,2026-05-27,Closed,0,16.86,9,136,5137.67,14
C005017,Carrier C,Auto,Mobile,2026-08-24,2026-08,2026-08-27,Closed,0,15.79,3,38,909.62,14
C005018,Carrier C,Auto,Agent,2026-09-13,2026-09,2026-09-15,Closed,0,11.58,2,18,13803.81,14
C005019,Carrier C,Auto,Web,2026-05-27,2026-05,2026-06-02,Closed,0,12.61,6,127,1239.69,14
C005020,Carrier A,Auto,Agent,2026-07-31,2026-07,2026-08-07,Closed,0,9.85,7,62,3135.55,14
C005021,Carrier B,Auto,Agent,2026-04-09,2026-04,2026-04-19,Closed,0,3.75,10,175,4337.82,14
C005022,Carrier C,Auto,Web,2026-07-12,2026-07,2026-07-24,Closed,0,12.95,12,81,2729.11,14
C005023,Carrier C,Auto,Agent,2026-09-17,2026-09,2026-09-27,Closed,0,5.5,10,14,5189.5,14
C005024,Carrier A,Liability,Mobile,2026-04-19,2026-04,2026-04-29,Closed,0,2.59,10,165,1906.3,14
C005025,Carrier A,Auto,Agent,2026-08-30,2026-08,2026-09-02,Closed,0,17.78,3,32,2466.5,14
C005026,Carrier B,Property,Mobile,2026-07-17,2026-07,2026-08-04,Closed,0,6.61,18,76,4609.6,20
C005027,Carrier B,Property,Web,2026-06-25,2026-06,,Open,0,1.24,,98,0,20
C005028,Carrier C,Auto,Agent,2026-08-01,2026-08,2026-08-28,Closed,1,14.38,27,61,4271.55,14
C005029,Carrier C,Auto,Mobile,2026-07-23,2026-07,2026-08-04,Closed,0,16.88,12,70,1314.43,14
C005030,Carrier C,Auto,Mobile,2026-09-16,2026-09,,Open,1,11.15,,15,0,14
C005031,Carrier C,Property,Agent,2026-04-15,2026-04,2026-05-07,Closed,0,7.13,22,169,10174.29,20
C005032,Carrier A,Property,Web,2026-06-15,2026-06,2026-06-26,Closed,0,7.36,11,108,9320.66,20
C005033,Carrier A,Liability,Web,2026-08-17,2026-08,2026-09-05,Closed,1,24.91,19,45,4150.82,14
C005034,Carrier C,Auto,Web,2026-04-01,2026-04,2026-04-14,Closed,1,26.74,13,183,8650.33,14
C005035,Carrier C,Liability,Agent,2026-04-02,2026-04,2026-04-09,Closed,0,16.13,7,182,7001.07,14
C005036,Carrier B,Liability,Agent,2026-04-28,2026-04,2026-05-14,Closed,0,14.67,16,156,2482.18,14
C005037,Carrier B,Auto,Agent,2026-04-30,2026-04,2026-05-14,Closed,1,14.89,14,154,4886.91,14
C005038,Carrier A,Auto,Web,2026-09-17,2026-09,2026-09-26,Closed,0,13.7,9,14,2426.61,14
C005039,Carrier C,Liability,Web,2026-07-08,2026-07,2026-07-16,Closed,0,8.56,8,85,18335.81,14
C005040,Carrier B,Auto,Web,2026-06-09,2026-06,2026-06-18,Closed,0,5.41,9,114,2912.01,14
C005041,Carrier A,Property,Agent,2026-08-25,2026-08,2026-09-08,Closed,0,8.42,14,37,8981.38,20
C005042,Carrier C,Property,Mobile,2026-05-19,2026-05,2026-05-28,Closed,0,13.13,9,135,1715.44,20
C005043,Carrier C,Liability,Mobile,2026-09-08,2026-09,2026-09-26,Closed,1,23.45,18,23,2396.72,14
C005044,Carrier C,Auto,Web,2026-09-19,2026-09,,Open,0,10.58,,12,0,14
C005045,Carrier A,Property,Web,2026-08-11,2026-08,,Open,0,5.39,,51,0,20
C005046,Carrier A,Auto,Agent,2026-07-26,2026-07,2026-08-01,Closed,0,1.52,6,67,3606.42,14
C005047,Carrier B,Auto,Agent,2026-09-29,2026-09,,Open,0,7.26,,2,0,14
C005048,Carrier B,Property,Agent,2026-04-26,2026-04,2026-05-13,Closed,1,24.41,17,158,8181.21,20
C005049,Carrier B,Liability,Web,2026-08-29,2026-08,2026-09-04,Closed,0,14.92,6,33,3326.49,14
C005050,Carrier A,Liability,Web,2026-09-09,2026-09,2026-09-16,Closed,0,9.55,7,22,2208.78,14
C005051,Carrier A,Liability,Mobile,2026-06-14,2026-06,2026-06-18,Closed,0,6.3,4,109,6133.17,14
C005052,Carrier C,Property,Web,2026-09-16,2026-09,,Open,0,12.1,,15,0,20
C005053,Carrier A,Property,Web,2026-06-06,2026-06,2026-06-22,Closed,0,10.43,16,117,2134.16,20
C005054,Carrier C,Liability,Agent,2026-08-27,2026-08,2026-09-09,Closed,1,16.96,13,35,8520.87,14
C005055,Carrier B,Property,Mobile,2026-04-02,2026-04,2026-04-20,Closed,0,6.62,18,182,2694.72,20
C005056,Carrier B,Property,Agent,2026-08-12,2026-08,2026-08-27,Closed,0,14.97,15,50,2648.55,20
C005057,Carrier B,Liability,Web,2026-07-16,2026-07,2026-07-19,Closed,0,2.98,3,77,3614.98,14
C005058,Carrier B,Auto,Mobile,2026-08-19,2026-08,2026-09-03,Closed,0,5.68,15,43,8199.47,14
C005059,Carrier B,Property,Agent,2026-04-17,2026-04,2026-04-23,Closed,0,14.32,6,167,5341.86,20
C005060,Carrier C,Auto,Agent,2026-07-12,2026-07,2026-07-16,Closed,0,3.16,4,81,3115.38,14
C005061,Carrier B,Liability,Mobile,2026-04-11,2026-04,2026-04-23,Closed,0,5.22,12,173,3961.2,14
C005062,Carrier A,Liability,Agent,2026-04-27,2026-04,2026-05-02,Closed,0,14.41,5,157,2259.64,14
C005063,Carrier C,Liability,Mobile,2026-06-26,2026-06,2026-07-18,Closed,1,13.87,22,97,2271.51,14
C005064,Carrier C,Auto,Mobile,2026-09-23,2026-09,2026-09-27,Closed,0,16.42,4,8,945.97,14
C005065,Carrier A,Property,Web,2026-08-07,2026-08,2026-08-23,Closed,0,2.32,16,55,9656.7,20
C005066,Carrier B,Property,Mobile,2026-08-17,2026-08,,Open,1,26.99,,45,0,20
C005067,Carrier B,Property,Web,2026-08-02,2026-08,2026-08-24,Closed,1,16.48,22,60,5500.95,20
C005068,Carrier C,Property,Web,2026-07-15,2026-07,2026-07-29,Closed,0,2.81,14,78,3089.1,20
C005069,Carrier C,Auto,Mobile,2026-09-03,2026-09,2026-09-28,Closed,0,1.75,25,28,5474.23,14
C005070,Carrier C,Liability,Agent,2026-07-03,2026-07,2026-07-04,Closed,0,11.41,1,90,11346.85,14
C005071,Carrier C,Property,Mobile,2026-06-07,2026-06,2026-06-14,Closed,0,5.28,7,116,827.54,20
C005072,Carrier B,Liability,Web,2026-06-01,2026-06,2026-06-18,Closed,1,20.13,17,122,940.66,14
C005073,Carrier C,Property,Mobile,2026-06-14,2026-06,,Open,0,6.89,,109,0,20
C005074,Carrier B,Property,Agent,2026-07-04,2026-07,2026-07-15,Closed,0,15.08,11,89,2116.98,20
C005075,Carrier C,Property,Agent,2026-08-09,2026-08,2026-08-15,Closed,0,2.84,6,53,2304.5,20
C005076,Carrier B,Property,Agent,2026-07-22,2026-07,2026-08-02,Closed,0,13.33,11,71,964.01,20
C005077,Carrier A,Auto,Mobile,2026-04-04,2026-04,2026-04-12,Closed,0,14.89,8,180,940.61,14
C005078,Carrier C,Auto,Web,2026-07-20,2026-07,2026-07-28,Closed,0,13.97,8,73,1238.3,14
C005079,Carrier B,Property,Web,2026-05-28,2026-05,2026-06-04,Closed,0,15.58,7,126,11378.06,20
C005080,Carrier B,Auto,Web,2026-05-18,2026-05,2026-05-25,Closed,0,2.51,7,136,1756.98,14
C005081,Carrier A,Property,Mobile,2026-09-19,2026-09,2026-10-01,Closed,0,14.47,12,12,2977.13,20
C005082,Carrier A,Auto,Mobile,2026-04-11,2026-04,2026-04-24,Closed,0,3.42,13,173,20085.66,14
C005083,Carrier C,Property,Web,2026-09-09,2026-09,2026-09-16,Closed,0,3.04,7,22,1882.4,20
C005084,Carrier C,Liability,Agent,2026-08-27,2026-08,2026-09-13,Closed,0,1.47,17,35,5919.97,14
C005085,Carrier C,Property,Web,2026-06-20,2026-06,2026-07-03,Closed,0,5.36,13,103,3400.43,20
C005086,Carrier C,Auto,Mobile,2026-09-22,2026-09,,Open,0,15.8,,9,0,14
C005087,Carrier B,Liability,Web,2026-04-29,2026-04,2026-05-05,Closed,0,10.09,6,155,1928.72,14
C005088,Carrier A,Liability,Web,2026-04-18,2026-04,,Open,0,5.89,,166,0,14
C005089,Carrier C,Property,Agent,2026-05-07,2026-05,,Open,0,13.88,,147,0,20
C005090,Carrier C,Property,Mobile,2026-05-11,2026-05,2026-05-21,Closed,0,9.92,10,143,1982.04,20
C005091,Carrier A,Liability,Agent,2026-07-11,2026-07,2026-08-06,Closed,0,15.48,26,82,3560.52,14
C005092,Carrier A,Liability,Mobile,2026-04-24,2026-04,2026-05-21,Closed,0,8.77,27,160,1036.79,14
C005093,Carrier B,Liability,Agent,2026-09-23,2026-09,2026-09-24,Closed,0,10.72,1,8,4985.93,14
C005094,Carrier C,Auto,Agent,2026-04-25,2026-04,2026-05-28,Closed,1,23.76,33,159,3722.51,14
C005095,Carrier B,Liability,Agent,2026-04-10,2026-04,2026-04-15,Closed,0,13.18,5,174,2853.15,14
C005096,Carrier B,Auto,Mobile,2026-07-03,2026-07,2026-07-22,Closed,1,16.24,19,90,13512.99,14
C005097,Carrier C,Property,Mobile,2026-09-20,2026-09,,Open,1,23.78,,11,0,20
C005098,Carrier C,Auto,Web,2026-05-03,2026-05,2026-05-05,Closed,0,10.12,2,151,1882.93,14
C005099,Carrier C,Auto,Mobile,2026-05-20,2026-05,2026-05-24,Closed,0,3.11,4,134,636.21,14
C005100,Carrier B,Property,Agent,2026-06-10,2026-06,2026-06-24,Closed,0,3.05,14,113,2304.08,20
C005101,Carrier A,Auto,Agent,2026-05-17,2026-05,2026-06-05,Closed,1,21.02,19,137,1297.09,14
C005102,Carrier C,Property,Agent,2026-07-14,2026-07,2026-07-21,Closed,0,11.99,7,79,1515.37,20
C005103,Carrier A,Property,Web,2026-06-10,2026-06,2026-06-30,Closed,0,17.15,20,113,1167.99,20
C005104,Carrier C,Auto,Agent,2026-04-17,2026-04,,Open,0,4.11,,167,0,14
C005105,Carrier A,Liability,Web,2026-05-31,2026-05,,Open,1,24.75,,123,0,14
C005106,Carrier B,Property,Web,2026-08-25,2026-08,2026-09-04,Closed,0,15.59,10,37,5263.54,20
C005107,Carrier B,Liability,Mobile,2026-08-09,2026-08,2026-08-20,Closed,0,5.9,11,53,10437.85,14
C005108,Carrier A,Property,Web,2026-09-05,2026-09,2026-09-22,Closed,0,12.0,17,26,4716.78,20
C005109,Carrier A,Property,Web,2026-05-04,2026-05,2026-05-17,Closed,0,10.34,13,150,3691.12,20
C005110,Carrier B,Liability,Web,2026-05-05,2026-05,2026-05-06,Closed,0,4.77,1,149,8724.82,14
C005111,Carrier A,Auto,Mobile,2026-05-20,2026-05,2026-05-29,Closed,1,27.71,9,134,3098.2,14
C005112,Carrier C,Liability,Web,2026-09-22,2026-09,2026-09-26,Closed,0,1.99,4,9,1046.72,14
C005113,Carrier C,Liability,Agent,2026-07-03,2026-07,2026-07-06,Closed,0,4.41,3,90,1331.45,14
C005114,Carrier A,Property,Agent,2026-05-02,2026-05,2026-05-16,Closed,0,8.48,14,152,1862.95,20
C005115,Carrier C,Liability,Agent,2026-08-16,2026-08,,Open,0,6.97,,46,0,14
C005116,Carrier C,Auto,Agent,2026-08-14,2026-08,2026-08-21,Closed,0,13.27,7,48,1602.95,14
C005117,Carrier B,Liability,Web,2026-06-02,2026-06,2026-06-04,Closed,0,6.21,2,121,5722.7,14
C005118,Carrier B,Liability,Agent,2026-07-16,2026-07,2026-08-02,Closed,1,17.07,17,77,3826.56,14
C005119,Carrier B,Property,Agent,2026-04-16,2026-04,2026-04-25,Closed,0,4.26,9,168,8192.55,20
C005120,Carrier A,Property,Web,2026-06-27,2026-06,2026-07-07,Closed,0,15.34,10,96,1982.01,20
C005121,Carrier B,Liability,Mobile,2026-06-12,2026-06,2026-06-19,Closed,0,10.13,7,111,3562.34,14
C005122,Carrier A,Property,Agent,2026-05-23,2026-05,2026-06-13,Closed,0,16.17,21,131,907.66,20
C005123,Carrier C,Auto,Agent,2026-08-22,2026-08,2026-08-25,Closed,0,3.95,3,40,4296.44,14
C005124,Carrier A,Liability,Agent,2026-06-04,2026-06,2026-06-06,Closed,0,1.43,2,119,2133.23,14
C005125,Carrier A,Auto,Mobile,2026-04-04,2026-04,2026-04-21,Closed,0,14.03,17,180,2025.48,14
C005126,Carrier C,Auto,Web,2026-05-25,2026-05,2026-05-30,Closed,0,2.85,5,129,7029.95,14
C005127,Carrier A,Auto,Agent,2026-05-25,2026-05,,Open,0,2.5,,129,0,14
C005128,Carrier A,Liability,Web,2026-07-13,2026-07,,Open,0,9.5,,80,0,14
C005129,Carrier A,Property,Mobile,2026-05-28,2026-05,2026-06-08,Closed,0,14.54,11,126,2594.07,20
C005130,Carrier B,Liability,Agent,2026-06-07,2026-06,2026-06-26,Closed,0,14.42,19,116,1408.92,14
C005131,Carrier A,Liability,Agent,2026-04-12,2026-04,2026-04-28,Closed,0,6.41,16,172,8320.62,14
C005132,Carrier C,Liability,Web,2026-09-14,2026-09,,Open,0,10.01,,17,0,14
C005133,Carrier C,Property,Web,2026-05-09,2026-05,2026-05-17,Closed,0,14.09,8,145,2946.08,20
C005134,Carrier C,Liability,Web,2026-05-18,2026-05,,Open,0,5.13,,136,0,14
C005135,Carrier A,Liability,Web,2026-08-29,2026-08,2026-09-06,Closed,0,13.71,8,33,16161.55,14
C005136,Carrier B,Auto,Web,2026-09-05,2026-09,2026-09-09,Closed,0,14.0,4,26,3690.6,14
C005137,Carrier A,Auto,Mobile,2026-09-21,2026-09,2026-10-01,Closed,1,26.42,10,10,7923.93,14
C005138,Carrier C,Auto,Mobile,2026-07-02,2026-07,2026-07-17,Closed,0,2.79,15,91,7528.57,14
C005139,Carrier A,Liability,Agent,2026-04-12,2026-04,2026-04-18,Closed,0,2.55,6,172,999.52,14
C005140,Carrier C,Liability,Web,2026-06-04,2026-06,2026-06-07,Closed,0,3.29,3,119,1487.99,14
C005141,Carrier C,Auto,Web,2026-08-11,2026-08,2026-08-17,Closed,0,17.22,6,51,5093.17,14
C005142,Carrier A,Auto,Web,2026-09-27,2026-09,,Open,0,13.87,,4,0,14
C005143,Carrier A,Auto,Agent,2026-06-06,2026-06,2026-06-15,Closed,0,3.78,9,117,1691.62,14
C005144,Carrier C,Auto,Web,2026-05-18,2026-05,2026-05-26,Closed,0,5.26,8,136,10326.0,14
C005145,Carrier C,Auto,Mobile,2026-04-06,2026-04,2026-04-08,Closed,0,6.71,2,178,2580.88,14
C005146,Carrier B,Auto,Web,2026-08-02,2026-08,2026-08-06,Closed,0,9.66,4,60,2528.37,14
C005147,Carrier A,Auto,Agent,2026-07-03,2026-07,2026-07-12,Closed,0,6.33,9,90,805.82,14
C005148,Carrier C,Property,Web,2026-07-24,2026-07,2026-09-15,Closed,1,17.53,53,69,3261.06,20
C005149,Carrier C,Liability,Web,2026-08-02,2026-08,2026-08-23,Closed,0,10.69,21,60,3836.5,14
C005150,Carrier C,Liability,Web,2026-09-13,2026-09,2026-09-22,Closed,0,10.47,9,18,1801.28,14
C005151,Carrier B,Auto,Agent,2026-09-29,2026-09,,Open,1,18.69,,2,0,14
C005152,Carrier C,Property,Web,2026-05-22,2026-05,2026-06-02,Closed,0,1.05,11,132,7754.52,20
C005153,Carrier A,Property,Agent,2026-05-20,2026-05,2026-06-02,Closed,0,16.1,13,134,2083.35,20
C005154,Carrier A,Auto,Web,2026-05-12,2026-05,2026-05-15,Closed,0,17.66,3,142,7921.25,14
C005155,Carrier A,Property,Web,2026-04-20,2026-04,2026-04-29,Closed,0,3.19,9,164,1960.65,20
C005156,Carrier A,Property,Web,2026-08-12,2026-08,2026-08-24,Closed,0,1.4,12,50,1010.28,20
C005157,Carrier B,Liability,Mobile,2026-04-29,2026-04,2026-05-12,Closed,1,23.25,13,155,3773.34,14
C005158,Carrier B,Liability,Mobile,2026-07-20,2026-07,2026-07-27,Closed,0,9.2,7,73,13977.53,14
C005159,Carrier C,Liability,Agent,2026-08-02,2026-08,2026-08-14,Closed,0,8.51,12,60,1973.4,14
C005160,Carrier B,Liability,Mobile,2026-08-16,2026-08,2026-08-18,Closed,0,4.4,2,46,5734.99,14
C005161,Carrier A,Auto,Web,2026-09-16,2026-09,2026-10-01,Closed,1,25.09,15,15,2720.29,14
C005162,Carrier A,Liability,Web,2026-07-01,2026-07,2026-07-08,Closed,0,14.27,7,92,2978.06,14
C005163,Carrier B,Property,Mobile,2026-05-25,2026-05,2026-05-31,Closed,0,3.75,6,129,921.02,20
C005164,Carrier C,Auto,Web,2026-06-17,2026-06,2026-06-29,Closed,0,3.65,12,106,1045.1,14
C005165,Carrier A,Property,Agent,2026-07-04,2026-07,2026-07-25,Closed,1,25.08,21,89,999.81,20
C005166,Carrier A,Auto,Web,2026-05-31,2026-05,2026-06-10,Closed,1,24.3,10,123,1095.14,14
C005167,Carrier B,Property,Web,2026-08-26,2026-08,2026-09-04,Closed,0,16.23,9,36,1627.17,20
C005168,Carrier B,Auto,Web,2026-09-19,2026-09,2026-09-26,Closed,0,5.05,7,12,7142.97,14
C005169,Carrier C,Liability,Mobile,2026-07-05,2026-07,2026-07-20,Closed,1,20.79,15,88,1380.77,14
C005170,Carrier C,Liability,Agent,2026-05-08,2026-05,2026-05-09,Closed,0,10.55,1,146,2459.01,14
C005171,Carrier A,Auto,Agent,2026-07-15,2026-07,2026-07-20,Closed,0,10.26,5,78,2198.6,14
C005172,Carrier B,Liability,Mobile,2026-06-27,2026-06,2026-06-30,Closed,0,1.27,3,96,19790.57,14
C005173,Carrier B,Property,Mobile,2026-06-10,2026-06,2026-06-27,Closed,1,19.74,17,113,2407.75,20
C005174,Carrier A,Liability,Agent,2026-07-04,2026-07,2026-07-09,Closed,0,9.6,5,89,2272.35,14
C005175,Carrier C,Auto,Web,2026-08-12,2026-08,2026-08-24,Closed,1,11.19,12,50,3352.55,14
C005176,Carrier B,Liability,Mobile,2026-06-09,2026-06,2026-06-21,Closed,0,12.02,12,114,2131.49,14
C005177,Carrier A,Liability,Web,2026-04-01,2026-04,,Open,0,2.62,,183,0,14
C005178,Carrier B,Liability,Agent,2026-08-18,2026-08,2026-09-13,Closed,0,12.5,26,44,1180.55,14
C005179,Carrier B,Auto,Web,2026-08-10,2026-08,2026-08-13,Closed,0,10.84,3,52,1431.51,14
C005180,Carrier B,Property,Web,2026-09-28,2026-09,,Open,0,3.62,,3,0,20
C005181,Carrier B,Liability,Web,2026-07-10,2026-07,2026-07-11,Closed,0,6.93,1,83,11660.79,14
C005182,Carrier C,Property,Mobile,2026-07-07,2026-07,,Open,1,14.61,,86,0,20
C005183,Carrier C,Auto,Mobile,2026-08-22,2026-08,2026-09-05,Closed,1,23.57,14,40,3468.45,14
C005184,Carrier C,Liability,Web,2026-08-25,2026-08,2026-08-27,Closed,0,1.8,2,37,1850.01,14
C005185,Carrier A,Auto,Web,2026-05-05,2026-05,2026-05-16,Closed,0,14.61,11,149,3004.89,14
C005186,Carrier B,Liability,Web,2026-08-02,2026-08,2026-08-10,Closed,0,4.39,8,60,2189.79,14
C005187,Carrier A,Auto,Agent,2026-04-17,2026-04,2026-04-24,Closed,0,3.6,7,167,1848.95,14
C005188,Carrier A,Auto,Web,2026-05-13,2026-05,2026-05-15,Closed,0,3.29,2,141,4476.75,14
C005189,Carrier A,Auto,Agent,2026-06-02,2026-06,2026-06-16,Closed,0,15.95,14,121,2613.35,14
C005190,Carrier C,Property,Web,2026-05-10,2026-05,2026-05-28,Closed,1,23.49,18,144,4085.25,20
C005191,Carrier A,Property,Web,2026-07-19,2026-07,2026-08-13,Closed,0,5.85,25,74,4250.64,20
C005192,Carrier B,Property,Web,2026-08-07,2026-08,2026-09-06,Closed,0,12.28,30,55,1825.48,20
C005193,Carrier A,Liability,Agent,2026-09-05,2026-09,2026-09-29,Closed,1,16.31,24,26,5301.91,14
C005194,Carrier A,Auto,Mobile,2026-06-02,2026-06,,Open,0,9.61,,121,0,14
C005195,Carrier C,Liability,Web,2026-04-05,2026-04,2026-04-21,Closed,0,3.26,16,179,2525.45,14
C005196,Carrier A,Property,Agent,2026-04-12,2026-04,2026-04-29,Closed,0,14.14,17,172,4542.16,20
C005197,Carrier B,Liability,Web,2026-09-05,2026-09,2026-09-26,Closed,0,7.89,21,26,4024.5,14
C005198,Carrier B,Property,Web,2026-07-13,2026-07,2026-07-23,Closed,0,14.81,10,80,1500.97,20
C005199,Carrier C,Property,Mobile,2026-07-09,2026-07,2026-07-17,Closed,0,9.09,8,84,4893.08,20
C005200,Carrier A,Liability,Web,2026-07-02,2026-07,2026-07-05,Closed,0,1.57,3,91,5544.56,14
C005201,Carrier B,Auto,Agent,2026-04-26,2026-04,2026-05-04,Closed,0,4.28,8,158,4024.55,14
C005202,Carrier B,Auto,Web,2026-08-17,2026-08,2026-08-23,Closed,0,15.41,6,45,2002.2,14
C005203,Carrier A,Liability,Web,2026-09-24,2026-09,,Open,1,19.75,,7,0,14
C005204,Carrier B,Auto,Mobile,2026-05-15,2026-05,2026-05-27,Closed,1,20.86,12,139,1942.32,14
C005205,Carrier C,Property,Mobile,2026-08-15,2026-08,2026-09-03,Closed,1,25.75,19,47,4181.25,20
C005206,Carrier C,Auto,Web,2026-09-08,2026-09,2026-09-13,Closed,0,5.03,5,23,10433.15,14
C005207,Carrier A,Liability,Web,2026-05-04,2026-05,2026-05-14,Closed,0,2.84,10,150,3229.33,14
C005208,Carrier C,Liability,Mobile,2026-09-18,2026-09,2026-09-20,Closed,0,7.12,2,13,2665.8,14
C005209,Carrier C,Property,Agent,2026-07-24,2026-07,2026-08-05,Closed,0,2.29,12,69,14562.35,20
C005210,Carrier C,Property,Web,2026-09-05,2026-09,2026-09-19,Closed,0,12.35,14,26,5297.19,20
C005211,Carrier C,Liability,Mobile,2026-06-16,2026-06,2026-06-20,Closed,0,3.63,4,107,7650.61,14
C005212,Carrier C,Property,Mobile,2026-08-25,2026-08,2026-09-01,Closed,0,2.48,7,37,7500.51,20
C005213,Carrier A,Property,Web,2026-05-20,2026-05,2026-06-02,Closed,1,14.06,13,134,5358.37,20
C005214,Carrier B,Property,Mobile,2026-09-25,2026-09,,Open,0,7.96,,6,0,20
C005215,Carrier A,Liability,Web,2026-07-16,2026-07,,Open,0,9.29,,77,0,14
C005216,Carrier C,Liability,Web,2026-04-15,2026-04,,Open,0,16.29,,169,0,14
C005217,Carrier A,Property,Agent,2026-07-12,2026-07,2026-08-03,Closed,1,14.1,22,81,2407.26,20
C005218,Carrier B,Liability,Web,2026-05-15,2026-05,2026-05-19,Closed,0,10.98,4,139,4948.19,14
C005219,Carrier B,Auto,Agent,2026-07-06,2026-07,2026-07-30,Closed,1,22.29,24,87,6173.32,14
C005220,Carrier C,Liability,Agent,2026-06-01,2026-06,2026-06-09,Closed,0,10.7,8,122,5948.74,14
C005221,Carrier C,Auto,Web,2026-06-16,2026-06,2026-06-29,Closed,0,2.33,13,107,1054.01,14
C005222,Carrier C,Property,Web,2026-05-03,2026-05,2026-05-21,Closed,1,19.13,18,151,1892.11,20
C005223,Carrier B,Liability,Web,2026-08-03,2026-08,2026-08-12,Closed,0,2.75,9,59,1659.8,14
C005224,Carrier A,Liability,Agent,2026-09-29,2026-09,,Open,0,3.91,,2,0,14
C005225,Carrier C,Property,Agent,2026-09-18,2026-09,,Open,0,6.53,,13,0,20
C005226,Carrier B,Auto,Web,2026-06-21,2026-06,2026-06-25,Closed,0,17.93,4,102,10941.45,14
C005227,Carrier C,Liability,Mobile,2026-08-21,2026-08,2026-08-27,Closed,0,2.92,6,41,3258.05,14
C005228,Carrier C,Property,Web,2026-06-04,2026-06,,Open,0,13.83,,119,0,20
C005229,Carrier A,Liability,Web,2026-04-26,2026-04,2026-05-06,Closed,0,6.32,10,158,8235.44,14
C005230,Carrier B,Auto,Agent,2026-08-10,2026-08,2026-08-22,Closed,0,17.95,12,52,5095.66,14
C005231,Carrier C,Auto,Agent,2026-09-14,2026-09,2026-09-16,Closed,0,5.14,2,17,1704.26,14
C005232,Carrier A,Property,Mobile,2026-08-14,2026-08,2026-08-26,Closed,0,7.34,12,48,476.5,20
C005233,Carrier C,Liability,Agent,2026-04-20,2026-04,2026-05-08,Closed,1,21.25,18,164,10300.58,14
C005234,Carrier A,Auto,Agent,2026-09-09,2026-09,2026-09-17,Closed,0,9.47,8,22,2696.3,14
C005235,Carrier C,Auto,Mobile,2026-05-04,2026-05,2026-05-21,Closed,0,10.34,17,150,2763.4,14
C005236,Carrier C,Auto,Web,2026-07-03,2026-07,2026-07-11,Closed,0,17.08,8,90,1208.91,14
C005237,Carrier A,Property,Web,2026-07-06,2026-07,2026-07-27,Closed,0,5.0,21,87,1019.37,20
C005238,Carrier A,Auto,Mobile,2026-07-18,2026-07,2026-07-28,Closed,1,24.7,10,75,3797.56,14
C005239,Carrier C,Property,Agent,2026-08-16,2026-08,,Open,0,2.76,,46,0,20
C005240,Carrier A,Property,Mobile,2026-08-06,2026-08,2026-08-17,Closed,0,3.17,11,56,5702.19,20
C005241,Carrier C,Property,Agent,2026-06-14,2026-06,2026-06-29,Closed,0,3.32,15,109,16082.74,20
C005242,Carrier B,Auto,Mobile,2026-04-29,2026-04,2026-05-12,Closed,1,27.67,13,155,4439.41,14
C005243,Carrier A,Property,Web,2026-05-20,2026-05,2026-05-29,Closed,0,1.05,9,134,5354.73,20
C005244,Carrier C,Liability,Mobile,2026-04-26,2026-04,2026-05-03,Closed,0,4.98,7,158,2668.85,14
C005245,Carrier C,Liability,Mobile,2026-06-21,2026-06,2026-07-20,Closed,1,15.87,29,102,6251.7,14
C005246,Carrier C,Auto,Web,2026-08-28,2026-08,2026-09-03,Closed,0,10.63,6,34,460.64,14
C005247,Carrier C,Liability,Web,2026-08-11,2026-08,2026-08-20,Closed,0,12.92,9,51,920.85,14
C005248,Carrier B,Property,Agent,2026-06-05,2026-06,2026-06-24,Closed,0,3.29,19,118,1125.96,20
C005249,Carrier C,Property,Web,2026-09-15,2026-09,2026-09-26,Closed,0,1.32,11,16,2417.21,20
C005250,Carrier A,Liability,Mobile,2026-06-30,2026-06,2026-07-13,Closed,1,20.19,13,93,275.56,14
C005251,Carrier B,Liability,Web,2026-07-15,2026-07,2026-07-19,Closed,0,13.11,4,78,22670.27,14
C005252,Carrier C,Liability,Agent,2026-08-14,2026-08,2026-08-20,Closed,0,4.89,6,48,1496.71,14
C005253,Carrier C,Auto,Agent,2026-05-29,2026-05,2026-06-13,Closed,1,16.34,15,125,5596.01,14
C005254,Carrier C,Auto,Mobile,2026-08-03,2026-08,2026-08-08,Closed,0,5.59,5,59,3084.41,14
C005255,Carrier B,Auto,Mobile,2026-07-20,2026-07,,Open,0,10.16,,73,0,14
C005256,Carrier B,Auto,Agent,2026-05-06,2026-05,,Open,0,14.84,,148,0,14
C005257,Carrier C,Auto,Agent,2026-07-03,2026-07,2026-07-21,Closed,1,22.97,18,90,10291.17,14
C005258,Carrier A,Liability,Agent,2026-06-22,2026-06,2026-06-25,Closed,0,13.5,3,101,4921.53,14
C005259,Carrier A,Auto,Web,2026-05-29,2026-05,,Open,0,2.09,,125,0,14
C005260,Carrier B,Property,Web,2026-07-23,2026-07,2026-08-07,Closed,1,25.01,15,70,3293.9,20
C005261,Carrier A,Property,Mobile,2026-04-28,2026-04,2026-05-05,Closed,0,10.2,7,156,6989.5,20
C005262,Carrier C,Property,Agent,2026-07-17,2026-07,,Open,0,1.29,,76,0,20
C005263,Carrier C,Property,Agent,2026-07-03,2026-07,2026-07-12,Closed,0,17.8,9,90,3703.18,20
C005264,Carrier C,Property,Web,2026-04-23,2026-04,2026-05-02,Closed,0,10.87,9,161,4345.6,20
C005265,Carrier C,Liability,Web,2026-07-03,2026-07,2026-07-13,Closed,0,10.5,10,90,15434.35,14
C005266,Carrier B,Liability,Web,2026-05-30,2026-05,2026-06-12,Closed,1,13.65,13,124,6403.43,14
C005267,Carrier C,Property,Mobile,2026-08-05,2026-08,2026-08-18,Closed,0,5.45,13,57,2250.8,20
C005268,Carrier A,Property,Agent,2026-05-31,2026-05,2026-06-11,Closed,0,1.64,11,123,1708.42,20
C005269,Carrier C,Liability,Agent,2026-07-28,2026-07,2026-07-29,Closed,0,10.49,1,65,1022.29,14
C005270,Carrier B,Property,Agent,2026-07-03,2026-07,2026-07-14,Closed,0,6.9,11,90,4799.63,20
C005271,Carrier C,Auto,Agent,2026-04-21,2026-04,2026-04-23,Closed,0,11.41,2,163,9058.81,14
C005272,Carrier A,Liability,Agent,2026-08-03,2026-08,2026-08-05,Closed,0,5.71,2,59,4358.3,14
C005273,Carrier B,Property,Web,2026-08-13,2026-08,2026-08-29,Closed,0,2.5,16,49,3696.37,20
C005274,Carrier C,Auto,Web,2026-06-26,2026-06,2026-06-27,Closed,0,13.67,1,97,4646.86,14
C005275,Carrier B,Property,Agent,2026-08-01,2026-08,2026-08-29,Closed,1,26.89,28,61,18622.45,20
C005276,Carrier B,Property,Web,2026-04-09,2026-04,2026-04-22,Closed,0,1.34,13,175,3266.8,20
C005277,Carrier A,Property,Agent,2026-05-08,2026-05,2026-05-18,Closed,0,6.88,10,146,3216.03,20
C005278,Carrier B,Liability,Mobile,2026-05-13,2026-05,2026-05-15,Closed,0,3.15,2,141,3579.83,14
C005279,Carrier C,Auto,Mobile,2026-06-18,2026-06,,Open,0,17.28,,105,0,14
C005280,Carrier A,Auto,Web,2026-08-19,2026-08,2026-09-05,Closed,0,6.97,17,43,1503.69,14
C005281,Carrier C,Auto,Mobile,2026-06-17,2026-06,2026-07-03,Closed,1,19.68,16,106,802.98,14
C005282,Carrier C,Liability,Agent,2026-09-17,2026-09,2026-09-25,Closed,0,1.74,8,14,3499.36,14
C005283,Carrier B,Liability,Mobile,2026-04-04,2026-04,2026-04-18,Closed,1,16.03,14,180,2061.31,14
C005284,Carrier A,Liability,Mobile,2026-07-19,2026-07,2026-07-30,Closed,1,23.0,11,74,1916.79,14
C005285,Carrier C,Auto,Agent,2026-09-11,2026-09,2026-09-22,Closed,1,14.19,11,20,1417.49,14
C005286,Carrier C,Liability,Mobile,2026-05-09,2026-05,2026-05-18,Closed,0,13.31,9,145,2857.74,14
C005287,Carrier A,Auto,Agent,2026-06-26,2026-06,2026-07-01,Closed,0,12.81,5,97,2932.78,14
C005288,Carrier B,Auto,Web,2026-05-21,2026-05,2026-06-03,Closed,0,3.04,13,133,1713.16,14
C005289,Carrier C,Auto,Mobile,2026-06-06,2026-06,2026-06-11,Closed,0,2.25,5,117,8219.57,14
C005290,Carrier C,Liability,Mobile,2026-09-18,2026-09,2026-09-27,Closed,0,13.57,9,13,3511.99,14
C005291,Carrier A,Liability,Web,2026-06-10,2026-06,2026-06-23,Closed,0,2.58,13,113,1993.25,14
C005292,Carrier C,Auto,Web,2026-07-20,2026-07,2026-07-22,Closed,0,1.79,2,73,3690.07,14
C005293,Carrier C,Property,Web,2026-06-22,2026-06,2026-07-02,Closed,0,2.37,10,101,4486.05,20
C005294,Carrier A,Auto,Web,2026-08-09,2026-08,2026-08-12,Closed,0,8.92,3,53,3938.04,14
C005295,Carrier B,Liability,Mobile,2026-04-07,2026-04,2026-04-10,Closed,0,11.39,3,177,9230.56,14
C005296,Carrier A,Property,Mobile,2026-09-29,2026-09,,Open,1,24.34,,2,0,20
C005297,Carrier A,Auto,Mobile,2026-09-09,2026-09,2026-09-14,Closed,0,3.81,5,22,2633.69,14
C005298,Carrier A,Auto,Agent,2026-07-04,2026-07,2026-07-15,Closed,0,5.07,11,89,8880.1,14
C005299,Carrier C,Auto,Web,2026-05-25,2026-05,2026-05-30,Closed,0,17.63,5,129,1434.46,14
C005300,Carrier A,Auto,Web,2026-06-26,2026-06,2026-07-04,Closed,0,12.67,8,97,5768.14,14
C005301,Carrier C,Auto,Agent,2026-05-23,2026-05,2026-06-03,Closed,0,16.86,11,131,2210.97,14
C005302,Carrier B,Property,Agent,2026-09-15,2026-09,,Open,0,12.6,,16,0,20
C005303,Carrier B,Liability,Mobile,2026-05-13,2026-05,2026-05-15,Closed,0,10.96,2,141,1654.48,14
C005304,Carrier C,Property,Agent,2026-09-05,2026-09,2026-09-28,Closed,0,16.11,23,26,3092.76,20
C005305,Carrier C,Liability,Mobile,2026-04-22,2026-04,2026-05-04,Closed,1,24.83,12,162,1854.86,14
C005306,Carrier A,Property,Agent,2026-08-17,2026-08,2026-08-31,Closed,0,1.55,14,45,15688.62,20
C005307,Carrier B,Auto,Mobile,2026-04-07,2026-04,2026-04-16,Closed,0,1.95,9,177,3805.04,14
C005308,Carrier A,Property,Web,2026-05-02,2026-05,2026-05-13,Closed,0,12.31,11,152,2666.58,20
C005309,Carrier A,Liability,Web,2026-05-31,2026-05,2026-06-22,Closed,0,1.24,22,123,8050.97,14
C005310,Carrier A,Auto,Mobile,2026-07-11,2026-07,,Open,0,5.53,,82,0,14
C005311,Carrier B,Auto,Agent,2026-06-22,2026-06,2026-06-29,Closed,0,3.39,7,101,1704.36,14
C005312,Carrier C,Liability,Web,2026-09-29,2026-09,,Open,0,13.62,,2,0,14
C005313,Carrier C,Auto,Agent,2026-09-26,2026-09,2026-09-29,Closed,0,8.33,3,5,1479.53,14
C005314,Carrier A,Property,Web,2026-05-11,2026-05,2026-05-18,Closed,0,4.34,7,143,5053.57,20
C005315,Carrier B,Auto,Agent,2026-06-22,2026-06,2026-06-27,Closed,0,12.77,5,101,6342.47,14
C005316,Carrier B,Property,Agent,2026-06-30,2026-06,2026-07-14,Closed,0,8.02,14,93,9995.33,20
C005317,Carrier C,Liability,Mobile,2026-08-05,2026-08,2026-08-10,Closed,0,10.57,5,57,2349.88,14
C005318,Carrier B,Auto,Mobile,2026-08-08,2026-08,2026-08-19,Closed,0,14.57,11,54,4584.21,14
C005319,Carrier B,Liability,Agent,2026-08-27,2026-08,,Open,0,9.3,,35,0,14
C005320,Carrier C,Property,Web,2026-08-31,2026-08,2026-09-18,Closed,0,15.27,18,31,3024.64,20
C005321,Carrier A,Auto,Web,2026-08-08,2026-08,2026-08-09,Closed,0,10.24,1,54,3488.99,14
C005322,Carrier B,Liability,Agent,2026-06-10,2026-06,2026-06-15,Closed,0,4.83,5,113,1984.89,14
C005323,Carrier A,Liability,Web,2026-04-07,2026-04,2026-04-20,Closed,0,16.01,13,177,2585.1,14
C005324,Carrier C,Auto,Agent,2026-04-03,2026-04,2026-04-12,Closed,1,16.25,9,181,2788.4,14
C005325,Carrier C,Property,Agent,2026-06-09,2026-06,,Open,0,10.2,,114,0,20
C005326,Carrier A,Property,Web,2026-09-12,2026-09,2026-09-21,Closed,0,16.5,9,19,3514.06,20
C005327,Carrier A,Liability,Web,2026-07-18,2026-07,2026-07-26,Closed,0,1.66,8,75,1916.05,14
C005328,Carrier B,Liability,Agent,2026-06-08,2026-06,,Open,0,16.28,,115,0,14
C005329,Carrier C,Liability,Web,2026-09-02,2026-09,2026-09-10,Closed,0,15.76,8,29,2882.5,14
C005330,Carrier C,Auto,Mobile,2026-06-25,2026-06,2026-06-27,Closed,0,1.98,2,98,2193.18,14
C005331,Carrier C,Auto,Agent,2026-07-09,2026-07,2026-07-13,Closed,0,3.78,4,84,2994.72,14
C005332,Carrier B,Property,Agent,2026-05-11,2026-05,2026-05-17,Closed,0,15.22,6,143,3700.85,20
C005333,Carrier C,Auto,Web,2026-08-04,2026-08,2026-08-07,Closed,0,17.62,3,58,2030.74,14
C005334,Carrier C,Liability,Mobile,2026-09-29,2026-09,,Open,1,11.88,,2,0,14
C005335,Carrier B,Auto,Agent,2026-07-26,2026-07,2026-07-29,Closed,0,8.7,3,67,4678.93,14
C005336,Carrier B,Liability,Mobile,2026-05-03,2026-05,2026-05-09,Closed,0,5.66,6,151,7721.56,14
C005337,Carrier A,Property,Mobile,2026-06-09,2026-06,2026-06-17,Closed,0,6.63,8,114,2926.21,20
C005338,Carrier A,Auto,Agent,2026-04-21,2026-04,2026-04-25,Closed,0,15.25,4,163,958.5,14
C005339,Carrier A,Auto,Agent,2026-05-26,2026-05,2026-05-30,Closed,0,12.8,4,128,5298.37,14
C005340,Carrier A,Property,Mobile,2026-09-16,2026-09,2026-09-24,Closed,0,10.08,8,15,7323.69,20
C005341,Carrier A,Auto,Web,2026-06-03,2026-06,2026-06-18,Closed,1,21.69,15,120,6090.87,14
C005342,Carrier C,Liability,Web,2026-06-13,2026-06,2026-06-18,Closed,0,10.21,5,110,6032.58,14
C005343,Carrier A,Liability,Agent,2026-04-09,2026-04,2026-04-22,Closed,0,14.68,13,175,1924.22,14
C005344,Carrier A,Auto,Web,2026-04-17,2026-04,2026-05-11,Closed,1,23.74,24,167,4355.87,14
C005345,Carrier A,Liability,Mobile,2026-09-08,2026-09,2026-09-19,Closed,1,11.37,11,23,7257.9,14
C005346,Carrier C,Property,Mobile,2026-07-21,2026-07,2026-08-02,Closed,0,6.95,12,72,2981.99,20
C005347,Carrier B,Liability,Agent,2026-09-21,2026-09,2026-09-24,Closed,0,5.74,3,10,1740.62,14
C005348,Carrier B,Liability,Web,2026-08-17,2026-08,2026-08-18,Closed,0,3.2,1,45,3999.1,14
C005349,Carrier A,Auto,Mobile,2026-04-11,2026-04,2026-04-19,Closed,0,9.73,8,173,6580.28,14
C005350,Carrier B,Property,Mobile,2026-05-16,2026-05,2026-06-06,Closed,1,20.83,21,138,1950.42,20
C005351,Carrier C,Liability,Mobile,2026-08-07,2026-08,2026-08-16,Closed,0,15.37,9,55,4756.84,14
C005352,Carrier B,Property,Agent,2026-09-12,2026-09,2026-09-18,Closed,0,8.65,6,19,2494.76,20
C005353,Carrier B,Auto,Mobile,2026-04-23,2026-04,2026-05-04,Closed,1,15.19,11,161,3943.68,14
C005354,Carrier C,Property,Agent,2026-04-21,2026-04,2026-05-10,Closed,0,1.55,19,163,13411.65,20
C005355,Carrier A,Property,Web,2026-04-30,2026-04,2026-05-21,Closed,1,17.72,21,154,3432.92,20
C005356,Carrier B,Auto,Agent,2026-05-30,2026-05,2026-06-11,Closed,0,5.04,12,124,3039.32,14
C005357,Carrier B,Auto,Mobile,2026-05-21,2026-05,2026-05-27,Closed,0,11.92,6,133,7421.97,14
C005358,Carrier B,Property,Web,2026-05-15,2026-05,2026-05-26,Closed,0,11.25,11,139,2788.3,20
C005359,Carrier B,Liability,Mobile,2026-08-11,2026-08,2026-08-24,Closed,1,16.25,13,51,7056.22,14
C005360,Carrier C,Liability,Web,2026-09-02,2026-09,2026-09-11,Closed,0,1.47,9,29,5847.11,14
C005361,Carrier C,Auto,Web,2026-04-27,2026-04,2026-05-09,Closed,0,17.89,12,157,5933.06,14
C005362,Carrier A,Property,Agent,2026-06-19,2026-06,2026-07-07,Closed,0,2.03,18,104,4091.63,20
C005363,Carrier C,Property,Agent,2026-06-24,2026-06,2026-07-14,Closed,1,18.58,20,99,12490.47,20
C005364,Carrier A,Liability,Agent,2026-06-11,2026-06,2026-06-17,Closed,0,8.52,6,112,2191.65,14
C005365,Carrier A,Property,Web,2026-07-02,2026-07,2026-07-19,Closed,0,14.82,17,91,7149.57,20
C005366,Carrier B,Auto,Agent,2026-05-08,2026-05,2026-05-16,Closed,0,7.58,8,146,4306.92,14
C005367,Carrier A,Auto,Web,2026-04-17,2026-04,2026-04-27,Closed,0,5.19,10,167,7512.83,14
C005368,Carrier A,Property,Web,2026-07-07,2026-07,2026-07-14,Closed,0,4.79,7,86,3455.13,20
C005369,Carrier B,Auto,Mobile,2026-06-25,2026-06,2026-06-28,Closed,0,15.26,3,98,2226.11,14
C005370,Carrier A,Property,Agent,2026-07-04,2026-07,2026-07-21,Closed,0,8.92,17,89,12590.99,20
C005371,Carrier B,Property,Web,2026-06-13,2026-06,2026-06-24,Closed,0,11.44,11,110,468.63,20
C005372,Carrier A,Liability,Mobile,2026-04-26,2026-04,2026-05-04,Closed,1,15.73,8,158,2744.73,14
C005373,Carrier A,Property,Web,2026-08-19,2026-08,2026-08-31,Closed,0,1.42,12,43,4898.03,20
C005374,Carrier A,Auto,Agent,2026-05-20,2026-05,2026-06-06,Closed,0,15.75,17,134,1350.36,14
C005375,Carrier A,Auto,Mobile,2026-06-07,2026-06,2026-06-23,Closed,1,15.38,16,116,2834.57,14
C005376,Carrier A,Auto,Agent,2026-09-04,2026-09,2026-09-09,Closed,0,4.86,5,27,1627.05,14
C005377,Carrier A,Auto,Mobile,2026-08-15,2026-08,2026-08-25,Closed,1,25.23,10,47,9918.85,14
C005378,Carrier B,Liability,Web,2026-08-15,2026-08,2026-08-29,Closed,0,8.19,14,47,8917.47,14
C005379,Carrier A,Property,Mobile,2026-09-27,2026-09,,Open,1,26.93,,4,0,20
C005380,Carrier C,Property,Mobile,2026-09-23,2026-09,,Open,0,16.33,,8,0,20
C005381,Carrier B,Auto,Agent,2026-04-03,2026-04,2026-04-25,Closed,0,15.22,22,181,3284.98,14
C005382,Carrier B,Liability,Web,2026-08-20,2026-08,2026-08-31,Closed,0,3.47,11,42,995.76,14
C005383,Carrier B,Auto,Web,2026-07-03,2026-07,2026-07-06,Closed,0,17.81,3,90,4578.32,14
C005384,Carrier A,Property,Web,2026-05-28,2026-05,,Open,0,11.36,,126,0,20
C005385,Carrier A,Auto,Mobile,2026-04-16,2026-04,2026-05-05,Closed,0,12.76,19,168,4441.74,14
C005386,Carrier C,Property,Agent,2026-06-24,2026-06,2026-07-08,Closed,0,8.11,14,99,1656.11,20
C005387,Carrier B,Liability,Mobile,2026-04-04,2026-04,2026-04-15,Closed,1,26.16,11,180,1716.06,14
C005388,Carrier C,Auto,Mobile,2026-07-29,2026-07,2026-08-14,Closed,0,11.49,16,64,1148.19,14
C005389,Carrier A,Property,Mobile,2026-05-22,2026-05,2026-06-18,Closed,0,13.8,27,132,4033.55,20
C005390,Carrier A,Liability,Web,2026-05-17,2026-05,2026-05-30,Closed,0,5.99,13,137,2136.42,14
C005391,Carrier B,Property,Agent,2026-08-15,2026-08,2026-09-01,Closed,1,12.76,17,47,2694.05,20
C005392,Carrier B,Property,Agent,2026-06-14,2026-06,2026-06-22,Closed,0,16.49,8,109,2792.38,20
C005393,Carrier C,Liability,Web,2026-09-18,2026-09,2026-09-24,Closed,0,2.84,6,13,1960.1,14
C005394,Carrier C,Auto,Web,2026-09-24,2026-09,,Open,0,3.99,,7,0,14
C005395,Carrier C,Property,Web,2026-08-04,2026-08,2026-09-02,Closed,1,17.6,29,58,4031.3,20
C005396,Carrier C,Auto,Agent,2026-05-18,2026-05,2026-05-26,Closed,0,14.53,8,136,1583.47,14
C005397,Carrier B,Liability,Mobile,2026-09-22,2026-09,,Open,0,1.06,,9,0,14
C005398,Carrier B,Liability,Agent,2026-06-20,2026-06,2026-06-26,Closed,0,16.61,6,103,2687.2,14
C005399,Carrier C,Liability,Web,2026-06-26,2026-06,2026-07-06,Closed,1,17.18,10,97,13087.41,14
C005400,Carrier C,Auto,Web,2026-05-09,2026-05,2026-05-15,Closed,0,3.49,6,145,707.21,14
C005401,Carrier B,Property,Agent,2026-09-18,2026-09,,Open,0,11.02,,13,0,20
C005402,Carrier C,Liability,Web,2026-08-03,2026-08,2026-08-05,Closed,0,1.92,2,59,2530.32,14
C005403,Carrier B,Auto,Agent,2026-06-14,2026-06,2026-06-19,Closed,0,4.56,5,109,12772.75,14
C005404,Carrier B,Auto,Agent,2026-08-12,2026-08,2026-08-23,Closed,0,4.14,11,50,24688.7,14
C005405,Carrier A,Auto,Agent,2026-04-01,2026-04,2026-04-08,Closed,0,9.79,7,183,1779.59,14
C005406,Carrier C,Property,Web,2026-05-22,2026-05,2026-06-16,Closed,0,12.59,25,132,7630.16,20
C005407,Carrier B,Property,Web,2026-07-25,2026-07,2026-08-02,Closed,0,8.77,8,68,1353.09,20
C005408,Carrier A,Liability,Agent,2026-09-22,2026-09,2026-09-26,Closed,0,2.66,4,9,3230.99,14
C005409,Carrier B,Liability,Agent,2026-06-14,2026-06,2026-07-05,Closed,0,2.44,21,109,1582.34,14
C005410,Carrier B,Property,Agent,2026-04-15,2026-04,2026-04-28,Closed,0,14.35,13,169,1753.75,20
C005411,Carrier C,Liability,Agent,2026-04-10,2026-04,2026-04-20,Closed,1,14.82,10,174,958.27,14
C005412,Carrier C,Property,Agent,2026-06-28,2026-06,2026-07-13,Closed,0,15.39,15,95,13414.98,20
C005413,Carrier A,Auto,Mobile,2026-05-18,2026-05,2026-06-11,Closed,1,21.9,24,136,9239.88,14
C005414,Carrier C,Auto,Agent,2026-05-09,2026-05,2026-05-15,Closed,0,13.76,6,145,3224.85,14
C005415,Carrier B,Liability,Agent,2026-05-04,2026-05,2026-05-15,Closed,0,14.46,11,150,10033.03,14
C005416,Carrier A,Auto,Agent,2026-09-07,2026-09,2026-09-14,Closed,0,6.66,7,24,4454.77,14
C005417,Carrier A,Auto,Web,2026-08-19,2026-08,2026-09-02,Closed,0,5.68,14,43,4572.21,14
C005418,Carrier C,Liability,Web,2026-06-30,2026-06,2026-07-13,Closed,0,8.15,13,93,5786.77,14
C005419,Carrier B,Liability,Agent,2026-05-29,2026-05,2026-06-04,Closed,0,1.79,6,125,4685.6,14
C005420,Carrier B,Auto,Agent,2026-08-18,2026-08,,Open,0,1.75,,44,0,14
C005421,Carrier C,Auto,Agent,2026-07-16,2026-07,2026-08-03,Closed,0,6.02,18,77,10561.69,14
C005422,Carrier C,Property,Web,2026-06-16,2026-06,2026-06-24,Closed,0,9.97,8,107,8443.74,20
C005423,Carrier A,Auto,Agent,2026-09-23,2026-09,,Open,0,14.36,,8,0,14
C005424,Carrier A,Liability,Agent,2026-08-06,2026-08,2026-08-12,Closed,0,4.49,6,56,12290.63,14
C005425,Carrier C,Auto,Agent,2026-08-15,2026-08,,Open,0,13.4,,47,0,14
C005426,Carrier A,Auto,Mobile,2026-05-05,2026-05,2026-05-10,Closed,0,5.07,5,149,1783.6,14
C005427,Carrier A,Liability,Agent,2026-09-29,2026-09,,Open,0,15.17,,2,0,14
C005428,Carrier B,Auto,Agent,2026-09-23,2026-09,2026-09-26,Closed,0,11.07,3,8,1738.04,14
C005429,Carrier A,Liability,Agent,2026-06-08,2026-06,2026-06-13,Closed,0,2.02,5,115,4273.12,14
C005430,Carrier A,Liability,Agent,2026-07-28,2026-07,2026-08-10,Closed,0,15.89,13,65,3659.98,14
C005431,Carrier C,Liability,Mobile,2026-09-03,2026-09,2026-09-13,Closed,1,12.2,10,28,2456.07,14
C005432,Carrier B,Property,Web,2026-04-02,2026-04,2026-04-08,Closed,0,7.87,6,182,4586.84,20
C005433,Carrier C,Auto,Mobile,2026-06-06,2026-06,2026-06-17,Closed,0,5.48,11,117,11364.33,14
C005434,Carrier C,Liability,Mobile,2026-06-11,2026-06,2026-06-25,Closed,0,8.85,14,112,2043.45,14
C005435,Carrier B,Auto,Mobile,2026-08-07,2026-08,2026-08-09,Closed,0,12.21,2,55,933.57,14
C005436,Carrier C,Liability,Web,2026-04-13,2026-04,2026-04-17,Closed,0,4.54,4,171,3202.12,14
C005437,Carrier B,Liability,Mobile,2026-06-05,2026-06,2026-06-20,Closed,1,18.67,15,118,7697.55,14
C005438,Carrier C,Property,Web,2026-07-07,2026-07,2026-07-15,Closed,0,10.77,8,86,5194.79,20
C005439,Carrier C,Property,Agent,2026-08-10,2026-08,2026-08-22,Closed,0,17.63,12,52,5390.55,20
C005440,Carrier A,Property,Mobile,2026-05-06,2026-05,2026-06-05,Closed,1,22.03,30,148,2801.83,20
C005441,Carrier C,Liability,Mobile,2026-04-28,2026-04,2026-05-07,Closed,0,3.67,9,156,934.12,14
C005442,Carrier A,Auto,Web,2026-05-16,2026-05,2026-05-17,Closed,0,12.08,1,138,6615.68,14
C005443,Carrier B,Auto,Agent,2026-06-17,2026-06,2026-06-19,Closed,0,10.39,2,106,1787.95,14
C005444,Carrier B,Auto,Web,2026-05-18,2026-05,2026-05-31,Closed,1,27.32,13,136,2106.58,14
C005445,Carrier B,Auto,Agent,2026-08-13,2026-08,2026-08-26,Closed,0,13.4,13,49,4726.91,14
C005446,Carrier C,Liability,Mobile,2026-06-21,2026-06,2026-06-23,Closed,0,16.1,2,102,4311.8,14
C005447,Carrier B,Auto,Agent,2026-05-06,2026-05,2026-05-11,Closed,0,8.81,5,148,4171.26,14
C005448,Carrier A,Liability,Web,2026-07-17,2026-07,2026-07-24,Closed,0,17.26,7,76,1728.86,14
C005449,Carrier A,Liability,Mobile,2026-09-02,2026-09,2026-10-01,Closed,0,13.74,29,29,3040.15,14
C005450,Carrier B,Liability,Web,2026-06-20,2026-06,2026-07-05,Closed,0,11.01,15,103,5991.29,14
C005451,Carrier A,Liability,Agent,2026-08-16,2026-08,,Open,0,1.55,,46,0,14
C005452,Carrier A,Property,Web,2026-06-02,2026-06,2026-06-10,Closed,0,9.74,8,121,2080.24,20
C005453,Carrier A,Liability,Web,2026-09-14,2026-09,,Open,0,10.89,,17,0,14
C005454,Carrier B,Property,Mobile,2026-04-24,2026-04,2026-05-14,Closed,1,22.22,20,160,3134.81,20
C005455,Carrier B,Property,Mobile,2026-06-04,2026-06,2026-07-09,Closed,0,15.23,35,119,4266.48,20
C005456,Carrier B,Auto,Mobile,2026-07-24,2026-07,2026-07-26,Closed,0,13.89,2,69,1369.16,14
C005457,Carrier A,Liability,Web,2026-04-08,2026-04,2026-04-29,Closed,0,3.97,21,176,2918.95,14
C005458,Carrier A,Property,Agent,2026-09-02,2026-09,2026-09-11,Closed,0,9.24,9,29,6722.33,20
C005459,Carrier A,Auto,Mobile,2026-04-06,2026-04,2026-04-08,Closed,0,9.89,2,178,3225.31,14
C005460,Carrier B,Liability,Mobile,2026-09-08,2026-09,2026-09-18,Closed,0,8.57,10,23,2101.63,14
C005461,Carrier C,Auto,Agent,2026-09-30,2026-09,,Open,0,3.97,,1,0,14
C005462,Carrier B,Liability,Web,2026-07-28,2026-07,,Open,0,8.55,,65,0,14
C005463,Carrier A,Property,Web,2026-04-12,2026-04,2026-04-21,Closed,0,13.42,9,172,5973.23,20
C005464,Carrier B,Liability,Agent,2026-04-26,2026-04,2026-04-30,Closed,0,12.53,4,158,2990.86,14
C005465,Carrier C,Auto,Web,2026-06-28,2026-06,2026-07-15,Closed,1,27.0,17,95,1109.12,14
C005466,Carrier B,Liability,Mobile,2026-09-03,2026-09,2026-09-14,Closed,1,11.78,11,28,10872.4,14
C005467,Carrier C,Liability,Mobile,2026-04-17,2026-04,2026-04-19,Closed,0,6.28,2,167,2291.9,14
C005468,Carrier C,Liability,Agent,2026-05-06,2026-05,2026-05-18,Closed,0,9.96,12,148,3123.9,14
C005469,Carrier C,Property,Web,2026-04-15,2026-04,2026-04-29,Closed,0,16.69,14,169,8754.73,20
C005470,Carrier A,Liability,Web,2026-05-24,2026-05,2026-05-25,Closed,0,16.2,1,130,11543.12,14
C005471,Carrier B,Property,Mobile,2026-08-19,2026-08,2026-09-06,Closed,1,21.05,18,43,5773.05,20
C005472,Carrier C,Auto,Agent,2026-06-13,2026-06,2026-06-26,Closed,0,15.46,13,110,1123.87,14
C005473,Carrier B,Property,Web,2026-04-09,2026-04,2026-04-24,Closed,0,2.88,15,175,2481.24,20
C005474,Carrier C,Liability,Web,2026-07-29,2026-07,2026-08-03,Closed,0,5.68,5,64,4489.93,14
C005475,Carrier B,Liability,Mobile,2026-05-27,2026-05,,Open,0,1.43,,127,0,14
C005476,Carrier C,Liability,Web,2026-08-25,2026-08,2026-09-02,Closed,0,10.26,8,37,3790.36,14
C005477,Carrier A,Auto,Mobile,2026-04-19,2026-04,2026-05-09,Closed,1,26.12,20,165,3280.87,14
C005478,Carrier A,Property,Web,2026-09-25,2026-09,,Open,0,7.7,,6,0,20
C005479,Carrier B,Auto,Mobile,2026-04-28,2026-04,2026-04-30,Closed,0,8.87,2,156,2269.16,14
C005480,Carrier C,Auto,Agent,2026-09-15,2026-09,2026-09-18,Closed,0,2.09,3,16,2504.39,14
C005481,Carrier C,Auto,Mobile,2026-09-07,2026-09,2026-09-09,Closed,0,4.99,2,24,3318.73,14
C005482,Carrier A,Auto,Agent,2026-05-23,2026-05,2026-06-01,Closed,0,11.42,9,131,14120.81,14
C005483,Carrier C,Liability,Mobile,2026-07-09,2026-07,2026-07-10,Closed,0,8.54,1,84,14171.94,14
C005484,Carrier C,Liability,Web,2026-07-10,2026-07,2026-07-16,Closed,0,9.18,6,83,1990.77,14
C005485,Carrier B,Liability,Web,2026-08-31,2026-08,2026-09-07,Closed,0,13.59,7,31,850.85,14
C005486,Carrier B,Property,Web,2026-08-23,2026-08,2026-09-08,Closed,0,10.45,16,39,6292.9,20
C005487,Carrier C,Auto,Mobile,2026-09-25,2026-09,2026-09-28,Closed,0,16.94,3,6,2922.46,14
C005488,Carrier A,Liability,Agent,2026-07-04,2026-07,2026-07-18,Closed,1,12.99,14,89,3945.36,14
C005489,Carrier A,Liability,Agent,2026-05-31,2026-05,2026-06-08,Closed,0,7.73,8,123,1836.75,14
C005490,Carrier B,Property,Web,2026-07-08,2026-07,2026-08-05,Closed,0,17.55,28,85,7586.7,20
C005491,Carrier C,Liability,Mobile,2026-07-27,2026-07,2026-08-06,Closed,1,17.9,10,66,4278.53,14
C005492,Carrier C,Property,Web,2026-07-03,2026-07,2026-07-19,Closed,0,7.21,16,90,2449.19,20
C005493,Carrier A,Liability,Web,2026-07-03,2026-07,2026-07-13,Closed,1,18.09,10,90,4220.04,14
C005494,Carrier A,Auto,Mobile,2026-09-02,2026-09,2026-09-16,Closed,1,22.64,14,29,6557.4,14
C005495,Carrier A,Liability,Web,2026-08-06,2026-08,2026-08-11,Closed,0,14.29,5,56,1147.63,14
C005496,Carrier A,Liability,Agent,2026-08-13,2026-08,2026-08-24,Closed,0,1.06,11,49,1025.08,14
C005497,Carrier C,Property,Agent,2026-09-15,2026-09,2026-09-22,Closed,0,7.57,7,16,8454.65,20
C005498,Carrier A,Property,Web,2026-06-29,2026-06,2026-07-14,Closed,0,2.58,15,94,2709.84,20
C005499,Carrier B,Auto,Agent,2026-07-26,2026-07,2026-07-30,Closed,0,12.37,4,67,5351.69,14
C005500,Carrier A,Liability,Mobile,2026-05-06,2026-05,2026-05-22,Closed,0,17.22,16,148,2155.58,14
C005501,Carrier A,Liability,Web,2026-09-03,2026-09,2026-09-12,Closed,0,13.16,9,28,10519.36,14
C005502,Carrier A,Property,Mobile,2026-06-16,2026-06,2026-07-02,Closed,0,12.21,16,107,5958.41,20
C005503,Carrier B,Auto,Agent,2026-08-06,2026-08,2026-08-10,Closed,0,4.77,4,56,2811.51,14
C005504,Carrier A,Auto,Mobile,2026-08-30,2026-08,2026-09-06,Closed,0,14.98,7,32,11763.78,14
C005505,Carrier C,Property,Web,2026-05-20,2026-05,2026-06-02,Closed,0,16.36,13,134,1986.82,20
C005506,Carrier B,Liability,Agent,2026-04-13,2026-04,2026-04-14,Closed,0,7.49,1,171,8879.27,14
C005507,Carrier C,Property,Mobile,2026-04-20,2026-04,2026-05-09,Closed,1,26.48,19,164,2859.93,20
C005508,Carrier C,Property,Mobile,2026-06-16,2026-06,2026-06-24,Closed,0,16.8,8,107,1453.63,20
C005509,Carrier B,Liability,Agent,2026-04-23,2026-04,2026-05-01,Closed,0,3.86,8,161,3716.6,14
C005510,Carrier C,Auto,Agent,2026-09-03,2026-09,2026-09-07,Closed,0,6.7,4,28,3542.88,14
C005511,Carrier C,Liability,Web,2026-05-17,2026-05,2026-05-30,Closed,0,7.65,13,137,11250.94,14
C005512,Carrier A,Liability,Agent,2026-06-28,2026-06,,Open,1,26.65,,95,0,14
C005513,Carrier A,Property,Agent,2026-09-22,2026-09,,Open,0,17.6,,9,0,20
C005514,Carrier A,Auto,Mobile,2026-04-25,2026-04,2026-05-17,Closed,1,26.25,22,159,4466.12,14
C005515,Carrier C,Liability,Mobile,2026-05-21,2026-05,2026-06-01,Closed,1,14.09,11,133,4580.12,14
C005516,Carrier C,Liability,Web,2026-04-30,2026-04,2026-05-03,Closed,0,17.83,3,154,3199.23,14
C005517,Carrier B,Property,Agent,2026-04-08,2026-04,2026-04-21,Closed,0,12.87,13,176,11623.06,20
C005518,Carrier C,Liability,Mobile,2026-05-13,2026-05,2026-05-19,Closed,0,12.42,6,141,1199.48,14
C005519,Carrier C,Auto,Mobile,2026-08-22,2026-08,2026-08-28,Closed,0,12.36,6,40,7135.73,14
C005520,Carrier B,Property,Mobile,2026-08-05,2026-08,2026-08-26,Closed,0,16.25,21,57,5369.2,20
C005521,Carrier A,Property,Mobile,2026-05-15,2026-05,2026-05-28,Closed,1,21.79,13,139,18690.56,20
C005522,Carrier C,Liability,Web,2026-08-09,2026-08,2026-08-14,Closed,0,8.89,5,53,4839.36,14
C005523,Carrier C,Liability,Mobile,2026-05-08,2026-05,2026-05-12,Closed,0,1.96,4,146,1517.59,14
C005524,Carrier A,Liability,Agent,2026-04-07,2026-04,2026-04-18,Closed,1,11.13,11,177,274.87,14
C005525,Carrier C,Liability,Web,2026-04-20,2026-04,2026-04-24,Closed,0,6.69,4,164,5357.06,14
C005526,Carrier B,Property,Agent,2026-08-12,2026-08,,Open,0,17.43,,50,0,20
C005527,Carrier B,Auto,Agent,2026-05-02,2026-05,2026-05-07,Closed,0,17.32,5,152,5493.04,14
C005528,Carrier B,Auto,Agent,2026-06-22,2026-06,2026-06-30,Closed,0,9.79,8,101,5578.18,14
C005529,Carrier B,Liability,Mobile,2026-05-16,2026-05,2026-06-06,Closed,1,16.31,21,138,6533.96,14
C005530,Carrier B,Property,Mobile,2026-07-29,2026-07,2026-08-09,Closed,0,10.75,11,64,2906.9,20
C005531,Carrier C,Property,Mobile,2026-06-10,2026-06,2026-06-18,Closed,0,6.76,8,113,9847.66,20
C005532,Carrier B,Auto,Agent,2026-08-29,2026-08,2026-09-13,Closed,0,1.9,15,33,7148.2,14
C005533,Carrier C,Auto,Agent,2026-09-13,2026-09,,Open,0,9.69,,18,0,14
C005534,Carrier C,Liability,Agent,2026-05-28,2026-05,2026-06-07,Closed,0,9.91,10,126,6966.73,14
C005535,Carrier A,Property,Agent,2026-09-06,2026-09,2026-09-25,Closed,0,13.22,19,25,11679.89,20
C005536,Carrier C,Auto,Mobile,2026-04-09,2026-04,2026-04-19,Closed,0,11.51,10,175,3986.5,14
C005537,Carrier B,Auto,Web,2026-08-20,2026-08,2026-08-28,Closed,0,5.25,8,42,1969.51,14
C005538,Carrier C,Liability,Agent,2026-04-18,2026-04,2026-04-29,Closed,0,12.41,11,166,6252.61,14
C005539,Carrier B,Liability,Web,2026-04-28,2026-04,2026-05-03,Closed,0,13.53,5,156,2792.11,14
C005540,Carrier C,Auto,Web,2026-08-13,2026-08,2026-08-16,Closed,0,10.34,3,49,6595.13,14
C005541,Carrier B,Property,Agent,2026-06-02,2026-06,2026-06-10,Closed,0,14.42,8,121,2911.55,20
C005542,Carrier B,Property,Mobile,2026-07-08,2026-07,2026-07-20,Closed,0,9.35,12,85,6275.71,20
C005543,Carrier B,Property,Mobile,2026-04-15,2026-04,2026-04-29,Closed,0,7.88,14,169,2170.69,20
C005544,Carrier A,Auto,Agent,2026-06-13,2026-06,2026-06-14,Closed,0,17.06,1,110,2832.95,14
C005545,Carrier B,Property,Mobile,2026-06-04,2026-06,2026-06-18,Closed,0,5.5,14,119,3959.89,20
C005546,Carrier B,Auto,Web,2026-06-11,2026-06,2026-06-18,Closed,0,14.67,7,112,1014.45,14
C005547,Carrier B,Property,Agent,2026-04-29,2026-04,2026-05-06,Closed,0,17.18,7,155,10755.52,20
C005548,Carrier A,Liability,Agent,2026-05-10,2026-05,2026-05-14,Closed,0,16.7,4,144,1153.13,14
C005549,Carrier C,Auto,Mobile,2026-06-11,2026-06,2026-06-26,Closed,1,25.98,15,112,1287.54,14
C005550,Carrier C,Auto,Mobile,2026-05-28,2026-05,2026-06-02,Closed,0,5.74,5,126,4782.62,14
C005551,Carrier A,Property,Web,2026-08-08,2026-08,2026-08-19,Closed,0,4.59,11,54,11590.67,20
C005552,Carrier C,Property,Web,2026-09-02,2026-09,2026-09-20,Closed,1,15.89,18,29,1029.9,20
C005553,Carrier A,Liability,Web,2026-06-04,2026-06,2026-06-18,Closed,0,8.24,14,119,808.17,14
C005554,Carrier B,Property,Mobile,2026-06-28,2026-06,2026-07-08,Closed,0,9.92,10,95,5510.23,20
C005555,Carrier C,Liability,Mobile,2026-04-18,2026-04,2026-05-10,Closed,1,26.57,22,166,2232.82,14
C005556,Carrier B,Property,Mobile,2026-08-11,2026-08,2026-08-28,Closed,1,19.56,17,51,892.59,20
C005557,Carrier A,Liability,Mobile,2026-08-03,2026-08,2026-08-12,Closed,0,4.27,9,59,7590.86,14
C005558,Carrier B,Auto,Agent,2026-09-13,2026-09,2026-09-24,Closed,0,4.2,11,18,1251.03,14
C005559,Carrier B,Auto,Agent,2026-09-28,2026-09,,Open,1,21.42,,3,0,14
C005560,Carrier C,Property,Web,2026-08-26,2026-08,2026-09-06,Closed,0,11.28,11,36,1237.7,20
C005561,Carrier C,Auto,Web,2026-05-08,2026-05,2026-05-11,Closed,0,14.93,3,146,7272.79,14
C005562,Carrier C,Property,Web,2026-04-05,2026-04,2026-04-13,Closed,0,8.55,8,179,2096.08,20
C005563,Carrier A,Liability,Web,2026-08-21,2026-08,2026-08-28,Closed,0,12.07,7,41,1045.07,14
C005564,Carrier C,Liability,Mobile,2026-09-02,2026-09,2026-09-07,Closed,0,1.75,5,29,2108.89,14
C005565,Carrier C,Liability,Mobile,2026-06-25,2026-06,2026-07-02,Closed,0,14.32,7,98,2942.12,14
C005566,Carrier C,Liability,Web,2026-05-15,2026-05,2026-05-17,Closed,0,17.04,2,139,3041.44,14
C005567,Carrier B,Property,Mobile,2026-05-16,2026-05,2026-06-03,Closed,0,8.9,18,138,1918.95,20
C005568,Carrier C,Liability,Agent,2026-06-12,2026-06,2026-06-26,Closed,0,10.45,14,111,6801.51,14
C005569,Carrier C,Liability,Web,2026-09-26,2026-09,2026-09-29,Closed,0,14.45,3,5,6704.06,14
C005570,Carrier B,Auto,Agent,2026-04-26,2026-04,2026-05-01,Closed,0,11.58,5,158,2404.51,14
C005571,Carrier C,Liability,Web,2026-09-08,2026-09,2026-09-10,Closed,0,5.6,2,23,17618.93,14
C005572,Carrier C,Liability,Web,2026-04-01,2026-04,2026-04-09,Closed,0,12.94,8,183,1138.04,14
C005573,Carrier A,Liability,Web,2026-07-04,2026-07,2026-07-10,Closed,0,9.14,6,89,2068.67,14
C005574,Carrier A,Property,Web,2026-09-26,2026-09,,Open,0,3.83,,5,0,20
C005575,Carrier C,Property,Mobile,2026-04-16,2026-04,2026-04-26,Closed,0,12.48,10,168,8919.51,20
C005576,Carrier A,Auto,Agent,2026-09-07,2026-09,,Open,0,1.66,,24,0,14
C005577,Carrier C,Property,Agent,2026-06-19,2026-06,,Open,0,12.97,,104,0,20
C005578,Carrier C,Auto,Agent,2026-04-14,2026-04,2026-04-21,Closed,0,13.5,7,170,3547.91,14
C005579,Carrier A,Liability,Mobile,2026-09-26,2026-09,,Open,0,16.38,,5,0,14
C005580,Carrier C,Liability,Mobile,2026-06-18,2026-06,,Open,1,15.05,,105,0,14
C005581,Carrier B,Property,Mobile,2026-08-07,2026-08,2026-08-31,Closed,0,16.17,24,55,999.98,20
C005582,Carrier C,Liability,Mobile,2026-05-22,2026-05,2026-06-15,Closed,0,15.67,24,132,1550.38,14
C005583,Carrier A,Property,Mobile,2026-09-23,2026-09,,Open,0,14.68,,8,0,20
C005584,Carrier A,Auto,Mobile,2026-05-05,2026-05,2026-05-16,Closed,0,6.55,11,149,2628.54,14
C005585,Carrier A,Auto,Web,2026-04-05,2026-04,2026-04-08,Closed,0,14.7,3,179,2283.29,14
C005586,Carrier B,Liability,Agent,2026-04-26,2026-04,2026-05-14,Closed,0,15.33,18,158,1455.78,14
C005587,Carrier C,Auto,Web,2026-04-17,2026-04,2026-04-20,Closed,0,17.31,3,167,1910.88,14
C005588,Carrier B,Auto,Mobile,2026-08-10,2026-08,2026-09-11,Closed,1,18.19,32,52,875.17,14
C005589,Carrier A,Auto,Web,2026-08-01,2026-08,2026-08-08,Closed,0,5.96,7,61,5651.36,14
C005590,Carrier C,Auto,Mobile,2026-07-05,2026-07,2026-07-29,Closed,1,19.69,24,88,5294.98,14
C005591,Carrier C,Liability,Agent,2026-09-03,2026-09,2026-09-06,Closed,0,11.94,3,28,1527.83,14
C005592,Carrier C,Liability,Web,2026-07-09,2026-07,2026-07-16,Closed,0,1.23,7,84,33737.94,14
C005593,Carrier C,Property,Mobile,2026-09-06,2026-09,2026-09-21,Closed,1,15.96,15,25,3308.04,20
C005594,Carrier B,Auto,Web,2026-06-03,2026-06,2026-06-08,Closed,0,10.0,5,120,5846.34,14
C005595,Carrier C,Liability,Agent,2026-09-08,2026-09,2026-09-10,Closed,0,12.78,2,23,7110.72,14
C005596,Carrier B,Auto,Agent,2026-06-08,2026-06,,Open,0,11.95,,115,0,14
C005597,Carrier A,Auto,Web,2026-05-31,2026-05,2026-06-06,Closed,0,1.47,6,123,4983.38,14
C005598,Carrier B,Auto,Agent,2026-04-04,2026-04,2026-04-13,Closed,0,1.85,9,180,6872.77,14
C005599,Carrier B,Liability,Agent,2026-07-19,2026-07,2026-07-29,Closed,0,3.86,10,74,5105.28,14
C005600,Carrier A,Property,Agent,2026-05-12,2026-05,2026-06-04,Closed,1,18.37,23,142,5428.67,20
C005601,Carrier A,Auto,Web,2026-06-22,2026-06,2026-06-30,Closed,0,3.79,8,101,7530.96,14
C005602,Carrier C,Property,Agent,2026-09-05,2026-09,2026-09-12,Closed,0,7.87,7,26,4299.95,20
C005603,Carrier C,Liability,Mobile,2026-08-15,2026-08,2026-09-07,Closed,0,9.34,23,47,3896.24,14
C005604,Carrier B,Liability,Web,2026-05-15,2026-05,2026-05-19,Closed,0,11.4,4,139,952.91,14
C005605,Carrier A,Liability,Agent,2026-05-26,2026-05,2026-06-05,Closed,1,11.71,10,128,3324.18,14
C005606,Carrier A,Property,Web,2026-09-08,2026-09,2026-09-17,Closed,0,15.3,9,23,1353.22,20
C005607,Carrier B,Property,Agent,2026-04-30,2026-04,2026-05-17,Closed,0,13.55,17,154,5373.46,20
C005608,Carrier B,Liability,Web,2026-08-08,2026-08,2026-08-14,Closed,0,3.56,6,54,6390.83,14
C005609,Carrier A,Property,Agent,2026-05-29,2026-05,2026-06-11,Closed,0,7.5,13,125,2171.34,20
C005610,Carrier A,Liability,Mobile,2026-08-23,2026-08,2026-08-29,Closed,0,5.22,6,39,554.76,14
C005611,Carrier B,Property,Web,2026-06-20,2026-06,2026-06-26,Closed,0,11.83,6,103,4588.85,20
C005612,Carrier A,Auto,Agent,2026-05-07,2026-05,2026-05-21,Closed,1,26.29,14,147,2316.95,14
C005613,Carrier A,Auto,Agent,2026-09-04,2026-09,2026-09-06,Closed,0,12.03,2,27,2398.16,14
C005614,Carrier B,Auto,Agent,2026-08-21,2026-08,2026-09-16,Closed,0,1.87,26,41,4774.43,14
C005615,Carrier C,Auto,Mobile,2026-09-16,2026-09,2026-09-21,Closed,0,6.2,5,15,963.35,14
C005616,Carrier C,Property,Agent,2026-06-20,2026-06,,Open,0,12.72,,103,0,20
C005617,Carrier A,Property,Mobile,2026-05-06,2026-05,2026-05-12,Closed,0,13.55,6,148,6171.56,20
C005618,Carrier A,Property,Web,2026-04-02,2026-04,2026-04-23,Closed,1,18.32,21,182,2214.85,20
C005619,Carrier A,Property,Web,2026-07-07,2026-07,2026-07-16,Closed,0,14.52,9,86,2801.73,20
C005620,Carrier C,Liability,Agent,2026-09-10,2026-09,,Open,0,13.91,,21,0,14
C005621,Carrier B,Property,Web,2026-09-19,2026-09,,Open,0,14.9,,12,0,20
C005622,Carrier C,Auto,Mobile,2026-07-23,2026-07,2026-08-06,Closed,1,21.33,14,70,4680.28,14
C005623,Carrier A,Liability,Agent,2026-07-25,2026-07,2026-08-01,Closed,0,7.08,7,68,4474.34,14
C005624,Carrier C,Property,Agent,2026-08-23,2026-08,2026-09-07,Closed,1,25.42,15,39,2218.95,20
C005625,Carrier B,Liability,Web,2026-07-24,2026-07,2026-07-28,Closed,0,15.51,4,69,2998.36,14
C005626,Carrier B,Liability,Web,2026-05-11,2026-05,2026-05-16,Closed,0,15.19,5,143,4354.99,14
C005627,Carrier B,Liability,Web,2026-04-12,2026-04,2026-04-18,Closed,0,7.55,6,172,6938.71,14
C005628,Carrier B,Property,Web,2026-05-03,2026-05,,Open,0,1.04,,151,0,20
C005629,Carrier B,Property,Mobile,2026-07-02,2026-07,2026-07-18,Closed,0,2.91,16,91,7558.59,20
C005630,Carrier A,Auto,Agent,2026-05-04,2026-05,2026-05-07,Closed,0,16.18,3,150,3797.94,14
C005631,Carrier A,Auto,Web,2026-05-09,2026-05,2026-05-18,Closed,1,11.75,9,145,1917.51,14
C005632,Carrier B,Auto,Agent,2026-09-24,2026-09,,Open,0,10.56,,7,0,14
C005633,Carrier B,Auto,Agent,2026-07-05,2026-07,2026-07-12,Closed,0,16.59,7,88,2674.91,14
C005634,Carrier C,Auto,Agent,2026-09-23,2026-09,2026-09-26,Closed,0,16.55,3,8,3304.63,14
C005635,Carrier B,Auto,Mobile,2026-05-10,2026-05,2026-05-11,Closed,0,6.81,1,144,1935.3,14
C005636,Carrier A,Liability,Agent,2026-07-24,2026-07,2026-07-27,Closed,0,7.9,3,69,1524.68,14
C005637,Carrier A,Auto,Agent,2026-06-01,2026-06,2026-06-15,Closed,0,2.98,14,122,1819.7,14
C005638,Carrier B,Property,Web,2026-09-29,2026-09,,Open,0,4.14,,2,0,20
C005639,Carrier A,Property,Web,2026-08-22,2026-08,2026-09-19,Closed,1,17.79,28,40,3818.34,20
C005640,Carrier B,Liability,Web,2026-06-09,2026-06,2026-06-15,Closed,0,16.0,6,114,4384.54,14
C005641,Carrier A,Property,Agent,2026-07-31,2026-07,2026-08-29,Closed,0,6.39,29,62,1734.01,20
C005642,Carrier C,Property,Agent,2026-05-02,2026-05,2026-05-23,Closed,0,10.49,21,152,1585.61,20
C005643,Carrier C,Property,Mobile,2026-09-18,2026-09,2026-09-30,Closed,0,7.94,12,13,2867.11,20
C005644,Carrier C,Liability,Mobile,2026-08-12,2026-08,2026-08-17,Closed,0,9.01,5,50,8410.51,14
C005645,Carrier A,Property,Agent,2026-07-19,2026-07,2026-08-02,Closed,0,16.75,14,74,4120.82,20
C005646,Carrier B,Liability,Mobile,2026-09-13,2026-09,2026-09-22,Closed,0,7.9,9,18,3100.08,14
C005647,Carrier B,Auto,Mobile,2026-08-25,2026-08,2026-09-17,Closed,1,13.97,23,37,5336.72,14
C005648,Carrier A,Liability,Mobile,2026-05-07,2026-05,,Open,1,23.93,,147,0,14
C005649,Carrier A,Property,Mobile,2026-04-16,2026-04,2026-04-23,Closed,0,5.8,7,168,18629.92,20
C005650,Carrier B,Property,Web,2026-09-25,2026-09,,Open,0,10.28,,6,0,20
C005651,Carrier C,Property,Agent,2026-07-07,2026-07,2026-07-18,Closed,0,1.8,11,86,4546.86,20
C005652,Carrier A,Liability,Web,2026-04-15,2026-04,2026-04-17,Closed,0,17.02,2,169,5093.6,14
C005653,Carrier C,Property,Agent,2026-07-24,2026-07,2026-08-17,Closed,0,6.11,24,69,10513.65,20
C005654,Carrier A,Auto,Web,2026-06-26,2026-06,2026-06-30,Closed,0,9.45,4,97,1837.8,14
C005655,Carrier B,Liability,Web,2026-04-13,2026-04,2026-04-25,Closed,0,7.72,12,171,7056.33,14
C005656,Carrier B,Property,Agent,2026-09-21,2026-09,,Open,0,8.69,,10,0,20
C005657,Carrier C,Property,Web,2026-09-02,2026-09,2026-09-22,Closed,0,9.79,20,29,3699.35,20
C005658,Carrier A,Property,Mobile,2026-06-23,2026-06,2026-07-09,Closed,0,11.73,16,100,5249.81,20
C005659,Carrier A,Property,Web,2026-08-29,2026-08,2026-09-18,Closed,0,3.59,20,33,10164.84,20
C005660,Carrier A,Liability,Agent,2026-07-10,2026-07,2026-07-14,Closed,0,5.69,4,83,6799.0,14
C005661,Carrier B,Property,Mobile,2026-05-10,2026-05,2026-06-03,Closed,1,23.61,24,144,2938.41,20
C005662,Carrier C,Property,Web,2026-06-26,2026-06,2026-07-13,Closed,1,24.47,17,97,5355.34,20
C005663,Carrier A,Liability,Web,2026-09-10,2026-09,2026-09-12,Closed,0,9.91,2,21,4425.18,14
C005664,Carrier A,Liability,Mobile,2026-09-02,2026-09,2026-09-07,Closed,0,2.3,5,29,1343.92,14
C005665,Carrier B,Auto,Mobile,2026-07-22,2026-07,,Open,1,21.27,,71,0,14
C005666,Carrier C,Property,Web,2026-08-03,2026-08,2026-08-16,Closed,0,16.62,13,59,1874.86,20
C005667,Carrier A,Liability,Mobile,2026-06-09,2026-06,2026-06-26,Closed,1,26.18,17,114,4947.81,14
C005668,Carrier B,Property,Agent,2026-07-31,2026-07,2026-08-09,Closed,0,1.09,9,62,7006.32,20
C005669,Carrier B,Property,Web,2026-07-12,2026-07,2026-08-07,Closed,1,22.25,26,81,6537.64,20
C005670,Carrier A,Auto,Agent,2026-07-30,2026-07,2026-08-02,Closed,0,1.84,3,63,2048.47,14
C005671,Carrier B,Property,Agent,2026-06-08,2026-06,2026-06-19,Closed,0,13.45,11,115,9465.4,20
C005672,Carrier A,Liability,Mobile,2026-08-19,2026-08,,Open,0,12.76,,43,0,14
C005673,Carrier A,Liability,Mobile,2026-04-26,2026-04,2026-05-03,Closed,0,14.72,7,158,2619.65,14
C005674,Carrier A,Liability,Agent,2026-07-22,2026-07,2026-07-31,Closed,0,7.56,9,71,6317.32,14
C005675,Carrier B,Auto,Mobile,2026-05-18,2026-05,2026-05-29,Closed,0,1.11,11,136,2821.59,14
C005676,Carrier B,Liability,Web,2026-08-13,2026-08,2026-09-01,Closed,0,4.79,19,49,1265.59,14
C005677,Carrier A,Property,Mobile,2026-08-05,2026-08,2026-08-18,Closed,0,1.81,13,57,6907.64,20
C005678,Carrier B,Auto,Web,2026-08-06,2026-08,2026-08-19,Closed,0,11.77,13,56,1346.38,14
C005679,Carrier B,Liability,Agent,2026-08-28,2026-08,2026-08-30,Closed,0,10.36,2,34,3413.99,14
C005680,Carrier B,Property,Web,2026-08-02,2026-08,2026-08-12,Closed,0,4.19,10,60,5854.5,20
C005681,Carrier A,Auto,Mobile,2026-09-07,2026-09,2026-09-17,Closed,0,16.03,10,24,787.22,14
C005682,Carrier A,Liability,Agent,2026-09-16,2026-09,2026-09-20,Closed,0,7.13,4,15,2599.58,14
C005683,Carrier A,Property,Agent,2026-07-07,2026-07,2026-07-14,Closed,0,13.53,7,86,10782.11,20
C005684,Carrier C,Property,Mobile,2026-05-17,2026-05,,Open,0,16.7,,137,0,20
C005685,Carrier B,Auto,Mobile,2026-07-28,2026-07,2026-08-01,Closed,0,1.06,4,65,5085.21,14
C005686,Carrier B,Auto,Web,2026-09-08,2026-09,2026-09-10,Closed,0,17.84,2,23,1576.29,14
C005687,Carrier B,Liability,Mobile,2026-08-08,2026-08,2026-08-25,Closed,0,4.04,17,54,348.16,14
C005688,Carrier B,Auto,Web,2026-09-20,2026-09,,Open,1,21.59,,11,0,14
C005689,Carrier A,Liability,Mobile,2026-05-04,2026-05,2026-05-15,Closed,0,17.33,11,150,921.7,14
C005690,Carrier B,Property,Web,2026-05-05,2026-05,2026-05-18,Closed,0,14.71,13,149,366.61,20
C005691,Carrier B,Auto,Web,2026-09-30,2026-09,,Open,0,11.19,,1,0,14
C005692,Carrier B,Liability,Mobile,2026-09-14,2026-09,2026-09-24,Closed,0,2.29,10,17,3014.72,14
C005693,Carrier B,Property,Agent,2026-07-12,2026-07,,Open,0,7.21,,81,0,20
C005694,Carrier A,Liability,Agent,2026-09-24,2026-09,2026-09-28,Closed,0,6.17,4,7,1358.82,14
C005695,Carrier C,Liability,Web,2026-05-31,2026-05,2026-06-18,Closed,1,13.77,18,123,442.54,14
C005696,Carrier A,Property,Mobile,2026-09-20,2026-09,2026-09-27,Closed,0,1.49,7,11,3857.83,20
C005697,Carrier C,Auto,Mobile,2026-06-12,2026-06,2026-06-21,Closed,0,17.22,9,111,3434.65,14
C005698,Carrier B,Auto,Agent,2026-07-22,2026-07,2026-08-04,Closed,1,14.74,13,71,643.58,14
C005699,Carrier C,Property,Agent,2026-09-06,2026-09,2026-09-17,Closed,0,7.36,11,25,1473.69,20
C005700,Carrier B,Property,Agent,2026-09-19,2026-09,,Open,0,3.56,,12,0,20
C005701,Carrier A,Auto,Mobile,2026-05-16,2026-05,2026-05-19,Closed,0,8.32,3,138,6536.51,14
C005702,Carrier C,Property,Agent,2026-07-01,2026-07,2026-07-13,Closed,0,3.32,12,92,6206.79,20
C005703,Carrier C,Property,Web,2026-04-14,2026-04,2026-04-28,Closed,0,2.77,14,170,6353.16,20
C005704,Carrier C,Property,Agent,2026-07-08,2026-07,2026-08-05,Closed,0,6.81,28,85,4610.36,20
C005705,Carrier B,Liability,Agent,2026-05-09,2026-05,2026-05-23,Closed,1,22.5,14,145,589.48,14
C005706,Carrier C,Property,Web,2026-07-14,2026-07,,Open,1,22.16,,79,0,20
C005707,Carrier C,Liability,Agent,2026-07-21,2026-07,2026-07-24,Closed,0,8.87,3,72,4598.79,14
C005708,Carrier B,Property,Agent,2026-04-13,2026-04,,Open,0,2.58,,171,0,20
C005709,Carrier A,Auto,Mobile,2026-05-29,2026-05,2026-05-31,Closed,0,10.66,2,125,1711.4,14
C005710,Carrier B,Liability,Mobile,2026-07-01,2026-07,2026-07-28,Closed,1,22.9,27,92,1811.53,14
C005711,Carrier A,Liability,Mobile,2026-07-14,2026-07,2026-07-27,Closed,0,13.57,13,79,4549.84,14
C005712,Carrier B,Auto,Mobile,2026-06-14,2026-06,2026-06-25,Closed,1,21.24,11,109,3137.68,14
C005713,Carrier C,Property,Web,2026-08-06,2026-08,2026-08-15,Closed,0,16.12,9,56,3831.65,20
C005714,Carrier A,Auto,Web,2026-05-15,2026-05,2026-05-18,Closed,0,10.89,3,139,4953.9,14
C005715,Carrier A,Liability,Agent,2026-05-29,2026-05,2026-06-12,Closed,0,5.23,14,125,3078.31,14
C005716,Carrier B,Auto,Web,2026-04-20,2026-04,2026-04-23,Closed,0,3.66,3,164,1287.82,14
C005717,Carrier C,Liability,Agent,2026-04-24,2026-04,2026-04-28,Closed,0,13.77,4,160,2181.69,14
C005718,Carrier A,Property,Agent,2026-09-29,2026-09,,Open,1,17.2,,2,0,20
C005719,Carrier A,Liability,Agent,2026-05-27,2026-05,2026-06-05,Closed,0,14.79,9,127,3482.85,14
C005720,Carrier A,Liability,Agent,2026-05-28,2026-05,2026-05-30,Closed,0,4.11,2,126,1688.82,14
C005721,Carrier B,Liability,Mobile,2026-08-14,2026-08,2026-08-24,Closed,1,28.0,10,48,912.44,14
C005722,Carrier B,Property,Mobile,2026-07-05,2026-07,,Open,1,21.45,,88,0,20
C005723,Carrier C,Liability,Agent,2026-06-21,2026-06,,Open,0,4.11,,102,0,14
C005724,Carrier B,Liability,Web,2026-04-04,2026-04,2026-04-13,Closed,0,16.43,9,180,1747.42,14
C005725,Carrier A,Auto,Agent,2026-09-08,2026-09,,Open,0,17.8,,23,0,14
C005726,Carrier A,Property,Agent,2026-08-28,2026-08,2026-09-06,Closed,0,8.75,9,34,7057.28,20
C005727,Carrier A,Property,Mobile,2026-09-24,2026-09,,Open,0,16.97,,7,0,20
C005728,Carrier B,Liability,Agent,2026-09-25,2026-09,2026-10-01,Closed,0,3.31,6,6,3014.64,14
C005729,Carrier C,Auto,Web,2026-07-23,2026-07,2026-08-06,Closed,1,13.16,14,70,4365.22,14
C005730,Carrier B,Auto,Web,2026-07-30,2026-07,2026-08-20,Closed,1,21.85,21,63,457.27,14
C005731,Carrier A,Property,Agent,2026-08-15,2026-08,2026-08-28,Closed,0,14.46,13,47,2460.73,20
C005732,Carrier B,Property,Agent,2026-08-04,2026-08,2026-08-13,Closed,0,8.95,9,58,6728.14,20
C005733,Carrier C,Liability,Agent,2026-05-14,2026-05,2026-05-24,Closed,0,3.25,10,140,1184.62,14
C005734,Carrier B,Auto,Web,2026-04-11,2026-04,2026-04-18,Closed,0,6.4,7,173,12245.89,14
C005735,Carrier B,Liability,Mobile,2026-05-27,2026-05,2026-06-05,Closed,1,18.22,9,127,3195.48,14
C005736,Carrier B,Property,Mobile,2026-08-06,2026-08,2026-08-29,Closed,1,21.43,23,56,2506.75,20
C005737,Carrier A,Auto,Web,2026-05-11,2026-05,2026-05-17,Closed,0,7.41,6,143,3904.33,14
C005738,Carrier B,Property,Agent,2026-09-05,2026-09,2026-09-19,Closed,0,16.32,14,26,2674.88,20
C005739,Carrier A,Auto,Agent,2026-06-11,2026-06,2026-06-13,Closed,0,15.34,2,112,773.4,14
C005740,Carrier A,Auto,Mobile,2026-05-26,2026-05,2026-06-04,Closed,1,25.97,9,128,18009.18,14
C005741,Carrier C,Auto,Agent,2026-09-25,2026-09,,Open,0,14.04,,6,0,14
C005742,Carrier C,Property,Agent,2026-07-04,2026-07,2026-07-14,Closed,0,12.98,10,89,5128.93,20
C005743,Carrier C,Liability,Mobile,2026-09-07,2026-09,,Open,0,5.66,,24,0,14
C005744,Carrier B,Auto,Mobile,2026-09-28,2026-09,2026-10-01,Closed,0,16.87,3,3,1985.66,14
C005745,Carrier A,Auto,Web,2026-04-03,2026-04,2026-04-12,Closed,0,2.45,9,181,9692.73,14
C005746,Carrier A,Property,Web,2026-07-10,2026-07,2026-07-25,Closed,0,6.37,15,83,3933.92,20
C005747,Carrier C,Liability,Mobile,2026-07-20,2026-07,2026-07-28,Closed,0,4.52,8,73,5504.25,14
C005748,Carrier C,Property,Web,2026-09-08,2026-09,2026-09-19,Closed,0,5.87,11,23,643.83,20
C005749,Carrier C,Liability,Mobile,2026-07-13,2026-07,2026-07-14,Closed,0,1.2,1,80,4666.02,14
C005750,Carrier C,Property,Agent,2026-07-06,2026-07,2026-07-27,Closed,0,5.31,21,87,1006.19,20
C005751,Carrier B,Liability,Agent,2026-08-20,2026-08,2026-08-27,Closed,0,10.33,7,42,5334.35,14
C005752,Carrier C,Property,Web,2026-09-28,2026-09,,Open,0,10.21,,3,0,20
C005753,Carrier A,Property,Agent,2026-08-23,2026-08,,Open,0,10.98,,39,0,20
C005754,Carrier C,Liability,Mobile,2026-06-18,2026-06,2026-06-29,Closed,1,18.02,11,105,889.99,14
C005755,Carrier C,Property,Web,2026-05-06,2026-05,2026-05-20,Closed,1,13.86,14,148,8454.09,20
C005756,Carrier B,Auto,Mobile,2026-04-29,2026-04,2026-05-09,Closed,0,13.78,10,155,601.17,14
C005757,Carrier A,Auto,Web,2026-08-16,2026-08,2026-08-22,Closed,0,6.88,6,46,21327.13,14
C005758,Carrier A,Auto,Mobile,2026-05-27,2026-05,2026-06-14,Closed,1,13.9,18,127,3550.9,14
C005759,Carrier C,Property,Mobile,2026-06-28,2026-06,2026-07-08,Closed,0,12.17,10,95,5648.15,20
C005760,Carrier A,Auto,Web,2026-07-15,2026-07,2026-07-20,Closed,0,6.05,5,78,1273.65,14
C005761,Carrier C,Auto,Agent,2026-05-25,2026-05,2026-06-05,Closed,0,16.54,11,129,1428.49,14
C005762,Carrier B,Liability,Web,2026-07-14,2026-07,2026-07-23,Closed,0,12.23,9,79,3324.93,14
C005763,Carrier A,Auto,Web,2026-08-03,2026-08,2026-08-10,Closed,0,7.99,7,59,3130.69,14
C005764,Carrier C,Liability,Web,2026-05-08,2026-05,2026-05-20,Closed,0,6.83,12,146,6976.94,14
C005765,Carrier C,Property,Agent,2026-08-13,2026-08,2026-08-23,Closed,0,17.6,10,49,9486.29,20
C005766,Carrier C,Property,Web,2026-09-04,2026-09,,Open,1,19.72,,27,0,20
C005767,Carrier A,Liability,Web,2026-07-31,2026-07,2026-08-18,Closed,1,17.65,18,62,13168.41,14
C005768,Carrier C,Auto,Web,2026-07-14,2026-07,2026-07-23,Closed,0,1.55,9,79,1920.6,14
C005769,Carrier A,Property,Web,2026-04-23,2026-04,2026-05-07,Closed,1,26.43,14,161,2015.95,20
C005770,Carrier A,Property,Agent,2026-05-11,2026-05,2026-05-30,Closed,0,1.0,19,143,2779.47,20
C005771,Carrier B,Property,Agent,2026-04-29,2026-04,2026-05-24,Closed,1,22.71,25,155,4833.38,20
C005772,Carrier B,Property,Mobile,2026-07-03,2026-07,2026-07-15,Closed,0,6.15,12,90,4502.27,20
C005773,Carrier B,Property,Web,2026-05-21,2026-05,2026-06-03,Closed,0,5.86,13,133,6866.85,20
C005774,Carrier A,Auto,Mobile,2026-06-05,2026-06,2026-06-28,Closed,1,22.29,23,118,2612.79,14
C005775,Carrier B,Auto,Agent,2026-07-04,2026-07,2026-07-13,Closed,0,14.75,9,89,4722.3,14
C005776,Carrier B,Auto,Mobile,2026-04-08,2026-04,2026-04-09,Closed,0,5.87,1,176,821.68,14
C005777,Carrier C,Property,Mobile,2026-07-22,2026-07,2026-08-10,Closed,1,11.72,19,71,2851.22,20
C005778,Carrier A,Property,Mobile,2026-04-12,2026-04,2026-04-19,Closed,0,9.72,7,172,4741.38,20
C005779,Carrier B,Auto,Mobile,2026-07-31,2026-07,2026-08-15,Closed,0,16.83,15,62,2047.24,14
C005780,Carrier A,Property,Agent,2026-05-12,2026-05,2026-06-10,Closed,1,20.83,29,142,1020.76,20
C005781,Carrier C,Auto,Web,2026-04-18,2026-04,2026-05-03,Closed,1,25.34,15,166,8566.99,14
C005782,Carrier C,Property,Mobile,2026-04-06,2026-04,2026-04-11,Closed,0,2.41,5,178,6457.21,20
C005783,Carrier C,Liability,Agent,2026-09-10,2026-09,,Open,1,19.89,,21,0,14
C005784,Carrier C,Auto,Mobile,2026-05-01,2026-05,2026-05-15,Closed,0,7.22,14,153,2615.57,14
C005785,Carrier C,Liability,Web,2026-05-23,2026-05,2026-06-01,Closed,0,17.49,9,131,3574.33,14
C005786,Carrier B,Liability,Agent,2026-04-17,2026-04,2026-04-20,Closed,0,15.31,3,167,3717.61,14
C005787,Carrier A,Liability,Agent,2026-07-16,2026-07,2026-08-03,Closed,1,21.88,18,77,2463.88,14
C005788,Carrier B,Liability,Agent,2026-05-24,2026-05,,Open,1,17.79,,130,0,14
C005789,Carrier B,Property,Mobile,2026-06-09,2026-06,2026-07-04,Closed,1,15.35,25,114,9819.83,20
C005790,Carrier A,Property,Agent,2026-08-27,2026-08,2026-09-08,Closed,0,3.43,12,35,1122.75,20
C005791,Carrier B,Property,Mobile,2026-06-15,2026-06,2026-07-06,Closed,0,6.07,21,108,2232.7,20
C005792,Carrier B,Property,Agent,2026-09-21,2026-09,,Open,0,7.6,,10,0,20
C005793,Carrier A,Property,Mobile,2026-04-27,2026-04,2026-05-08,Closed,0,7.93,11,157,19145.57,20
C005794,Carrier C,Property,Agent,2026-07-19,2026-07,2026-07-26,Closed,0,16.25,7,74,8504.84,20
C005795,Carrier C,Property,Mobile,2026-07-12,2026-07,,Open,0,6.83,,81,0,20
C005796,Carrier A,Liability,Web,2026-04-20,2026-04,2026-04-30,Closed,0,9.91,10,164,11235.5,14
C005797,Carrier B,Property,Agent,2026-06-05,2026-06,2026-06-14,Closed,0,13.78,9,118,2100.76,20
C005798,Carrier C,Auto,Agent,2026-06-18,2026-06,,Open,0,12.01,,105,0,14
C005799,Carrier C,Liability,Agent,2026-09-05,2026-09,,Open,1,22.73,,26,0,14
C005800,Carrier A,Auto,Web,2026-05-30,2026-05,2026-06-08,Closed,0,5.46,9,124,3495.25,14
C005801,Carrier A,Auto,Mobile,2026-04-22,2026-04,,Open,0,1.18,,162,0,14
C005802,Carrier B,Liability,Web,2026-06-11,2026-06,2026-06-21,Closed,1,19.17,10,112,1272.73,14
C005803,Carrier A,Auto,Web,2026-07-31,2026-07,2026-08-05,Closed,0,8.82,5,62,2295.03,14
C005804,Carrier B,Liability,Mobile,2026-04-08,2026-04,2026-04-26,Closed,1,18.51,18,176,1271.68,14
C005805,Carrier A,Liability,Agent,2026-09-22,2026-09,2026-10-01,Closed,0,2.36,9,9,10797.55,14
C005806,Carrier C,Auto,Agent,2026-05-08,2026-05,2026-05-11,Closed,0,11.46,3,146,4340.64,14
C005807,Carrier A,Auto,Mobile,2026-06-05,2026-06,2026-06-19,Closed,1,22.25,14,118,1064.89,14
C005808,Carrier A,Property,Agent,2026-04-07,2026-04,2026-04-18,Closed,0,6.85,11,177,898.19,20
C005809,Carrier C,Auto,Web,2026-09-14,2026-09,,Open,1,23.33,,17,0,14
C005810,Carrier A,Property,Agent,2026-06-29,2026-06,2026-07-11,Closed,0,7.62,12,94,1126.79,20
C005811,Carrier C,Property,Web,2026-07-29,2026-07,2026-08-13,Closed,0,12.24,15,64,1432.73,20
C005812,Carrier C,Liability,Agent,2026-09-06,2026-09,,Open,1,26.72,,25,0,14
C005813,Carrier C,Auto,Agent,2026-04-17,2026-04,2026-04-24,Closed,0,15.41,7,167,3474.53,14
C005814,Carrier B,Auto,Mobile,2026-09-13,2026-09,2026-09-19,Closed,0,2.44,6,18,1546.93,14
C005815,Carrier B,Property,Agent,2026-09-24,2026-09,,Open,0,13.87,,7,0,20
C005816,Carrier B,Auto,Mobile,2026-07-02,2026-07,2026-07-15,Closed,0,5.56,13,91,3226.67,14
C005817,Carrier A,Auto,Mobile,2026-05-13,2026-05,2026-05-17,Closed,0,8.52,4,141,3828.05,14
C005818,Carrier B,Property,Mobile,2026-09-16,2026-09,2026-09-29,Closed,0,14.46,13,15,4197.32,20
C005819,Carrier C,Auto,Agent,2026-08-03,2026-08,2026-08-14,Closed,1,16.0,11,59,4191.62,14
C005820,Carrier C,Auto,Agent,2026-08-11,2026-08,2026-08-25,Closed,1,19.33,14,51,4923.61,14
C005821,Carrier B,Auto,Agent,2026-07-06,2026-07,2026-07-10,Closed,0,9.81,4,87,8679.0,14
C005822,Carrier B,Auto,Mobile,2026-06-26,2026-06,2026-07-20,Closed,0,17.12,24,97,8313.67,14
C005823,Carrier B,Liability,Mobile,2026-04-06,2026-04,2026-04-18,Closed,1,27.94,12,178,8418.31,14
C005824,Carrier C,Property,Web,2026-06-01,2026-06,2026-06-08,Closed,0,11.84,7,122,592.72,20
C005825,Carrier B,Auto,Mobile,2026-04-02,2026-04,2026-04-16,Closed,1,11.78,14,182,4316.69,14
C005826,Carrier C,Auto,Agent,2026-07-27,2026-07,2026-08-13,Closed,0,3.1,17,66,2380.9,14
C005827,Carrier C,Property,Web,2026-04-05,2026-04,2026-04-27,Closed,1,26.81,22,179,5548.28,20
C005828,Carrier C,Liability,Mobile,2026-08-11,2026-08,2026-08-25,Closed,1,21.67,14,51,9497.24,14
C005829,Carrier B,Property,Agent,2026-09-16,2026-09,,Open,0,9.46,,15,0,20
C005830,Carrier C,Auto,Web,2026-08-03,2026-08,2026-08-07,Closed,0,6.49,4,59,6170.58,14
C005831,Carrier C,Auto,Mobile,2026-06-14,2026-06,2026-06-24,Closed,1,25.59,10,109,9974.33,14
C005832,Carrier C,Liability,Web,2026-07-20,2026-07,2026-07-24,Closed,0,3.28,4,73,5003.18,14
C005833,Carrier C,Property,Web,2026-07-07,2026-07,2026-07-15,Closed,0,2.48,8,86,2751.94,20
C005834,Carrier B,Property,Agent,2026-05-10,2026-05,2026-06-10,Closed,0,9.74,31,144,6527.26,20
C005835,Carrier A,Auto,Agent,2026-09-30,2026-09,,Open,0,4.34,,1,0,14
C005836,Carrier C,Auto,Agent,2026-04-29,2026-04,2026-05-05,Closed,0,11.81,6,155,5777.29,14
C005837,Carrier C,Liability,Mobile,2026-08-04,2026-08,2026-08-08,Closed,0,11.93,4,58,1862.36,14
C005838,Carrier B,Auto,Web,2026-08-05,2026-08,2026-08-15,Closed,1,20.7,10,57,3691.76,14
C005839,Carrier C,Liability,Agent,2026-06-04,2026-06,2026-06-15,Closed,1,18.69,11,119,1141.75,14
C005840,Carrier B,Property,Mobile,2026-06-16,2026-06,2026-06-27,Closed,0,12.51,11,107,2524.47,20
C005841,Carrier C,Auto,Mobile,2026-09-30,2026-09,,Open,0,7.64,,1,0,14
C005842,Carrier C,Auto,Web,2026-09-08,2026-09,2026-09-17,Closed,0,1.53,9,23,4496.19,14
C005843,Carrier A,Property,Mobile,2026-07-28,2026-07,2026-08-21,Closed,1,22.28,24,65,5578.46,20
C005844,Carrier A,Liability,Mobile,2026-06-30,2026-06,2026-07-04,Closed,0,17.16,4,93,4003.66,14
C005845,Carrier B,Liability,Agent,2026-07-10,2026-07,2026-07-13,Closed,0,7.8,3,83,2961.24,14
C005846,Carrier C,Auto,Mobile,2026-05-25,2026-05,2026-06-11,Closed,0,4.0,17,129,1609.17,14
C005847,Carrier C,Property,Mobile,2026-07-27,2026-07,2026-08-13,Closed,0,15.25,17,66,12266.45,20
C005848,Carrier A,Property,Mobile,2026-07-08,2026-07,2026-07-18,Closed,0,12.6,10,85,2850.21,20
C005849,Carrier C,Property,Web,2026-05-05,2026-05,2026-05-16,Closed,0,15.21,11,149,3965.22,20
C005850,Carrier B,Property,Web,2026-06-11,2026-06,2026-06-16,Closed,0,10.15,5,112,2262.69,20
C005851,Carrier A,Property,Web,2026-05-20,2026-05,2026-06-12,Closed,0,8.97,23,134,1303.61,20
C005852,Carrier B,Property,Web,2026-09-10,2026-09,2026-09-20,Closed,0,7.75,10,21,3186.3,20
C005853,Carrier B,Auto,Mobile,2026-04-16,2026-04,,Open,0,2.19,,168,0,14
C005854,Carrier C,Auto,Web,2026-07-06,2026-07,2026-07-09,Closed,0,8.87,3,87,13329.87,14
C005855,Carrier A,Liability,Agent,2026-07-25,2026-07,,Open,0,6.84,,68,0,14
C005856,Carrier B,Property,Web,2026-07-04,2026-07,,Open,0,17.65,,89,0,20
C005857,Carrier B,Liability,Mobile,2026-08-23,2026-08,2026-08-29,Closed,0,10.58,6,39,1831.05,14
C005858,Carrier B,Liability,Web,2026-08-12,2026-08,2026-08-29,Closed,0,4.06,17,50,1592.19,14
C005859,Carrier C,Auto,Web,2026-04-07,2026-04,2026-04-15,Closed,0,2.7,8,177,5218.21,14
C005860,Carrier C,Auto,Agent,2026-06-20,2026-06,2026-07-07,Closed,0,16.24,17,103,4383.26,14
C005861,Carrier C,Property,Mobile,2026-06-30,2026-06,2026-07-12,Closed,0,1.25,12,93,5302.74,20
C005862,Carrier B,Property,Web,2026-08-10,2026-08,2026-08-25,Closed,1,24.11,15,52,5026.49,20
C005863,Carrier C,Auto,Agent,2026-06-28,2026-06,2026-07-02,Closed,0,2.43,4,95,1003.65,14
C005864,Carrier B,Auto,Mobile,2026-05-31,2026-05,2026-06-02,Closed,0,9.91,2,123,2541.5,14
C005865,Carrier A,Property,Web,2026-04-06,2026-04,2026-04-12,Closed,0,14.69,6,178,938.12,20
C005866,Carrier A,Liability,Web,2026-09-22,2026-09,,Open,0,15.26,,9,0,14
C005867,Carrier B,Property,Agent,2026-05-28,2026-05,2026-06-24,Closed,1,22.46,27,126,620.32,20
C005868,Carrier A,Property,Mobile,2026-05-26,2026-05,2026-06-04,Closed,0,4.94,9,128,1907.91,20
C005869,Carrier B,Auto,Mobile,2026-05-04,2026-05,2026-05-12,Closed,0,5.53,8,150,17889.96,14
C005870,Carrier A,Auto,Agent,2026-04-26,2026-04,2026-05-02,Closed,0,15.99,6,158,3857.18,14
C005871,Carrier C,Liability,Mobile,2026-04-03,2026-04,2026-04-21,Closed,1,15.77,18,181,4438.53,14
C005872,Carrier A,Auto,Agent,2026-09-13,2026-09,2026-09-17,Closed,0,6.37,4,18,3767.48,14
C005873,Carrier B,Liability,Mobile,2026-06-29,2026-06,2026-07-01,Closed,0,10.57,2,94,10406.0,14
C005874,Carrier C,Property,Agent,2026-08-06,2026-08,2026-08-13,Closed,0,12.92,7,56,1240.61,20
C005875,Carrier B,Property,Agent,2026-07-07,2026-07,2026-07-28,Closed,1,18.26,21,86,2097.73,20
C005876,Carrier C,Auto,Mobile,2026-04-01,2026-04,2026-04-07,Closed,0,15.76,6,183,4323.44,14
C005877,Carrier C,Liability,Mobile,2026-07-28,2026-07,2026-08-18,Closed,1,23.46,21,65,2764.05,14
C005878,Carrier A,Auto,Agent,2026-09-20,2026-09,2026-09-25,Closed,0,14.71,5,11,652.08,14
C005879,Carrier A,Liability,Agent,2026-05-29,2026-05,2026-06-17,Closed,0,15.82,19,125,20870.66,14
C005880,Carrier C,Auto,Mobile,2026-05-09,2026-05,2026-05-12,Closed,0,1.43,3,145,4330.16,14
C005881,Carrier C,Property,Mobile,2026-09-16,2026-09,,Open,1,11.54,,15,0,20
C005882,Carrier A,Liability,Agent,2026-07-19,2026-07,2026-07-24,Closed,0,14.18,5,74,1505.79,14
C005883,Carrier B,Liability,Web,2026-09-18,2026-09,2026-09-23,Closed,0,11.36,5,13,5224.04,14
C005884,Carrier A,Liability,Agent,2026-06-11,2026-06,,Open,0,6.39,,112,0,14
C005885,Carrier C,Property,Agent,2026-05-10,2026-05,2026-05-16,Closed,0,13.15,6,144,1489.05,20
C005886,Carrier B,Liability,Web,2026-09-07,2026-09,,Open,0,3.33,,24,0,14
C005887,Carrier C,Auto,Web,2026-04-11,2026-04,2026-04-29,Closed,1,13.97,18,173,13280.79,14
C005888,Carrier C,Auto,Agent,2026-07-21,2026-07,,Open,0,2.46,,72,0,14
C005889,Carrier A,Auto,Agent,2026-06-04,2026-06,2026-06-20,Closed,0,7.5,16,119,2379.35,14
C005890,Carrier A,Auto,Web,2026-08-20,2026-08,2026-08-28,Closed,0,1.68,8,42,2380.74,14
C005891,Carrier C,Auto,Mobile,2026-06-09,2026-06,2026-06-19,Closed,0,3.48,10,114,3003.28,14
C005892,Carrier A,Liability,Web,2026-08-17,2026-08,2026-08-29,Closed,0,11.93,12,45,2130.06,14
C005893,Carrier A,Liability,Agent,2026-05-28,2026-05,2026-06-05,Closed,0,15.55,8,126,1592.5,14
C005894,Carrier B,Property,Agent,2026-04-13,2026-04,,Open,0,6.12,,171,0,20
C005895,Carrier A,Liability,Agent,2026-09-28,2026-09,,Open,0,6.18,,3,0,14
C005896,Carrier A,Auto,Web,2026-07-29,2026-07,2026-08-06,Closed,0,3.68,8,64,1488.32,14
C005897,Carrier C,Property,Agent,2026-05-23,2026-05,2026-06-03,Closed,0,13.25,11,131,2194.96,20
C005898,Carrier B,Auto,Web,2026-06-14,2026-06,2026-06-23,Closed,0,1.93,9,109,3821.61,14
C005899,Carrier B,Auto,Web,2026-08-20,2026-08,2026-09-01,Closed,1,18.55,12,42,6329.32,14
C005900,Carrier A,Auto,Agent,2026-07-10,2026-07,2026-07-13,Closed,0,4.83,3,83,4110.19,14
C005901,Carrier B,Auto,Agent,2026-08-29,2026-08,2026-09-01,Closed,0,4.13,3,33,7830.13,14
C005902,Carrier A,Auto,Web,2026-05-24,2026-05,2026-05-26,Closed,0,9.08,2,130,1370.17,14
C005903,Carrier C,Property,Mobile,2026-07-05,2026-07,2026-07-21,Closed,0,5.66,16,88,716.66,20
C005904,Carrier A,Auto,Agent,2026-04-06,2026-04,2026-04-12,Closed,0,17.32,6,178,1596.25,14
C005905,Carrier A,Liability,Web,2026-07-29,2026-07,2026-08-05,Closed,0,13.54,7,64,1056.9,14
C005906,Carrier B,Auto,Mobile,2026-07-26,2026-07,2026-08-06,Closed,1,21.46,11,67,372.95,14
C005907,Carrier C,Liability,Mobile,2026-06-23,2026-06,2026-07-14,Closed,1,18.15,21,100,9321.9,14
C005908,Carrier A,Liability,Web,2026-06-30,2026-06,2026-07-02,Closed,0,16.66,2,93,1757.06,14
C005909,Carrier C,Auto,Mobile,2026-05-23,2026-05,2026-06-09,Closed,1,23.32,17,131,5074.14,14
C005910,Carrier C,Auto,Web,2026-04-22,2026-04,2026-04-24,Closed,0,17.11,2,162,4784.52,14
C005911,Carrier C,Property,Agent,2026-05-18,2026-05,2026-06-03,Closed,0,4.13,16,136,1238.6,20
C005912,Carrier C,Property,Agent,2026-04-08,2026-04,2026-05-03,Closed,0,1.88,25,176,4794.5,20
C005913,Carrier A,Auto,Web,2026-07-05,2026-07,2026-07-15,Closed,0,13.39,10,88,9803.74,14
C005914,Carrier B,Auto,Agent,2026-05-13,2026-05,2026-05-29,Closed,1,24.2,16,141,7713.81,14
C005915,Carrier A,Property,Agent,2026-07-09,2026-07,2026-07-17,Closed,0,14.02,8,84,3719.94,20
C005916,Carrier A,Property,Agent,2026-05-11,2026-05,2026-05-28,Closed,0,15.27,17,143,12736.31,20
C005917,Carrier A,Property,Web,2026-06-26,2026-06,2026-07-04,Closed,0,1.38,8,97,6008.69,20
C005918,Carrier B,Auto,Mobile,2026-08-19,2026-08,2026-08-22,Closed,0,12.75,3,43,2661.02,14
C005919,Carrier B,Liability,Agent,2026-04-01,2026-04,2026-04-07,Closed,0,9.73,6,183,4107.72,14
C005920,Carrier C,Property,Mobile,2026-09-15,2026-09,2026-09-24,Closed,0,5.65,9,16,5969.07,20
C005921,Carrier B,Auto,Agent,2026-07-18,2026-07,2026-07-21,Closed,0,3.29,3,75,7190.44,14
C005922,Carrier C,Liability,Web,2026-06-17,2026-06,2026-06-25,Closed,0,2.42,8,106,2567.04,14
C005923,Carrier A,Liability,Agent,2026-07-30,2026-07,2026-08-22,Closed,0,3.56,23,63,6890.65,14
C005924,Carrier A,Liability,Agent,2026-05-13,2026-05,,Open,0,3.55,,141,0,14
C005925,Carrier A,Auto,Agent,2026-08-23,2026-08,2026-09-02,Closed,1,17.47,10,39,8447.56,14
C005926,Carrier A,Property,Web,2026-07-23,2026-07,2026-08-03,Closed,0,1.02,11,70,4674.01,20
C005927,Carrier B,Auto,Web,2026-08-19,2026-08,2026-09-03,Closed,0,2.12,15,43,5925.83,14
C005928,Carrier C,Auto,Agent,2026-06-13,2026-06,2026-06-14,Closed,0,15.69,1,110,840.56,14
C005929,Carrier B,Auto,Web,2026-05-14,2026-05,2026-05-16,Closed,0,2.67,2,140,4027.07,14
C005930,Carrier A,Auto,Web,2026-04-16,2026-04,2026-04-21,Closed,0,14.98,5,168,3391.53,14
C005931,Carrier C,Liability,Web,2026-09-22,2026-09,2026-09-26,Closed,0,12.48,4,9,23680.03,14
C005932,Carrier A,Property,Web,2026-04-21,2026-04,2026-04-30,Closed,0,15.35,9,163,11325.44,20
C005933,Carrier C,Liability,Mobile,2026-09-16,2026-09,2026-09-19,Closed,0,1.32,3,15,8836.24,14
C005934,Carrier C,Property,Web,2026-05-29,2026-05,2026-06-09,Closed,0,16.19,11,125,877.75,20
C005935,Carrier B,Auto,Web,2026-05-27,2026-05,2026-05-30,Closed,0,4.79,3,127,3764.75,14
C005936,Carrier A,Property,Agent,2026-06-30,2026-06,2026-07-07,Closed,0,7.22,7,93,4659.79,20
C005937,Carrier A,Liability,Mobile,2026-05-29,2026-05,2026-06-05,Closed,0,12.6,7,125,3086.06,14
C005938,Carrier B,Auto,Web,2026-06-18,2026-06,,Open,0,13.54,,105,0,14
C005939,Carrier C,Property,Web,2026-05-27,2026-05,2026-06-15,Closed,1,14.85,19,127,6779.64,20
C005940,Carrier A,Auto,Mobile,2026-06-04,2026-06,2026-06-19,Closed,1,14.59,15,119,11536.22,14
C005941,Carrier C,Property,Agent,2026-07-13,2026-07,2026-07-23,Closed,0,5.93,10,80,3414.29,20
C005942,Carrier C,Liability,Agent,2026-04-03,2026-04,2026-04-08,Closed,0,13.4,5,181,13066.07,14
C005943,Carrier B,Auto,Mobile,2026-06-17,2026-06,2026-06-19,Closed,0,1.24,2,106,2902.44,14
C005944,Carrier B,Property,Web,2026-09-04,2026-09,2026-09-20,Closed,0,11.0,16,27,2909.15,20
C005945,Carrier A,Auto,Web,2026-08-13,2026-08,2026-08-25,Closed,0,7.07,12,49,1362.76,14
C005946,Carrier A,Property,Web,2026-07-13,2026-07,2026-07-31,Closed,0,8.84,18,80,6502.6,20
C005947,Carrier C,Auto,Mobile,2026-04-09,2026-04,2026-04-10,Closed,0,7.59,1,175,839.4,14
C005948,Carrier A,Auto,Mobile,2026-05-08,2026-05,2026-05-24,Closed,1,23.86,16,146,2196.34,14
C005949,Carrier C,Liability,Agent,2026-09-29,2026-09,,Open,0,13.2,,2,0,14
C005950,Carrier A,Property,Mobile,2026-04-18,2026-04,,Open,0,6.07,,166,0,20
C005951,Carrier C,Auto,Agent,2026-06-30,2026-06,2026-07-10,Closed,0,10.22,10,93,1544.51,14
C005952,Carrier B,Property,Mobile,2026-09-30,2026-09,,Open,0,13.4,,1,0,20
C005953,Carrier B,Liability,Mobile,2026-07-28,2026-07,2026-08-14,Closed,1,26.66,17,65,2149.29,14
C005954,Carrier C,Liability,Agent,2026-07-07,2026-07,2026-07-18,Closed,1,11.15,11,86,7459.56,14
C005955,Carrier B,Liability,Agent,2026-06-12,2026-06,2026-06-23,Closed,0,11.72,11,111,2281.88,14
C005956,Carrier A,Liability,Agent,2026-07-30,2026-07,2026-08-19,Closed,1,15.46,20,63,6535.78,14
C005957,Carrier A,Liability,Web,2026-09-20,2026-09,2026-09-27,Closed,0,9.33,7,11,5129.8,14
C005958,Carrier C,Liability,Web,2026-08-22,2026-08,2026-09-25,Closed,1,16.9,34,40,800.44,14
C005959,Carrier A,Auto,Mobile,2026-07-23,2026-07,2026-08-01,Closed,0,9.97,9,70,1546.4,14
C005960,Carrier C,Auto,Mobile,2026-09-23,2026-09,,Open,1,14.35,,8,0,14
C005961,Carrier B,Auto,Agent,2026-08-14,2026-08,2026-08-25,Closed,0,6.92,11,48,6028.38,14
C005962,Carrier A,Auto,Mobile,2026-06-02,2026-06,2026-06-20,Closed,1,17.39,18,121,2440.3,14
C005963,Carrier A,Auto,Web,2026-06-15,2026-06,2026-06-23,Closed,0,2.05,8,108,253.67,14
C005964,Carrier A,Liability,Web,2026-06-22,2026-06,2026-06-29,Closed,0,15.91,7,101,7969.91,14
C005965,Carrier B,Auto,Agent,2026-07-02,2026-07,2026-07-04,Closed,0,8.22,2,91,1842.58,14
C005966,Carrier A,Liability,Agent,2026-05-02,2026-05,2026-05-09,Closed,0,8.46,7,152,10036.23,14
C005967,Carrier B,Property,Mobile,2026-06-19,2026-06,2026-06-27,Closed,0,12.04,8,104,1872.93,20
C005968,Carrier A,Property,Mobile,2026-09-09,2026-09,,Open,1,18.53,,22,0,20
C005969,Carrier C,Property,Agent,2026-04-22,2026-04,2026-05-22,Closed,1,19.9,30,162,1166.21,20
C005970,Carrier A,Auto,Web,2026-05-17,2026-05,2026-05-20,Closed,0,14.54,3,137,976.79,14
C005971,Carrier B,Auto,Agent,2026-07-11,2026-07,2026-07-20,Closed,0,3.18,9,82,2592.15,14
C005972,Carrier B,Liability,Mobile,2026-06-23,2026-06,2026-06-30,Closed,0,17.01,7,100,3658.58,14
C005973,Carrier C,Auto,Web,2026-06-14,2026-06,2026-06-15,Closed,0,3.99,1,109,1071.94,14
C005974,Carrier C,Auto,Agent,2026-05-26,2026-05,2026-05-29,Closed,0,5.09,3,128,6164.36,14
C005975,Carrier B,Liability,Agent,2026-07-09,2026-07,2026-07-11,Closed,0,16.34,2,84,5082.93,14
C005976,Carrier A,Property,Agent,2026-08-27,2026-08,2026-09-10,Closed,0,17.31,14,35,5214.26,20
C005977,Carrier A,Auto,Mobile,2026-08-10,2026-08,2026-08-11,Closed,0,9.4,1,52,1645.09,14
C005978,Carrier A,Property,Web,2026-07-01,2026-07,2026-07-13,Closed,0,4.93,12,92,5380.17,20
C005979,Carrier B,Auto,Web,2026-08-23,2026-08,2026-09-05,Closed,0,3.15,13,39,2206.77,14
C005980,Carrier A,Liability,Web,2026-05-22,2026-05,,Open,0,9.36,,132,0,14
C005981,Carrier A,Property,Mobile,2026-07-14,2026-07,2026-07-27,Closed,0,15.4,13,79,6942.93,20
C005982,Carrier A,Property,Web,2026-04-05,2026-04,2026-04-19,Closed,0,15.26,14,179,7154.11,20
C005983,Carrier A,Liability,Mobile,2026-04-11,2026-04,2026-04-17,Closed,0,1.43,6,173,1800.32,14
C005984,Carrier A,Auto,Web,2026-08-11,2026-08,2026-08-31,Closed,1,19.23,20,51,1548.5,14
C005985,Carrier C,Liability,Mobile,2026-09-30,2026-09,,Open,1,24.98,,1,0,14
C005986,Carrier A,Auto,Web,2026-07-29,2026-07,2026-08-10,Closed,0,3.99,12,64,4088.87,14
C005987,Carrier B,Property,Agent,2026-04-17,2026-04,2026-04-30,Closed,0,10.54,13,167,2073.7,20
C005988,Carrier C,Liability,Mobile,2026-08-22,2026-08,2026-08-25,Closed,0,8.6,3,40,752.44,14
C005989,Carrier A,Auto,Mobile,2026-05-03,2026-05,2026-05-26,Closed,1,20.22,23,151,5478.33,14
C005990,Carrier A,Property,Agent,2026-07-27,2026-07,2026-08-09,Closed,0,2.87,13,66,1372.06,20
C005991,Carrier B,Auto,Mobile,2026-07-08,2026-07,2026-07-25,Closed,0,15.49,17,85,1004.82,14
C005992,Carrier C,Liability,Mobile,2026-06-20,2026-06,2026-07-06,Closed,1,22.35,16,103,2416.61,14
C005993,Carrier A,Liability,Mobile,2026-05-13,2026-05,2026-05-18,Closed,0,5.55,5,141,6713.09,14
C005994,Carrier A,Auto,Web,2026-05-23,2026-05,2026-05-28,Closed,0,5.58,5,131,495.45,14
C005995,Carrier B,Liability,Agent,2026-06-01,2026-06,2026-06-09,Closed,0,4.4,8,122,2347.0,14
C005996,Carrier C,Auto,Agent,2026-07-18,2026-07,2026-07-22,Closed,0,17.6,4,75,1228.42,14
C005997,Carrier A,Auto,Agent,2026-08-12,2026-08,2026-08-23,Closed,0,6.75,11,50,530.36,14
C005998,Carrier B,Auto,Mobile,2026-08-24,2026-08,2026-09-04,Closed,0,10.98,11,38,1883.01,14
C005999,Carrier B,Property,Mobile,2026-04-23,2026-04,2026-05-03,Closed,0,3.97,10,161,7848.97,20
C000000,Carrier C,Liability,Mobile,2026-04-08,2026-04,2026-04-11,Closed,0,7.58,3,176,1084.74,14
C000001,Carrier B,Liability,Mobile,2026-05-02,2026-05,2026-05-10,Closed,0,3.44,8,152,1544.99,14
C000002,Carrier C,Property,Mobile,2026-04-10,2026-04,2026-04-22,Closed,0,15.04,12,174,5492.57,20
C000003,Carrier B,Property,Web,2026-06-14,2026-06,2026-06-22,Closed,0,9.79,8,109,2403.73,20
C000004,Carrier B,Liability,Agent,2026-05-01,2026-05,2026-05-11,Closed,1,27.49,10,153,4159.47,14
C000005,Carrier C,Liability,Web,2026-04-24,2026-04,2026-05-09,Closed,0,17.1,15,160,1954.68,14
C000006,Carrier B,Property,Agent,2026-07-17,2026-07,2026-07-31,Closed,1,14.43,14,76,851.6,20
C000007,Carrier A,Auto,Web,2026-08-04,2026-08,2026-08-20,Closed,1,22.69,16,58,15360.81,14
C000008,Carrier A,Liability,Web,2026-09-13,2026-09,2026-09-19,Closed,0,6.49,6,18,2493.09,14
C000009,Carrier C,Auto,Web,2026-08-05,2026-08,2026-08-06,Closed,0,8.93,1,57,4304.03,14
C000010,Carrier A,Liability,Mobile,2026-09-30,2026-09,,Open,0,7.7,,1,0,14
C000011,Carrier A,Property,Mobile,2026-09-23,2026-09,,Open,0,11.03,,8,0,20
