claim_id,carrier,claim_type,channel,opened_date,cohort_month,closed_date,status,missing_documents,first_response_hours,cycle_days,age_days,paid_amount,sla_days,alerts_per_claim,max_risk_score
C000000,Carrier C,Liability,Mobile,2026-04-08,2026-04,2026-04-11,Closed,0.0,7.58,3.0,176.0,1084.74,14.0,0,
C000001,Carrier B,Liability,Mobile,2026-05-02,2026-05,2026-05-10,Closed,0.0,3.44,8.0,152.0,1544.99,14.0,0,
C000002,Carrier C,Property,Mobile,2026-04-10,2026-04,2026-04-22,Closed,0.0,15.04,12.0,174.0,5492.57,20.0,0,
C000003,Carrier B,Property,Web,2026-06-14,2026-06,2026-06-22,Closed,0.0,9.79,8.0,109.0,2403.73,20.0,0,
C000004,Carrier B,Liability,Agent,2026-05-01,2026-05,2026-05-11,Closed,1.0,27.49,10.0,153.0,4159.47,14.0,0,
C000005,Carrier C,Liability,Web,2026-04-24,2026-04,2026-05-09,Closed,0.0,17.1,15.0,160.0,1954.68,14.0,0,
C000006,Carrier B,Property,Agent,2026-07-17,2026-07,2026-07-31,Closed,1.0,14.43,14.0,76.0,851.6,20.0,0,
C000007,Carrier A,Auto,Web,2026-08-04,2026-08,2026-08-20,Closed,1.0,22.69,16.0,58.0,15360.81,14.0,2,0.7649
C000008,Carrier A,Liability,Web,2026-09-13,2026-09,2026-09-19,Closed,0.0,6.49,6.0,18.0,2493.09,14.0,1,0.5756
C000009,Carrier C,Auto,Web,2026-08-05,2026-08,2026-08-06,Closed,0.0,8.93,1.0,57.0,4304.03,14.0,0,
C000010,Carrier A,Liability,Mobile,2026-09-30,2026-09,,Open,0.0,7.7,,1.0,0.0,14.0,0,
C000011,Carrier A,Property,Mobile,2026-09-23,2026-09,,Open,0.0,11.03,,8.0,0.0,20.0,0,
C000012,Carrier A,Liability,Web,2026-07-11,2026-07,2026-07-19,Closed,0.0,17.94,8.0,82.0,5143.06,14.0,1,0.3071
C000013,Carrier B,Auto,Agent,2026-06-09,2026-06,2026-06-17,Closed,0.0,14.66,8.0,114.0,2867.06,14.0,0,
C000014,Carrier A,Property,Web,2026-09-05,2026-09,2026-09-16,Closed,0.0,11.27,11.0,26.0,4317.64,20.0,1,0.7002
C000015,Carrier B,Auto,Mobile,2026-05-28,2026-05,2026-06-14,Closed,1.0,16.24,17.0,126.0,5236.65,14.0,1,0.9156
C000016,Carrier A,Auto,Web,2026-04-19,2026-04,2026-04-20,Closed,0.0,11.16,1.0,165.0,1244.39,14.0,0,
C000017,Carrier B,Property,Web,2026-05-05,2026-05,2026-05-21,Closed,1.0,11.08,16.0,149.0,8888.05,20.0,0,
C000018,Carrier A,Property,Agent,2026-05-18,2026-05,2026-05-24,Closed,0.0,12.38,6.0,136.0,2486.44,20.0,0,
C000019,Carrier A,Property,Agent,2026-06-10,2026-06,2026-06-16,Closed,0.0,11.91,6.0,113.0,6668.3,20.0,0,
C000020,Carrier A,Auto,Agent,2026-08-18,2026-08,2026-08-25,Closed,0.0,17.61,7.0,44.0,1742.97,14.0,0,
C000021,Carrier B,Liability,Mobile,2026-07-05,2026-07,2026-07-09,Closed,0.0,9.07,4.0,88.0,1513.01,14.0,0,
C000022,Carrier B,Property,Mobile,2026-05-28,2026-05,2026-06-07,Closed,0.0,7.79,10.0,126.0,12328.22,20.0,0,
C000023,Carrier C,Liability,Agent,2026-04-27,2026-04,2026-05-03,Closed,0.0,2.27,6.0,157.0,1595.89,14.0,0,
C000024,Carrier B,Liability,Agent,2026-05-07,2026-05,2026-05-21,Closed,1.0,23.05,14.0,147.0,723.3,14.0,0,
C000025,Carrier A,Property,Web,2026-07-29,2026-07,2026-08-10,Closed,0.0,14.34,12.0,64.0,4590.59,20.0,0,
C000026,Carrier B,Auto,Mobile,2026-08-09,2026-08,2026-08-10,Closed,0.0,6.48,1.0,53.0,2135.94,14.0,1,0.571
C000027,Carrier A,Auto,Web,2026-07-08,2026-07,2026-07-15,Closed,0.0,4.88,7.0,85.0,5964.9,14.0,0,
C000028,Carrier A,Liability,Web,2026-09-09,2026-09,2026-09-21,Closed,0.0,11.23,12.0,22.0,3121.84,14.0,1,0.1893
C000029,Carrier C,Auto,Web,2026-04-20,2026-04,2026-04-26,Closed,0.0,2.75,6.0,164.0,506.18,14.0,0,
C000030,Carrier B,Property,Agent,2026-05-05,2026-05,2026-05-16,Closed,0.0,17.48,11.0,149.0,6755.71,20.0,0,
C000031,Carrier B,Auto,Mobile,2026-07-07,2026-07,2026-07-19,Closed,1.0,13.95,12.0,86.0,3333.07,14.0,0,
C000032,Carrier C,Auto,Web,2026-06-04,2026-06,2026-06-14,Closed,0.0,11.13,10.0,119.0,3061.4,14.0,1,0.4182
C000033,Carrier A,Property,Agent,2026-05-05,2026-05,,Open,1.0,18.75,,149.0,0.0,20.0,1,0.5997
C000034,Carrier C,Auto,Agent,2026-05-21,2026-05,2026-05-28,Closed,0.0,16.89,7.0,133.0,251.9,14.0,0,
C000035,Carrier C,Liability,Mobile,2026-04-14,2026-04,2026-04-23,Closed,0.0,8.71,9.0,170.0,1602.69,14.0,1,0.8754
C000036,Carrier C,Liability,Web,2026-08-09,2026-08,2026-08-17,Closed,0.0,16.11,8.0,53.0,3776.94,14.0,0,
C000037,Carrier A,Liability,Agent,2026-09-03,2026-09,2026-09-05,Closed,0.0,15.85,2.0,28.0,2874.68,14.0,0,
C000038,Carrier B,Property,Agent,2026-07-02,2026-07,2026-07-21,Closed,0.0,3.01,19.0,91.0,1673.07,20.0,0,
C000039,Carrier C,Property,Web,2026-06-05,2026-06,2026-06-18,Closed,0.0,8.94,13.0,118.0,7885.27,20.0,0,
C000040,Carrier A,Auto,Agent,2026-05-29,2026-05,2026-06-02,Closed,0.0,13.37,4.0,125.0,3873.42,14.0,1,0.3768
C000041,Carrier A,Liability,Mobile,2026-09-30,2026-09,,Open,0.0,3.35,,1.0,0.0,14.0,1,0.4483
C000042,Carrier C,Property,Web,2026-05-12,2026-05,2026-05-22,Closed,0.0,7.37,10.0,142.0,22712.77,20.0,1,0.2367
C000043,Carrier C,Auto,Web,2026-04-26,2026-04,,Open,0.0,15.61,,158.0,0.0,14.0,0,
C000044,Carrier C,Auto,Agent,2026-08-19,2026-08,2026-08-26,Closed,0.0,6.19,7.0,43.0,592.72,14.0,0,
C000045,Carrier B,Property,Mobile,2026-04-08,2026-04,,Open,0.0,1.71,,176.0,0.0,20.0,0,
C000046,Carrier C,Auto,Agent,2026-08-26,2026-08,2026-09-08,Closed,0.0,5.6,13.0,36.0,4102.78,14.0,1,0.66
C000047,Carrier B,Auto,Agent,2026-05-09,2026-05,2026-05-12,Closed,0.0,7.81,3.0,145.0,8815.37,14.0,1,0.4103
C000048,Carrier B,Liability,Web,2026-07-14,2026-07,,Open,0.0,9.17,,79.0,0.0,14.0,0,
C000049,Carrier C,Liability,Web,2026-07-24,2026-07,2026-08-02,Closed,0.0,5.52,9.0,69.0,996.7,14.0,0,
C000050,Carrier A,Auto,Web,2026-08-05,2026-08,2026-08-07,Closed,0.0,14.57,2.0,57.0,7260.08,14.0,0,
C000051,Carrier B,Property,Mobile,2026-05-22,2026-05,,Open,0.0,3.24,,132.0,0.0,20.0,1,0.36
C000052,Carrier B,Property,Web,2026-09-22,2026-09,,Open,0.0,4.88,,9.0,0.0,20.0,0,
C000053,Carrier C,Auto,Web,2026-07-12,2026-07,2026-07-13,Closed,0.0,10.85,1.0,81.0,3822.9,14.0,0,
C000054,Carrier C,Property,Agent,2026-09-06,2026-09,2026-09-21,Closed,0.0,15.91,15.0,25.0,1205.97,20.0,0,
C000055,Carrier B,Liability,Mobile,2026-07-20,2026-07,2026-07-22,Closed,0.0,12.36,2.0,73.0,1977.73,14.0,1,0.8919
C000056,Carrier B,Property,Agent,2026-05-17,2026-05,2026-05-23,Closed,0.0,1.76,6.0,137.0,2263.51,20.0,0,
C000057,Carrier A,Property,Mobile,2026-06-01,2026-06,2026-06-21,Closed,0.0,1.54,20.0,122.0,7215.89,20.0,1,0.2964
C000058,Carrier A,Liability,Mobile,2026-06-24,2026-06,,Open,1.0,15.19,,99.0,0.0,14.0,0,
C000059,Carrier B,Liability,Mobile,2026-07-06,2026-07,2026-07-07,Closed,0.0,2.33,1.0,87.0,11516.27,14.0,0,
C000060,Carrier A,Property,Web,2026-08-06,2026-08,2026-08-15,Closed,0.0,5.03,9.0,56.0,4847.49,20.0,0,
C000061,Carrier A,Property,Mobile,2026-05-12,2026-05,2026-06-06,Closed,1.0,23.51,25.0,142.0,4238.3,20.0,0,
C000062,Carrier C,Auto,Web,2026-04-29,2026-04,,Open,0.0,15.7,,155.0,0.0,14.0,0,
C000063,Carrier C,Property,Web,2026-04-11,2026-04,2026-04-17,Closed,0.0,15.03,6.0,173.0,941.42,20.0,1,0.1649
C000064,Carrier A,Property,Web,2026-08-18,2026-08,2026-09-01,Closed,0.0,15.65,14.0,44.0,2948.14,20.0,0,
C000065,Carrier A,Liability,Web,2026-09-23,2026-09,,Open,0.0,13.66,,8.0,0.0,14.0,0,
C000066,Carrier A,Liability,Web,2026-04-17,2026-04,,Open,0.0,4.6,,167.0,0.0,14.0,0,
C000067,Carrier A,Property,Mobile,2026-06-25,2026-06,2026-07-15,Closed,0.0,2.02,20.0,98.0,3829.68,20.0,0,
C000068,Carrier A,Auto,Web,2026-07-03,2026-07,2026-07-22,Closed,0.0,10.99,19.0,90.0,10868.65,14.0,0,
C000069,Carrier C,Liability,Mobile,2026-05-08,2026-05,2026-05-17,Closed,0.0,16.17,9.0,146.0,854.43,14.0,2,0.7392
C000070,Carrier B,Auto,Web,2026-09-14,2026-09,2026-09-25,Closed,0.0,13.47,11.0,17.0,472.97,14.0,1,0.7738
C000071,Carrier C,Auto,Mobile,2026-07-21,2026-07,2026-07-27,Closed,0.0,1.45,6.0,72.0,4178.08,14.0,0,
C000072,Carrier C,Property,Mobile,2026-07-15,2026-07,2026-08-03,Closed,0.0,13.96,19.0,78.0,1030.61,20.0,0,
C000073,Carrier A,Auto,Agent,2026-08-25,2026-08,2026-09-03,Closed,0.0,8.39,9.0,37.0,2636.24,14.0,0,
C000074,Carrier C,Auto,Agent,2026-04-27,2026-04,2026-04-30,Closed,0.0,14.87,3.0,157.0,5594.68,14.0,0,
C000075,Carrier B,Auto,Agent,2026-05-30,2026-05,2026-06-01,Closed,0.0,14.9,2.0,124.0,10303.12,14.0,0,
C000076,Carrier B,Auto,Mobile,2026-08-20,2026-08,,Open,1.0,20.9,,42.0,0.0,14.0,0,
C000077,Carrier B,Auto,Web,2026-09-04,2026-09,2026-09-12,Closed,0.0,11.88,8.0,27.0,2029.68,14.0,1,0.579
C000078,Carrier A,Property,Web,2026-04-29,2026-04,2026-05-14,Closed,0.0,11.55,15.0,155.0,2708.95,20.0,0,
C000079,Carrier B,Auto,Mobile,2026-06-19,2026-06,2026-06-25,Closed,0.0,13.65,6.0,104.0,4788.56,14.0,1,0.8415
C000080,Carrier C,Property,Mobile,2026-08-01,2026-08,2026-08-09,Closed,0.0,6.34,8.0,61.0,5981.95,20.0,1,0.133
C000081,Carrier C,Property,Web,2026-05-23,2026-05,2026-06-06,Closed,0.0,15.27,14.0,131.0,485.99,20.0,0,
C000082,Carrier C,Auto,Agent,2026-08-05,2026-08,2026-08-26,Closed,0.0,16.37,21.0,57.0,6368.38,14.0,1,0.6555
C000083,Carrier A,Liability,Web,2026-08-01,2026-08,2026-08-02,Closed,0.0,15.9,1.0,61.0,927.04,14.0,0,
C000084,Carrier A,Property,Agent,2026-07-03,2026-07,2026-07-28,Closed,1.0,12.24,25.0,90.0,6749.84,20.0,1,0.7373
C000085,Carrier B,Liability,Agent,2026-09-18,2026-09,2026-09-28,Closed,0.0,6.84,10.0,13.0,1545.23,14.0,1,0.9226
C000086,Carrier A,Auto,Web,2026-06-08,2026-06,2026-06-13,Closed,0.0,12.96,5.0,115.0,3728.22,14.0,0,
C000087,Carrier C,Liability,Web,2026-04-04,2026-04,2026-04-07,Closed,0.0,14.25,3.0,180.0,4147.33,14.0,0,
C000088,Carrier A,Liability,Mobile,2026-05-30,2026-05,,Open,0.0,12.96,,124.0,0.0,14.0,1,0.4058
C000089,Carrier A,Property,Mobile,2026-04-05,2026-04,2026-04-24,Closed,1.0,26.66,19.0,179.0,8541.16,20.0,0,
C000090,Carrier A,Liability,Mobile,2026-04-06,2026-04,2026-04-09,Closed,0.0,3.7,3.0,178.0,1847.75,14.0,0,
C000091,Carrier A,Property,Agent,2026-08-29,2026-08,2026-09-04,Closed,0.0,1.05,6.0,33.0,6909.04,20.0,0,
C000092,Carrier B,Liability,Mobile,2026-08-21,2026-08,2026-08-27,Closed,0.0,11.3,6.0,41.0,1673.27,14.0,0,
C000093,Carrier C,Property,Agent,2026-07-24,2026-07,2026-08-10,Closed,0.0,1.63,17.0,69.0,5520.49,20.0,0,
C000094,Carrier C,Liability,Web,2026-04-24,2026-04,2026-04-29,Closed,0.0,14.78,5.0,160.0,767.17,14.0,0,
C000095,Carrier A,Liability,Agent,2026-08-31,2026-08,2026-09-16,Closed,0.0,8.26,16.0,31.0,15698.96,14.0,0,
C000096,Carrier B,Property,Web,2026-06-26,2026-06,2026-07-11,Closed,0.0,4.89,15.0,97.0,4633.07,20.0,0,
C000097,Carrier A,Liability,Mobile,2026-09-07,2026-09,2026-09-23,Closed,0.0,17.07,16.0,24.0,6580.76,14.0,1,0.7403
C000098,Carrier C,Property,Agent,2026-08-10,2026-08,2026-08-20,Closed,0.0,7.34,10.0,52.0,6082.75,20.0,0,
C000099,Carrier B,Auto,Web,2026-05-13,2026-05,2026-05-17,Closed,0.0,10.36,4.0,141.0,2892.25,14.0,1,0.7479
C000100,Carrier A,Liability,Agent,2026-05-10,2026-05,2026-05-22,Closed,0.0,15.0,12.0,144.0,5442.93,14.0,0,
C000101,Carrier B,Auto,Mobile,2026-06-06,2026-06,2026-06-23,Closed,1.0,21.99,17.0,117.0,1244.77,14.0,0,
C000102,Carrier B,Property,Web,2026-09-06,2026-09,2026-09-25,Closed,0.0,3.2,19.0,25.0,2304.11,20.0,1,0.5487
C000103,Carrier B,Auto,Agent,2026-07-20,2026-07,2026-08-03,Closed,1.0,25.82,14.0,73.0,1774.11,14.0,1,0.8393
C000104,Carrier B,Property,Web,2026-06-01,2026-06,2026-06-22,Closed,0.0,3.25,21.0,122.0,2550.82,20.0,0,
C000105,Carrier C,Liability,Web,2026-04-05,2026-04,2026-04-16,Closed,0.0,8.4,11.0,179.0,3918.48,14.0,0,
C000106,Carrier C,Auto,Web,2026-05-08,2026-05,,Open,0.0,16.67,,146.0,0.0,14.0,0,
C000107,Carrier C,Auto,Agent,2026-08-02,2026-08,2026-08-04,Closed,0.0,12.64,2.0,60.0,7587.77,14.0,0,
C000108,Carrier B,Property,Web,2026-04-14,2026-04,2026-05-02,Closed,1.0,13.82,18.0,170.0,2114.02,20.0,0,
C000109,Carrier A,Liability,Agent,2026-09-06,2026-09,2026-09-13,Closed,0.0,12.12,7.0,25.0,2103.71,14.0,0,
C000110,Carrier C,Liability,Web,2026-04-18,2026-04,,Open,0.0,13.36,,166.0,0.0,14.0,1,0.1528
C000111,Carrier A,Auto,Web,2026-08-06,2026-08,2026-08-18,Closed,0.0,14.78,12.0,56.0,2871.3,14.0,0,
C000112,Carrier B,Liability,Mobile,2026-08-11,2026-08,2026-08-31,Closed,1.0,24.91,20.0,51.0,2242.74,14.0,0,
C000113,Carrier C,Liability,Mobile,2026-09-25,2026-09,2026-09-29,Closed,0.0,11.18,4.0,6.0,2115.12,14.0,1,0.6691
C000114,Carrier A,Property,Web,2026-08-20,2026-08,2026-09-05,Closed,1.0,23.01,16.0,42.0,13124.83,20.0,1,0.8176
C000115,Carrier C,Auto,Agent,2026-07-01,2026-07,2026-07-07,Closed,0.0,3.83,6.0,92.0,2853.17,14.0,0,
C000116,Carrier C,Property,Mobile,2026-04-27,2026-04,2026-05-20,Closed,1.0,13.07,23.0,157.0,4431.38,20.0,0,
C000117,Carrier B,Liability,Agent,2026-05-17,2026-05,2026-06-09,Closed,1.0,21.32,23.0,137.0,1216.33,14.0,0,
C000118,Carrier A,Auto,Agent,2026-07-07,2026-07,2026-07-20,Closed,0.0,9.13,13.0,86.0,4075.12,14.0,0,
C000119,Carrier C,Auto,Agent,2026-07-03,2026-07,2026-07-20,Closed,1.0,19.93,17.0,90.0,4930.78,14.0,0,
C000120,Carrier A,Liability,Web,2026-08-28,2026-08,2026-08-30,Closed,0.0,1.83,2.0,34.0,11123.18,14.0,1,0.8794
C000121,Carrier C,Property,Web,2026-08-10,2026-08,2026-08-27,Closed,1.0,23.44,17.0,52.0,6645.83,20.0,1,0.9166
C000122,Carrier B,Property,Agent,2026-09-07,2026-09,2026-09-16,Closed,0.0,7.8,9.0,24.0,5059.67,20.0,0,
C000123,Carrier C,Auto,Mobile,2026-07-03,2026-07,2026-07-09,Closed,0.0,3.69,6.0,90.0,7853.11,14.0,1,0.3859
C000124,Carrier B,Auto,Web,2026-05-27,2026-05,2026-06-17,Closed,0.0,12.11,21.0,127.0,1768.52,14.0,0,
C000125,Carrier B,Liability,Agent,2026-08-22,2026-08,2026-09-12,Closed,1.0,22.59,21.0,40.0,2170.78,14.0,0,
C000126,Carrier B,Property,Agent,2026-09-12,2026-09,2026-09-18,Closed,0.0,15.81,6.0,19.0,6599.49,20.0,0,
C000127,Carrier B,Auto,Web,2026-07-03,2026-07,2026-07-05,Closed,0.0,11.38,2.0,90.0,2144.85,14.0,0,
C000128,Carrier B,Property,Mobile,2026-08-19,2026-08,2026-08-24,Closed,0.0,12.06,5.0,43.0,4805.99,20.0,0,
C000129,Carrier C,Auto,Agent,2026-09-08,2026-09,,Open,0.0,14.93,,23.0,0.0,14.0,1,0.7942
C000130,Carrier C,Liability,Agent,2026-08-31,2026-08,2026-09-04,Closed,0.0,6.37,4.0,31.0,1274.19,14.0,0,
C000131,Carrier A,Auto,Agent,2026-09-30,2026-09,,Open,0.0,11.31,,1.0,0.0,14.0,0,
C000132,Carrier C,Auto,Mobile,2026-05-29,2026-05,2026-06-05,Closed,0.0,14.71,7.0,125.0,2984.04,14.0,0,
C000133,Carrier A,Liability,Web,2026-07-02,2026-07,2026-07-03,Closed,0.0,14.48,1.0,91.0,1670.67,14.0,0,
C000134,Carrier B,Property,Mobile,2026-05-18,2026-05,2026-05-30,Closed,0.0,6.38,12.0,136.0,5060.24,20.0,0,
C000135,Carrier A,Liability,Agent,2026-04-06,2026-04,,Open,0.0,15.95,,178.0,0.0,14.0,0,
C000136,Carrier B,Liability,Mobile,2026-05-31,2026-05,2026-06-21,Closed,1.0,16.04,21.0,123.0,4768.75,14.0,0,
C000137,Carrier C,Auto,Agent,2026-05-31,2026-05,2026-06-01,Closed,0.0,15.46,1.0,123.0,2556.51,14.0,0,
C000138,Carrier C,Liability,Mobile,2026-04-13,2026-04,2026-04-22,Closed,1.0,27.24,9.0,171.0,14540.71,14.0,0,
C000139,Carrier A,Liability,Mobile,2026-09-18,2026-09,,Open,0.0,17.02,,13.0,0.0,14.0,0,
C000140,Carrier B,Auto,Mobile,2026-09-19,2026-09,,Open,1.0,27.82,,12.0,0.0,14.0,0,
C000141,Carrier C,Liability,Agent,2026-09-24,2026-09,,Open,0.0,8.92,,7.0,0.0,14.0,1,0.564
C000142,Carrier B,Property,Agent,2026-06-06,2026-06,2026-06-12,Closed,0.0,12.09,6.0,117.0,1787.87,20.0,1,0.2935
C000143,Carrier B,Auto,Web,2026-08-16,2026-08,2026-09-08,Closed,0.0,8.93,23.0,46.0,10948.24,14.0,1,0.5619
C000144,Carrier B,Property,Agent,2026-09-18,2026-09,,Open,1.0,22.61,,13.0,0.0,20.0,0,
C000145,Carrier C,Liability,Mobile,2026-05-03,2026-05,,Open,1.0,25.16,,151.0,0.0,14.0,0,
C000146,Carrier B,Property,Agent,2026-04-25,2026-04,2026-05-09,Closed,0.0,5.5,14.0,159.0,6409.89,20.0,0,
C000147,Carrier B,Liability,Web,2026-07-07,2026-07,2026-07-21,Closed,1.0,11.32,14.0,86.0,2453.06,14.0,1,0.9868
C000148,Carrier B,Liability,Mobile,2026-06-23,2026-06,2026-06-27,Closed,0.0,16.17,4.0,100.0,3201.84,14.0,1,0.6208
C000149,Carrier A,Property,Agent,2026-04-27,2026-04,2026-05-15,Closed,0.0,14.31,18.0,157.0,1306.2,20.0,0,
C000150,Carrier B,Liability,Web,2026-09-03,2026-09,2026-09-26,Closed,0.0,13.4,23.0,28.0,5657.33,14.0,0,
C000151,Carrier A,Auto,Agent,2026-08-26,2026-08,2026-08-30,Closed,0.0,5.44,4.0,36.0,592.58,14.0,0,
C000152,Carrier A,Auto,Mobile,2026-05-03,2026-05,2026-05-09,Closed,0.0,6.2,6.0,151.0,7888.3,14.0,0,
C000153,Carrier A,Liability,Mobile,2026-05-07,2026-05,2026-05-12,Closed,0.0,5.92,5.0,147.0,4378.86,14.0,0,
C000154,Carrier B,Auto,Mobile,2026-08-19,2026-08,2026-08-26,Closed,0.0,5.37,7.0,43.0,237.65,14.0,1,0.9366
C000155,Carrier C,Liability,Agent,2026-05-20,2026-05,2026-06-19,Closed,1.0,11.93,30.0,134.0,1021.61,14.0,0,
C000156,Carrier B,Liability,Web,2026-07-18,2026-07,2026-07-29,Closed,0.0,8.96,11.0,75.0,2150.45,14.0,0,
C000157,Carrier A,Property,Mobile,2026-08-05,2026-08,2026-08-14,Closed,0.0,7.86,9.0,57.0,2000.66,20.0,1,0.5528
C000158,Carrier A,Property,Mobile,2026-08-17,2026-08,,Open,0.0,1.34,,45.0,0.0,20.0,0,
C000159,Carrier C,Auto,Agent,2026-06-18,2026-06,2026-06-26,Closed,0.0,17.56,8.0,105.0,3766.16,14.0,0,
C000160,Carrier A,Liability,Web,2026-09-07,2026-09,2026-09-13,Closed,0.0,16.56,6.0,24.0,8489.73,14.0,0,
C000161,Carrier C,Auto,Agent,2026-05-03,2026-05,2026-05-05,Closed,0.0,2.79,2.0,151.0,2703.82,14.0,1,0.1675
C000162,Carrier B,Liability,Mobile,2026-04-02,2026-04,2026-04-16,Closed,0.0,9.21,14.0,182.0,2458.82,14.0,0,
C000163,Carrier C,Liability,Agent,2026-08-29,2026-08,2026-09-21,Closed,0.0,3.99,23.0,33.0,1954.56,14.0,0,
C000164,Carrier C,Property,Web,2026-06-25,2026-06,2026-07-11,Closed,0.0,8.16,16.0,98.0,2241.24,20.0,0,
C000165,Carrier C,Property,Agent,2026-07-05,2026-07,2026-07-16,Closed,0.0,12.33,11.0,88.0,1884.97,20.0,1,0.3766
C000166,Carrier A,Property,Web,2026-09-05,2026-09,,Open,0.0,16.44,,26.0,0.0,20.0,1,0.1582
C000167,Carrier A,Auto,Mobile,2026-08-21,2026-08,2026-09-11,Closed,1.0,21.31,21.0,41.0,3451.1,14.0,1,0.3666
C000168,Carrier B,Auto,Agent,2026-05-14,2026-05,2026-05-27,Closed,0.0,3.22,13.0,140.0,821.12,14.0,0,
C000169,Carrier B,Liability,Web,2026-08-15,2026-08,2026-08-23,Closed,0.0,13.1,8.0,47.0,15560.3,14.0,0,
C000170,Carrier B,Liability,Agent,2026-07-16,2026-07,2026-08-01,Closed,1.0,25.94,16.0,77.0,2410.32,14.0,0,
C000171,Carrier A,Property,Mobile,2026-05-06,2026-05,2026-05-12,Closed,0.0,3.61,6.0,148.0,6004.24,20.0,0,
C000172,Carrier B,Liability,Web,2026-08-21,2026-08,2026-08-28,Closed,0.0,1.48,7.0,41.0,959.97,14.0,0,
C000173,Carrier B,Auto,Agent,2026-06-13,2026-06,2026-06-16,Closed,0.0,1.1,3.0,110.0,2281.24,14.0,0,
C000174,Carrier A,Auto,Mobile,2026-08-19,2026-08,,Open,0.0,9.45,,43.0,0.0,14.0,0,
C000175,Carrier A,Liability,Web,2026-09-30,2026-09,,Open,0.0,14.8,,1.0,0.0,14.0,0,
C000176,Carrier B,Auto,Web,2026-08-25,2026-08,2026-09-05,Closed,0.0,14.03,11.0,37.0,2002.09,14.0,0,
C000177,Carrier B,Liability,Web,2026-04-03,2026-04,2026-04-11,Closed,0.0,9.96,8.0,181.0,6160.93,14.0,0,
C000178,Carrier A,Auto,Agent,2026-08-16,2026-08,2026-08-24,Closed,0.0,4.63,8.0,46.0,4853.37,14.0,0,
C000179,Carrier C,Auto,Mobile,2026-07-07,2026-07,2026-07-25,Closed,0.0,17.0,18.0,86.0,5665.54,14.0,0,
C000180,Carrier B,Property,Web,2026-09-26,2026-09,,Open,0.0,12.1,,5.0,0.0,20.0,0,
C000181,Carrier A,Auto,Agent,2026-09-05,2026-09,2026-09-16,Closed,0.0,11.96,11.0,26.0,3203.6,14.0,0,
C000182,Carrier B,Auto,Mobile,2026-07-21,2026-07,2026-07-29,Closed,0.0,11.04,8.0,72.0,3553.59,14.0,0,
C000183,Carrier C,Liability,Agent,2026-04-20,2026-04,2026-05-06,Closed,0.0,8.24,16.0,164.0,2798.33,14.0,0,
C000184,Carrier B,Liability,Mobile,2026-09-09,2026-09,2026-09-18,Closed,0.0,6.31,9.0,22.0,3936.25,14.0,0,
C000185,Carrier C,Property,Agent,2026-05-02,2026-05,2026-05-10,Closed,0.0,1.76,8.0,152.0,3875.1,20.0,0,
C000186,Carrier B,Auto,Web,2026-07-19,2026-07,2026-07-23,Closed,0.0,15.49,4.0,74.0,3198.7,14.0,0,
C000187,Carrier B,Auto,Web,2026-05-22,2026-05,2026-06-01,Closed,0.0,9.17,10.0,132.0,2216.34,14.0,0,
C000188,Carrier C,Auto,Agent,2026-06-23,2026-06,,Open,0.0,11.53,,100.0,0.0,14.0,0,
C000189,Carrier C,Property,Mobile,2026-06-05,2026-06,,Open,0.0,1.97,,118.0,0.0,20.0,0,
C000190,Carrier A,Liability,Web,2026-09-28,2026-09,,Open,0.0,13.43,,3.0,0.0,14.0,1,0.2593
C000191,Carrier A,Auto,Mobile,2026-07-17,2026-07,2026-07-27,Closed,0.0,2.17,10.0,76.0,4932.12,14.0,0,
C000192,Carrier C,Liability,Mobile,2026-05-18,2026-05,2026-05-25,Closed,0.0,2.23,7.0,136.0,2295.58,14.0,0,
C000193,Carrier A,Property,Agent,2026-06-28,2026-06,2026-07-08,Closed,0.0,13.17,10.0,95.0,2278.99,20.0,0,
C000194,Carrier B,Liability,Mobile,2026-04-20,2026-04,2026-04-23,Closed,0.0,6.71,3.0,164.0,2841.85,14.0,0,
C000195,Carrier C,Auto,Mobile,2026-07-26,2026-07,2026-08-07,Closed,0.0,12.58,12.0,67.0,6872.45,14.0,0,
C000196,Carrier B,Property,Mobile,2026-05-29,2026-05,2026-06-11,Closed,0.0,17.07,13.0,125.0,1113.24,20.0,0,
C000197,Carrier B,Liability,Web,2026-06-13,2026-06,2026-06-25,Closed,0.0,17.22,12.0,110.0,11700.12,14.0,0,
C000198,Carrier B,Auto,Mobile,2026-05-28,2026-05,2026-06-03,Closed,0.0,14.23,6.0,126.0,751.94,14.0,0,
C000199,Carrier A,Property,Agent,2026-09-06,2026-09,2026-10-01,Closed,0.0,10.18,25.0,25.0,1790.26,20.0,0,
C000200,Carrier A,Property,Mobile,2026-08-27,2026-08,2026-09-19,Closed,0.0,15.87,23.0,35.0,919.13,20.0,2,0.9613
C000201,Carrier C,Liability,Agent,2026-05-30,2026-05,2026-06-06,Closed,0.0,13.87,7.0,124.0,1153.88,14.0,0,
C000202,Carrier C,Property,Web,2026-05-15,2026-05,2026-05-28,Closed,0.0,16.9,13.0,139.0,6477.19,20.0,0,
C000203,Carrier B,Liability,Mobile,2026-06-26,2026-06,2026-07-04,Closed,0.0,14.95,8.0,97.0,12906.72,14.0,0,
C000204,Carrier C,Auto,Agent,2026-09-10,2026-09,2026-09-18,Closed,0.0,9.88,8.0,21.0,4559.04,14.0,0,
C000205,Carrier B,Property,Agent,2026-04-05,2026-04,2026-04-22,Closed,0.0,16.43,17.0,179.0,1798.62,20.0,0,
C000206,Carrier A,Property,Mobile,2026-09-27,2026-09,,Open,0.0,2.34,,4.0,0.0,20.0,0,
C000207,Carrier A,Property,Web,2026-07-05,2026-07,2026-07-17,Closed,0.0,3.32,12.0,88.0,1880.43,20.0,0,
C000208,Carrier B,Auto,Web,2026-06-15,2026-06,,Open,0.0,4.36,,108.0,0.0,14.0,0,
C000209,Carrier C,Auto,Web,2026-08-10,2026-08,2026-08-18,Closed,0.0,12.27,8.0,52.0,2656.73,14.0,0,
C000210,Carrier C,Liability,Web,2026-08-15,2026-08,2026-08-17,Closed,0.0,8.05,2.0,47.0,1273.31,14.0,0,
C000211,Carrier C,Property,Web,2026-07-25,2026-07,,Open,0.0,8.25,,68.0,0.0,20.0,0,
C000212,Carrier C,Liability,Mobile,2026-08-01,2026-08,2026-08-07,Closed,0.0,12.92,6.0,61.0,2472.3,14.0,0,
C000213,Carrier A,Liability,Agent,2026-04-01,2026-04,2026-04-06,Closed,0.0,16.78,5.0,183.0,3567.54,14.0,0,
C000214,Carrier B,Liability,Agent,2026-04-16,2026-04,2026-04-17,Closed,0.0,13.31,1.0,168.0,1456.68,14.0,1,0.524
C000215,Carrier A,Auto,Web,2026-08-29,2026-08,2026-09-02,Closed,0.0,11.05,4.0,33.0,1165.95,14.0,1,0.2084
C000216,Carrier C,Liability,Mobile,2026-07-31,2026-07,2026-08-01,Closed,0.0,9.67,1.0,62.0,2370.23,14.0,0,
C000217,Carrier C,Property,Agent,2026-09-17,2026-09,2026-10-01,Closed,0.0,9.72,14.0,14.0,1393.58,20.0,2,0.2245
C000218,Carrier C,Auto,Web,2026-05-12,2026-05,2026-05-14,Closed,0.0,14.88,2.0,142.0,6962.16,14.0,0,
C000219,Carrier B,Auto,Agent,2026-09-07,2026-09,2026-09-10,Closed,0.0,14.62,3.0,24.0,3904.7,14.0,0,
C000220,Carrier C,Property,Agent,2026-04-21,2026-04,2026-04-30,Closed,0.0,1.28,9.0,163.0,2133.08,20.0,0,
C000221,Carrier B,Auto,Mobile,2026-09-09,2026-09,2026-09-16,Closed,0.0,12.97,7.0,22.0,4514.51,14.0,0,
C000222,Carrier A,Property,Web,2026-09-16,2026-09,2026-09-21,Closed,0.0,11.78,5.0,15.0,5234.73,20.0,0,
C000223,Carrier A,Liability,Mobile,2026-08-29,2026-08,2026-09-22,Closed,1.0,17.87,24.0,33.0,2933.79,14.0,1,0.9646
C000224,Carrier A,Auto,Web,2026-04-10,2026-04,2026-04-25,Closed,0.0,1.54,15.0,174.0,8691.27,14.0,0,
C000225,Carrier B,Property,Mobile,2026-07-09,2026-07,2026-07-19,Closed,0.0,11.89,10.0,84.0,6691.43,20.0,0,
C000226,Carrier A,Property,Web,2026-04-13,2026-04,2026-04-28,Closed,0.0,3.14,15.0,171.0,1087.93,20.0,0,
C000227,Carrier C,Property,Mobile,2026-05-04,2026-05,2026-05-19,Closed,0.0,10.19,15.0,150.0,1816.96,20.0,1,0.1861
C000228,Carrier C,Property,Agent,2026-09-25,2026-09,,Open,1.0,24.8,,6.0,0.0,20.0,0,
C000229,Carrier C,Property,Web,2026-07-25,2026-07,2026-08-01,Closed,0.0,15.54,7.0,68.0,1408.06,20.0,0,
C000230,Carrier C,Liability,Mobile,2026-04-23,2026-04,2026-05-14,Closed,1.0,20.9,21.0,161.0,4232.7,14.0,0,
C000231,Carrier A,Auto,Agent,2026-05-15,2026-05,,Open,1.0,16.84,,139.0,0.0,14.0,0,
C000232,Carrier B,Auto,Mobile,2026-07-16,2026-07,2026-07-18,Closed,0.0,15.76,2.0,77.0,2638.4,14.0,0,
C000233,Carrier B,Auto,Web,2026-09-26,2026-09,2026-09-29,Closed,0.0,13.91,3.0,5.0,3953.43,14.0,0,
C000234,Carrier A,Liability,Mobile,2026-07-03,2026-07,2026-07-20,Closed,0.0,6.21,17.0,90.0,3944.73,14.0,0,
C000235,Carrier C,Auto,Agent,2026-04-08,2026-04,,Open,0.0,3.22,,176.0,0.0,14.0,0,
C000236,Carrier B,Auto,Mobile,2026-04-04,2026-04,2026-04-07,Closed,0.0,4.2,3.0,180.0,8281.93,14.0,0,
C000237,Carrier B,Auto,Web,2026-07-05,2026-07,2026-07-14,Closed,0.0,9.26,9.0,88.0,1632.28,14.0,0,
C000238,Carrier B,Property,Agent,2026-06-22,2026-06,2026-07-01,Closed,0.0,7.5,9.0,101.0,2992.57,20.0,0,
C000239,Carrier A,Auto,Mobile,2026-06-18,2026-06,2026-07-03,Closed,0.0,6.65,15.0,105.0,3398.41,14.0,0,
C000240,Carrier A,Liability,Web,2026-07-15,2026-07,2026-08-05,Closed,0.0,2.96,21.0,78.0,1797.41,14.0,0,
C000241,Carrier A,Property,Agent,2026-05-15,2026-05,2026-05-26,Closed,0.0,12.57,11.0,139.0,1027.78,20.0,0,
C000242,Carrier A,Auto,Agent,2026-09-03,2026-09,2026-09-23,Closed,0.0,2.84,20.0,28.0,3190.36,14.0,1,0.0022
C000243,Carrier B,Property,Agent,2026-09-25,2026-09,,Open,1.0,14.27,,6.0,0.0,20.0,0,
C000244,Carrier B,Liability,Agent,2026-09-26,2026-09,,Open,0.0,17.36,,5.0,0.0,14.0,0,
C000245,Carrier C,Auto,Agent,2026-05-07,2026-05,2026-05-10,Closed,0.0,2.95,3.0,147.0,5839.22,14.0,0,
C000246,Carrier C,Property,Mobile,2026-06-15,2026-06,2026-07-01,Closed,1.0,17.18,16.0,108.0,3415.88,20.0,0,
C000247,Carrier C,Property,Web,2026-06-30,2026-06,2026-07-17,Closed,0.0,7.71,17.0,93.0,1658.68,20.0,0,
C000248,Carrier C,Auto,Agent,2026-04-11,2026-04,2026-04-16,Closed,0.0,6.53,5.0,173.0,1585.46,14.0,1,0.4203
C000249,Carrier B,Property,Agent,2026-09-21,2026-09,,Open,0.0,7.37,,10.0,0.0,20.0,0,
C000250,Carrier A,Liability,Web,2026-09-25,2026-09,,Open,1.0,24.04,,6.0,0.0,14.0,0,
C000251,Carrier C,Auto,Agent,2026-08-25,2026-08,2026-08-28,Closed,0.0,5.0,3.0,37.0,2599.1,14.0,0,
C000252,Carrier A,Property,Agent,2026-05-05,2026-05,2026-05-12,Closed,0.0,16.13,7.0,149.0,4682.51,20.0,0,
C000253,Carrier A,Property,Web,2026-05-30,2026-05,2026-06-08,Closed,0.0,1.28,9.0,124.0,2885.15,20.0,0,
C000254,Carrier A,Liability,Mobile,2026-09-13,2026-09,2026-09-24,Closed,0.0,15.68,11.0,18.0,2855.54,14.0,0,
C000255,Carrier B,Liability,Agent,2026-06-06,2026-06,,Open,0.0,6.68,,117.0,0.0,14.0,1,0.3866
C000256,Carrier C,Liability,Web,2026-08-21,2026-08,2026-09-05,Closed,0.0,9.02,15.0,41.0,5541.89,14.0,0,
C000257,Carrier C,Auto,Web,2026-09-06,2026-09,2026-09-09,Closed,0.0,3.09,3.0,25.0,3616.05,14.0,0,
C000258,Carrier C,Property,Mobile,2026-08-03,2026-08,2026-08-16,Closed,0.0,13.47,13.0,59.0,16796.9,20.0,0,
C000259,Carrier C,Auto,Mobile,2026-04-13,2026-04,2026-04-25,Closed,0.0,8.45,12.0,171.0,3044.45,14.0,2,0.7524
C000260,Carrier C,Liability,Web,2026-08-27,2026-08,2026-08-29,Closed,0.0,15.41,2.0,35.0,939.18,14.0,0,
C000261,Carrier C,Liability,Mobile,2026-04-09,2026-04,2026-04-23,Closed,0.0,7.79,14.0,175.0,1072.38,14.0,0,
C000262,Carrier C,Property,Agent,2026-05-11,2026-05,,Open,0.0,5.44,,143.0,0.0,20.0,0,
C000263,Carrier B,Liability,Agent,2026-06-15,2026-06,2026-06-16,Closed,0.0,11.43,1.0,108.0,1804.17,14.0,0,
C000264,Carrier A,Property,Agent,2026-04-30,2026-04,2026-05-06,Closed,0.0,7.53,6.0,154.0,2653.22,20.0,1,0.8847
C000265,Carrier C,Property,Mobile,2026-06-10,2026-06,2026-06-20,Closed,0.0,6.47,10.0,113.0,6116.04,20.0,0,
C000266,Carrier B,Liability,Mobile,2026-04-30,2026-04,2026-05-03,Closed,0.0,3.38,3.0,154.0,4196.33,14.0,0,
C000267,Carrier C,Auto,Web,2026-05-27,2026-05,,Open,1.0,26.89,,127.0,0.0,14.0,0,
C000268,Carrier A,Property,Web,2026-08-05,2026-08,2026-08-11,Closed,0.0,14.68,6.0,57.0,8689.19,20.0,0,
C000269,Carrier B,Property,Mobile,2026-05-10,2026-05,2026-05-17,Closed,0.0,3.91,7.0,144.0,1691.86,20.0,0,
C000270,Carrier B,Liability,Mobile,2026-09-20,2026-09,,Open,1.0,14.28,,11.0,0.0,14.0,1,0.8653
C000271,Carrier A,Auto,Web,2026-05-20,2026-05,2026-05-22,Closed,0.0,14.71,2.0,134.0,2551.56,14.0,0,
C000272,Carrier B,Property,Web,2026-07-19,2026-07,2026-07-29,Closed,0.0,2.26,10.0,74.0,5541.05,20.0,0,
C000273,Carrier C,Liability,Web,2026-08-30,2026-08,2026-09-08,Closed,0.0,2.42,9.0,32.0,596.15,14.0,0,
C000274,Carrier C,Property,Web,2026-07-25,2026-07,2026-08-19,Closed,1.0,22.72,25.0,68.0,1179.67,20.0,0,
C000275,Carrier B,Liability,Agent,2026-05-08,2026-05,2026-05-24,Closed,0.0,14.71,16.0,146.0,17559.22,14.0,0,
C000276,Carrier A,Liability,Agent,2026-07-01,2026-07,2026-07-12,Closed,1.0,18.03,11.0,92.0,7283.36,14.0,0,
C000277,Carrier C,Auto,Agent,2026-06-01,2026-06,2026-06-11,Closed,0.0,17.86,10.0,122.0,13769.28,14.0,1,0.8249
C000278,Carrier B,Liability,Web,2026-07-31,2026-07,2026-08-25,Closed,1.0,27.89,25.0,62.0,1483.69,14.0,1,0.1445
C000279,Carrier A,Liability,Web,2026-05-27,2026-05,2026-06-27,Closed,1.0,17.4,31.0,127.0,3181.15,14.0,0,
C000280,Carrier C,Auto,Web,2026-04-26,2026-04,2026-05-07,Closed,0.0,8.01,11.0,158.0,6141.98,14.0,0,
C000281,Carrier A,Liability,Web,2026-04-10,2026-04,2026-04-22,Closed,1.0,13.99,12.0,174.0,1368.21,14.0,0,
C000282,Carrier A,Property,Web,2026-08-13,2026-08,2026-08-19,Closed,0.0,2.13,6.0,49.0,3086.26,20.0,0,
C000283,Carrier B,Liability,Agent,2026-07-12,2026-07,2026-07-18,Closed,0.0,17.39,6.0,81.0,13412.17,14.0,0,
C000284,Carrier B,Auto,Agent,2026-09-10,2026-09,2026-09-22,Closed,0.0,9.08,12.0,21.0,951.5,14.0,0,
C000285,Carrier C,Liability,Agent,2026-09-09,2026-09,2026-09-10,Closed,0.0,5.54,1.0,22.0,2475.59,14.0,0,
C000286,Carrier C,Property,Web,2026-05-29,2026-05,2026-06-06,Closed,0.0,13.93,8.0,125.0,4376.22,20.0,0,
C000287,Carrier A,Auto,Web,2026-07-13,2026-07,2026-07-18,Closed,0.0,16.33,5.0,80.0,250.5,14.0,2,0.6947
C000288,Carrier A,Liability,Web,2026-04-16,2026-04,2026-04-18,Closed,0.0,2.74,2.0,168.0,2214.44,14.0,2,0.98
C000289,Carrier A,Property,Mobile,2026-05-21,2026-05,2026-05-31,Closed,0.0,5.79,10.0,133.0,5296.77,20.0,0,
C000290,Carrier C,Auto,Agent,2026-05-26,2026-05,2026-05-29,Closed,0.0,10.92,3.0,128.0,4526.79,14.0,0,
C000291,Carrier B,Auto,Web,2026-07-20,2026-07,2026-07-27,Closed,0.0,17.07,7.0,73.0,2737.1,14.0,0,
C000292,Carrier A,Auto,Mobile,2026-07-07,2026-07,2026-07-11,Closed,0.0,15.38,4.0,86.0,2352.89,14.0,2,0.9336
C000293,Carrier B,Auto,Web,2026-05-25,2026-05,2026-05-27,Closed,0.0,2.25,2.0,129.0,10790.23,14.0,0,
C000294,Carrier C,Liability,Mobile,2026-08-10,2026-08,2026-08-16,Closed,0.0,8.7,6.0,52.0,3075.28,14.0,0,
C000295,Carrier C,Liability,Agent,2026-04-05,2026-04,2026-04-11,Closed,0.0,3.37,6.0,179.0,6255.29,14.0,0,
C000296,Carrier A,Liability,Web,2026-09-21,2026-09,,Open,1.0,19.27,,10.0,0.0,14.0,1,0.5246
C000297,Carrier A,Liability,Web,2026-08-26,2026-08,2026-09-05,Closed,0.0,4.7,10.0,36.0,6766.79,14.0,0,
C000298,Carrier C,Property,Agent,2026-07-02,2026-07,2026-07-16,Closed,0.0,16.62,14.0,91.0,2860.69,20.0,0,
C000299,Carrier A,Property,Mobile,2026-08-17,2026-08,2026-08-24,Closed,0.0,12.84,7.0,45.0,3158.1,20.0,0,
C000300,Carrier B,Auto,Mobile,2026-05-21,2026-05,2026-06-03,Closed,0.0,7.97,13.0,133.0,2369.92,14.0,1,0.6564
C000301,Carrier C,Liability,Mobile,2026-08-14,2026-08,2026-08-23,Closed,0.0,1.39,9.0,48.0,1750.24,14.0,1,0.7781
C000302,Carrier C,Auto,Web,2026-04-02,2026-04,2026-04-15,Closed,1.0,22.27,13.0,182.0,7702.88,14.0,0,
C000303,Carrier C,Property,Agent,2026-05-07,2026-05,,Open,0.0,17.56,,147.0,0.0,20.0,0,
C000304,Carrier A,Liability,Web,2026-07-14,2026-07,2026-08-11,Closed,1.0,15.48,28.0,79.0,16926.45,14.0,0,
C000305,Carrier A,Auto,Mobile,2026-09-01,2026-09,2026-09-11,Closed,0.0,11.84,10.0,30.0,3923.66,14.0,2,0.9011
C000306,Carrier C,Auto,Web,2026-05-22,2026-05,2026-06-04,Closed,0.0,10.64,13.0,132.0,2673.43,14.0,1,0.0958
C000307,Carrier A,Auto,Agent,2026-07-22,2026-07,2026-08-15,Closed,1.0,25.84,24.0,71.0,2169.15,14.0,1,0.6612
C000308,Carrier A,Property,Mobile,2026-08-08,2026-08,2026-09-11,Closed,1.0,14.31,34.0,54.0,6481.69,20.0,2,0.3938
C000309,Carrier C,Auto,Web,2026-08-15,2026-08,2026-08-25,Closed,0.0,16.97,10.0,47.0,5774.34,14.0,0,
C000310,Carrier A,Property,Mobile,2026-09-11,2026-09,2026-09-23,Closed,0.0,2.73,12.0,20.0,5167.94,20.0,0,
C000311,Carrier A,Auto,Web,2026-04-19,2026-04,2026-05-01,Closed,1.0,11.47,12.0,165.0,4382.62,14.0,0,
C000312,Carrier B,Property,Web,2026-05-13,2026-05,2026-06-06,Closed,1.0,24.87,24.0,141.0,10485.89,20.0,0,
C000313,Carrier C,Auto,Mobile,2026-06-07,2026-06,2026-06-20,Closed,1.0,23.34,13.0,116.0,7054.74,14.0,0,
C000314,Carrier C,Liability,Mobile,2026-06-02,2026-06,2026-07-08,Closed,1.0,16.25,36.0,121.0,1388.44,14.0,0,
C000315,Carrier C,Auto,Mobile,2026-04-26,2026-04,2026-05-01,Closed,0.0,7.38,5.0,158.0,13732.86,14.0,0,
C000316,Carrier C,Property,Agent,2026-06-20,2026-06,2026-07-01,Closed,0.0,4.8,11.0,103.0,2346.23,20.0,0,
C000317,Carrier A,Auto,Mobile,2026-08-22,2026-08,2026-08-30,Closed,0.0,7.91,8.0,40.0,3590.77,14.0,0,
C000318,Carrier A,Liability,Agent,2026-08-09,2026-08,2026-08-14,Closed,0.0,15.45,5.0,53.0,4013.3,14.0,0,
C000319,Carrier B,Property,Mobile,2026-05-20,2026-05,,Open,1.0,14.85,,134.0,0.0,20.0,0,
C000320,Carrier C,Auto,Mobile,2026-08-16,2026-08,2026-08-26,Closed,1.0,26.95,10.0,46.0,8464.46,14.0,1,0.6807
C000321,Carrier A,Liability,Agent,2026-05-31,2026-05,2026-06-12,Closed,0.0,10.08,12.0,123.0,3452.17,14.0,0,
C000322,Carrier C,Property,Web,2026-04-23,2026-04,2026-05-01,Closed,0.0,11.78,8.0,161.0,899.18,20.0,0,
C000323,Carrier A,Liability,Agent,2026-09-10,2026-09,2026-09-12,Closed,0.0,9.98,2.0,21.0,8429.79,14.0,0,
C000324,Carrier A,Liability,Mobile,2026-09-02,2026-09,2026-09-12,Closed,0.0,2.57,10.0,29.0,1879.09,14.0,0,
C000325,Carrier B,Auto,Agent,2026-08-06,2026-08,2026-08-14,Closed,0.0,12.93,8.0,56.0,5233.23,14.0,1,0.3615
C000326,Carrier C,Liability,Mobile,2026-05-29,2026-05,2026-06-11,Closed,0.0,2.04,13.0,125.0,14147.44,14.0,0,
C000327,Carrier B,Property,Agent,2026-07-28,2026-07,,Open,1.0,20.96,,65.0,0.0,20.0,0,
C000328,Carrier A,Property,Mobile,2026-04-17,2026-04,2026-04-29,Closed,0.0,16.49,12.0,167.0,3877.61,20.0,0,
C000329,Carrier B,Property,Mobile,2026-09-21,2026-09,,Open,0.0,1.15,,10.0,0.0,20.0,0,
C000330,Carrier A,Property,Mobile,2026-09-27,2026-09,,Open,0.0,8.81,,4.0,0.0,20.0,0,
C000331,Carrier C,Liability,Mobile,2026-05-01,2026-05,2026-05-10,Closed,0.0,12.3,9.0,153.0,4959.14,14.0,0,
C000332,Carrier C,Auto,Agent,2026-04-09,2026-04,2026-04-20,Closed,0.0,7.3,11.0,175.0,9941.32,14.0,0,
C000333,Carrier B,Liability,Agent,2026-07-24,2026-07,2026-07-30,Closed,0.0,13.57,6.0,69.0,3041.55,14.0,1,0.743
C000334,Carrier A,Auto,Web,2026-06-22,2026-06,2026-07-01,Closed,1.0,25.01,9.0,101.0,9258.45,14.0,0,
C000335,Carrier C,Liability,Agent,2026-09-13,2026-09,2026-09-23,Closed,0.0,4.94,10.0,18.0,11037.54,14.0,1,0.9905
C000336,Carrier B,Liability,Web,2026-07-07,2026-07,2026-07-11,Closed,0.0,16.23,4.0,86.0,1792.65,14.0,0,
C000337,Carrier A,Auto,Agent,2026-08-02,2026-08,2026-08-09,Closed,0.0,15.63,7.0,60.0,2201.85,14.0,0,
C000338,Carrier A,Liability,Agent,2026-04-08,2026-04,2026-04-13,Closed,0.0,15.22,5.0,176.0,2632.03,14.0,1,0.3564
C000339,Carrier B,Liability,Mobile,2026-06-02,2026-06,2026-06-06,Closed,0.0,5.29,4.0,121.0,1289.43,14.0,2,0.4391
C000340,Carrier A,Property,Agent,2026-05-20,2026-05,2026-06-02,Closed,0.0,12.29,13.0,134.0,1194.36,20.0,0,
C000341,Carrier B,Liability,Agent,2026-05-21,2026-05,,Open,0.0,16.98,,133.0,0.0,14.0,0,
C000342,Carrier C,Liability,Agent,2026-06-08,2026-06,2026-06-14,Closed,0.0,7.13,6.0,115.0,2134.18,14.0,0,
C000343,Carrier B,Liability,Agent,2026-07-04,2026-07,2026-07-13,Closed,0.0,7.68,9.0,89.0,3105.56,14.0,0,
C000344,Carrier C,Property,Web,2026-04-19,2026-04,2026-04-26,Closed,0.0,9.64,7.0,165.0,7852.13,20.0,0,
C000345,Carrier B,Liability,Mobile,2026-07-03,2026-07,2026-07-30,Closed,1.0,24.29,27.0,90.0,2371.93,14.0,0,
C000346,Carrier A,Liability,Web,2026-08-07,2026-08,2026-08-12,Closed,0.0,14.0,5.0,55.0,5089.32,14.0,1,0.3098
C000347,Carrier C,Liability,Mobile,2026-04-13,2026-04,2026-04-18,Closed,0.0,17.17,5.0,171.0,26005.54,14.0,0,
C000348,Carrier A,Auto,Agent,2026-09-08,2026-09,2026-09-15,Closed,0.0,11.85,7.0,23.0,7280.18,14.0,0,
C000349,Carrier C,Property,Web,2026-08-16,2026-08,2026-09-02,Closed,0.0,12.03,17.0,46.0,561.21,20.0,0,
C000350,Carrier B,Liability,Mobile,2026-08-26,2026-08,,Open,1.0,11.56,,36.0,0.0,14.0,1,0.4487
C000351,Carrier C,Auto,Mobile,2026-09-13,2026-09,,Open,1.0,24.38,,18.0,0.0,14.0,0,
C000352,Carrier A,Property,Web,2026-08-02,2026-08,2026-08-11,Closed,0.0,15.58,9.0,60.0,2619.83,20.0,0,
C000353,Carrier C,Liability,Web,2026-08-06,2026-08,2026-08-31,Closed,1.0,26.12,25.0,56.0,2175.72,14.0,0,
C000354,Carrier A,Property,Agent,2026-07-15,2026-07,2026-07-29,Closed,0.0,7.52,14.0,78.0,1797.78,20.0,0,
C000355,Carrier B,Liability,Agent,2026-06-15,2026-06,2026-06-30,Closed,1.0,24.02,15.0,108.0,2334.67,14.0,0,
C000356,Carrier C,Auto,Web,2026-07-14,2026-07,2026-07-23,Closed,0.0,3.13,9.0,79.0,2378.94,14.0,0,
C000357,Carrier A,Auto,Agent,2026-04-11,2026-04,2026-04-12,Closed,0.0,16.11,1.0,173.0,2743.9,14.0,1,0.0218
C000358,Carrier A,Liability,Agent,2026-09-17,2026-09,,Open,0.0,8.95,,14.0,0.0,14.0,0,
C000359,Carrier A,Property,Web,2026-07-25,2026-07,,Open,0.0,15.28,,68.0,0.0,20.0,0,
C000360,Carrier C,Auto,Agent,2026-05-02,2026-05,2026-05-17,Closed,1.0,24.52,15.0,152.0,2071.37,14.0,0,
C000361,Carrier A,Liability,Web,2026-09-25,2026-09,,Open,0.0,14.56,,6.0,0.0,14.0,1,0.4055
C000362,Carrier B,Auto,Agent,2026-06-16,2026-06,2026-06-21,Closed,0.0,1.33,5.0,107.0,7013.27,14.0,0,
C000363,Carrier A,Auto,Web,2026-06-12,2026-06,2026-06-17,Closed,0.0,3.08,5.0,111.0,6516.22,14.0,0,
C000364,Carrier C,Liability,Agent,2026-04-22,2026-04,2026-04-27,Closed,0.0,13.81,5.0,162.0,1843.18,14.0,0,
C000365,Carrier A,Liability,Mobile,2026-06-13,2026-06,2026-06-25,Closed,0.0,2.29,12.0,110.0,1682.0,14.0,0,
C000366,Carrier C,Auto,Mobile,2026-05-04,2026-05,2026-05-05,Closed,0.0,9.34,1.0,150.0,10518.43,14.0,0,
C000367,Carrier B,Liability,Web,2026-05-07,2026-05,2026-05-23,Closed,0.0,17.43,16.0,147.0,3465.11,14.0,0,
C000368,Carrier B,Liability,Web,2026-08-25,2026-08,2026-08-30,Closed,0.0,13.98,5.0,37.0,3200.41,14.0,1,0.3673
C000369,Carrier C,Auto,Agent,2026-06-04,2026-06,2026-06-08,Closed,0.0,1.04,4.0,119.0,19414.49,14.0,0,
C000370,Carrier B,Liability,Mobile,2026-07-19,2026-07,2026-07-27,Closed,0.0,9.39,8.0,74.0,9312.0,14.0,1,0.6225
C000371,Carrier C,Property,Agent,2026-04-15,2026-04,2026-05-04,Closed,0.0,17.25,19.0,169.0,1117.7,20.0,0,
C000372,Carrier B,Property,Mobile,2026-04-21,2026-04,2026-05-11,Closed,0.0,2.77,20.0,163.0,8706.8,20.0,0,
C000373,Carrier B,Auto,Web,2026-06-28,2026-06,2026-07-02,Closed,0.0,9.05,4.0,95.0,8399.01,14.0,0,
C000374,Carrier A,Auto,Mobile,2026-09-03,2026-09,2026-09-10,Closed,0.0,4.1,7.0,28.0,1123.76,14.0,0,
C000375,Carrier A,Auto,Agent,2026-05-08,2026-05,2026-05-13,Closed,0.0,9.47,5.0,146.0,4302.3,14.0,0,
C000376,Carrier A,Liability,Mobile,2026-06-16,2026-06,2026-06-19,Closed,0.0,8.69,3.0,107.0,756.34,14.0,0,
C000377,Carrier C,Auto,Web,2026-05-10,2026-05,2026-05-15,Closed,0.0,2.43,5.0,144.0,8462.76,14.0,0,
C000378,Carrier B,Liability,Mobile,2026-08-02,2026-08,2026-08-11,Closed,0.0,16.82,9.0,60.0,1926.13,14.0,1,0.1453
C000379,Carrier B,Auto,Mobile,2026-09-15,2026-09,2026-09-24,Closed,0.0,14.92,9.0,16.0,8759.8,14.0,0,
C000380,Carrier B,Property,Agent,2026-05-13,2026-05,2026-05-29,Closed,0.0,13.11,16.0,141.0,23370.15,20.0,0,
C000381,Carrier B,Auto,Agent,2026-08-24,2026-08,2026-09-01,Closed,0.0,2.83,8.0,38.0,2265.92,14.0,0,
C000382,Carrier C,Liability,Web,2026-06-19,2026-06,2026-07-02,Closed,1.0,25.45,13.0,104.0,6221.7,14.0,0,
C000383,Carrier B,Property,Agent,2026-05-20,2026-05,2026-06-06,Closed,0.0,11.53,17.0,134.0,3079.58,20.0,0,
C000384,Carrier C,Property,Web,2026-07-01,2026-07,2026-07-13,Closed,0.0,5.56,12.0,92.0,6904.01,20.0,0,
C000385,Carrier A,Liability,Web,2026-04-29,2026-04,2026-05-08,Closed,0.0,7.49,9.0,155.0,1985.35,14.0,0,
C000386,Carrier B,Liability,Web,2026-05-17,2026-05,2026-05-28,Closed,0.0,3.24,11.0,137.0,988.81,14.0,0,
C000387,Carrier A,Auto,Agent,2026-09-28,2026-09,,Open,0.0,10.36,,3.0,0.0,14.0,0,
C000388,Carrier C,Liability,Agent,2026-08-22,2026-08,2026-09-05,Closed,0.0,6.47,14.0,40.0,3222.54,14.0,0,
C000389,Carrier C,Property,Mobile,2026-08-23,2026-08,2026-09-06,Closed,0.0,4.14,14.0,39.0,1315.99,20.0,0,
C000390,Carrier A,Property,Web,2026-07-31,2026-07,2026-08-13,Closed,0.0,2.65,13.0,62.0,5844.01,20.0,0,
C000391,Carrier B,Auto,Agent,2026-07-24,2026-07,2026-07-26,Closed,0.0,15.46,2.0,69.0,5736.04,14.0,0,
C000392,Carrier B,Property,Agent,2026-07-28,2026-07,2026-08-08,Closed,0.0,17.25,11.0,65.0,3789.81,20.0,0,
C000393,Carrier B,Liability,Agent,2026-08-06,2026-08,2026-08-14,Closed,0.0,11.35,8.0,56.0,12591.94,14.0,1,0.9713
C000394,Carrier A,Auto,Web,2026-07-16,2026-07,2026-07-20,Closed,0.0,17.58,4.0,77.0,1230.2,14.0,0,
C000395,Carrier A,Liability,Web,2026-08-02,2026-08,2026-08-07,Closed,0.0,12.87,5.0,60.0,1548.11,14.0,0,
C000396,Carrier A,Auto,Mobile,2026-04-28,2026-04,2026-05-01,Closed,0.0,7.11,3.0,156.0,6853.66,14.0,0,
C000397,Carrier B,Property,Agent,2026-09-17,2026-09,,Open,0.0,14.45,,14.0,0.0,20.0,2,0.9366
C000398,Carrier A,Liability,Web,2026-07-14,2026-07,2026-07-19,Closed,0.0,3.91,5.0,79.0,5099.36,14.0,0,
C000399,Carrier A,Liability,Agent,2026-07-21,2026-07,2026-07-25,Closed,0.0,6.65,4.0,72.0,6289.12,14.0,1,0.8596
C000400,Carrier A,Property,Mobile,2026-06-22,2026-06,2026-07-04,Closed,0.0,17.14,12.0,101.0,1405.65,20.0,0,
C000401,Carrier C,Property,Agent,2026-06-19,2026-06,2026-06-27,Closed,0.0,15.99,8.0,104.0,10043.64,20.0,0,
C000402,Carrier B,Property,Web,2026-09-22,2026-09,2026-09-28,Closed,0.0,3.74,6.0,9.0,5354.71,20.0,0,
C000403,Carrier C,Liability,Web,2026-07-03,2026-07,2026-07-07,Closed,0.0,15.46,4.0,90.0,4233.84,14.0,0,
C000404,Carrier C,Liability,Mobile,2026-04-08,2026-04,2026-04-14,Closed,0.0,17.1,6.0,176.0,15952.99,14.0,0,
C000405,Carrier A,Property,Web,2026-07-05,2026-07,2026-07-16,Closed,0.0,1.98,11.0,88.0,12272.21,20.0,0,
C000406,Carrier B,Auto,Web,2026-08-20,2026-08,2026-08-24,Closed,0.0,6.33,4.0,42.0,3540.11,14.0,0,
C000407,Carrier B,Liability,Agent,2026-06-25,2026-06,2026-07-15,Closed,0.0,15.07,20.0,98.0,3259.1,14.0,0,
C000408,Carrier C,Auto,Web,2026-06-14,2026-06,2026-07-03,Closed,0.0,6.16,19.0,109.0,2549.8,14.0,1,0.3521
C000409,Carrier B,Auto,Web,2026-08-24,2026-08,2026-08-29,Closed,0.0,16.78,5.0,38.0,3139.64,14.0,0,
C000410,Carrier C,Property,Mobile,2026-09-23,2026-09,,Open,1.0,19.66,,8.0,0.0,20.0,0,
C000411,Carrier A,Property,Web,2026-08-17,2026-08,2026-09-08,Closed,0.0,16.97,22.0,45.0,2563.54,20.0,0,
C000412,Carrier B,Auto,Mobile,2026-07-27,2026-07,2026-08-12,Closed,0.0,8.92,16.0,66.0,3722.94,14.0,0,
C000413,Carrier A,Liability,Web,2026-09-30,2026-09,,Open,0.0,4.7,,1.0,0.0,14.0,0,
C000414,Carrier C,Property,Mobile,2026-08-03,2026-08,2026-08-16,Closed,0.0,15.68,13.0,59.0,3820.37,20.0,0,
C000415,Carrier C,Property,Agent,2026-04-05,2026-04,2026-04-16,Closed,0.0,16.74,11.0,179.0,942.1,20.0,1,0.5872
C000416,Carrier B,Property,Web,2026-05-13,2026-05,,Open,0.0,1.73,,141.0,0.0,20.0,0,
C000417,Carrier C,Property,Web,2026-07-26,2026-07,,Open,0.0,5.44,,67.0,0.0,20.0,1,0.7395
C000418,Carrier A,Liability,Mobile,2026-05-08,2026-05,2026-05-27,Closed,1.0,14.92,19.0,146.0,817.64,14.0,0,
C000419,Carrier A,Liability,Agent,2026-06-14,2026-06,2026-06-26,Closed,1.0,15.8,12.0,109.0,21404.78,14.0,0,
C000420,Carrier C,Liability,Agent,2026-06-07,2026-06,2026-06-09,Closed,0.0,5.15,2.0,116.0,217.01,14.0,0,
C000421,Carrier C,Liability,Agent,2026-06-02,2026-06,2026-06-05,Closed,0.0,13.66,3.0,121.0,9289.88,14.0,0,
C000422,Carrier B,Liability,Mobile,2026-09-09,2026-09,2026-09-17,Closed,0.0,11.17,8.0,22.0,2705.99,14.0,1,0.847
C000423,Carrier A,Property,Agent,2026-08-22,2026-08,2026-08-29,Closed,0.0,7.89,7.0,40.0,5420.55,20.0,0,
C000424,Carrier C,Liability,Web,2026-05-17,2026-05,2026-05-25,Closed,0.0,14.98,8.0,137.0,2992.95,14.0,0,
C000425,Carrier C,Property,Web,2026-07-11,2026-07,2026-07-22,Closed,0.0,12.91,11.0,82.0,1477.57,20.0,0,
C000426,Carrier A,Auto,Mobile,2026-06-29,2026-06,,Open,0.0,15.45,,94.0,0.0,14.0,1,0.5439
C000427,Carrier C,Property,Web,2026-05-21,2026-05,2026-05-31,Closed,0.0,4.32,10.0,133.0,9584.31,20.0,0,
C000428,Carrier B,Liability,Mobile,2026-05-11,2026-05,2026-05-23,Closed,0.0,12.23,12.0,143.0,2112.07,14.0,0,
C000429,Carrier B,Auto,Mobile,2026-04-10,2026-04,2026-04-24,Closed,1.0,27.15,14.0,174.0,12049.33,14.0,0,
C000430,Carrier A,Liability,Mobile,2026-05-29,2026-05,2026-06-02,Closed,0.0,15.85,4.0,125.0,2991.02,14.0,0,
C000431,Carrier A,Auto,Web,2026-07-18,2026-07,2026-07-20,Closed,0.0,15.88,2.0,75.0,8441.9,14.0,0,
C000432,Carrier B,Liability,Mobile,2026-09-27,2026-09,,Open,0.0,8.49,,4.0,0.0,14.0,1,0.1671
C000433,Carrier A,Property,Web,2026-08-06,2026-08,2026-08-18,Closed,0.0,2.46,12.0,56.0,2496.44,20.0,0,
C000434,Carrier B,Auto,Mobile,2026-08-20,2026-08,,Open,0.0,15.93,,42.0,0.0,14.0,1,0.4601
C000435,Carrier A,Property,Mobile,2026-04-28,2026-04,,Open,0.0,6.71,,156.0,0.0,20.0,0,
C000436,Carrier A,Property,Agent,2026-07-26,2026-07,2026-08-02,Closed,0.0,16.16,7.0,67.0,9026.89,20.0,0,
C000437,Carrier A,Liability,Web,2026-05-11,2026-05,2026-05-18,Closed,0.0,3.03,7.0,143.0,15182.7,14.0,0,
C000438,Carrier C,Property,Mobile,2026-07-21,2026-07,2026-08-12,Closed,0.0,3.29,22.0,72.0,3909.95,20.0,0,
C000439,Carrier C,Auto,Agent,2026-07-09,2026-07,2026-07-21,Closed,0.0,14.71,12.0,84.0,2909.67,14.0,0,
C000440,Carrier A,Liability,Web,2026-09-09,2026-09,2026-09-24,Closed,0.0,10.92,15.0,22.0,7273.19,14.0,1,0.9185
C000441,Carrier B,Liability,Web,2026-09-27,2026-09,,Open,0.0,4.03,,4.0,0.0,14.0,0,
C000442,Carrier A,Property,Agent,2026-04-05,2026-04,2026-04-24,Closed,0.0,9.87,19.0,179.0,3653.14,20.0,0,
C000443,Carrier C,Property,Web,2026-08-18,2026-08,2026-08-24,Closed,0.0,9.83,6.0,44.0,4510.09,20.0,1,0.4725
C000444,Carrier C,Auto,Mobile,2026-06-25,2026-06,2026-07-07,Closed,1.0,21.91,12.0,98.0,6516.44,14.0,0,
C000445,Carrier B,Auto,Agent,2026-07-31,2026-07,2026-08-15,Closed,1.0,15.54,15.0,62.0,3589.21,14.0,0,
C000446,Carrier C,Property,Agent,2026-04-14,2026-04,2026-05-07,Closed,0.0,7.01,23.0,170.0,2954.43,20.0,1,0.9635
C000447,Carrier A,Liability,Web,2026-08-16,2026-08,,Open,0.0,14.58,,46.0,0.0,14.0,0,
C000448,Carrier A,Liability,Web,2026-08-14,2026-08,2026-08-19,Closed,0.0,11.79,5.0,48.0,5254.03,14.0,0,
C000449,Carrier A,Auto,Agent,2026-06-15,2026-06,2026-06-29,Closed,1.0,17.26,14.0,108.0,2775.92,14.0,0,
C000450,Carrier A,Property,Web,2026-06-24,2026-06,2026-07-28,Closed,1.0,24.96,34.0,99.0,6414.41,20.0,0,
C000451,Carrier C,Auto,Agent,2026-07-26,2026-07,2026-08-01,Closed,0.0,13.31,6.0,67.0,2808.27,14.0,0,
C000452,Carrier B,Property,Web,2026-06-28,2026-06,2026-07-10,Closed,0.0,11.66,12.0,95.0,1487.54,20.0,0,
C000453,Carrier C,Property,Web,2026-07-13,2026-07,2026-07-30,Closed,0.0,13.24,17.0,80.0,4409.09,20.0,0,
C000454,Carrier C,Liability,Mobile,2026-09-04,2026-09,2026-09-13,Closed,0.0,16.95,9.0,27.0,3249.42,14.0,1,0.2187
C000455,Carrier B,Property,Mobile,2026-09-04,2026-09,2026-09-14,Closed,0.0,9.24,10.0,27.0,3533.14,20.0,1,0.2601
C000456,Carrier B,Property,Web,2026-06-28,2026-06,2026-07-09,Closed,0.0,13.55,11.0,95.0,7707.05,20.0,0,
C000457,Carrier C,Property,Mobile,2026-04-29,2026-04,2026-05-07,Closed,0.0,15.12,8.0,155.0,2282.52,20.0,0,
C000458,Carrier B,Liability,Web,2026-06-01,2026-06,2026-06-10,Closed,0.0,13.75,9.0,122.0,8080.07,14.0,0,
C000459,Carrier B,Property,Web,2026-07-18,2026-07,2026-07-27,Closed,0.0,8.38,9.0,75.0,1161.32,20.0,1,0.2819
C000460,Carrier B,Liability,Agent,2026-08-14,2026-08,2026-08-18,Closed,0.0,8.61,4.0,48.0,7857.17,14.0,0,
C000461,Carrier C,Auto,Agent,2026-05-19,2026-05,,Open,0.0,3.01,,135.0,0.0,14.0,1,0.3586
C000462,Carrier C,Property,Mobile,2026-09-28,2026-09,,Open,0.0,1.78,,3.0,0.0,20.0,0,
C000463,Carrier A,Auto,Agent,2026-05-26,2026-05,2026-05-28,Closed,0.0,4.4,2.0,128.0,3871.4,14.0,0,
C000464,Carrier A,Auto,Web,2026-08-02,2026-08,2026-08-12,Closed,1.0,17.46,10.0,60.0,10407.27,14.0,0,
C000465,Carrier A,Auto,Agent,2026-09-30,2026-09,,Open,0.0,15.46,,1.0,0.0,14.0,0,
C000466,Carrier A,Property,Mobile,2026-07-27,2026-07,2026-08-12,Closed,0.0,11.43,16.0,66.0,5474.55,20.0,0,
C000467,Carrier A,Property,Mobile,2026-08-09,2026-08,2026-09-05,Closed,0.0,7.51,27.0,53.0,9486.24,20.0,0,
C000468,Carrier C,Auto,Mobile,2026-05-18,2026-05,2026-05-31,Closed,1.0,19.05,13.0,136.0,6115.35,14.0,1,0.0287
C000469,Carrier B,Liability,Mobile,2026-05-11,2026-05,2026-05-23,Closed,0.0,2.84,12.0,143.0,3589.37,14.0,0,
C000470,Carrier C,Auto,Agent,2026-09-10,2026-09,2026-09-17,Closed,0.0,12.6,7.0,21.0,3740.46,14.0,0,
C000471,Carrier B,Property,Mobile,2026-06-27,2026-06,2026-07-15,Closed,1.0,14.02,18.0,96.0,1785.76,20.0,1,0.2489
C000472,Carrier B,Property,Web,2026-09-11,2026-09,,Open,0.0,4.75,,20.0,0.0,20.0,1,0.7015
C000473,Carrier C,Auto,Mobile,2026-07-24,2026-07,2026-08-13,Closed,1.0,17.2,20.0,69.0,1690.69,14.0,1,0.3416
C000474,Carrier A,Liability,Agent,2026-09-29,2026-09,,Open,0.0,5.33,,2.0,0.0,14.0,0,
C000475,Carrier C,Property,Mobile,2026-04-24,2026-04,,Open,0.0,8.1,,160.0,0.0,20.0,0,
C000476,Carrier A,Auto,Agent,2026-07-06,2026-07,2026-07-21,Closed,0.0,9.75,15.0,87.0,2032.2,14.0,1,0.6136
C000477,Carrier B,Property,Agent,2026-04-17,2026-04,2026-04-26,Closed,0.0,11.23,9.0,167.0,868.15,20.0,0,
C000478,Carrier B,Auto,Mobile,2026-06-18,2026-06,2026-07-09,Closed,0.0,11.92,21.0,105.0,1989.53,14.0,0,
C000479,Carrier B,Auto,Mobile,2026-09-18,2026-09,,Open,1.0,22.76,,13.0,0.0,14.0,0,
C000480,Carrier C,Property,Mobile,2026-04-04,2026-04,2026-04-23,Closed,1.0,12.05,19.0,180.0,8999.35,20.0,1,0.1259
C000481,Carrier A,Auto,Web,2026-07-12,2026-07,2026-07-14,Closed,0.0,5.45,2.0,81.0,5419.46,14.0,1,0.5032
C000482,Carrier B,Property,Web,2026-09-19,2026-09,,Open,0.0,11.11,,12.0,0.0,20.0,0,
C000483,Carrier A,Liability,Mobile,2026-09-11,2026-09,2026-09-20,Closed,1.0,13.26,9.0,20.0,1560.84,14.0,0,
C000484,Carrier A,Property,Web,2026-06-06,2026-06,,Open,1.0,19.85,,117.0,0.0,20.0,0,
C000485,Carrier A,Property,Agent,2026-04-27,2026-04,2026-05-04,Closed,0.0,16.94,7.0,157.0,2188.19,20.0,2,0.8235
C000486,Carrier A,Auto,Mobile,2026-05-29,2026-05,2026-06-12,Closed,0.0,2.03,14.0,125.0,1163.82,14.0,0,
C000487,Carrier B,Auto,Web,2026-04-07,2026-04,2026-04-10,Closed,0.0,6.55,3.0,177.0,4279.69,14.0,0,
C000488,Carrier B,Liability,Mobile,2026-07-25,2026-07,2026-08-01,Closed,0.0,4.97,7.0,68.0,9604.06,14.0,0,
C000489,Carrier C,Liability,Agent,2026-06-19,2026-06,2026-07-07,Closed,0.0,5.96,18.0,104.0,5701.57,14.0,1,0.3848
C000490,Carrier B,Auto,Web,2026-09-08,2026-09,2026-09-10,Closed,0.0,8.11,2.0,23.0,1926.77,14.0,0,
C000491,Carrier A,Liability,Web,2026-04-16,2026-04,2026-04-18,Closed,0.0,9.97,2.0,168.0,3512.15,14.0,0,
C000492,Carrier C,Property,Agent,2026-07-31,2026-07,2026-08-16,Closed,0.0,5.91,16.0,62.0,1552.62,20.0,1,0.0543
C000493,Carrier B,Property,Web,2026-07-26,2026-07,2026-08-06,Closed,0.0,9.83,11.0,67.0,8167.56,20.0,1,0.6566
C000494,Carrier B,Liability,Web,2026-06-19,2026-06,2026-06-25,Closed,0.0,4.67,6.0,104.0,2531.25,14.0,0,
C000495,Carrier C,Property,Mobile,2026-06-23,2026-06,2026-07-06,Closed,0.0,15.0,13.0,100.0,1000.52,20.0,0,
C000496,Carrier C,Liability,Agent,2026-09-28,2026-09,,Open,0.0,4.84,,3.0,0.0,14.0,0,
C000497,Carrier A,Auto,Agent,2026-07-07,2026-07,,Open,1.0,11.18,,86.0,0.0,14.0,1,0.2183
C000498,Carrier C,Auto,Mobile,2026-08-16,2026-08,2026-08-23,Closed,0.0,9.21,7.0,46.0,1062.33,14.0,0,
C000499,Carrier A,Auto,Mobile,2026-06-24,2026-06,2026-07-06,Closed,0.0,6.2,12.0,99.0,3264.03,14.0,0,
C000500,Carrier B,Property,Mobile,2026-07-31,2026-07,2026-08-12,Closed,0.0,7.68,12.0,62.0,2624.22,20.0,0,
C000501,Carrier B,Liability,Mobile,2026-05-23,2026-05,2026-05-26,Closed,0.0,14.7,3.0,131.0,2131.16,14.0,0,
C000502,Carrier B,Auto,Mobile,2026-05-04,2026-05,2026-05-12,Closed,0.0,10.18,8.0,150.0,1450.74,14.0,1,0.3548
C000503,Carrier C,Auto,Agent,2026-09-26,2026-09,,Open,0.0,3.4,,5.0,0.0,14.0,1,0.701
C000504,Carrier B,Liability,Mobile,2026-06-10,2026-06,2026-06-18,Closed,0.0,13.51,8.0,113.0,1221.67,14.0,1,0.4662
C000505,Carrier C,Liability,Mobile,2026-04-09,2026-04,2026-04-26,Closed,1.0,11.68,17.0,175.0,6522.76,14.0,0,
C000506,Carrier C,Property,Agent,2026-06-20,2026-06,2026-07-13,Closed,0.0,16.02,23.0,103.0,18208.99,20.0,0,
C000507,Carrier C,Property,Web,2026-08-22,2026-08,2026-09-08,Closed,1.0,27.79,17.0,40.0,879.09,20.0,0,
C000508,Carrier A,Property,Mobile,2026-09-05,2026-09,2026-09-25,Closed,1.0,17.99,20.0,26.0,3148.57,20.0,0,
C000509,Carrier C,Auto,Agent,2026-06-07,2026-06,2026-06-14,Closed,0.0,2.5,7.0,116.0,3808.04,14.0,2,0.7395
C000510,Carrier B,Liability,Agent,2026-06-29,2026-06,2026-07-02,Closed,0.0,7.59,3.0,94.0,2359.41,14.0,1,0.0959
C000511,Carrier A,Liability,Web,2026-05-21,2026-05,2026-05-25,Closed,0.0,7.36,4.0,133.0,14084.81,14.0,0,
C000512,Carrier C,Liability,Web,2026-08-14,2026-08,2026-08-27,Closed,1.0,18.89,13.0,48.0,10032.9,14.0,0,
C000513,Carrier A,Liability,Mobile,2026-05-28,2026-05,2026-06-19,Closed,1.0,21.37,22.0,126.0,15475.23,14.0,1,0.3596
C000514,Carrier B,Liability,Web,2026-04-25,2026-04,2026-04-30,Closed,0.0,8.76,5.0,159.0,2787.2,14.0,0,
C000515,Carrier A,Auto,Web,2026-06-26,2026-06,2026-07-05,Closed,1.0,19.22,9.0,97.0,600.9,14.0,0,
C000516,Carrier C,Liability,Mobile,2026-06-28,2026-06,2026-07-02,Closed,0.0,8.13,4.0,95.0,5354.55,14.0,0,
C000517,Carrier B,Auto,Web,2026-08-31,2026-08,2026-09-04,Closed,0.0,16.28,4.0,31.0,2583.48,14.0,0,
C000518,Carrier A,Auto,Web,2026-06-08,2026-06,2026-06-21,Closed,0.0,6.75,13.0,115.0,2095.9,14.0,0,
C000519,Carrier A,Property,Web,2026-05-03,2026-05,2026-05-28,Closed,0.0,15.52,25.0,151.0,2425.09,20.0,0,
C000520,Carrier C,Liability,Web,2026-07-22,2026-07,2026-08-07,Closed,0.0,3.42,16.0,71.0,3620.82,14.0,0,
C000521,Carrier C,Auto,Web,2026-05-06,2026-05,2026-05-15,Closed,0.0,4.64,9.0,148.0,4032.69,14.0,0,
C000522,Carrier B,Auto,Mobile,2026-08-30,2026-08,2026-09-04,Closed,0.0,14.63,5.0,32.0,1944.5,14.0,0,
C000523,Carrier C,Liability,Agent,2026-08-26,2026-08,2026-09-12,Closed,1.0,27.16,17.0,36.0,2428.09,14.0,1,0.3771
C000524,Carrier B,Liability,Web,2026-04-27,2026-04,2026-05-03,Closed,0.0,9.2,6.0,157.0,755.16,14.0,1,0.6242
C000525,Carrier C,Property,Mobile,2026-08-08,2026-08,2026-09-17,Closed,1.0,19.07,40.0,54.0,3971.41,20.0,0,
C000526,Carrier A,Property,Agent,2026-07-02,2026-07,2026-07-15,Closed,0.0,5.9,13.0,91.0,5878.99,20.0,1,0.9608
C000527,Carrier B,Property,Agent,2026-05-03,2026-05,2026-05-18,Closed,0.0,2.89,15.0,151.0,4164.41,20.0,1,0.2546
C000528,Carrier C,Liability,Agent,2026-08-20,2026-08,2026-08-31,Closed,0.0,6.32,11.0,42.0,883.35,14.0,1,0.4511
C000529,Carrier A,Property,Agent,2026-06-14,2026-06,2026-06-30,Closed,0.0,8.77,16.0,109.0,6054.06,20.0,0,
C000530,Carrier A,Liability,Agent,2026-07-31,2026-07,2026-08-01,Closed,0.0,15.57,1.0,62.0,5758.8,14.0,0,
C000531,Carrier B,Auto,Agent,2026-08-29,2026-08,2026-09-04,Closed,0.0,6.02,6.0,33.0,2156.47,14.0,0,
C000532,Carrier B,Auto,Mobile,2026-08-22,2026-08,2026-08-28,Closed,0.0,9.35,6.0,40.0,5788.28,14.0,0,
C000533,Carrier A,Liability,Web,2026-08-23,2026-08,2026-08-28,Closed,0.0,3.29,5.0,39.0,7709.09,14.0,0,
C000534,Carrier B,Auto,Web,2026-06-14,2026-06,2026-06-24,Closed,0.0,5.27,10.0,109.0,5039.62,14.0,0,
C000535,Carrier A,Auto,Web,2026-05-24,2026-05,2026-06-03,Closed,0.0,15.33,10.0,130.0,4332.2,14.0,0,
C000536,Carrier C,Auto,Agent,2026-08-20,2026-08,2026-09-03,Closed,0.0,6.53,14.0,42.0,1006.33,14.0,0,
C000537,Carrier C,Liability,Web,2026-04-06,2026-04,2026-04-20,Closed,0.0,12.25,14.0,178.0,1026.87,14.0,0,
C000538,Carrier A,Auto,Web,2026-07-09,2026-07,2026-07-13,Closed,0.0,7.83,4.0,84.0,21507.63,14.0,0,
C000539,Carrier B,Property,Agent,2026-05-31,2026-05,2026-06-06,Closed,0.0,11.42,6.0,123.0,979.09,20.0,0,
C000540,Carrier A,Property,Web,2026-04-05,2026-04,2026-04-18,Closed,0.0,15.1,13.0,179.0,9499.45,20.0,0,
C000541,Carrier C,Property,Mobile,2026-05-03,2026-05,2026-06-02,Closed,1.0,12.97,30.0,151.0,21552.15,20.0,1,0.8376
C000542,Carrier C,Auto,Mobile,2026-09-16,2026-09,2026-09-18,Closed,0.0,17.2,2.0,15.0,1914.5,14.0,0,
C000543,Carrier B,Liability,Mobile,2026-08-08,2026-08,2026-08-17,Closed,0.0,8.41,9.0,54.0,2528.85,14.0,2,0.9024
C000544,Carrier B,Liability,Web,2026-04-18,2026-04,2026-04-23,Closed,0.0,15.55,5.0,166.0,6168.24,14.0,1,0.0541
C000545,Carrier C,Liability,Agent,2026-08-25,2026-08,,Open,0.0,14.45,,37.0,0.0,14.0,0,
C000546,Carrier B,Property,Web,2026-06-09,2026-06,2026-06-16,Closed,0.0,7.11,7.0,114.0,8552.68,20.0,0,
C000547,Carrier A,Auto,Mobile,2026-06-30,2026-06,2026-07-02,Closed,0.0,7.74,2.0,93.0,4991.3,14.0,1,0.6659
C000548,Carrier C,Property,Mobile,2026-09-08,2026-09,2026-09-29,Closed,1.0,14.89,21.0,23.0,2688.58,20.0,0,
C000549,Carrier B,Auto,Mobile,2026-05-21,2026-05,2026-05-30,Closed,1.0,11.59,9.0,133.0,1525.33,14.0,1,0.7831
C000550,Carrier A,Property,Web,2026-05-30,2026-05,2026-06-08,Closed,0.0,4.85,9.0,124.0,2834.42,20.0,1,0.1473
C000551,Carrier B,Auto,Agent,2026-08-22,2026-08,2026-08-31,Closed,0.0,2.47,9.0,40.0,1175.65,14.0,0,
C000552,Carrier C,Auto,Agent,2026-09-02,2026-09,2026-09-08,Closed,0.0,3.82,6.0,29.0,3247.77,14.0,1,0.4548
C000553,Carrier C,Property,Agent,2026-09-06,2026-09,2026-09-17,Closed,0.0,13.33,11.0,25.0,2918.59,20.0,1,0.0285
C000554,Carrier B,Liability,Agent,2026-04-29,2026-04,2026-05-10,Closed,0.0,2.51,11.0,155.0,3183.85,14.0,0,
C000555,Carrier A,Auto,Mobile,2026-06-21,2026-06,2026-07-01,Closed,0.0,13.59,10.0,102.0,11888.42,14.0,0,
C000556,Carrier A,Auto,Web,2026-06-20,2026-06,2026-06-28,Closed,0.0,7.33,8.0,103.0,5787.36,14.0,0,
C000557,Carrier B,Auto,Mobile,2026-07-24,2026-07,2026-08-10,Closed,0.0,12.12,17.0,69.0,721.54,14.0,0,
C000558,Carrier C,Auto,Agent,2026-09-11,2026-09,2026-09-23,Closed,0.0,6.38,12.0,20.0,1082.63,14.0,0,
C000559,Carrier B,Liability,Mobile,2026-08-29,2026-08,2026-09-15,Closed,1.0,20.03,17.0,33.0,2800.59,14.0,1,0.1735
C000560,Carrier C,Auto,Agent,2026-06-08,2026-06,2026-06-17,Closed,0.0,17.35,9.0,115.0,1282.9,14.0,0,
C000561,Carrier C,Liability,Agent,2026-09-10,2026-09,2026-09-22,Closed,0.0,13.83,12.0,21.0,622.51,14.0,0,
C000562,Carrier B,Auto,Agent,2026-08-09,2026-08,2026-08-14,Closed,0.0,17.16,5.0,53.0,4434.0,14.0,0,
C000563,Carrier A,Property,Mobile,2026-09-16,2026-09,2026-09-26,Closed,0.0,17.99,10.0,15.0,6644.59,20.0,1,0.5038
C000564,Carrier C,Auto,Web,2026-04-16,2026-04,2026-04-20,Closed,0.0,4.94,4.0,168.0,3199.57,14.0,0,
C000565,Carrier A,Auto,Web,2026-08-29,2026-08,,Open,0.0,11.12,,33.0,0.0,14.0,0,
C000566,Carrier C,Property,Mobile,2026-04-07,2026-04,2026-04-15,Closed,0.0,9.51,8.0,177.0,1531.49,20.0,0,
C000567,Carrier A,Liability,Web,2026-06-05,2026-06,2026-06-14,Closed,0.0,10.42,9.0,118.0,1498.58,14.0,0,
C000568,Carrier B,Auto,Web,2026-08-17,2026-08,2026-08-28,Closed,0.0,7.1,11.0,45.0,6977.76,14.0,0,
C000569,Carrier B,Liability,Agent,2026-08-11,2026-08,2026-08-14,Closed,0.0,9.75,3.0,51.0,8034.12,14.0,0,
C000570,Carrier C,Property,Web,2026-08-17,2026-08,,Open,0.0,3.32,,45.0,0.0,20.0,1,0.8621
C000571,Carrier B,Liability,Web,2026-07-03,2026-07,2026-07-17,Closed,0.0,17.03,14.0,90.0,8599.19,14.0,1,0.2043
C000572,Carrier B,Auto,Mobile,2026-06-16,2026-06,2026-06-18,Closed,0.0,1.73,2.0,107.0,9150.64,14.0,0,
C000573,Carrier B,Liability,Web,2026-08-11,2026-08,2026-08-21,Closed,0.0,3.74,10.0,51.0,8631.1,14.0,0,
C000574,Carrier B,Liability,Web,2026-05-05,2026-05,2026-05-15,Closed,0.0,4.04,10.0,149.0,2166.71,14.0,0,
C000575,Carrier A,Auto,Agent,2026-06-26,2026-06,2026-07-03,Closed,0.0,3.02,7.0,97.0,2462.23,14.0,1,0.467
C000576,Carrier A,Auto,Mobile,2026-04-20,2026-04,2026-05-01,Closed,1.0,16.46,11.0,164.0,2601.03,14.0,0,
C000577,Carrier B,Property,Web,2026-08-01,2026-08,2026-08-13,Closed,0.0,8.18,12.0,61.0,1902.99,20.0,0,
C000578,Carrier C,Liability,Mobile,2026-09-03,2026-09,2026-09-21,Closed,1.0,25.45,18.0,28.0,2817.82,14.0,1,0.7905
C000579,Carrier A,Liability,Mobile,2026-08-02,2026-08,,Open,0.0,13.0,,60.0,0.0,14.0,0,
C000580,Carrier A,Property,Agent,2026-09-14,2026-09,2026-09-29,Closed,0.0,7.53,15.0,17.0,1587.28,20.0,0,
C000581,Carrier C,Property,Mobile,2026-07-19,2026-07,2026-08-13,Closed,1.0,15.1,25.0,74.0,1110.43,20.0,0,
C000582,Carrier C,Property,Agent,2026-09-16,2026-09,2026-09-27,Closed,0.0,17.37,11.0,15.0,1678.99,20.0,1,0.6153
C000583,Carrier B,Auto,Web,2026-04-12,2026-04,2026-04-20,Closed,0.0,1.06,8.0,172.0,1409.39,14.0,0,
C000584,Carrier C,Property,Web,2026-08-15,2026-08,2026-08-31,Closed,1.0,13.8,16.0,47.0,4619.16,20.0,0,
C000585,Carrier C,Liability,Mobile,2026-05-04,2026-05,,Open,0.0,6.04,,150.0,0.0,14.0,0,
C000586,Carrier B,Liability,Web,2026-09-13,2026-09,2026-09-19,Closed,0.0,12.48,6.0,18.0,1620.79,14.0,1,0.4625
C000587,Carrier B,Property,Mobile,2026-09-21,2026-09,2026-10-01,Closed,0.0,10.55,10.0,10.0,2819.55,20.0,0,
C000588,Carrier A,Property,Mobile,2026-05-11,2026-05,2026-05-27,Closed,0.0,9.26,16.0,143.0,990.94,20.0,0,
C000589,Carrier A,Liability,Agent,2026-09-09,2026-09,2026-09-14,Closed,0.0,6.39,5.0,22.0,3242.76,14.0,2,0.7449
C000590,Carrier C,Auto,Mobile,2026-09-15,2026-09,2026-09-28,Closed,1.0,20.63,13.0,16.0,2007.6,14.0,0,
C000591,Carrier A,Auto,Web,2026-08-07,2026-08,2026-08-16,Closed,0.0,3.35,9.0,55.0,6206.29,14.0,0,
C000592,Carrier B,Liability,Web,2026-08-28,2026-08,,Open,1.0,17.72,,34.0,0.0,14.0,1,0.2206
C000593,Carrier C,Liability,Agent,2026-05-30,2026-05,2026-06-06,Closed,0.0,17.48,7.0,124.0,4265.48,14.0,0,
C000594,Carrier A,Auto,Agent,2026-05-26,2026-05,2026-06-03,Closed,0.0,5.27,8.0,128.0,2872.71,14.0,0,
C000595,Carrier C,Property,Mobile,2026-04-28,2026-04,2026-05-08,Closed,0.0,1.35,10.0,156.0,1949.3,20.0,0,
C000596,Carrier A,Auto,Web,2026-06-10,2026-06,2026-06-18,Closed,1.0,13.33,8.0,113.0,1770.31,14.0,1,0.5887
C000597,Carrier B,Liability,Web,2026-08-02,2026-08,2026-08-06,Closed,0.0,9.42,4.0,60.0,7537.79,14.0,0,
C000598,Carrier A,Property,Mobile,2026-05-30,2026-05,2026-06-09,Closed,0.0,13.69,10.0,124.0,2646.38,20.0,0,
C000599,Carrier C,Liability,Agent,2026-06-22,2026-06,2026-07-06,Closed,1.0,13.18,14.0,101.0,1347.83,14.0,0,
C000600,Carrier C,Auto,Mobile,2026-07-13,2026-07,2026-07-20,Closed,0.0,5.75,7.0,80.0,723.33,14.0,0,
C000601,Carrier B,Liability,Mobile,2026-08-24,2026-08,2026-09-07,Closed,1.0,27.39,14.0,38.0,1024.59,14.0,0,
C000602,Carrier A,Auto,Mobile,2026-09-05,2026-09,2026-09-09,Closed,0.0,4.95,4.0,26.0,15186.61,14.0,2,0.4351
C000603,Carrier A,Liability,Agent,2026-07-12,2026-07,2026-07-19,Closed,0.0,10.19,7.0,81.0,1020.99,14.0,2,0.1714
C000604,Carrier C,Liability,Agent,2026-09-10,2026-09,2026-09-25,Closed,0.0,14.4,15.0,21.0,2806.18,14.0,0,
C000605,Carrier A,Property,Mobile,2026-09-25,2026-09,,Open,0.0,9.34,,6.0,0.0,20.0,0,
C000606,Carrier B,Auto,Web,2026-09-27,2026-09,,Open,0.0,15.13,,4.0,0.0,14.0,0,
C000607,Carrier C,Property,Web,2026-09-09,2026-09,2026-09-29,Closed,0.0,8.36,20.0,22.0,6035.97,20.0,0,
C000608,Carrier B,Property,Agent,2026-04-20,2026-04,2026-05-06,Closed,0.0,9.56,16.0,164.0,5281.84,20.0,1,0.7456
C000609,Carrier B,Liability,Web,2026-04-25,2026-04,2026-05-12,Closed,1.0,27.9,17.0,159.0,6902.84,14.0,0,
C000610,Carrier A,Auto,Mobile,2026-05-20,2026-05,2026-05-21,Closed,0.0,11.99,1.0,134.0,11300.23,14.0,1,0.3361
C000611,Carrier B,Liability,Agent,2026-08-09,2026-08,2026-08-12,Closed,0.0,17.43,3.0,53.0,21970.88,14.0,0,
C000612,Carrier A,Liability,Agent,2026-06-04,2026-06,2026-06-11,Closed,0.0,9.31,7.0,119.0,2007.51,14.0,0,
C000613,Carrier B,Liability,Mobile,2026-06-12,2026-06,2026-07-10,Closed,1.0,25.79,28.0,111.0,1487.87,14.0,0,
C000614,Carrier C,Property,Mobile,2026-04-11,2026-04,2026-04-29,Closed,1.0,25.12,18.0,173.0,1531.99,20.0,1,0.5409
C000615,Carrier B,Property,Web,2026-05-22,2026-05,2026-05-28,Closed,0.0,6.75,6.0,132.0,3782.78,20.0,0,
C000616,Carrier A,Liability,Agent,2026-05-27,2026-05,2026-06-08,Closed,0.0,8.77,12.0,127.0,4720.94,14.0,0,
C000617,Carrier B,Property,Web,2026-08-26,2026-08,2026-09-04,Closed,0.0,10.27,9.0,36.0,1896.7,20.0,0,
C000618,Carrier B,Property,Agent,2026-05-13,2026-05,2026-05-22,Closed,0.0,3.5,9.0,141.0,565.88,20.0,0,
C000619,Carrier C,Auto,Mobile,2026-09-09,2026-09,2026-09-12,Closed,0.0,10.69,3.0,22.0,5639.92,14.0,0,
C000620,Carrier A,Liability,Mobile,2026-07-30,2026-07,2026-08-13,Closed,1.0,25.79,14.0,63.0,2069.13,14.0,0,
C000621,Carrier B,Liability,Web,2026-04-14,2026-04,2026-04-19,Closed,0.0,15.97,5.0,170.0,1572.16,14.0,0,
C000622,Carrier A,Auto,Web,2026-05-24,2026-05,2026-05-26,Closed,0.0,11.26,2.0,130.0,6870.81,14.0,0,
C000623,Carrier B,Auto,Agent,2026-04-02,2026-04,2026-04-06,Closed,0.0,14.44,4.0,182.0,3205.4,14.0,0,
C000624,Carrier C,Property,Web,2026-09-17,2026-09,2026-09-24,Closed,0.0,11.67,7.0,14.0,1207.0,20.0,0,
C000625,Carrier B,Auto,Mobile,2026-05-27,2026-05,2026-05-31,Closed,0.0,15.92,4.0,127.0,2859.84,14.0,0,
C000626,Carrier B,Auto,Web,2026-09-13,2026-09,2026-09-16,Closed,0.0,14.82,3.0,18.0,3104.84,14.0,1,0.7763
C000627,Carrier A,Auto,Mobile,2026-08-11,2026-08,2026-08-14,Closed,0.0,4.37,3.0,51.0,2595.83,14.0,0,
C000628,Carrier B,Auto,Web,2026-08-17,2026-08,2026-08-22,Closed,0.0,1.23,5.0,45.0,1467.6,14.0,0,
C000629,Carrier B,Property,Web,2026-07-15,2026-07,2026-07-22,Closed,0.0,16.87,7.0,78.0,28299.86,20.0,0,
C000630,Carrier C,Auto,Mobile,2026-09-22,2026-09,,Open,0.0,13.6,,9.0,0.0,14.0,1,0.2133
C000631,Carrier B,Auto,Agent,2026-09-29,2026-09,,Open,0.0,6.03,,2.0,0.0,14.0,1,0.7733
C000632,Carrier A,Auto,Web,2026-07-25,2026-07,2026-07-28,Closed,0.0,6.9,3.0,68.0,2488.42,14.0,0,
C000633,Carrier B,Liability,Web,2026-08-15,2026-08,,Open,0.0,10.53,,47.0,0.0,14.0,0,
C000634,Carrier C,Auto,Mobile,2026-05-02,2026-05,2026-05-10,Closed,0.0,5.16,8.0,152.0,8768.9,14.0,0,
C000635,Carrier B,Auto,Agent,2026-09-04,2026-09,2026-09-16,Closed,0.0,15.83,12.0,27.0,2323.7,14.0,1,0.4397
C000636,Carrier A,Property,Web,2026-06-17,2026-06,2026-07-10,Closed,0.0,14.64,23.0,106.0,3832.72,20.0,0,
C000637,Carrier C,Liability,Agent,2026-08-16,2026-08,2026-08-28,Closed,0.0,2.42,12.0,46.0,4786.56,14.0,0,
C000638,Carrier B,Auto,Agent,2026-08-01,2026-08,,Open,0.0,16.88,,61.0,0.0,14.0,1,0.6911
C000639,Carrier B,Property,Agent,2026-07-01,2026-07,2026-07-14,Closed,0.0,6.16,13.0,92.0,10668.23,20.0,1,0.1975
C000640,Carrier B,Liability,Agent,2026-04-23,2026-04,2026-04-24,Closed,0.0,1.54,1.0,161.0,2454.28,14.0,0,
C000641,Carrier B,Property,Agent,2026-09-21,2026-09,,Open,0.0,17.4,,10.0,0.0,20.0,0,
C000642,Carrier A,Property,Agent,2026-06-06,2026-06,2026-06-17,Closed,0.0,17.22,11.0,117.0,2937.58,20.0,0,
C000643,Carrier B,Auto,Mobile,2026-04-22,2026-04,2026-05-17,Closed,1.0,26.04,25.0,162.0,2493.87,14.0,0,
C000644,Carrier C,Liability,Mobile,2026-04-19,2026-04,2026-04-25,Closed,0.0,15.52,6.0,165.0,5663.21,14.0,0,
C000645,Carrier C,Auto,Web,2026-04-06,2026-04,2026-04-20,Closed,1.0,15.23,14.0,178.0,1010.23,14.0,1,0.742
C000646,Carrier C,Auto,Mobile,2026-06-22,2026-06,2026-07-08,Closed,1.0,13.41,16.0,101.0,1721.01,14.0,0,
C000647,Carrier A,Liability,Agent,2026-06-03,2026-06,2026-06-23,Closed,1.0,11.41,20.0,120.0,4739.97,14.0,0,
C000648,Carrier B,Auto,Mobile,2026-07-13,2026-07,2026-08-04,Closed,0.0,7.81,22.0,80.0,11270.54,14.0,0,
C000649,Carrier C,Auto,Agent,2026-04-19,2026-04,2026-04-27,Closed,0.0,8.59,8.0,165.0,1131.65,14.0,0,
C000650,Carrier C,Auto,Web,2026-09-05,2026-09,2026-09-16,Closed,1.0,12.84,11.0,26.0,8059.51,14.0,0,
C000651,Carrier A,Liability,Mobile,2026-07-20,2026-07,2026-08-22,Closed,1.0,23.81,33.0,73.0,2523.46,14.0,2,0.8975
C000652,Carrier A,Auto,Web,2026-08-29,2026-08,,Open,0.0,17.84,,33.0,0.0,14.0,0,
C000653,Carrier A,Liability,Web,2026-04-10,2026-04,2026-04-17,Closed,0.0,17.44,7.0,174.0,1472.98,14.0,0,
C000654,Carrier B,Property,Web,2026-09-21,2026-09,,Open,0.0,11.51,,10.0,0.0,20.0,0,
C000655,Carrier B,Auto,Web,2026-07-30,2026-07,2026-08-02,Closed,0.0,13.03,3.0,63.0,25166.58,14.0,0,
C000656,Carrier C,Auto,Web,2026-04-13,2026-04,2026-05-04,Closed,0.0,1.61,21.0,171.0,1259.09,14.0,1,0.4875
C000657,Carrier B,Liability,Web,2026-08-02,2026-08,2026-08-08,Closed,0.0,16.11,6.0,60.0,3286.74,14.0,0,
C000658,Carrier A,Property,Agent,2026-06-27,2026-06,2026-07-10,Closed,0.0,10.83,13.0,96.0,2724.75,20.0,0,
C000659,Carrier C,Property,Agent,2026-05-24,2026-05,2026-06-07,Closed,1.0,25.25,14.0,130.0,5739.95,20.0,1,0.5589
C000660,Carrier B,Liability,Web,2026-08-29,2026-08,2026-09-02,Closed,0.0,16.89,4.0,33.0,19154.08,14.0,0,
C000661,Carrier B,Property,Agent,2026-08-02,2026-08,2026-08-15,Closed,0.0,13.21,13.0,60.0,4261.66,20.0,1,0.9703
C000662,Carrier C,Auto,Mobile,2026-04-07,2026-04,2026-04-16,Closed,1.0,22.97,9.0,177.0,6207.32,14.0,0,
C000663,Carrier C,Auto,Web,2026-06-03,2026-06,,Open,0.0,8.87,,120.0,0.0,14.0,0,
C000664,Carrier A,Property,Mobile,2026-09-14,2026-09,,Open,0.0,7.28,,17.0,0.0,20.0,0,
C000665,Carrier B,Auto,Agent,2026-08-22,2026-08,2026-09-05,Closed,0.0,6.35,14.0,40.0,2499.79,14.0,0,
C000666,Carrier B,Auto,Agent,2026-09-08,2026-09,2026-09-30,Closed,0.0,13.07,22.0,23.0,8107.88,14.0,0,
C000667,Carrier A,Property,Agent,2026-04-22,2026-04,2026-04-29,Closed,0.0,17.8,7.0,162.0,12253.71,20.0,1,0.9795
C000668,Carrier B,Auto,Web,2026-04-05,2026-04,2026-04-16,Closed,1.0,14.15,11.0,179.0,1004.18,14.0,0,
C000669,Carrier C,Auto,Agent,2026-05-25,2026-05,2026-05-30,Closed,0.0,16.99,5.0,129.0,1448.93,14.0,2,0.9494
C000670,Carrier A,Auto,Web,2026-06-03,2026-06,2026-06-18,Closed,1.0,12.62,15.0,120.0,2392.15,14.0,0,
C000671,Carrier B,Property,Mobile,2026-04-30,2026-04,2026-05-15,Closed,1.0,12.77,15.0,154.0,3813.27,20.0,0,
C000672,Carrier A,Liability,Mobile,2026-06-24,2026-06,2026-07-12,Closed,0.0,17.81,18.0,99.0,656.53,14.0,0,
C000673,Carrier B,Property,Web,2026-05-30,2026-05,2026-06-10,Closed,0.0,12.83,11.0,124.0,5176.58,20.0,0,
C000674,Carrier B,Property,Mobile,2026-08-15,2026-08,2026-09-07,Closed,0.0,11.25,23.0,47.0,1184.52,20.0,0,
C000675,Carrier B,Property,Web,2026-05-13,2026-05,2026-05-23,Closed,0.0,2.97,10.0,141.0,1107.86,20.0,0,
C000676,Carrier C,Auto,Web,2026-09-08,2026-09,2026-09-14,Closed,0.0,6.87,6.0,23.0,5249.76,14.0,1,0.2015
C000677,Carrier B,Property,Web,2026-04-11,2026-04,2026-04-25,Closed,0.0,2.16,14.0,173.0,1518.65,20.0,0,
C000678,Carrier A,Auto,Web,2026-08-29,2026-08,2026-09-03,Closed,0.0,11.24,5.0,33.0,972.96,14.0,1,0.1833
C000679,Carrier B,Property,Agent,2026-04-07,2026-04,2026-04-20,Closed,0.0,5.77,13.0,177.0,3822.38,20.0,0,
C000680,Carrier B,Auto,Agent,2026-04-01,2026-04,2026-04-15,Closed,1.0,21.25,14.0,183.0,5131.05,14.0,0,
C000681,Carrier A,Auto,Agent,2026-07-12,2026-07,2026-07-19,Closed,0.0,8.07,7.0,81.0,1662.84,14.0,0,
C000682,Carrier A,Liability,Agent,2026-05-14,2026-05,2026-05-24,Closed,0.0,16.02,10.0,140.0,4929.15,14.0,1,0.4053
C000683,Carrier A,Property,Mobile,2026-08-16,2026-08,2026-08-26,Closed,0.0,2.31,10.0,46.0,1982.55,20.0,1,0.519
C000684,Carrier C,Auto,Web,2026-05-26,2026-05,2026-06-02,Closed,0.0,16.8,7.0,128.0,443.85,14.0,0,
C000685,Carrier B,Liability,Mobile,2026-07-30,2026-07,2026-08-17,Closed,0.0,6.22,18.0,63.0,6505.67,14.0,0,
C000686,Carrier C,Liability,Mobile,2026-04-06,2026-04,2026-04-16,Closed,0.0,6.66,10.0,178.0,3600.91,14.0,1,0.7021
C000687,Carrier C,Liability,Mobile,2026-06-09,2026-06,2026-06-22,Closed,1.0,26.7,13.0,114.0,664.34,14.0,0,
C000688,Carrier A,Property,Web,2026-07-13,2026-07,2026-07-23,Closed,0.0,17.65,10.0,80.0,6353.85,20.0,0,
C000689,Carrier A,Property,Web,2026-05-28,2026-05,2026-06-13,Closed,1.0,17.58,16.0,126.0,1610.17,20.0,0,
C000690,Carrier B,Property,Agent,2026-07-22,2026-07,2026-08-01,Closed,0.0,12.93,10.0,71.0,2211.58,20.0,0,
C000691,Carrier A,Auto,Web,2026-06-06,2026-06,2026-06-21,Closed,1.0,19.81,15.0,117.0,1012.76,14.0,0,
C000692,Carrier B,Auto,Web,2026-07-03,2026-07,,Open,0.0,4.5,,90.0,0.0,14.0,1,0.4957
C000693,Carrier A,Auto,Mobile,2026-07-07,2026-07,2026-07-23,Closed,1.0,20.08,16.0,86.0,9512.96,14.0,0,
C000694,Carrier A,Liability,Web,2026-09-24,2026-09,,Open,0.0,15.06,,7.0,0.0,14.0,0,
C000695,Carrier C,Liability,Mobile,2026-09-22,2026-09,,Open,1.0,20.89,,9.0,0.0,14.0,0,
C000696,Carrier C,Property,Mobile,2026-08-13,2026-08,2026-08-28,Closed,1.0,13.42,15.0,49.0,820.26,20.0,0,
C000697,Carrier A,Property,Mobile,2026-05-18,2026-05,2026-06-16,Closed,0.0,15.18,29.0,136.0,7872.64,20.0,1,0.7179
C000698,Carrier C,Liability,Mobile,2026-05-27,2026-05,2026-05-30,Closed,0.0,1.44,3.0,127.0,5859.75,14.0,0,
C000699,Carrier C,Auto,Mobile,2026-04-27,2026-04,2026-05-06,Closed,1.0,16.97,9.0,157.0,1842.39,14.0,0,
C000700,Carrier A,Property,Web,2026-07-28,2026-07,2026-08-29,Closed,1.0,23.16,32.0,65.0,2207.05,20.0,1,0.0084
C000701,Carrier B,Liability,Agent,2026-07-05,2026-07,2026-07-12,Closed,0.0,11.48,7.0,88.0,4822.26,14.0,1,0.5452
C000702,Carrier C,Auto,Web,2026-07-18,2026-07,2026-07-25,Closed,0.0,14.41,7.0,75.0,3540.42,14.0,0,
C000703,Carrier C,Liability,Agent,2026-04-03,2026-04,2026-04-10,Closed,0.0,1.8,7.0,181.0,6409.17,14.0,0,
C000704,Carrier B,Property,Agent,2026-09-27,2026-09,,Open,0.0,5.5,,4.0,0.0,20.0,0,
C000705,Carrier C,Property,Agent,2026-09-23,2026-09,2026-09-29,Closed,0.0,4.96,6.0,8.0,3295.69,20.0,0,
C000706,Carrier B,Auto,Agent,2026-09-29,2026-09,,Open,0.0,6.66,,2.0,0.0,14.0,0,
C000707,Carrier C,Auto,Web,2026-06-26,2026-06,2026-07-01,Closed,0.0,17.64,5.0,97.0,3442.91,14.0,0,
C000708,Carrier C,Liability,Mobile,2026-09-23,2026-09,,Open,1.0,19.1,,8.0,0.0,14.0,0,
C000709,Carrier A,Liability,Web,2026-05-20,2026-05,2026-05-29,Closed,0.0,14.31,9.0,134.0,2484.34,14.0,1,0.6711
C000710,Carrier C,Auto,Web,2026-06-07,2026-06,2026-06-18,Closed,0.0,13.39,11.0,116.0,9548.86,14.0,0,
C000711,Carrier B,Auto,Web,2026-05-05,2026-05,2026-05-22,Closed,1.0,13.92,17.0,149.0,1312.04,14.0,0,
C000712,Carrier A,Liability,Agent,2026-06-06,2026-06,2026-06-12,Closed,0.0,4.75,6.0,117.0,4393.22,14.0,0,
C000713,Carrier B,Liability,Web,2026-06-10,2026-06,2026-06-12,Closed,0.0,4.82,2.0,113.0,4060.45,14.0,0,
C000714,Carrier A,Auto,Web,2026-09-30,2026-09,,Open,1.0,12.56,,1.0,0.0,14.0,0,
C000715,Carrier B,Property,Agent,2026-04-12,2026-04,2026-04-25,Closed,0.0,17.02,13.0,172.0,3058.52,20.0,1,0.3387
C000716,Carrier A,Auto,Mobile,2026-04-09,2026-04,2026-04-18,Closed,1.0,27.06,9.0,175.0,2695.51,14.0,1,0.5269
C000717,Carrier B,Liability,Mobile,2026-08-24,2026-08,2026-09-02,Closed,0.0,1.35,9.0,38.0,5769.28,14.0,0,
C000718,Carrier B,Liability,Web,2026-06-20,2026-06,2026-06-22,Closed,0.0,2.08,2.0,103.0,5140.95,14.0,1,0.9414
C000719,Carrier B,Property,Web,2026-06-28,2026-06,2026-07-07,Closed,0.0,8.72,9.0,95.0,5582.71,20.0,0,
C000720,Carrier A,Property,Agent,2026-04-17,2026-04,2026-05-14,Closed,0.0,12.63,27.0,167.0,1162.65,20.0,0,
C000721,Carrier B,Property,Web,2026-09-21,2026-09,,Open,0.0,8.82,,10.0,0.0,20.0,2,0.9807
C000722,Carrier B,Property,Web,2026-04-09,2026-04,2026-04-23,Closed,1.0,26.84,14.0,175.0,5477.66,20.0,0,
C000723,Carrier C,Auto,Agent,2026-07-17,2026-07,2026-07-19,Closed,0.0,9.99,2.0,76.0,1027.76,14.0,0,
C000724,Carrier B,Liability,Web,2026-06-20,2026-06,2026-06-22,Closed,0.0,17.76,2.0,103.0,3887.36,14.0,0,
C000725,Carrier C,Property,Mobile,2026-08-05,2026-08,2026-08-13,Closed,0.0,9.07,8.0,57.0,3483.51,20.0,0,
C000726,Carrier A,Auto,Mobile,2026-07-31,2026-07,2026-08-04,Closed,0.0,3.56,4.0,62.0,6345.96,14.0,0,
C000727,Carrier B,Property,Agent,2026-05-14,2026-05,2026-05-25,Closed,0.0,12.25,11.0,140.0,1187.41,20.0,0,
C000728,Carrier A,Property,Mobile,2026-07-31,2026-07,2026-08-08,Closed,0.0,7.51,8.0,62.0,2962.67,20.0,0,
C000729,Carrier C,Property,Agent,2026-06-12,2026-06,2026-07-02,Closed,0.0,14.74,20.0,111.0,763.09,20.0,2,0.9904
C000730,Carrier B,Auto,Web,2026-06-22,2026-06,2026-06-26,Closed,0.0,5.88,4.0,101.0,7344.91,14.0,1,0.3106
C000731,Carrier C,Property,Agent,2026-04-22,2026-04,2026-05-01,Closed,0.0,8.59,9.0,162.0,1032.56,20.0,0,
C000732,Carrier C,Property,Agent,2026-05-09,2026-05,2026-06-04,Closed,0.0,7.59,26.0,145.0,8065.0,20.0,0,
C000733,Carrier A,Auto,Mobile,2026-04-10,2026-04,2026-04-16,Closed,0.0,1.12,6.0,174.0,515.91,14.0,2,0.1558
C000734,Carrier A,Liability,Mobile,2026-08-22,2026-08,2026-09-05,Closed,1.0,18.33,14.0,40.0,4368.63,14.0,1,0.8691
C000735,Carrier B,Property,Web,2026-04-28,2026-04,2026-05-08,Closed,0.0,15.8,10.0,156.0,4964.28,20.0,1,0.3086
C000736,Carrier A,Property,Mobile,2026-07-30,2026-07,2026-08-18,Closed,0.0,10.03,19.0,63.0,2529.17,20.0,0,
C000737,Carrier B,Liability,Web,2026-04-30,2026-04,2026-05-24,Closed,0.0,1.4,24.0,154.0,3410.72,14.0,0,
C000738,Carrier C,Liability,Mobile,2026-07-29,2026-07,2026-08-09,Closed,1.0,18.67,11.0,64.0,8783.36,14.0,1,0.3719
C000739,Carrier C,Auto,Web,2026-07-15,2026-07,2026-07-21,Closed,0.0,15.3,6.0,78.0,1492.78,14.0,0,
C000740,Carrier A,Auto,Mobile,2026-09-24,2026-09,2026-09-27,Closed,0.0,11.28,3.0,7.0,10448.97,14.0,1,0.7298
C000741,Carrier A,Auto,Agent,2026-05-17,2026-05,2026-06-03,Closed,0.0,17.8,17.0,137.0,1464.7,14.0,0,
C000742,Carrier B,Liability,Agent,2026-09-29,2026-09,,Open,0.0,4.49,,2.0,0.0,14.0,0,
C000743,Carrier A,Property,Mobile,2026-09-21,2026-09,,Open,0.0,8.69,,10.0,0.0,20.0,0,
C000744,Carrier A,Property,Web,2026-07-05,2026-07,2026-07-19,Closed,0.0,4.32,14.0,88.0,1409.1,20.0,0,
C000745,Carrier C,Auto,Agent,2026-09-09,2026-09,2026-09-26,Closed,1.0,15.09,17.0,22.0,1395.63,14.0,0,
C000746,Carrier A,Property,Web,2026-04-14,2026-04,2026-05-01,Closed,1.0,17.19,17.0,170.0,4571.19,20.0,0,
C000747,Carrier C,Liability,Web,2026-06-06,2026-06,2026-06-15,Closed,0.0,5.82,9.0,117.0,5742.84,14.0,0,
C000748,Carrier C,Auto,Agent,2026-05-09,2026-05,2026-05-24,Closed,0.0,4.48,15.0,145.0,2023.95,14.0,1,0.759
C000749,Carrier C,Property,Agent,2026-04-08,2026-04,2026-04-19,Closed,0.0,11.83,11.0,176.0,4376.94,20.0,1,0.1786
C000750,Carrier B,Liability,Agent,2026-04-14,2026-04,2026-04-19,Closed,0.0,2.08,5.0,170.0,11730.09,14.0,0,
C000751,Carrier A,Property,Web,2026-04-17,2026-04,2026-04-25,Closed,0.0,2.4,8.0,167.0,2159.68,20.0,0,
C000752,Carrier B,Liability,Mobile,2026-09-21,2026-09,,Open,1.0,25.27,,10.0,0.0,14.0,1,0.0678
C000753,Carrier C,Auto,Agent,2026-04-08,2026-04,2026-04-24,Closed,0.0,2.8,16.0,176.0,3322.72,14.0,0,
C000754,Carrier C,Property,Web,2026-04-28,2026-04,2026-05-12,Closed,0.0,5.9,14.0,156.0,9355.19,20.0,0,
C000755,Carrier C,Auto,Web,2026-04-13,2026-04,2026-05-01,Closed,0.0,16.37,18.0,171.0,1084.65,14.0,1,0.6377
C000756,Carrier C,Property,Agent,2026-05-23,2026-05,2026-06-01,Closed,0.0,8.02,9.0,131.0,5873.9,20.0,0,
C000757,Carrier A,Liability,Agent,2026-07-11,2026-07,2026-08-01,Closed,0.0,9.39,21.0,82.0,7308.87,14.0,1,0.285
C000758,Carrier A,Property,Web,2026-06-30,2026-06,2026-07-12,Closed,0.0,3.36,12.0,93.0,2947.04,20.0,0,
C000759,Carrier B,Liability,Web,2026-04-24,2026-04,2026-05-11,Closed,0.0,12.1,17.0,160.0,2791.2,14.0,1,0.8484
C000760,Carrier C,Property,Agent,2026-06-25,2026-06,2026-07-21,Closed,0.0,6.43,26.0,98.0,11736.72,20.0,0,
C000761,Carrier B,Auto,Web,2026-09-01,2026-09,2026-09-16,Closed,0.0,2.53,15.0,30.0,5264.13,14.0,0,
C000762,Carrier B,Auto,Mobile,2026-06-10,2026-06,2026-06-30,Closed,1.0,27.08,20.0,113.0,1228.64,14.0,0,
C000763,Carrier A,Auto,Agent,2026-07-11,2026-07,2026-07-13,Closed,0.0,12.67,2.0,82.0,2087.16,14.0,0,
C000764,Carrier A,Auto,Mobile,2026-07-29,2026-07,2026-07-31,Closed,0.0,14.52,2.0,64.0,2461.69,14.0,0,
C000765,Carrier C,Liability,Mobile,2026-07-04,2026-07,2026-07-13,Closed,0.0,16.87,9.0,89.0,3439.48,14.0,1,0.4814
C000766,Carrier A,Auto,Mobile,2026-04-03,2026-04,2026-04-09,Closed,0.0,4.57,6.0,181.0,3536.09,14.0,0,
C000767,Carrier A,Property,Mobile,2026-09-21,2026-09,,Open,1.0,21.86,,10.0,0.0,20.0,0,
C000768,Carrier C,Auto,Mobile,2026-06-18,2026-06,2026-06-26,Closed,0.0,7.03,8.0,105.0,4415.98,14.0,0,
C000769,Carrier A,Auto,Mobile,2026-08-08,2026-08,2026-08-28,Closed,1.0,26.34,20.0,54.0,2952.04,14.0,1,0.4693
C000770,Carrier A,Property,Mobile,2026-07-01,2026-07,2026-08-16,Closed,1.0,19.17,46.0,92.0,1841.42,20.0,0,
C000771,Carrier A,Auto,Mobile,2026-06-14,2026-06,2026-06-23,Closed,0.0,14.45,9.0,109.0,1231.9,14.0,1,0.402
C000772,Carrier B,Auto,Agent,2026-07-19,2026-07,2026-08-03,Closed,1.0,18.77,15.0,74.0,9686.13,14.0,0,
C000773,Carrier A,Liability,Web,2026-08-30,2026-08,2026-09-09,Closed,0.0,8.9,10.0,32.0,5479.45,14.0,0,
C000774,Carrier A,Auto,Mobile,2026-09-16,2026-09,2026-09-23,Closed,0.0,9.48,7.0,15.0,3244.25,14.0,1,0.5823
C000775,Carrier B,Liability,Mobile,2026-06-21,2026-06,2026-06-30,Closed,1.0,16.77,9.0,102.0,7178.01,14.0,0,
C000776,Carrier C,Liability,Agent,2026-06-15,2026-06,2026-06-23,Closed,0.0,9.1,8.0,108.0,5965.9,14.0,1,0.6969
C000777,Carrier A,Property,Web,2026-06-13,2026-06,,Open,0.0,9.47,,110.0,0.0,20.0,0,
C000778,Carrier A,Property,Mobile,2026-05-20,2026-05,2026-06-10,Closed,0.0,6.85,21.0,134.0,6640.37,20.0,1,0.9802
C000779,Carrier A,Liability,Mobile,2026-09-28,2026-09,,Open,0.0,1.73,,3.0,0.0,14.0,0,
C000780,Carrier C,Liability,Web,2026-08-30,2026-08,2026-09-06,Closed,0.0,15.9,7.0,32.0,549.99,14.0,0,
C000781,Carrier B,Property,Mobile,2026-04-21,2026-04,2026-05-12,Closed,0.0,13.3,21.0,163.0,3679.49,20.0,0,
C000782,Carrier A,Property,Agent,2026-09-05,2026-09,2026-09-14,Closed,0.0,14.28,9.0,26.0,1110.56,20.0,0,
C000783,Carrier B,Auto,Web,2026-04-12,2026-04,2026-04-13,Closed,0.0,6.08,1.0,172.0,2635.77,14.0,0,
C000784,Carrier A,Liability,Web,2026-05-23,2026-05,2026-05-30,Closed,0.0,2.08,7.0,131.0,2598.27,14.0,0,
C000785,Carrier A,Auto,Mobile,2026-05-09,2026-05,2026-05-20,Closed,1.0,20.5,11.0,145.0,1897.5,14.0,0,
C000786,Carrier A,Auto,Web,2026-08-12,2026-08,2026-08-13,Closed,0.0,5.22,1.0,50.0,9660.84,14.0,0,
C000787,Carrier B,Liability,Web,2026-07-31,2026-07,2026-08-02,Closed,0.0,5.56,2.0,62.0,3585.12,14.0,0,
C000788,Carrier C,Auto,Agent,2026-06-19,2026-06,2026-07-08,Closed,0.0,13.15,19.0,104.0,1229.89,14.0,1,0.7289
C000789,Carrier B,Auto,Agent,2026-09-28,2026-09,,Open,0.0,16.21,,3.0,0.0,14.0,0,
C000790,Carrier B,Property,Mobile,2026-08-28,2026-08,2026-09-13,Closed,1.0,23.52,16.0,34.0,2567.84,20.0,0,
C000791,Carrier B,Property,Web,2026-06-23,2026-06,2026-07-06,Closed,0.0,11.94,13.0,100.0,3309.26,20.0,0,
C000792,Carrier C,Liability,Web,2026-08-14,2026-08,2026-08-24,Closed,0.0,1.73,10.0,48.0,1792.46,14.0,1,0.7908
C000793,Carrier A,Auto,Web,2026-06-08,2026-06,2026-06-10,Closed,0.0,17.17,2.0,115.0,1376.94,14.0,2,0.844
C000794,Carrier C,Liability,Web,2026-07-16,2026-07,2026-07-19,Closed,0.0,10.43,3.0,77.0,1857.22,14.0,0,
C000795,Carrier A,Property,Web,2026-05-31,2026-05,2026-07-01,Closed,0.0,12.63,31.0,123.0,1493.52,20.0,0,
C000796,Carrier A,Auto,Web,2026-08-29,2026-08,2026-09-23,Closed,1.0,22.9,25.0,33.0,3195.49,14.0,0,
C000797,Carrier B,Auto,Web,2026-06-16,2026-06,2026-06-26,Closed,1.0,17.36,10.0,107.0,4622.86,14.0,1,0.2245
C000798,Carrier C,Auto,Web,2026-05-13,2026-05,,Open,0.0,6.98,,141.0,0.0,14.0,0,
C000799,Carrier C,Property,Web,2026-04-19,2026-04,2026-05-04,Closed,1.0,13.29,15.0,165.0,6980.07,20.0,0,
C000800,Carrier A,Liability,Web,2026-04-13,2026-04,2026-04-26,Closed,1.0,22.63,13.0,171.0,11677.31,14.0,0,
C000801,Carrier B,Property,Agent,2026-06-07,2026-06,2026-06-15,Closed,0.0,9.06,8.0,116.0,801.68,20.0,1,0.2808
C000802,Carrier C,Auto,Mobile,2026-06-10,2026-06,2026-06-16,Closed,0.0,13.61,6.0,113.0,1286.84,14.0,0,
C000803,Carrier A,Property,Web,2026-04-14,2026-04,2026-05-05,Closed,0.0,16.66,21.0,170.0,7244.15,20.0,0,
C000804,Carrier A,Liability,Web,2026-08-19,2026-08,2026-08-24,Closed,0.0,6.5,5.0,43.0,7344.63,14.0,0,
C000805,Carrier B,Auto,Agent,2026-08-18,2026-08,2026-08-27,Closed,0.0,13.85,9.0,44.0,3095.6,14.0,2,0.1731
C000806,Carrier B,Liability,Web,2026-08-31,2026-08,2026-09-18,Closed,1.0,19.09,18.0,31.0,33556.81,14.0,0,
C000807,Carrier C,Auto,Web,2026-05-31,2026-05,2026-06-12,Closed,0.0,17.64,12.0,123.0,808.77,14.0,0,
C000808,Carrier C,Property,Agent,2026-05-03,2026-05,2026-05-15,Closed,0.0,8.92,12.0,151.0,2773.77,20.0,0,
C000809,Carrier A,Property,Mobile,2026-08-06,2026-08,2026-08-16,Closed,0.0,15.94,10.0,56.0,1041.28,20.0,0,
C000810,Carrier C,Auto,Mobile,2026-04-30,2026-04,2026-05-14,Closed,1.0,23.62,14.0,154.0,6305.75,14.0,1,0.4879
C000811,Carrier B,Auto,Web,2026-04-24,2026-04,2026-04-25,Closed,0.0,4.43,1.0,160.0,1720.85,14.0,0,
C000812,Carrier C,Auto,Mobile,2026-04-15,2026-04,2026-04-30,Closed,1.0,24.65,15.0,169.0,19141.98,14.0,0,
C000813,Carrier C,Liability,Web,2026-06-26,2026-06,2026-07-02,Closed,0.0,13.35,6.0,97.0,1724.63,14.0,0,
C000814,Carrier A,Auto,Web,2026-06-22,2026-06,,Open,0.0,1.58,,101.0,0.0,14.0,0,
C000815,Carrier A,Liability,Mobile,2026-04-30,2026-04,2026-05-07,Closed,0.0,7.01,7.0,154.0,1701.39,14.0,1,0.2554
C000816,Carrier C,Property,Web,2026-09-01,2026-09,2026-09-14,Closed,0.0,17.01,13.0,30.0,4575.94,20.0,1,0.5327
C000817,Carrier A,Auto,Web,2026-05-11,2026-05,2026-05-29,Closed,1.0,16.89,18.0,143.0,8453.26,14.0,0,
C000818,Carrier C,Property,Agent,2026-04-04,2026-04,2026-04-15,Closed,0.0,15.45,11.0,180.0,3016.87,20.0,1,0.4063
C000819,Carrier C,Property,Mobile,2026-08-10,2026-08,2026-08-17,Closed,0.0,14.38,7.0,52.0,4050.03,20.0,0,
C000820,Carrier A,Property,Web,2026-07-02,2026-07,2026-07-07,Closed,0.0,2.41,5.0,91.0,1188.75,20.0,0,
C000821,Carrier C,Liability,Mobile,2026-07-30,2026-07,,Open,0.0,10.25,,63.0,0.0,14.0,0,
C000822,Carrier A,Property,Agent,2026-09-08,2026-09,2026-09-17,Closed,0.0,2.72,9.0,23.0,2415.91,20.0,0,
C000823,Carrier B,Property,Agent,2026-07-25,2026-07,2026-08-07,Closed,0.0,2.16,13.0,68.0,2920.17,20.0,0,
C000824,Carrier A,Auto,Web,2026-06-01,2026-06,2026-06-17,Closed,0.0,16.24,16.0,122.0,600.0,14.0,1,0.5646
C000825,Carrier B,Auto,Web,2026-05-21,2026-05,2026-05-24,Closed,0.0,9.58,3.0,133.0,4729.15,14.0,1,0.3554
C000826,Carrier A,Liability,Agent,2026-06-01,2026-06,2026-06-10,Closed,0.0,15.94,9.0,122.0,971.78,14.0,0,
C000827,Carrier C,Property,Web,2026-07-18,2026-07,2026-07-30,Closed,0.0,7.82,12.0,75.0,1808.35,20.0,1,0.2418
C000828,Carrier A,Property,Agent,2026-07-19,2026-07,2026-08-03,Closed,0.0,17.79,15.0,74.0,4551.87,20.0,0,
C000829,Carrier C,Liability,Web,2026-04-15,2026-04,2026-04-24,Closed,0.0,6.74,9.0,169.0,2656.94,14.0,2,0.86
C000830,Carrier C,Property,Web,2026-04-21,2026-04,2026-04-30,Closed,0.0,13.07,9.0,163.0,6499.59,20.0,0,
C000831,Carrier C,Property,Mobile,2026-07-13,2026-07,2026-08-08,Closed,0.0,4.23,26.0,80.0,5511.54,20.0,0,
C000832,Carrier A,Auto,Mobile,2026-09-17,2026-09,2026-09-30,Closed,1.0,16.27,13.0,14.0,2967.93,14.0,0,
C000833,Carrier B,Property,Mobile,2026-05-12,2026-05,2026-06-04,Closed,0.0,14.31,23.0,142.0,5114.18,20.0,0,
C000834,Carrier C,Liability,Web,2026-09-21,2026-09,2026-09-26,Closed,0.0,6.95,5.0,10.0,2115.24,14.0,0,
C000835,Carrier B,Liability,Web,2026-05-09,2026-05,2026-05-14,Closed,0.0,9.35,5.0,145.0,3586.82,14.0,1,0.1566
C000836,Carrier C,Liability,Web,2026-04-07,2026-04,2026-04-19,Closed,0.0,11.51,12.0,177.0,1081.14,14.0,0,
C000837,Carrier A,Property,Mobile,2026-09-21,2026-09,2026-09-28,Closed,0.0,9.17,7.0,10.0,2176.91,20.0,0,
C000838,Carrier A,Property,Web,2026-05-10,2026-05,2026-05-26,Closed,1.0,21.39,16.0,144.0,6904.08,20.0,1,0.9056
C000839,Carrier C,Auto,Mobile,2026-07-23,2026-07,2026-08-06,Closed,1.0,24.96,14.0,70.0,3231.64,14.0,0,
C000840,Carrier C,Property,Web,2026-06-19,2026-06,2026-07-07,Closed,0.0,13.93,18.0,104.0,26721.65,20.0,0,
C000841,Carrier B,Property,Mobile,2026-04-28,2026-04,2026-05-16,Closed,1.0,26.05,18.0,156.0,11769.27,20.0,0,
C000842,Carrier B,Liability,Web,2026-05-12,2026-05,2026-05-17,Closed,0.0,14.8,5.0,142.0,3291.9,14.0,0,
C000843,Carrier B,Property,Web,2026-09-13,2026-09,2026-09-26,Closed,0.0,16.32,13.0,18.0,1446.71,20.0,0,
C000844,Carrier B,Liability,Mobile,2026-08-15,2026-08,2026-08-25,Closed,1.0,13.24,10.0,47.0,1426.62,14.0,0,
C000845,Carrier B,Auto,Mobile,2026-05-19,2026-05,2026-05-24,Closed,0.0,2.42,5.0,135.0,4746.94,14.0,0,
C000846,Carrier A,Property,Mobile,2026-06-17,2026-06,2026-07-02,Closed,0.0,7.96,15.0,106.0,486.6,20.0,1,0.3217
C000847,Carrier A,Property,Mobile,2026-05-21,2026-05,2026-05-29,Closed,0.0,15.43,8.0,133.0,8621.18,20.0,0,
C000848,Carrier B,Property,Mobile,2026-08-03,2026-08,2026-08-18,Closed,0.0,6.88,15.0,59.0,5681.09,20.0,0,
C000849,Carrier B,Liability,Agent,2026-07-10,2026-07,,Open,0.0,9.52,,83.0,0.0,14.0,0,
C000850,Carrier B,Property,Web,2026-08-08,2026-08,2026-08-18,Closed,0.0,2.72,10.0,54.0,2641.87,20.0,1,0.0104
C000851,Carrier C,Auto,Web,2026-07-04,2026-07,2026-07-14,Closed,1.0,12.13,10.0,89.0,3698.66,14.0,1,0.5976
C000852,Carrier A,Property,Agent,2026-09-26,2026-09,,Open,0.0,10.8,,5.0,0.0,20.0,0,
C000853,Carrier B,Auto,Web,2026-08-23,2026-08,2026-08-25,Closed,0.0,15.0,2.0,39.0,6145.79,14.0,1,0.0592
C000854,Carrier B,Liability,Web,2026-05-20,2026-05,,Open,1.0,26.85,,134.0,0.0,14.0,0,
C000855,Carrier C,Property,Mobile,2026-04-26,2026-04,2026-05-16,Closed,1.0,13.51,20.0,158.0,2653.13,20.0,0,
C000856,Carrier B,Liability,Agent,2026-06-16,2026-06,2026-06-20,Closed,0.0,11.33,4.0,107.0,877.59,14.0,0,
C000857,Carrier A,Auto,Web,2026-09-06,2026-09,2026-09-09,Closed,0.0,16.28,3.0,25.0,13469.59,14.0,0,
C000858,Carrier A,Property,Mobile,2026-09-09,2026-09,2026-10-01,Closed,1.0,15.66,22.0,22.0,4181.77,20.0,0,
C000859,Carrier B,Auto,Agent,2026-06-18,2026-06,2026-06-22,Closed,0.0,16.4,4.0,105.0,6596.02,14.0,0,
C000860,Carrier B,Auto,Mobile,2026-09-27,2026-09,,Open,1.0,11.51,,4.0,0.0,14.0,0,
C000861,Carrier C,Liability,Mobile,2026-06-28,2026-06,2026-06-30,Closed,0.0,16.64,2.0,95.0,4241.45,14.0,0,
C000862,Carrier C,Auto,Agent,2026-09-12,2026-09,2026-09-19,Closed,0.0,4.39,7.0,19.0,2632.15,14.0,0,
C000863,Carrier C,Property,Agent,2026-09-10,2026-09,2026-09-21,Closed,0.0,3.34,11.0,21.0,1429.83,20.0,0,
C000864,Carrier C,Liability,Agent,2026-07-07,2026-07,2026-07-18,Closed,0.0,14.3,11.0,86.0,12893.82,14.0,0,
C000865,Carrier C,Liability,Web,2026-07-09,2026-07,2026-08-08,Closed,0.0,10.6,30.0,84.0,2178.21,14.0,0,
C000866,Carrier B,Liability,Mobile,2026-05-11,2026-05,2026-06-06,Closed,0.0,6.27,26.0,143.0,1529.11,14.0,1,0.2477
C000867,Carrier A,Liability,Agent,2026-06-07,2026-06,2026-06-16,Closed,1.0,13.3,9.0,116.0,7186.47,14.0,2,0.5218
C000868,Carrier A,Auto,Mobile,2026-05-21,2026-05,2026-05-23,Closed,0.0,1.73,2.0,133.0,2901.84,14.0,0,
C000869,Carrier A,Property,Agent,2026-08-24,2026-08,2026-09-12,Closed,0.0,17.72,19.0,38.0,23632.5,20.0,1,0.4926
C000870,Carrier B,Liability,Mobile,2026-04-20,2026-04,2026-04-22,Closed,0.0,5.5,2.0,164.0,5229.65,14.0,0,
C000871,Carrier B,Liability,Web,2026-05-25,2026-05,2026-06-02,Closed,0.0,8.97,8.0,129.0,750.65,14.0,0,
C000872,Carrier C,Property,Agent,2026-07-11,2026-07,2026-07-19,Closed,0.0,12.89,8.0,82.0,2204.43,20.0,0,
C000873,Carrier C,Auto,Web,2026-09-27,2026-09,,Open,1.0,23.22,,4.0,0.0,14.0,0,
C000874,Carrier C,Property,Web,2026-05-14,2026-05,2026-05-30,Closed,1.0,21.64,16.0,140.0,1913.56,20.0,0,
C000875,Carrier B,Property,Mobile,2026-07-04,2026-07,2026-07-14,Closed,0.0,1.61,10.0,89.0,10940.19,20.0,0,
C000876,Carrier A,Property,Web,2026-07-29,2026-07,2026-08-21,Closed,0.0,12.87,23.0,64.0,4875.14,20.0,0,
C000877,Carrier B,Auto,Web,2026-04-15,2026-04,2026-04-24,Closed,1.0,11.97,9.0,169.0,2724.39,14.0,0,
C000878,Carrier B,Liability,Mobile,2026-07-31,2026-07,2026-08-05,Closed,0.0,12.9,5.0,62.0,4654.74,14.0,1,0.1313
C000879,Carrier C,Liability,Web,2026-08-02,2026-08,2026-08-20,Closed,0.0,10.39,18.0,60.0,2593.13,14.0,1,0.647
C000880,Carrier A,Auto,Agent,2026-07-30,2026-07,2026-08-15,Closed,1.0,16.8,16.0,63.0,2319.49,14.0,0,
C000881,Carrier C,Auto,Mobile,2026-07-03,2026-07,2026-07-10,Closed,0.0,17.93,7.0,90.0,5865.22,14.0,1,0.4725
C000882,Carrier C,Auto,Mobile,2026-06-29,2026-06,2026-07-13,Closed,1.0,26.4,14.0,94.0,964.04,14.0,0,
C000883,Carrier A,Liability,Web,2026-09-02,2026-09,2026-09-18,Closed,0.0,7.48,16.0,29.0,4010.02,14.0,1,0.9147
C000884,Carrier B,Liability,Web,2026-09-13,2026-09,2026-09-25,Closed,0.0,1.59,12.0,18.0,9073.31,14.0,0,
C000885,Carrier B,Auto,Agent,2026-09-03,2026-09,2026-09-25,Closed,1.0,14.2,22.0,28.0,3547.99,14.0,1,0.7271
C000886,Carrier B,Auto,Mobile,2026-04-23,2026-04,2026-05-01,Closed,0.0,13.22,8.0,161.0,1384.88,14.0,0,
C000887,Carrier A,Property,Mobile,2026-04-08,2026-04,2026-04-14,Closed,0.0,3.31,6.0,176.0,4166.77,20.0,0,
C000888,Carrier C,Auto,Web,2026-08-18,2026-08,2026-08-30,Closed,0.0,3.15,12.0,44.0,3175.43,14.0,0,
C000889,Carrier A,Property,Mobile,2026-06-27,2026-06,2026-07-15,Closed,0.0,10.46,18.0,96.0,1764.49,20.0,0,
C000890,Carrier C,Auto,Web,2026-05-08,2026-05,,Open,0.0,17.83,,146.0,0.0,14.0,0,
C000891,Carrier B,Auto,Mobile,2026-08-16,2026-08,2026-08-20,Closed,0.0,6.07,4.0,46.0,1401.62,14.0,0,
C000892,Carrier B,Liability,Agent,2026-09-23,2026-09,2026-09-29,Closed,0.0,17.41,6.0,8.0,2064.82,14.0,0,
C000893,Carrier B,Liability,Web,2026-07-06,2026-07,2026-07-17,Closed,0.0,13.5,11.0,87.0,3418.8,14.0,0,
C000894,Carrier C,Auto,Mobile,2026-06-17,2026-06,2026-06-30,Closed,1.0,25.24,13.0,106.0,4820.97,14.0,0,
C000895,Carrier B,Auto,Web,2026-06-12,2026-06,2026-07-01,Closed,0.0,13.41,19.0,111.0,22740.89,14.0,0,
C000896,Carrier C,Liability,Mobile,2026-06-03,2026-06,2026-06-09,Closed,0.0,2.84,6.0,120.0,1709.51,14.0,0,
C000897,Carrier C,Property,Web,2026-04-22,2026-04,,Open,0.0,10.71,,162.0,0.0,20.0,0,
C000898,Carrier B,Liability,Web,2026-04-10,2026-04,2026-04-13,Closed,0.0,12.08,3.0,174.0,3294.03,14.0,0,
C000899,Carrier C,Auto,Mobile,2026-06-08,2026-06,2026-06-21,Closed,0.0,11.05,13.0,115.0,4162.58,14.0,0,
C000900,Carrier B,Liability,Mobile,2026-08-01,2026-08,2026-08-19,Closed,1.0,18.66,18.0,61.0,1338.44,14.0,0,
C000901,Carrier A,Liability,Mobile,2026-07-09,2026-07,2026-07-12,Closed,0.0,8.91,3.0,84.0,3653.78,14.0,0,
C000902,Carrier C,Property,Web,2026-04-05,2026-04,2026-04-21,Closed,0.0,17.29,16.0,179.0,1742.33,20.0,0,
C000903,Carrier A,Property,Web,2026-05-10,2026-05,2026-05-20,Closed,0.0,12.08,10.0,144.0,2548.71,20.0,0,
C000904,Carrier B,Auto,Mobile,2026-05-13,2026-05,2026-05-31,Closed,0.0,16.7,18.0,141.0,5563.85,14.0,0,
C000905,Carrier C,Property,Agent,2026-09-26,2026-09,,Open,0.0,5.46,,5.0,0.0,20.0,0,
C000906,Carrier C,Liability,Mobile,2026-05-18,2026-05,2026-05-24,Closed,0.0,2.49,6.0,136.0,5449.03,14.0,0,
C000907,Carrier B,Auto,Mobile,2026-09-27,2026-09,,Open,0.0,4.9,,4.0,0.0,14.0,0,
C000908,Carrier B,Property,Web,2026-06-05,2026-06,2026-06-17,Closed,0.0,17.89,12.0,118.0,4922.85,20.0,0,
C000909,Carrier A,Property,Agent,2026-08-18,2026-08,2026-09-05,Closed,0.0,13.34,18.0,44.0,5584.45,20.0,0,
C000910,Carrier C,Property,Mobile,2026-07-24,2026-07,2026-08-29,Closed,1.0,20.8,36.0,69.0,4364.52,20.0,0,
C000911,Carrier A,Property,Web,2026-07-15,2026-07,,Open,0.0,15.0,,78.0,0.0,20.0,0,
C000912,Carrier A,Property,Web,2026-04-08,2026-04,2026-04-16,Closed,0.0,16.74,8.0,176.0,2502.8,20.0,0,
C000913,Carrier C,Property,Mobile,2026-04-08,2026-04,2026-04-28,Closed,0.0,2.19,20.0,176.0,253.41,20.0,0,
C000914,Carrier A,Property,Web,2026-08-04,2026-08,2026-08-10,Closed,0.0,13.0,6.0,58.0,2366.2,20.0,1,0.1457
C000915,Carrier B,Auto,Web,2026-05-12,2026-05,2026-05-22,Closed,1.0,11.4,10.0,142.0,2182.18,14.0,0,
C000916,Carrier B,Auto,Web,2026-05-02,2026-05,2026-05-14,Closed,0.0,1.71,12.0,152.0,4830.23,14.0,1,0.5334
C000917,Carrier B,Auto,Web,2026-04-23,2026-04,2026-04-26,Closed,0.0,12.46,3.0,161.0,9294.58,14.0,0,
C000918,Carrier A,Property,Agent,2026-09-30,2026-09,,Open,0.0,5.75,,1.0,0.0,20.0,0,
C000919,Carrier B,Property,Mobile,2026-04-23,2026-04,2026-05-26,Closed,1.0,17.59,33.0,161.0,5615.14,20.0,0,
C000920,Carrier C,Auto,Agent,2026-08-16,2026-08,2026-08-23,Closed,0.0,4.73,7.0,46.0,2433.76,14.0,0,
C000921,Carrier A,Auto,Web,2026-04-22,2026-04,,Open,0.0,15.7,,162.0,0.0,14.0,0,
C000922,Carrier B,Liability,Web,2026-08-14,2026-08,2026-08-20,Closed,0.0,7.66,6.0,48.0,937.39,14.0,0,
C000923,Carrier B,Liability,Agent,2026-08-12,2026-08,2026-08-20,Closed,0.0,16.83,8.0,50.0,1586.24,14.0,0,
C000924,Carrier B,Auto,Agent,2026-08-12,2026-08,2026-08-16,Closed,0.0,16.17,4.0,50.0,441.78,14.0,0,
C000925,Carrier C,Auto,Agent,2026-04-27,2026-04,2026-05-04,Closed,0.0,7.12,7.0,157.0,3089.59,14.0,0,
C000926,Carrier B,Liability,Agent,2026-04-28,2026-04,2026-04-30,Closed,0.0,16.03,2.0,156.0,9480.19,14.0,0,
C000927,Carrier A,Auto,Agent,2026-05-14,2026-05,2026-05-19,Closed,0.0,2.94,5.0,140.0,1461.99,14.0,0,
C000928,Carrier C,Liability,Mobile,2026-08-03,2026-08,2026-08-12,Closed,0.0,4.68,9.0,59.0,5064.8,14.0,0,
C000929,Carrier A,Liability,Agent,2026-05-09,2026-05,2026-05-12,Closed,0.0,4.81,3.0,145.0,1795.66,14.0,1,0.4844
C000930,Carrier B,Auto,Web,2026-05-21,2026-05,2026-05-25,Closed,0.0,12.16,4.0,133.0,746.57,14.0,1,0.8412
C000931,Carrier B,Liability,Agent,2026-07-15,2026-07,2026-07-23,Closed,0.0,15.11,8.0,78.0,5438.72,14.0,0,
C000932,Carrier C,Liability,Mobile,2026-07-18,2026-07,2026-07-29,Closed,1.0,22.94,11.0,75.0,5124.91,14.0,0,
C000933,Carrier C,Auto,Mobile,2026-04-08,2026-04,2026-04-14,Closed,0.0,12.49,6.0,176.0,7894.51,14.0,0,
C000934,Carrier A,Liability,Agent,2026-09-14,2026-09,,Open,0.0,13.16,,17.0,0.0,14.0,0,
C000935,Carrier C,Property,Mobile,2026-08-29,2026-08,2026-09-18,Closed,0.0,10.03,20.0,33.0,4205.54,20.0,1,0.122
C000936,Carrier A,Auto,Mobile,2026-05-11,2026-05,2026-05-16,Closed,0.0,14.1,5.0,143.0,6697.23,14.0,0,
C000937,Carrier C,Property,Mobile,2026-08-20,2026-08,2026-09-15,Closed,0.0,11.14,26.0,42.0,1805.49,20.0,0,
C000938,Carrier C,Property,Web,2026-07-16,2026-07,2026-08-04,Closed,1.0,12.27,19.0,77.0,614.36,20.0,0,
C000939,Carrier B,Liability,Agent,2026-06-01,2026-06,2026-06-13,Closed,1.0,27.89,12.0,122.0,4235.24,14.0,0,
C000940,Carrier B,Auto,Mobile,2026-07-01,2026-07,2026-07-05,Closed,0.0,7.43,4.0,92.0,1907.69,14.0,2,0.9213
C000941,Carrier B,Liability,Agent,2026-09-03,2026-09,2026-09-09,Closed,0.0,15.63,6.0,28.0,2171.67,14.0,0,
C000942,Carrier A,Liability,Agent,2026-05-28,2026-05,2026-06-03,Closed,0.0,13.23,6.0,126.0,12268.29,14.0,0,
C000943,Carrier C,Auto,Agent,2026-09-11,2026-09,2026-09-17,Closed,0.0,7.96,6.0,20.0,1392.57,14.0,0,
C000944,Carrier B,Liability,Mobile,2026-06-29,2026-06,2026-07-08,Closed,0.0,5.94,9.0,94.0,6260.94,14.0,0,
C000945,Carrier B,Liability,Mobile,2026-09-22,2026-09,2026-09-29,Closed,0.0,9.28,7.0,9.0,3930.36,14.0,1,0.3186
C000946,Carrier A,Liability,Web,2026-07-05,2026-07,2026-07-16,Closed,1.0,18.01,11.0,88.0,5685.81,14.0,0,
C000947,Carrier C,Liability,Agent,2026-09-04,2026-09,2026-09-06,Closed,0.0,12.34,2.0,27.0,2577.29,14.0,0,
C000948,Carrier C,Liability,Web,2026-04-22,2026-04,2026-04-30,Closed,0.0,6.23,8.0,162.0,18268.26,14.0,0,
C000949,Carrier A,Liability,Mobile,2026-09-19,2026-09,,Open,1.0,25.79,,12.0,0.0,14.0,1,0.2638
C000950,Carrier B,Liability,Web,2026-04-07,2026-04,2026-04-11,Closed,0.0,12.94,4.0,177.0,4677.1,14.0,0,
C000951,Carrier C,Property,Agent,2026-04-15,2026-04,2026-05-08,Closed,1.0,14.73,23.0,169.0,4342.19,20.0,0,
C000952,Carrier B,Liability,Agent,2026-09-24,2026-09,,Open,0.0,6.03,,7.0,0.0,14.0,1,0.3369
C000953,Carrier A,Liability,Mobile,2026-05-12,2026-05,2026-05-23,Closed,0.0,13.67,11.0,142.0,2155.32,14.0,1,0.0325
C000954,Carrier B,Liability,Agent,2026-04-27,2026-04,2026-04-30,Closed,0.0,2.6,3.0,157.0,3992.95,14.0,0,
C000955,Carrier A,Liability,Agent,2026-07-14,2026-07,2026-08-01,Closed,0.0,12.81,18.0,79.0,2630.38,14.0,0,
C000956,Carrier A,Property,Agent,2026-07-15,2026-07,2026-07-26,Closed,0.0,1.5,11.0,78.0,3777.05,20.0,0,
C000957,Carrier B,Property,Agent,2026-05-13,2026-05,2026-05-25,Closed,0.0,11.66,12.0,141.0,3232.03,20.0,0,
C000958,Carrier B,Property,Mobile,2026-08-30,2026-08,2026-09-08,Closed,0.0,16.68,9.0,32.0,4945.21,20.0,0,
C000959,Carrier A,Liability,Agent,2026-04-18,2026-04,2026-04-26,Closed,0.0,8.61,8.0,166.0,1075.53,14.0,0,
C000960,Carrier C,Liability,Web,2026-07-02,2026-07,2026-07-22,Closed,0.0,9.55,20.0,91.0,15192.39,14.0,1,0.1562
C000961,Carrier B,Auto,Mobile,2026-05-12,2026-05,2026-05-28,Closed,1.0,24.12,16.0,142.0,1842.29,14.0,0,
C000962,Carrier B,Auto,Web,2026-05-08,2026-05,2026-05-24,Closed,1.0,16.25,16.0,146.0,1834.07,14.0,0,
C000963,Carrier A,Property,Web,2026-04-26,2026-04,2026-05-03,Closed,0.0,15.64,7.0,158.0,3406.83,20.0,0,
C000964,Carrier A,Auto,Mobile,2026-07-06,2026-07,2026-07-20,Closed,1.0,13.54,14.0,87.0,4945.11,14.0,0,
C000965,Carrier C,Property,Mobile,2026-08-15,2026-08,2026-09-10,Closed,1.0,19.51,26.0,47.0,4515.83,20.0,0,
C000966,Carrier B,Auto,Mobile,2026-08-25,2026-08,2026-09-14,Closed,1.0,27.66,20.0,37.0,23281.5,14.0,0,
C000967,Carrier A,Property,Agent,2026-05-03,2026-05,2026-05-25,Closed,0.0,2.15,22.0,151.0,7396.0,20.0,1,0.4591
C000968,Carrier B,Liability,Web,2026-07-13,2026-07,2026-07-21,Closed,0.0,17.36,8.0,80.0,7678.64,14.0,0,
C000969,Carrier A,Liability,Agent,2026-09-07,2026-09,2026-09-12,Closed,0.0,1.01,5.0,24.0,2969.63,14.0,0,
C000970,Carrier B,Liability,Web,2026-09-05,2026-09,2026-09-07,Closed,0.0,11.82,2.0,26.0,1437.08,14.0,0,
C000971,Carrier A,Auto,Mobile,2026-05-10,2026-05,2026-05-18,Closed,0.0,14.79,8.0,144.0,3356.3,14.0,1,0.1517
C000972,Carrier A,Auto,Mobile,2026-07-06,2026-07,2026-07-08,Closed,0.0,14.83,2.0,87.0,1062.79,14.0,0,
C000973,Carrier A,Property,Mobile,2026-05-03,2026-05,2026-05-20,Closed,1.0,24.71,17.0,151.0,3207.2,20.0,0,
C000974,Carrier C,Property,Mobile,2026-05-19,2026-05,2026-06-01,Closed,0.0,14.1,13.0,135.0,3011.8,20.0,0,
C000975,Carrier A,Auto,Agent,2026-06-03,2026-06,2026-06-25,Closed,1.0,20.1,22.0,120.0,9981.76,14.0,0,
C000976,Carrier B,Auto,Mobile,2026-05-06,2026-05,2026-05-08,Closed,0.0,14.72,2.0,148.0,6958.44,14.0,0,
C000977,Carrier B,Property,Agent,2026-05-02,2026-05,2026-05-19,Closed,0.0,17.88,17.0,152.0,1430.95,20.0,0,
C000978,Carrier A,Auto,Web,2026-09-23,2026-09,2026-09-26,Closed,0.0,3.79,3.0,8.0,1231.75,14.0,0,
C000979,Carrier C,Liability,Agent,2026-09-14,2026-09,2026-09-16,Closed,0.0,1.6,2.0,17.0,1617.71,14.0,0,
C000980,Carrier B,Liability,Web,2026-06-28,2026-06,2026-07-10,Closed,0.0,8.4,12.0,95.0,1320.39,14.0,0,
C000981,Carrier B,Auto,Web,2026-06-03,2026-06,2026-06-25,Closed,0.0,10.36,22.0,120.0,3029.43,14.0,0,
C000982,Carrier B,Auto,Agent,2026-04-27,2026-04,2026-05-21,Closed,1.0,21.47,24.0,157.0,4630.31,14.0,0,
C000983,Carrier B,Liability,Web,2026-04-13,2026-04,2026-04-22,Closed,0.0,4.78,9.0,171.0,3770.55,14.0,1,0.058
C000984,Carrier C,Auto,Mobile,2026-05-03,2026-05,2026-05-24,Closed,1.0,13.74,21.0,151.0,3570.72,14.0,0,
C000985,Carrier C,Liability,Agent,2026-07-12,2026-07,2026-07-28,Closed,0.0,10.85,16.0,81.0,7820.3,14.0,0,
C000986,Carrier A,Auto,Web,2026-09-22,2026-09,,Open,0.0,3.88,,9.0,0.0,14.0,0,
C000987,Carrier A,Liability,Web,2026-07-06,2026-07,2026-07-14,Closed,0.0,15.9,8.0,87.0,1530.12,14.0,1,0.1907
C000988,Carrier B,Auto,Web,2026-04-01,2026-04,2026-04-07,Closed,0.0,16.22,6.0,183.0,12726.77,14.0,0,
C000989,Carrier B,Liability,Mobile,2026-04-30,2026-04,,Open,0.0,5.22,,154.0,0.0,14.0,0,
C000990,Carrier C,Auto,Web,2026-04-30,2026-04,2026-05-10,Closed,0.0,1.37,10.0,154.0,1551.55,14.0,0,
C000991,Carrier B,Property,Agent,2026-05-06,2026-05,2026-06-01,Closed,1.0,15.62,26.0,148.0,2882.94,20.0,0,
C000992,Carrier B,Liability,Web,2026-08-02,2026-08,2026-08-19,Closed,0.0,2.7,17.0,60.0,3633.62,14.0,1,0.7969
C000993,Carrier A,Liability,Web,2026-05-25,2026-05,2026-06-07,Closed,1.0,20.14,13.0,129.0,5180.7,14.0,0,
C000994,Carrier B,Auto,Agent,2026-05-03,2026-05,2026-05-05,Closed,0.0,11.22,2.0,151.0,2468.76,14.0,0,
C000995,Carrier C,Liability,Mobile,2026-08-19,2026-08,2026-09-01,Closed,0.0,9.66,13.0,43.0,1270.48,14.0,0,
C000996,Carrier B,Auto,Agent,2026-08-02,2026-08,2026-08-11,Closed,0.0,13.9,9.0,60.0,2143.87,14.0,0,
C000997,Carrier A,Liability,Web,2026-05-20,2026-05,2026-05-30,Closed,0.0,16.96,10.0,134.0,13224.95,14.0,0,
C000998,Carrier B,Auto,Mobile,2026-04-08,2026-04,2026-04-09,Closed,0.0,6.92,1.0,176.0,7528.88,14.0,0,
C000999,Carrier C,Liability,Agent,2026-08-03,2026-08,2026-08-11,Closed,0.0,13.43,8.0,59.0,7477.24,14.0,0,
C001000,Carrier C,Property,Mobile,2026-08-16,2026-08,2026-08-31,Closed,0.0,11.69,15.0,46.0,7533.99,20.0,0,
C001001,Carrier C,Property,Mobile,2026-07-27,2026-07,2026-08-10,Closed,0.0,1.29,14.0,66.0,8571.3,20.0,0,
C001002,Carrier A,Liability,Mobile,2026-04-17,2026-04,2026-05-03,Closed,1.0,25.49,16.0,167.0,1510.26,14.0,0,
C001003,Carrier C,Auto,Web,2026-04-25,2026-04,2026-04-30,Closed,0.0,10.61,5.0,159.0,7456.05,14.0,0,
C001004,Carrier B,Auto,Web,2026-07-01,2026-07,2026-07-09,Closed,0.0,12.65,8.0,92.0,1798.1,14.0,0,
C001005,Carrier A,Property,Web,2026-05-07,2026-05,2026-05-31,Closed,1.0,12.41,24.0,147.0,2076.36,20.0,2,0.8469
C001006,Carrier C,Liability,Mobile,2026-07-28,2026-07,2026-08-20,Closed,1.0,12.87,23.0,65.0,2261.23,14.0,0,
C001007,Carrier B,Liability,Web,2026-08-23,2026-08,2026-09-01,Closed,1.0,22.75,9.0,39.0,3213.84,14.0,0,
C001008,Carrier A,Liability,Agent,2026-07-18,2026-07,2026-08-27,Closed,0.0,13.98,40.0,75.0,2807.72,14.0,0,
C001009,Carrier C,Property,Agent,2026-05-02,2026-05,2026-05-09,Closed,0.0,9.72,7.0,152.0,1553.62,20.0,0,
C001010,Carrier B,Liability,Mobile,2026-09-15,2026-09,,Open,0.0,1.02,,16.0,0.0,14.0,0,
C001011,Carrier B,Liability,Mobile,2026-04-16,2026-04,2026-04-24,Closed,0.0,3.48,8.0,168.0,5363.13,14.0,0,
C001012,Carrier A,Liability,Web,2026-07-02,2026-07,,Open,0.0,12.92,,91.0,0.0,14.0,1,0.3339
C001013,Carrier A,Property,Web,2026-09-15,2026-09,2026-09-30,Closed,0.0,14.56,15.0,16.0,5860.66,20.0,0,
C001014,Carrier A,Auto,Agent,2026-04-14,2026-04,2026-04-17,Closed,0.0,11.36,3.0,170.0,770.52,14.0,0,
C001015,Carrier B,Liability,Agent,2026-07-10,2026-07,2026-07-19,Closed,0.0,4.77,9.0,83.0,3590.71,14.0,0,
C001016,Carrier A,Property,Mobile,2026-04-11,2026-04,2026-05-19,Closed,1.0,19.01,38.0,173.0,4534.9,20.0,1,0.4814
C001017,Carrier B,Property,Web,2026-04-11,2026-04,2026-04-22,Closed,0.0,7.83,11.0,173.0,2903.78,20.0,0,
C001018,Carrier B,Auto,Agent,2026-09-30,2026-09,,Open,0.0,6.36,,1.0,0.0,14.0,0,
C001019,Carrier A,Liability,Agent,2026-07-25,2026-07,,Open,0.0,5.87,,68.0,0.0,14.0,0,
C001020,Carrier B,Liability,Agent,2026-05-10,2026-05,,Open,1.0,14.81,,144.0,0.0,14.0,1,0.028
C001021,Carrier A,Property,Agent,2026-05-10,2026-05,2026-05-20,Closed,0.0,13.61,10.0,144.0,15666.68,20.0,0,
C001022,Carrier C,Liability,Mobile,2026-05-22,2026-05,2026-05-28,Closed,0.0,16.23,6.0,132.0,33868.36,14.0,0,
C001023,Carrier C,Auto,Web,2026-08-14,2026-08,2026-09-03,Closed,1.0,22.63,20.0,48.0,7296.34,14.0,0,
C001024,Carrier A,Liability,Agent,2026-05-05,2026-05,2026-05-07,Closed,0.0,8.28,2.0,149.0,10266.01,14.0,0,
C001025,Carrier A,Property,Agent,2026-06-14,2026-06,2026-06-26,Closed,0.0,13.0,12.0,109.0,3924.44,20.0,0,
C001026,Carrier B,Auto,Web,2026-04-10,2026-04,2026-04-13,Closed,0.0,9.87,3.0,174.0,2444.84,14.0,0,
C001027,Carrier A,Liability,Mobile,2026-05-02,2026-05,2026-05-20,Closed,0.0,12.26,18.0,152.0,1775.92,14.0,1,0.6446
C001028,Carrier A,Liability,Web,2026-05-28,2026-05,2026-06-11,Closed,0.0,10.12,14.0,126.0,4035.21,14.0,0,
C001029,Carrier A,Liability,Mobile,2026-06-20,2026-06,,Open,0.0,2.32,,103.0,0.0,14.0,0,
C001030,Carrier A,Liability,Agent,2026-08-20,2026-08,2026-09-06,Closed,0.0,12.99,17.0,42.0,2714.87,14.0,0,
C001031,Carrier C,Liability,Mobile,2026-07-20,2026-07,2026-07-27,Closed,0.0,12.66,7.0,73.0,6519.0,14.0,0,
C001032,Carrier B,Liability,Mobile,2026-05-08,2026-05,2026-05-15,Closed,0.0,10.17,7.0,146.0,1897.15,14.0,1,0.437
C001033,Carrier A,Auto,Web,2026-05-31,2026-05,2026-06-13,Closed,0.0,7.21,13.0,123.0,3346.1,14.0,0,
C001034,Carrier B,Property,Agent,2026-09-22,2026-09,2026-09-30,Closed,0.0,10.78,8.0,9.0,1287.78,20.0,0,
C001035,Carrier A,Auto,Web,2026-07-02,2026-07,2026-07-11,Closed,0.0,6.03,9.0,91.0,4432.13,14.0,0,
C001036,Carrier C,Property,Agent,2026-04-06,2026-04,2026-04-12,Closed,0.0,14.09,6.0,178.0,3315.09,20.0,0,
C001037,Carrier B,Property,Agent,2026-07-10,2026-07,,Open,0.0,12.92,,83.0,0.0,20.0,1,0.6543
C001038,Carrier A,Auto,Web,2026-05-11,2026-05,2026-05-28,Closed,1.0,26.09,17.0,143.0,2263.19,14.0,0,
C001039,Carrier A,Property,Agent,2026-05-07,2026-05,2026-05-27,Closed,0.0,2.29,20.0,147.0,1380.69,20.0,0,
C001040,Carrier B,Auto,Web,2026-09-30,2026-09,,Open,0.0,5.98,,1.0,0.0,14.0,0,
C001041,Carrier B,Property,Agent,2026-04-07,2026-04,2026-04-28,Closed,0.0,13.72,21.0,177.0,18199.09,20.0,0,
C001042,Carrier A,Property,Web,2026-07-18,2026-07,2026-07-28,Closed,0.0,1.99,10.0,75.0,4426.49,20.0,1,0.2474
C001043,Carrier A,Property,Web,2026-09-06,2026-09,2026-09-17,Closed,0.0,14.78,11.0,25.0,2161.13,20.0,2,0.9802
C001044,Carrier C,Auto,Agent,2026-09-23,2026-09,2026-09-29,Closed,0.0,12.31,6.0,8.0,2390.78,14.0,1,0.4979
C001045,Carrier C,Property,Agent,2026-05-30,2026-05,2026-06-12,Closed,0.0,14.12,13.0,124.0,10744.14,20.0,0,
C001046,Carrier C,Liability,Web,2026-04-01,2026-04,2026-04-05,Closed,0.0,6.4,4.0,183.0,9446.3,14.0,0,
C001047,Carrier A,Auto,Web,2026-07-28,2026-07,2026-08-04,Closed,0.0,7.73,7.0,65.0,1712.65,14.0,0,
C001048,Carrier B,Liability,Web,2026-04-04,2026-04,2026-04-20,Closed,1.0,19.95,16.0,180.0,975.36,14.0,1,0.9093
C001049,Carrier C,Auto,Web,2026-05-17,2026-05,2026-05-18,Closed,0.0,17.68,1.0,137.0,11996.89,14.0,0,
C001050,Carrier A,Auto,Web,2026-07-18,2026-07,2026-08-01,Closed,0.0,1.81,14.0,75.0,5448.81,14.0,0,
C001051,Carrier A,Liability,Mobile,2026-06-24,2026-06,2026-07-01,Closed,0.0,9.0,7.0,99.0,6250.07,14.0,0,
C001052,Carrier A,Auto,Web,2026-05-07,2026-05,2026-05-09,Closed,0.0,3.24,2.0,147.0,868.82,14.0,0,
C001053,Carrier A,Property,Agent,2026-09-22,2026-09,,Open,0.0,14.8,,9.0,0.0,20.0,0,
C001054,Carrier C,Property,Web,2026-08-01,2026-08,2026-08-27,Closed,1.0,18.58,26.0,61.0,7997.19,20.0,0,
C001055,Carrier A,Auto,Web,2026-05-25,2026-05,2026-06-03,Closed,0.0,4.39,9.0,129.0,2586.01,14.0,1,0.8571
C001056,Carrier B,Auto,Web,2026-06-24,2026-06,2026-07-16,Closed,0.0,12.43,22.0,99.0,5254.28,14.0,1,0.4296
C001057,Carrier C,Liability,Agent,2026-09-20,2026-09,2026-09-23,Closed,0.0,13.26,3.0,11.0,4645.5,14.0,1,0.6363
C001058,Carrier A,Auto,Web,2026-09-22,2026-09,2026-09-27,Closed,0.0,13.4,5.0,9.0,6588.7,14.0,0,
C001059,Carrier B,Property,Agent,2026-09-22,2026-09,2026-09-29,Closed,0.0,4.35,7.0,9.0,5250.56,20.0,0,
C001060,Carrier C,Auto,Mobile,2026-07-03,2026-07,,Open,0.0,4.7,,90.0,0.0,14.0,0,
C001061,Carrier B,Liability,Web,2026-05-14,2026-05,2026-05-16,Closed,0.0,6.69,2.0,140.0,5601.91,14.0,0,
C001062,Carrier C,Auto,Web,2026-07-24,2026-07,2026-08-10,Closed,0.0,1.55,17.0,69.0,6681.44,14.0,1,0.3189
C001063,Carrier B,Liability,Agent,2026-09-11,2026-09,2026-09-27,Closed,0.0,15.39,16.0,20.0,3530.66,14.0,0,
C001064,Carrier C,Property,Agent,2026-08-06,2026-08,2026-08-17,Closed,0.0,15.26,11.0,56.0,1001.24,20.0,0,
C001065,Carrier A,Property,Mobile,2026-04-29,2026-04,2026-05-15,Closed,1.0,19.89,16.0,155.0,5779.77,20.0,1,0.8896
C001066,Carrier C,Auto,Web,2026-04-28,2026-04,2026-05-09,Closed,0.0,13.02,11.0,156.0,1507.64,14.0,0,
C001067,Carrier C,Property,Web,2026-07-29,2026-07,2026-08-18,Closed,1.0,22.84,20.0,64.0,1955.1,20.0,0,
C001068,Carrier B,Auto,Mobile,2026-09-12,2026-09,2026-09-23,Closed,0.0,15.58,11.0,19.0,3854.83,14.0,0,
C001069,Carrier B,Liability,Agent,2026-04-13,2026-04,2026-04-16,Closed,0.0,2.17,3.0,171.0,2793.26,14.0,0,
C001070,Carrier C,Auto,Mobile,2026-04-15,2026-04,2026-04-28,Closed,1.0,26.17,13.0,169.0,6506.34,14.0,1,0.6492
C001071,Carrier B,Property,Agent,2026-08-04,2026-08,2026-08-14,Closed,0.0,8.02,10.0,58.0,4975.88,20.0,2,0.4357
C001072,Carrier A,Liability,Web,2026-05-20,2026-05,,Open,0.0,13.05,,134.0,0.0,14.0,0,
C001073,Carrier C,Liability,Web,2026-09-01,2026-09,2026-09-28,Closed,0.0,7.17,27.0,30.0,3335.68,14.0,1,0.4447
C001074,Carrier A,Property,Agent,2026-06-07,2026-06,2026-06-18,Closed,0.0,2.37,11.0,116.0,1894.02,20.0,0,
C001075,Carrier A,Liability,Agent,2026-09-27,2026-09,,Open,0.0,15.59,,4.0,0.0,14.0,1,0.1827
C001076,Carrier A,Property,Mobile,2026-06-12,2026-06,2026-06-27,Closed,0.0,6.45,15.0,111.0,7412.52,20.0,0,
C001077,Carrier A,Liability,Agent,2026-08-26,2026-08,2026-09-07,Closed,0.0,2.72,12.0,36.0,8196.74,14.0,0,
C001078,Carrier B,Auto,Mobile,2026-05-23,2026-05,2026-06-05,Closed,0.0,8.11,13.0,131.0,4931.78,14.0,0,
C001079,Carrier A,Property,Agent,2026-06-06,2026-06,2026-06-18,Closed,0.0,10.95,12.0,117.0,2423.99,20.0,0,
C001080,Carrier C,Liability,Agent,2026-04-18,2026-04,2026-04-27,Closed,0.0,4.11,9.0,166.0,1239.73,14.0,2,0.9089
C001081,Carrier C,Liability,Mobile,2026-07-13,2026-07,2026-07-15,Closed,0.0,10.06,2.0,80.0,3675.79,14.0,0,
C001082,Carrier B,Auto,Mobile,2026-09-30,2026-09,,Open,0.0,4.98,,1.0,0.0,14.0,1,0.1827
C001083,Carrier C,Auto,Web,2026-07-04,2026-07,2026-07-08,Closed,0.0,13.02,4.0,89.0,5726.97,14.0,0,
C001084,Carrier B,Property,Web,2026-05-06,2026-05,2026-05-15,Closed,0.0,14.23,9.0,148.0,2283.54,20.0,0,
C001085,Carrier C,Property,Agent,2026-05-04,2026-05,2026-05-20,Closed,0.0,7.81,16.0,150.0,2013.75,20.0,0,
C001086,Carrier C,Property,Web,2026-09-25,2026-09,,Open,0.0,11.05,,6.0,0.0,20.0,1,0.8259
C001087,Carrier C,Auto,Agent,2026-08-05,2026-08,2026-08-11,Closed,0.0,13.46,6.0,57.0,5026.71,14.0,0,
C001088,Carrier A,Liability,Mobile,2026-08-29,2026-08,2026-08-31,Closed,0.0,10.74,2.0,33.0,5354.02,14.0,0,
C001089,Carrier B,Property,Web,2026-08-15,2026-08,2026-08-22,Closed,0.0,2.92,7.0,47.0,2810.01,20.0,1,0.9658
C001090,Carrier B,Auto,Mobile,2026-07-13,2026-07,2026-07-26,Closed,1.0,27.53,13.0,80.0,9056.52,14.0,0,
C001091,Carrier A,Property,Web,2026-04-27,2026-04,2026-05-09,Closed,0.0,3.01,12.0,157.0,2955.97,20.0,0,
C001092,Carrier C,Liability,Web,2026-06-16,2026-06,2026-07-02,Closed,0.0,17.95,16.0,107.0,1126.33,14.0,1,0.155
C001093,Carrier A,Liability,Agent,2026-04-09,2026-04,2026-04-25,Closed,0.0,4.08,16.0,175.0,3404.04,14.0,0,
C001094,Carrier A,Auto,Agent,2026-08-19,2026-08,2026-08-29,Closed,0.0,12.1,10.0,43.0,7129.33,14.0,1,0.4358
C001095,Carrier A,Liability,Web,2026-07-09,2026-07,2026-08-01,Closed,0.0,8.56,23.0,84.0,2443.66,14.0,1,0.4932
C001096,Carrier A,Auto,Mobile,2026-08-21,2026-08,2026-08-28,Closed,0.0,8.42,7.0,41.0,1040.51,14.0,0,
C001097,Carrier B,Liability,Mobile,2026-05-24,2026-05,2026-06-03,Closed,0.0,6.99,10.0,130.0,3358.61,14.0,0,
C001098,Carrier B,Property,Mobile,2026-09-18,2026-09,,Open,1.0,12.54,,13.0,0.0,20.0,0,
C001099,Carrier A,Liability,Web,2026-06-22,2026-06,2026-06-23,Closed,0.0,12.18,1.0,101.0,3831.69,14.0,0,
C001100,Carrier C,Liability,Web,2026-09-23,2026-09,,Open,1.0,19.54,,8.0,0.0,14.0,0,
C001101,Carrier C,Auto,Mobile,2026-07-07,2026-07,2026-07-19,Closed,0.0,10.97,12.0,86.0,6823.13,14.0,0,
C001102,Carrier B,Auto,Web,2026-05-20,2026-05,2026-05-24,Closed,0.0,4.69,4.0,134.0,3376.55,14.0,0,
C001103,Carrier C,Liability,Mobile,2026-07-13,2026-07,2026-08-04,Closed,0.0,16.57,22.0,80.0,5164.95,14.0,0,
C001104,Carrier C,Auto,Agent,2026-06-23,2026-06,2026-07-07,Closed,0.0,5.88,14.0,100.0,6473.17,14.0,0,
C001105,Carrier B,Property,Mobile,2026-06-16,2026-06,2026-07-03,Closed,0.0,14.42,17.0,107.0,5479.81,20.0,0,
C001106,Carrier A,Liability,Agent,2026-04-16,2026-04,2026-04-18,Closed,0.0,16.37,2.0,168.0,7313.05,14.0,0,
C001107,Carrier B,Liability,Agent,2026-04-06,2026-04,2026-04-15,Closed,0.0,2.57,9.0,178.0,3666.77,14.0,1,0.6141
C001108,Carrier A,Auto,Mobile,2026-06-07,2026-06,,Open,0.0,8.47,,116.0,0.0,14.0,0,
C001109,Carrier B,Property,Web,2026-06-11,2026-06,2026-06-24,Closed,0.0,3.56,13.0,112.0,1254.28,20.0,1,0.2097
C001110,Carrier B,Liability,Web,2026-09-21,2026-09,2026-09-25,Closed,0.0,8.24,4.0,10.0,4113.05,14.0,0,
C001111,Carrier B,Liability,Web,2026-09-30,2026-09,,Open,0.0,6.75,,1.0,0.0,14.0,0,
C001112,Carrier B,Auto,Agent,2026-09-14,2026-09,2026-09-22,Closed,0.0,16.43,8.0,17.0,1924.11,14.0,0,
C001113,Carrier C,Liability,Web,2026-05-13,2026-05,2026-05-20,Closed,0.0,4.64,7.0,141.0,21872.68,14.0,1,0.6596
C001114,Carrier B,Liability,Mobile,2026-04-19,2026-04,2026-04-29,Closed,0.0,15.51,10.0,165.0,5727.9,14.0,0,
C001115,Carrier C,Auto,Mobile,2026-09-20,2026-09,2026-09-23,Closed,0.0,8.74,3.0,11.0,2352.78,14.0,0,
C001116,Carrier C,Property,Web,2026-04-24,2026-04,2026-05-02,Closed,0.0,9.41,8.0,160.0,1564.41,20.0,0,
C001117,Carrier B,Auto,Mobile,2026-07-10,2026-07,2026-07-12,Closed,0.0,3.19,2.0,83.0,2049.36,14.0,0,
C001118,Carrier C,Liability,Web,2026-08-11,2026-08,2026-09-02,Closed,1.0,24.94,22.0,51.0,1563.66,14.0,0,
C001119,Carrier C,Liability,Agent,2026-08-08,2026-08,2026-08-13,Closed,0.0,7.35,5.0,54.0,2890.22,14.0,0,
C001120,Carrier C,Property,Mobile,2026-08-22,2026-08,2026-09-07,Closed,1.0,24.29,16.0,40.0,1078.52,20.0,1,0.1078
C001121,Carrier A,Liability,Web,2026-07-08,2026-07,2026-07-10,Closed,0.0,12.43,2.0,85.0,588.7,14.0,0,
C001122,Carrier A,Property,Web,2026-09-05,2026-09,2026-09-16,Closed,0.0,15.69,11.0,26.0,5584.47,20.0,3,0.8265
C001123,Carrier C,Auto,Mobile,2026-09-03,2026-09,2026-09-19,Closed,1.0,17.44,16.0,28.0,3703.47,14.0,0,
C001124,Carrier C,Auto,Web,2026-09-10,2026-09,,Open,0.0,7.98,,21.0,0.0,14.0,0,
C001125,Carrier B,Auto,Mobile,2026-07-29,2026-07,2026-07-31,Closed,0.0,11.05,2.0,64.0,4051.83,14.0,0,
C001126,Carrier B,Auto,Mobile,2026-04-16,2026-04,2026-04-20,Closed,0.0,17.24,4.0,168.0,1701.57,14.0,0,
C001127,Carrier A,Property,Mobile,2026-07-11,2026-07,2026-07-30,Closed,0.0,4.14,19.0,82.0,3511.75,20.0,0,
C001128,Carrier A,Auto,Web,2026-04-09,2026-04,2026-04-19,Closed,0.0,16.65,10.0,175.0,3580.13,14.0,0,
C001129,Carrier B,Property,Mobile,2026-07-13,2026-07,2026-07-25,Closed,0.0,7.93,12.0,80.0,2560.17,20.0,0,
C001130,Carrier B,Property,Web,2026-04-27,2026-04,2026-05-08,Closed,0.0,9.32,11.0,157.0,767.7,20.0,0,
C001131,Carrier C,Property,Agent,2026-08-01,2026-08,2026-08-20,Closed,0.0,7.51,19.0,61.0,8268.7,20.0,1,0.341
C001132,Carrier C,Auto,Mobile,2026-05-07,2026-05,2026-05-25,Closed,0.0,10.72,18.0,147.0,1677.57,14.0,1,0.6709
C001133,Carrier B,Auto,Mobile,2026-05-25,2026-05,2026-05-31,Closed,0.0,5.53,6.0,129.0,3808.32,14.0,0,
C001134,Carrier B,Property,Web,2026-09-17,2026-09,2026-09-29,Closed,0.0,4.37,12.0,14.0,1275.09,20.0,0,
C001135,Carrier A,Liability,Mobile,2026-05-23,2026-05,2026-06-02,Closed,0.0,14.86,10.0,131.0,4803.07,14.0,0,
C001136,Carrier B,Auto,Mobile,2026-08-18,2026-08,2026-08-24,Closed,0.0,8.79,6.0,44.0,3570.55,14.0,0,
C001137,Carrier A,Property,Agent,2026-08-25,2026-08,2026-09-03,Closed,0.0,7.88,9.0,37.0,3743.4,20.0,0,
C001138,Carrier B,Auto,Mobile,2026-09-26,2026-09,,Open,0.0,17.67,,5.0,0.0,14.0,1,0.2449
C001139,Carrier A,Liability,Mobile,2026-08-10,2026-08,2026-08-27,Closed,0.0,10.26,17.0,52.0,3516.14,14.0,0,
C001140,Carrier C,Liability,Mobile,2026-08-15,2026-08,2026-09-05,Closed,1.0,11.09,21.0,47.0,8309.25,14.0,1,0.7666
C001141,Carrier A,Property,Web,2026-05-03,2026-05,2026-05-28,Closed,1.0,14.65,25.0,151.0,2694.49,20.0,0,
C001142,Carrier B,Auto,Web,2026-08-02,2026-08,2026-08-07,Closed,0.0,5.06,5.0,60.0,6643.81,14.0,0,
C001143,Carrier B,Property,Mobile,2026-06-06,2026-06,2026-06-21,Closed,1.0,27.5,15.0,117.0,16073.7,20.0,0,
C001144,Carrier A,Auto,Agent,2026-08-04,2026-08,2026-08-15,Closed,0.0,14.64,11.0,58.0,1907.97,14.0,0,
C001145,Carrier A,Auto,Web,2026-09-27,2026-09,,Open,1.0,16.66,,4.0,0.0,14.0,0,
C001146,Carrier A,Liability,Agent,2026-07-28,2026-07,2026-08-02,Closed,0.0,17.54,5.0,65.0,1259.64,14.0,0,
C001147,Carrier A,Liability,Agent,2026-05-01,2026-05,2026-05-17,Closed,0.0,16.94,16.0,153.0,1300.83,14.0,0,
C001148,Carrier B,Property,Agent,2026-06-16,2026-06,2026-06-30,Closed,0.0,1.5,14.0,107.0,6004.84,20.0,0,
C001149,Carrier C,Auto,Web,2026-06-12,2026-06,2026-06-29,Closed,0.0,14.88,17.0,111.0,1893.53,14.0,0,
C001150,Carrier A,Auto,Mobile,2026-08-18,2026-08,2026-08-27,Closed,1.0,16.75,9.0,44.0,4108.33,14.0,1,0.1067
C001151,Carrier C,Auto,Mobile,2026-07-25,2026-07,2026-07-28,Closed,0.0,4.58,3.0,68.0,510.94,14.0,0,
C001152,Carrier B,Liability,Agent,2026-08-20,2026-08,2026-09-01,Closed,1.0,16.23,12.0,42.0,2870.26,14.0,1,0.8214
C001153,Carrier C,Property,Mobile,2026-08-17,2026-08,2026-08-31,Closed,0.0,14.14,14.0,45.0,1424.89,20.0,0,
C001154,Carrier C,Auto,Agent,2026-08-08,2026-08,2026-08-10,Closed,0.0,2.04,2.0,54.0,2765.55,14.0,0,
C001155,Carrier C,Property,Agent,2026-06-13,2026-06,2026-06-19,Closed,0.0,5.43,6.0,110.0,1290.46,20.0,0,
C001156,Carrier B,Property,Mobile,2026-07-31,2026-07,,Open,0.0,8.77,,62.0,0.0,20.0,0,
C001157,Carrier A,Property,Agent,2026-08-02,2026-08,2026-08-14,Closed,0.0,2.86,12.0,60.0,2786.83,20.0,0,
C001158,Carrier B,Property,Mobile,2026-04-17,2026-04,2026-04-27,Closed,0.0,3.74,10.0,167.0,5759.49,20.0,0,
C001159,Carrier B,Liability,Mobile,2026-08-24,2026-08,2026-08-31,Closed,0.0,5.94,7.0,38.0,7164.99,14.0,0,
C001160,Carrier B,Property,Web,2026-07-02,2026-07,2026-07-18,Closed,0.0,4.91,16.0,91.0,6629.63,20.0,0,
C001161,Carrier B,Liability,Web,2026-07-06,2026-07,2026-07-08,Closed,0.0,11.61,2.0,87.0,9630.17,14.0,0,
C001162,Carrier C,Auto,Mobile,2026-07-30,2026-07,,Open,0.0,16.09,,63.0,0.0,14.0,0,
C001163,Carrier A,Liability,Web,2026-07-28,2026-07,,Open,0.0,17.61,,65.0,0.0,14.0,1,0.0523
C001164,Carrier C,Property,Mobile,2026-08-16,2026-08,,Open,0.0,9.09,,46.0,0.0,20.0,0,
C001165,Carrier C,Liability,Mobile,2026-06-26,2026-06,2026-07-09,Closed,1.0,17.68,13.0,97.0,5642.76,14.0,0,
C001166,Carrier C,Liability,Web,2026-08-07,2026-08,2026-08-11,Closed,0.0,9.2,4.0,55.0,1921.88,14.0,0,
C001167,Carrier B,Auto,Web,2026-07-22,2026-07,2026-07-28,Closed,0.0,14.37,6.0,71.0,2980.9,14.0,0,
C001168,Carrier C,Property,Agent,2026-06-24,2026-06,2026-07-02,Closed,0.0,4.68,8.0,99.0,5172.77,20.0,0,
C001169,Carrier B,Property,Web,2026-07-09,2026-07,,Open,0.0,13.07,,84.0,0.0,20.0,1,0.48
C001170,Carrier C,Liability,Mobile,2026-09-23,2026-09,2026-09-26,Closed,0.0,2.75,3.0,8.0,2576.53,14.0,0,
C001171,Carrier A,Property,Mobile,2026-08-14,2026-08,2026-09-07,Closed,1.0,13.89,24.0,48.0,714.24,20.0,1,0.1634
C001172,Carrier B,Liability,Web,2026-08-06,2026-08,2026-08-10,Closed,0.0,12.7,4.0,56.0,1784.32,14.0,0,
C001173,Carrier A,Auto,Mobile,2026-09-20,2026-09,2026-09-21,Closed,0.0,15.97,1.0,11.0,6697.37,14.0,1,0.0955
C001174,Carrier C,Auto,Agent,2026-05-06,2026-05,2026-05-09,Closed,0.0,9.97,3.0,148.0,2193.96,14.0,0,
C001175,Carrier A,Liability,Agent,2026-05-25,2026-05,2026-06-16,Closed,0.0,6.22,22.0,129.0,3090.87,14.0,3,0.9802
C001176,Carrier A,Property,Agent,2026-08-26,2026-08,2026-09-17,Closed,0.0,8.38,22.0,36.0,3853.53,20.0,0,
C001177,Carrier B,Auto,Mobile,2026-04-05,2026-04,2026-04-21,Closed,1.0,13.27,16.0,179.0,2259.77,14.0,0,
C001178,Carrier C,Auto,Agent,2026-08-21,2026-08,2026-08-24,Closed,0.0,1.34,3.0,41.0,1807.33,14.0,0,
C001179,Carrier B,Liability,Mobile,2026-09-24,2026-09,2026-09-26,Closed,0.0,2.1,2.0,7.0,5186.98,14.0,0,
C001180,Carrier A,Liability,Web,2026-08-02,2026-08,2026-08-08,Closed,0.0,1.27,6.0,60.0,3740.96,14.0,0,
C001181,Carrier C,Liability,Web,2026-09-25,2026-09,2026-09-27,Closed,0.0,4.24,2.0,6.0,3770.34,14.0,0,
C001182,Carrier C,Property,Agent,2026-07-20,2026-07,2026-07-29,Closed,0.0,2.85,9.0,73.0,10445.87,20.0,0,
C001183,Carrier C,Liability,Mobile,2026-09-08,2026-09,2026-09-10,Closed,0.0,2.58,2.0,23.0,1706.19,14.0,1,0.4687
C001184,Carrier A,Property,Web,2026-08-21,2026-08,2026-09-07,Closed,0.0,16.6,17.0,41.0,7686.66,20.0,0,
C001185,Carrier C,Auto,Web,2026-05-28,2026-05,2026-06-13,Closed,1.0,13.93,16.0,126.0,4888.31,14.0,0,
C001186,Carrier B,Auto,Mobile,2026-06-24,2026-06,2026-07-08,Closed,0.0,3.15,14.0,99.0,6024.68,14.0,0,
C001187,Carrier B,Liability,Agent,2026-07-18,2026-07,2026-07-28,Closed,0.0,5.6,10.0,75.0,2956.66,14.0,0,
C001188,Carrier A,Property,Web,2026-08-01,2026-08,2026-08-11,Closed,0.0,1.42,10.0,61.0,5850.48,20.0,0,
C001189,Carrier C,Property,Web,2026-06-25,2026-06,2026-07-05,Closed,0.0,7.99,10.0,98.0,3763.58,20.0,1,0.4748
C001190,Carrier A,Auto,Web,2026-08-15,2026-08,2026-09-01,Closed,1.0,16.16,17.0,47.0,1532.18,14.0,0,
C001191,Carrier A,Liability,Agent,2026-07-05,2026-07,2026-07-11,Closed,0.0,5.51,6.0,88.0,13320.67,14.0,1,0.1616
C001192,Carrier C,Property,Web,2026-05-10,2026-05,2026-05-24,Closed,0.0,9.02,14.0,144.0,3323.55,20.0,1,0.6459
C001193,Carrier C,Auto,Agent,2026-09-30,2026-09,,Open,0.0,4.28,,1.0,0.0,14.0,0,
C001194,Carrier B,Property,Agent,2026-05-17,2026-05,2026-05-30,Closed,0.0,4.88,13.0,137.0,8790.86,20.0,1,0.8976
C001195,Carrier A,Liability,Mobile,2026-06-10,2026-06,2026-06-27,Closed,0.0,8.55,17.0,113.0,1171.88,14.0,0,
C001196,Carrier C,Property,Web,2026-09-20,2026-09,,Open,0.0,11.35,,11.0,0.0,20.0,0,
C001197,Carrier A,Liability,Agent,2026-04-25,2026-04,2026-04-26,Closed,0.0,5.86,1.0,159.0,5605.65,14.0,0,
C001198,Carrier C,Liability,Web,2026-08-28,2026-08,2026-09-15,Closed,1.0,27.62,18.0,34.0,1821.58,14.0,0,
C001199,Carrier A,Auto,Web,2026-05-26,2026-05,2026-05-29,Closed,0.0,7.44,3.0,128.0,8895.87,14.0,0,
C001200,Carrier B,Property,Mobile,2026-09-20,2026-09,,Open,1.0,21.76,,11.0,0.0,20.0,0,
C001201,Carrier C,Property,Agent,2026-07-20,2026-07,2026-07-29,Closed,0.0,7.49,9.0,73.0,1956.4,20.0,0,
C001202,Carrier A,Property,Web,2026-07-20,2026-07,2026-08-15,Closed,1.0,23.45,26.0,73.0,7656.14,20.0,1,0.1152
C001203,Carrier B,Liability,Mobile,2026-07-01,2026-07,,Open,0.0,15.07,,92.0,0.0,14.0,0,
C001204,Carrier A,Property,Agent,2026-04-28,2026-04,2026-05-21,Closed,0.0,2.06,23.0,156.0,10359.13,20.0,0,
C001205,Carrier B,Property,Agent,2026-07-19,2026-07,2026-07-30,Closed,0.0,2.8,11.0,74.0,612.34,20.0,0,
C001206,Carrier C,Liability,Mobile,2026-06-02,2026-06,2026-06-06,Closed,0.0,7.43,4.0,121.0,13293.88,14.0,0,
C001207,Carrier C,Liability,Mobile,2026-05-10,2026-05,2026-05-12,Closed,0.0,10.98,2.0,144.0,2255.66,14.0,0,
C001208,Carrier C,Liability,Mobile,2026-07-05,2026-07,2026-07-26,Closed,0.0,11.61,21.0,88.0,2170.83,14.0,0,
C001209,Carrier B,Auto,Mobile,2026-09-11,2026-09,2026-09-18,Closed,0.0,3.54,7.0,20.0,3050.58,14.0,1,0.8301
C001210,Carrier A,Auto,Web,2026-08-19,2026-08,2026-08-20,Closed,0.0,13.01,1.0,43.0,5350.58,14.0,1,0.7106
C001211,Carrier B,Auto,Mobile,2026-06-24,2026-06,2026-07-08,Closed,0.0,5.72,14.0,99.0,14888.42,14.0,1,0.4252
C001212,Carrier B,Auto,Mobile,2026-08-13,2026-08,2026-09-01,Closed,0.0,7.84,19.0,49.0,3153.56,14.0,2,0.7448
C001213,Carrier B,Auto,Mobile,2026-09-27,2026-09,,Open,0.0,17.7,,4.0,0.0,14.0,0,
C001214,Carrier A,Auto,Agent,2026-04-01,2026-04,,Open,0.0,14.61,,183.0,0.0,14.0,0,
C001215,Carrier B,Property,Mobile,2026-07-11,2026-07,2026-07-31,Closed,0.0,16.65,20.0,82.0,2870.82,20.0,0,
C001216,Carrier B,Property,Agent,2026-04-23,2026-04,2026-05-04,Closed,0.0,8.86,11.0,161.0,1405.34,20.0,0,
C001217,Carrier A,Auto,Agent,2026-08-04,2026-08,2026-08-22,Closed,1.0,25.46,18.0,58.0,3917.65,14.0,0,
C001218,Carrier C,Property,Agent,2026-09-15,2026-09,,Open,1.0,13.87,,16.0,0.0,20.0,0,
C001219,Carrier B,Property,Mobile,2026-07-12,2026-07,2026-07-30,Closed,1.0,19.27,18.0,81.0,2342.79,20.0,0,
C001220,Carrier C,Auto,Agent,2026-06-18,2026-06,2026-06-25,Closed,0.0,1.34,7.0,105.0,11093.24,14.0,0,
C001221,Carrier B,Property,Agent,2026-06-07,2026-06,2026-06-19,Closed,0.0,10.39,12.0,116.0,743.7,20.0,1,0.1656
C001222,Carrier B,Liability,Mobile,2026-07-25,2026-07,2026-08-03,Closed,1.0,21.15,9.0,68.0,3269.33,14.0,0,
C001223,Carrier C,Liability,Web,2026-05-29,2026-05,2026-06-02,Closed,0.0,5.86,4.0,125.0,3276.85,14.0,1,0.9878
C001224,Carrier B,Auto,Agent,2026-04-16,2026-04,2026-04-23,Closed,0.0,9.71,7.0,168.0,3678.78,14.0,0,
C001225,Carrier C,Property,Mobile,2026-06-30,2026-06,2026-07-08,Closed,0.0,11.45,8.0,93.0,2146.61,20.0,0,
C001226,Carrier C,Property,Web,2026-05-19,2026-05,2026-05-27,Closed,0.0,12.67,8.0,135.0,2456.17,20.0,0,
C001227,Carrier A,Property,Mobile,2026-08-29,2026-08,,Open,1.0,22.57,,33.0,0.0,20.0,1,0.5009
C001228,Carrier B,Auto,Mobile,2026-07-16,2026-07,2026-07-17,Closed,0.0,6.95,1.0,77.0,878.74,14.0,1,0.537
C001229,Carrier C,Auto,Web,2026-04-07,2026-04,2026-04-10,Closed,0.0,1.35,3.0,177.0,3857.51,14.0,1,0.678
C001230,Carrier C,Auto,Mobile,2026-07-05,2026-07,2026-08-03,Closed,1.0,14.42,29.0,88.0,2124.37,14.0,0,
C001231,Carrier A,Auto,Web,2026-04-25,2026-04,2026-05-02,Closed,0.0,10.28,7.0,159.0,5582.43,14.0,1,0.8639
C001232,Carrier A,Auto,Web,2026-06-05,2026-06,2026-06-10,Closed,0.0,17.15,5.0,118.0,11314.54,14.0,1,0.04
C001233,Carrier C,Property,Mobile,2026-04-03,2026-04,,Open,0.0,8.67,,181.0,0.0,20.0,0,
C001234,Carrier C,Property,Mobile,2026-04-11,2026-04,2026-04-20,Closed,0.0,2.43,9.0,173.0,7395.16,20.0,0,
C001235,Carrier A,Liability,Agent,2026-06-14,2026-06,2026-07-06,Closed,0.0,8.64,22.0,109.0,5230.45,14.0,0,
C001236,Carrier C,Auto,Mobile,2026-09-27,2026-09,,Open,0.0,6.73,,4.0,0.0,14.0,1,0.7643
C001237,Carrier C,Property,Web,2026-04-17,2026-04,2026-04-23,Closed,0.0,13.65,6.0,167.0,4556.27,20.0,0,
C001238,Carrier B,Property,Mobile,2026-08-09,2026-08,2026-08-18,Closed,0.0,16.38,9.0,53.0,2329.14,20.0,0,
C001239,Carrier C,Auto,Agent,2026-05-19,2026-05,2026-05-25,Closed,0.0,6.88,6.0,135.0,1670.02,14.0,1,0.6318
C001240,Carrier A,Liability,Agent,2026-04-26,2026-04,2026-05-01,Closed,0.0,5.48,5.0,158.0,1841.98,14.0,1,0.4323
C001241,Carrier B,Liability,Web,2026-05-14,2026-05,2026-05-17,Closed,0.0,14.96,3.0,140.0,7438.97,14.0,0,
C001242,Carrier B,Auto,Web,2026-07-22,2026-07,2026-07-31,Closed,0.0,5.36,9.0,71.0,6432.53,14.0,0,
C001243,Carrier A,Property,Agent,2026-07-03,2026-07,2026-07-25,Closed,0.0,8.78,22.0,90.0,3906.71,20.0,0,
C001244,Carrier B,Property,Mobile,2026-06-20,2026-06,2026-07-03,Closed,0.0,6.37,13.0,103.0,1381.07,20.0,0,
C001245,Carrier A,Liability,Mobile,2026-05-07,2026-05,2026-05-21,Closed,1.0,22.9,14.0,147.0,6819.32,14.0,0,
C001246,Carrier B,Property,Web,2026-08-13,2026-08,2026-09-13,Closed,1.0,12.47,31.0,49.0,6911.5,20.0,0,
C001247,Carrier A,Auto,Web,2026-08-11,2026-08,2026-08-31,Closed,1.0,16.54,20.0,51.0,2789.51,14.0,0,
C001248,Carrier C,Property,Mobile,2026-06-19,2026-06,2026-07-03,Closed,0.0,9.25,14.0,104.0,724.45,20.0,0,
C001249,Carrier C,Property,Mobile,2026-07-04,2026-07,2026-07-14,Closed,0.0,3.32,10.0,89.0,5429.47,20.0,0,
C001250,Carrier B,Liability,Web,2026-09-08,2026-09,2026-09-16,Closed,0.0,8.8,8.0,23.0,4512.25,14.0,2,0.873
C001251,Carrier A,Auto,Agent,2026-09-01,2026-09,2026-09-18,Closed,0.0,14.23,17.0,30.0,5564.52,14.0,1,0.4161
C001252,Carrier C,Liability,Mobile,2026-09-19,2026-09,2026-09-21,Closed,0.0,12.98,2.0,12.0,2684.63,14.0,2,0.6194
C001253,Carrier C,Property,Mobile,2026-07-28,2026-07,2026-08-16,Closed,1.0,16.67,19.0,65.0,1552.01,20.0,0,
C001254,Carrier B,Property,Mobile,2026-09-10,2026-09,,Open,0.0,9.87,,21.0,0.0,20.0,0,
C001255,Carrier A,Liability,Mobile,2026-07-07,2026-07,2026-07-11,Closed,0.0,3.78,4.0,86.0,3496.95,14.0,0,
C001256,Carrier B,Liability,Mobile,2026-07-21,2026-07,2026-07-30,Closed,1.0,25.24,9.0,72.0,11096.4,14.0,0,
C001257,Carrier A,Liability,Agent,2026-06-22,2026-06,2026-06-23,Closed,0.0,8.39,1.0,101.0,1704.0,14.0,0,
C001258,Carrier A,Liability,Agent,2026-07-27,2026-07,,Open,0.0,12.32,,66.0,0.0,14.0,0,
C001259,Carrier B,Liability,Mobile,2026-05-25,2026-05,2026-05-31,Closed,0.0,11.18,6.0,129.0,2199.22,14.0,0,
C001260,Carrier B,Auto,Agent,2026-07-28,2026-07,2026-08-06,Closed,0.0,11.73,9.0,65.0,1272.26,14.0,1,0.8122
C001261,Carrier B,Auto,Agent,2026-08-11,2026-08,2026-08-24,Closed,1.0,26.46,13.0,51.0,5105.73,14.0,0,
C001262,Carrier C,Property,Web,2026-05-08,2026-05,2026-05-26,Closed,0.0,11.11,18.0,146.0,2382.71,20.0,0,
C001263,Carrier C,Property,Mobile,2026-08-02,2026-08,2026-08-24,Closed,0.0,2.17,22.0,60.0,1388.69,20.0,0,
C001264,Carrier B,Auto,Mobile,2026-04-04,2026-04,2026-04-09,Closed,0.0,10.46,5.0,180.0,500.93,14.0,0,
C001265,Carrier C,Liability,Mobile,2026-08-06,2026-08,2026-08-13,Closed,0.0,10.46,7.0,56.0,2152.9,14.0,0,
C001266,Carrier A,Auto,Web,2026-04-06,2026-04,2026-04-08,Closed,0.0,13.54,2.0,178.0,5040.71,14.0,1,0.557
C001267,Carrier C,Property,Web,2026-05-24,2026-05,2026-06-02,Closed,0.0,11.03,9.0,130.0,1721.31,20.0,0,
C001268,Carrier B,Auto,Web,2026-09-08,2026-09,2026-09-13,Closed,0.0,5.89,5.0,23.0,2406.54,14.0,0,
C001269,Carrier C,Property,Web,2026-08-09,2026-08,2026-08-20,Closed,0.0,9.96,11.0,53.0,4215.4,20.0,0,
C001270,Carrier C,Liability,Agent,2026-07-21,2026-07,2026-08-03,Closed,1.0,21.26,13.0,72.0,3765.7,14.0,0,
C001271,Carrier C,Auto,Web,2026-09-09,2026-09,2026-09-16,Closed,0.0,3.41,7.0,22.0,5994.75,14.0,0,
C001272,Carrier C,Liability,Mobile,2026-09-23,2026-09,,Open,1.0,12.09,,8.0,0.0,14.0,2,0.1521
C001273,Carrier C,Property,Agent,2026-08-09,2026-08,2026-08-18,Closed,0.0,13.46,9.0,53.0,3140.26,20.0,1,0.0354
C001274,Carrier C,Property,Web,2026-04-28,2026-04,,Open,0.0,7.98,,156.0,0.0,20.0,1,0.0328
C001275,Carrier A,Property,Web,2026-06-27,2026-06,2026-07-18,Closed,1.0,16.97,21.0,96.0,8001.05,20.0,0,
C001276,Carrier B,Auto,Web,2026-06-04,2026-06,2026-06-09,Closed,0.0,17.4,5.0,119.0,6474.59,14.0,0,
C001277,Carrier A,Auto,Mobile,2026-09-06,2026-09,2026-09-08,Closed,0.0,3.97,2.0,25.0,10223.4,14.0,1,0.0296
C001278,Carrier A,Auto,Agent,2026-08-23,2026-08,2026-08-30,Closed,0.0,7.87,7.0,39.0,2409.15,14.0,1,0.0053
C001279,Carrier C,Liability,Mobile,2026-04-01,2026-04,2026-04-16,Closed,1.0,19.0,15.0,183.0,15403.73,14.0,0,
C001280,Carrier C,Auto,Web,2026-08-28,2026-08,2026-09-04,Closed,0.0,3.34,7.0,34.0,1648.3,14.0,2,0.7471
C001281,Carrier C,Property,Mobile,2026-09-14,2026-09,2026-09-23,Closed,0.0,4.87,9.0,17.0,2284.15,20.0,0,
C001282,Carrier C,Property,Web,2026-07-02,2026-07,2026-07-10,Closed,0.0,11.56,8.0,91.0,1694.03,20.0,1,0.404
C001283,Carrier B,Liability,Mobile,2026-06-16,2026-06,2026-07-04,Closed,1.0,20.89,18.0,107.0,7506.65,14.0,0,
C001284,Carrier A,Liability,Web,2026-05-21,2026-05,2026-06-05,Closed,0.0,6.54,15.0,133.0,8991.83,14.0,0,
C001285,Carrier B,Liability,Web,2026-06-12,2026-06,2026-06-20,Closed,0.0,1.02,8.0,111.0,3451.89,14.0,0,
C001286,Carrier B,Auto,Agent,2026-07-16,2026-07,2026-07-23,Closed,0.0,12.08,7.0,77.0,2665.13,14.0,1,0.3735
C001287,Carrier B,Auto,Web,2026-05-26,2026-05,2026-06-08,Closed,0.0,6.57,13.0,128.0,2978.64,14.0,1,0.097
C001288,Carrier A,Liability,Agent,2026-07-05,2026-07,2026-07-20,Closed,0.0,3.16,15.0,88.0,1950.45,14.0,0,
C001289,Carrier A,Liability,Web,2026-09-27,2026-09,,Open,0.0,14.3,,4.0,0.0,14.0,0,
C001290,Carrier B,Property,Mobile,2026-04-17,2026-04,,Open,0.0,15.83,,167.0,0.0,20.0,1,0.7136
C001291,Carrier B,Property,Agent,2026-06-16,2026-06,,Open,0.0,14.69,,107.0,0.0,20.0,0,
C001292,Carrier A,Liability,Web,2026-05-26,2026-05,2026-05-31,Closed,0.0,14.39,5.0,128.0,3311.78,14.0,0,
C001293,Carrier A,Auto,Mobile,2026-05-15,2026-05,2026-05-29,Closed,1.0,21.19,14.0,139.0,2124.18,14.0,0,
C001294,Carrier A,Auto,Mobile,2026-06-28,2026-06,2026-07-03,Closed,0.0,9.03,5.0,95.0,766.3,14.0,0,
C001295,Carrier C,Property,Mobile,2026-06-21,2026-06,2026-07-16,Closed,1.0,27.65,25.0,102.0,2259.45,20.0,0,
C001296,Carrier A,Property,Mobile,2026-05-12,2026-05,2026-06-04,Closed,0.0,8.47,23.0,142.0,4392.79,20.0,0,
C001297,Carrier C,Property,Web,2026-08-27,2026-08,2026-09-04,Closed,0.0,9.36,8.0,35.0,2138.94,20.0,0,
C001298,Carrier A,Liability,Agent,2026-09-04,2026-09,2026-09-12,Closed,0.0,3.61,8.0,27.0,874.11,14.0,0,
C001299,Carrier A,Property,Web,2026-07-02,2026-07,2026-08-02,Closed,0.0,12.56,31.0,91.0,7526.29,20.0,0,
C001300,Carrier B,Auto,Mobile,2026-08-13,2026-08,2026-08-27,Closed,1.0,13.48,14.0,49.0,34704.57,14.0,0,
C001301,Carrier C,Liability,Mobile,2026-07-10,2026-07,2026-07-25,Closed,0.0,5.43,15.0,83.0,2369.74,14.0,0,
C001302,Carrier C,Auto,Agent,2026-09-30,2026-09,,Open,0.0,4.85,,1.0,0.0,14.0,1,0.4329
C001303,Carrier B,Liability,Agent,2026-07-16,2026-07,,Open,0.0,14.36,,77.0,0.0,14.0,0,
C001304,Carrier B,Auto,Mobile,2026-09-18,2026-09,2026-09-19,Closed,0.0,17.83,1.0,13.0,1820.93,14.0,0,
C001305,Carrier A,Auto,Agent,2026-09-14,2026-09,2026-09-19,Closed,0.0,12.25,5.0,17.0,6155.75,14.0,0,
C001306,Carrier A,Property,Web,2026-05-20,2026-05,2026-06-11,Closed,0.0,8.6,22.0,134.0,2052.66,20.0,0,
C001307,Carrier A,Property,Agent,2026-05-10,2026-05,2026-05-23,Closed,0.0,11.21,13.0,144.0,6558.46,20.0,0,
C001308,Carrier B,Property,Mobile,2026-06-29,2026-06,2026-07-13,Closed,1.0,24.53,14.0,94.0,5403.91,20.0,1,0.7024
C001309,Carrier B,Auto,Web,2026-06-17,2026-06,2026-06-22,Closed,0.0,10.45,5.0,106.0,9927.76,14.0,0,
C001310,Carrier B,Liability,Agent,2026-05-11,2026-05,2026-05-12,Closed,0.0,17.31,1.0,143.0,1297.63,14.0,0,
C001311,Carrier B,Property,Web,2026-04-30,2026-04,2026-05-08,Closed,0.0,7.93,8.0,154.0,6630.38,20.0,1,0.879
C001312,Carrier C,Auto,Mobile,2026-07-21,2026-07,,Open,1.0,15.57,,72.0,0.0,14.0,0,
C001313,Carrier A,Liability,Web,2026-04-03,2026-04,2026-04-09,Closed,0.0,7.72,6.0,181.0,992.2,14.0,0,
C001314,Carrier A,Property,Web,2026-07-17,2026-07,2026-07-26,Closed,0.0,9.01,9.0,76.0,4548.76,20.0,0,
C001315,Carrier B,Liability,Agent,2026-07-23,2026-07,2026-08-03,Closed,0.0,11.42,11.0,70.0,9304.57,14.0,0,
C001316,Carrier B,Property,Web,2026-07-18,2026-07,2026-07-27,Closed,0.0,11.74,9.0,75.0,9240.77,20.0,1,0.44
C001317,Carrier B,Liability,Agent,2026-07-13,2026-07,2026-07-23,Closed,1.0,11.09,10.0,80.0,10378.34,14.0,0,
C001318,Carrier A,Auto,Agent,2026-07-27,2026-07,2026-08-04,Closed,0.0,11.12,8.0,66.0,1232.69,14.0,1,0.8478
C001319,Carrier A,Auto,Mobile,2026-07-19,2026-07,2026-07-24,Closed,0.0,1.32,5.0,74.0,4446.36,14.0,1,0.7569
C001320,Carrier A,Liability,Mobile,2026-06-16,2026-06,,Open,0.0,1.51,,107.0,0.0,14.0,0,
C001321,Carrier A,Property,Web,2026-06-01,2026-06,2026-06-19,Closed,0.0,11.07,18.0,122.0,1907.84,20.0,0,
C001322,Carrier B,Property,Mobile,2026-07-19,2026-07,2026-07-30,Closed,0.0,8.91,11.0,74.0,1487.49,20.0,1,0.0097
C001323,Carrier A,Liability,Mobile,2026-05-19,2026-05,2026-06-02,Closed,1.0,19.12,14.0,135.0,8432.14,14.0,0,
C001324,Carrier A,Property,Agent,2026-05-28,2026-05,2026-06-15,Closed,0.0,14.1,18.0,126.0,1072.59,20.0,0,
C001325,Carrier B,Liability,Mobile,2026-08-10,2026-08,2026-08-24,Closed,1.0,21.48,14.0,52.0,15344.4,14.0,0,
C001326,Carrier B,Auto,Mobile,2026-06-12,2026-06,2026-06-18,Closed,0.0,10.43,6.0,111.0,3376.24,14.0,0,
C001327,Carrier B,Auto,Agent,2026-05-14,2026-05,,Open,0.0,1.25,,140.0,0.0,14.0,1,0.218
C001328,Carrier B,Liability,Web,2026-04-14,2026-04,2026-04-25,Closed,1.0,24.6,11.0,170.0,3109.34,14.0,0,
C001329,Carrier A,Auto,Web,2026-07-14,2026-07,2026-07-19,Closed,0.0,14.17,5.0,79.0,2834.74,14.0,0,
C001330,Carrier C,Property,Mobile,2026-05-10,2026-05,2026-05-28,Closed,1.0,14.6,18.0,144.0,12755.4,20.0,0,
C001331,Carrier A,Property,Mobile,2026-09-09,2026-09,,Open,1.0,12.17,,22.0,0.0,20.0,0,
C001332,Carrier C,Property,Agent,2026-08-10,2026-08,2026-08-25,Closed,0.0,11.02,15.0,52.0,4971.51,20.0,0,
C001333,Carrier A,Liability,Web,2026-08-03,2026-08,2026-08-13,Closed,0.0,10.08,10.0,59.0,1483.65,14.0,1,0.5616
C001334,Carrier A,Liability,Mobile,2026-08-19,2026-08,2026-08-28,Closed,0.0,10.67,9.0,43.0,16803.26,14.0,0,
C001335,Carrier A,Auto,Mobile,2026-09-21,2026-09,,Open,1.0,19.16,,10.0,0.0,14.0,0,
C001336,Carrier A,Auto,Mobile,2026-05-05,2026-05,2026-05-07,Closed,0.0,7.21,2.0,149.0,2208.39,14.0,0,
C001337,Carrier C,Auto,Web,2026-06-27,2026-06,2026-07-25,Closed,0.0,8.45,28.0,96.0,601.79,14.0,0,
C001338,Carrier B,Liability,Agent,2026-04-19,2026-04,2026-04-30,Closed,0.0,2.01,11.0,165.0,17035.27,14.0,0,
C001339,Carrier B,Liability,Agent,2026-07-15,2026-07,2026-07-17,Closed,0.0,7.3,2.0,78.0,1393.0,14.0,2,0.7562
C001340,Carrier C,Auto,Mobile,2026-09-29,2026-09,,Open,0.0,16.48,,2.0,0.0,14.0,0,
C001341,Carrier A,Auto,Web,2026-05-16,2026-05,2026-06-03,Closed,0.0,11.98,18.0,138.0,1707.28,14.0,0,
C001342,Carrier B,Auto,Web,2026-06-30,2026-06,2026-07-02,Closed,0.0,15.34,2.0,93.0,1888.22,14.0,0,
C001343,Carrier C,Auto,Mobile,2026-06-21,2026-06,2026-07-17,Closed,1.0,22.81,26.0,102.0,1610.56,14.0,0,
C001344,Carrier A,Property,Agent,2026-05-02,2026-05,2026-05-18,Closed,0.0,2.08,16.0,152.0,2522.52,20.0,1,0.2463
C001345,Carrier B,Auto,Mobile,2026-07-02,2026-07,2026-07-03,Closed,0.0,16.82,1.0,91.0,1584.47,14.0,1,0.9797
C001346,Carrier A,Liability,Agent,2026-06-26,2026-06,2026-07-13,Closed,0.0,15.18,17.0,97.0,2741.9,14.0,0,
C001347,Carrier B,Liability,Mobile,2026-04-20,2026-04,2026-04-25,Closed,0.0,10.91,5.0,164.0,1030.63,14.0,0,
C001348,Carrier A,Liability,Agent,2026-09-21,2026-09,2026-09-23,Closed,0.0,3.87,2.0,10.0,838.05,14.0,0,
C001349,Carrier A,Auto,Web,2026-07-26,2026-07,2026-08-11,Closed,0.0,11.19,16.0,67.0,3103.87,14.0,0,
C001350,Carrier B,Property,Mobile,2026-07-17,2026-07,2026-08-07,Closed,0.0,14.4,21.0,76.0,1751.85,20.0,0,
C001351,Carrier B,Auto,Agent,2026-06-27,2026-06,2026-07-18,Closed,1.0,15.34,21.0,96.0,410.65,14.0,1,0.8648
C001352,Carrier B,Liability,Agent,2026-04-21,2026-04,2026-05-04,Closed,0.0,13.88,13.0,163.0,10296.06,14.0,0,
C001353,Carrier C,Property,Mobile,2026-04-26,2026-04,2026-05-11,Closed,0.0,10.32,15.0,158.0,6934.69,20.0,0,
C001354,Carrier A,Property,Agent,2026-05-21,2026-05,2026-06-04,Closed,0.0,11.7,14.0,133.0,1382.4,20.0,0,
C001355,Carrier C,Property,Mobile,2026-09-04,2026-09,2026-09-19,Closed,0.0,8.72,15.0,27.0,3937.33,20.0,1,0.6931
C001356,Carrier A,Auto,Mobile,2026-09-09,2026-09,2026-09-12,Closed,0.0,3.39,3.0,22.0,7673.47,14.0,0,
C001357,Carrier C,Liability,Agent,2026-09-16,2026-09,2026-09-19,Closed,0.0,6.16,3.0,15.0,514.48,14.0,2,0.7712
C001358,Carrier C,Auto,Web,2026-06-07,2026-06,2026-06-10,Closed,0.0,16.04,3.0,116.0,3241.51,14.0,0,
C001359,Carrier C,Liability,Mobile,2026-04-08,2026-04,2026-04-10,Closed,0.0,2.58,2.0,176.0,2863.85,14.0,0,
C001360,Carrier A,Property,Agent,2026-06-15,2026-06,2026-06-21,Closed,0.0,2.45,6.0,108.0,8843.25,20.0,2,0.6002
C001361,Carrier B,Liability,Web,2026-07-16,2026-07,2026-07-26,Closed,0.0,6.74,10.0,77.0,1832.11,14.0,2,0.5979
C001362,Carrier A,Auto,Agent,2026-07-01,2026-07,2026-07-17,Closed,0.0,2.59,16.0,92.0,949.55,14.0,1,0.8476
C001363,Carrier B,Auto,Agent,2026-06-05,2026-06,2026-06-11,Closed,0.0,3.24,6.0,118.0,3635.77,14.0,0,
C001364,Carrier B,Property,Web,2026-08-11,2026-08,2026-08-24,Closed,0.0,9.04,13.0,51.0,2483.69,20.0,0,
C001365,Carrier A,Liability,Mobile,2026-06-25,2026-06,2026-07-12,Closed,1.0,21.67,17.0,98.0,4465.6,14.0,1,0.0026
C001366,Carrier A,Auto,Web,2026-08-05,2026-08,2026-08-10,Closed,0.0,2.15,5.0,57.0,1872.73,14.0,0,
C001367,Carrier B,Auto,Agent,2026-09-02,2026-09,2026-09-13,Closed,0.0,9.87,11.0,29.0,1575.8,14.0,0,
C001368,Carrier A,Liability,Mobile,2026-06-07,2026-06,2026-06-19,Closed,0.0,10.72,12.0,116.0,2888.09,14.0,0,
C001369,Carrier A,Auto,Agent,2026-07-02,2026-07,,Open,0.0,16.36,,91.0,0.0,14.0,0,
C001370,Carrier A,Liability,Agent,2026-06-04,2026-06,2026-06-10,Closed,0.0,2.12,6.0,119.0,2685.81,14.0,0,
C001371,Carrier A,Property,Web,2026-06-01,2026-06,2026-06-10,Closed,0.0,17.97,9.0,122.0,1276.34,20.0,0,
C001372,Carrier A,Property,Agent,2026-08-31,2026-08,2026-09-08,Closed,0.0,15.11,8.0,31.0,4531.61,20.0,0,
C001373,Carrier B,Auto,Web,2026-04-19,2026-04,2026-04-23,Closed,0.0,12.41,4.0,165.0,1917.72,14.0,0,
C001374,Carrier A,Property,Mobile,2026-06-28,2026-06,2026-07-14,Closed,0.0,9.62,16.0,95.0,3046.14,20.0,0,
C001375,Carrier A,Property,Web,2026-05-13,2026-05,2026-05-24,Closed,0.0,14.44,11.0,141.0,2265.77,20.0,0,
C001376,Carrier A,Property,Mobile,2026-05-03,2026-05,2026-05-14,Closed,0.0,8.54,11.0,151.0,2079.41,20.0,0,
C001377,Carrier C,Auto,Agent,2026-09-18,2026-09,2026-09-30,Closed,0.0,8.97,12.0,13.0,3612.67,14.0,1,0.3854
C001378,Carrier B,Liability,Mobile,2026-04-21,2026-04,2026-04-27,Closed,0.0,3.52,6.0,163.0,739.36,14.0,0,
C001379,Carrier B,Property,Web,2026-08-02,2026-08,2026-08-11,Closed,0.0,16.39,9.0,60.0,2457.39,20.0,0,
C001380,Carrier A,Property,Web,2026-08-16,2026-08,2026-08-23,Closed,0.0,14.46,7.0,46.0,1225.24,20.0,0,
C001381,Carrier B,Liability,Agent,2026-07-11,2026-07,2026-07-23,Closed,0.0,3.71,12.0,82.0,5786.23,14.0,0,
C001382,Carrier C,Property,Web,2026-06-25,2026-06,2026-07-11,Closed,0.0,11.03,16.0,98.0,1520.34,20.0,0,
C001383,Carrier A,Auto,Agent,2026-06-15,2026-06,2026-06-19,Closed,0.0,16.2,4.0,108.0,2984.36,14.0,2,0.5916
C001384,Carrier C,Liability,Mobile,2026-04-25,2026-04,2026-05-09,Closed,0.0,17.32,14.0,159.0,5179.01,14.0,0,
C001385,Carrier A,Liability,Mobile,2026-04-01,2026-04,2026-04-06,Closed,0.0,11.06,5.0,183.0,7232.9,14.0,0,
C001386,Carrier C,Liability,Web,2026-09-27,2026-09,,Open,0.0,1.87,,4.0,0.0,14.0,0,
C001387,Carrier A,Property,Mobile,2026-04-14,2026-04,2026-04-25,Closed,0.0,12.26,11.0,170.0,5445.12,20.0,0,
C001388,Carrier B,Property,Agent,2026-05-25,2026-05,2026-05-31,Closed,0.0,10.95,6.0,129.0,5160.31,20.0,1,0.7158
C001389,Carrier C,Property,Agent,2026-06-05,2026-06,2026-06-15,Closed,0.0,8.57,10.0,118.0,2054.15,20.0,2,0.361
C001390,Carrier A,Liability,Web,2026-04-01,2026-04,2026-04-04,Closed,0.0,4.98,3.0,183.0,1167.71,14.0,1,0.0367
C001391,Carrier C,Liability,Web,2026-05-11,2026-05,,Open,0.0,11.66,,143.0,0.0,14.0,0,
C001392,Carrier A,Liability,Mobile,2026-05-14,2026-05,2026-06-07,Closed,1.0,22.05,24.0,140.0,9128.67,14.0,0,
C001393,Carrier C,Liability,Agent,2026-06-26,2026-06,2026-07-13,Closed,0.0,16.61,17.0,97.0,2623.51,14.0,0,
C001394,Carrier A,Property,Agent,2026-07-01,2026-07,2026-07-23,Closed,0.0,3.67,22.0,92.0,3009.9,20.0,1,0.5114
C001395,Carrier C,Liability,Web,2026-09-11,2026-09,2026-09-15,Closed,0.0,10.56,4.0,20.0,2094.01,14.0,0,
C001396,Carrier B,Auto,Agent,2026-07-02,2026-07,2026-07-09,Closed,0.0,2.25,7.0,91.0,4397.36,14.0,0,
C001397,Carrier A,Auto,Mobile,2026-06-14,2026-06,,Open,0.0,10.14,,109.0,0.0,14.0,0,
C001398,Carrier A,Property,Web,2026-08-12,2026-08,,Open,0.0,11.78,,50.0,0.0,20.0,1,0.7351
C001399,Carrier A,Property,Web,2026-08-09,2026-08,2026-08-17,Closed,0.0,4.91,8.0,53.0,1313.23,20.0,1,0.599
C001400,Carrier B,Auto,Agent,2026-08-11,2026-08,2026-08-12,Closed,0.0,14.52,1.0,51.0,6279.83,14.0,0,
C001401,Carrier B,Auto,Web,2026-05-01,2026-05,2026-05-10,Closed,0.0,17.56,9.0,153.0,607.15,14.0,2,0.8632
C001402,Carrier C,Property,Web,2026-06-27,2026-06,,Open,0.0,11.13,,96.0,0.0,20.0,0,
C001403,Carrier A,Liability,Mobile,2026-06-23,2026-06,2026-07-08,Closed,1.0,14.57,15.0,100.0,4297.86,14.0,0,
C001404,Carrier C,Liability,Mobile,2026-06-05,2026-06,2026-06-15,Closed,1.0,17.57,10.0,118.0,9500.79,14.0,0,
C001405,Carrier C,Liability,Web,2026-08-05,2026-08,2026-08-09,Closed,0.0,4.85,4.0,57.0,17910.55,14.0,0,
C001406,Carrier A,Property,Web,2026-07-05,2026-07,2026-07-15,Closed,0.0,8.48,10.0,88.0,1714.93,20.0,0,
C001407,Carrier A,Property,Mobile,2026-09-10,2026-09,2026-09-22,Closed,0.0,13.8,12.0,21.0,5967.45,20.0,0,
C001408,Carrier A,Auto,Agent,2026-09-28,2026-09,,Open,0.0,2.25,,3.0,0.0,14.0,1,0.8456
C001409,Carrier C,Property,Web,2026-09-19,2026-09,,Open,0.0,12.0,,12.0,0.0,20.0,0,
C001410,Carrier A,Property,Agent,2026-05-10,2026-05,2026-05-29,Closed,1.0,12.61,19.0,144.0,1555.43,20.0,0,
C001411,Carrier A,Property,Agent,2026-08-05,2026-08,2026-08-12,Closed,0.0,2.4,7.0,57.0,5894.46,20.0,0,
C001412,Carrier C,Auto,Web,2026-07-09,2026-07,2026-07-19,Closed,0.0,13.96,10.0,84.0,2108.32,14.0,0,
C001413,Carrier C,Liability,Web,2026-06-03,2026-06,2026-06-04,Closed,0.0,14.35,1.0,120.0,3729.78,14.0,2,0.7934
C001414,Carrier A,Auto,Mobile,2026-07-03,2026-07,2026-07-09,Closed,0.0,10.98,6.0,90.0,3328.39,14.0,1,0.2095
C001415,Carrier C,Auto,Mobile,2026-09-12,2026-09,2026-09-17,Closed,0.0,12.78,5.0,19.0,1763.91,14.0,0,
C001416,Carrier B,Auto,Agent,2026-08-04,2026-08,2026-08-12,Closed,0.0,3.1,8.0,58.0,1266.36,14.0,1,0.105
C001417,Carrier A,Liability,Agent,2026-07-19,2026-07,2026-08-07,Closed,0.0,16.54,19.0,74.0,1115.48,14.0,1,0.7165
C001418,Carrier A,Property,Mobile,2026-06-07,2026-06,2026-07-15,Closed,0.0,3.85,38.0,116.0,2676.02,20.0,0,
C001419,Carrier C,Auto,Agent,2026-07-11,2026-07,2026-07-16,Closed,0.0,11.55,5.0,82.0,3514.73,14.0,0,
C001420,Carrier A,Property,Agent,2026-07-09,2026-07,2026-07-23,Closed,0.0,2.63,14.0,84.0,937.85,20.0,1,0.5158
C001421,Carrier A,Auto,Agent,2026-09-07,2026-09,2026-09-28,Closed,0.0,4.98,21.0,24.0,1420.78,14.0,0,
C001422,Carrier B,Auto,Mobile,2026-04-08,2026-04,2026-04-26,Closed,1.0,12.97,18.0,176.0,4757.27,14.0,0,
C001423,Carrier C,Property,Mobile,2026-04-09,2026-04,2026-04-16,Closed,0.0,14.73,7.0,175.0,1166.16,20.0,1,0.3711
C001424,Carrier A,Auto,Mobile,2026-08-12,2026-08,2026-08-30,Closed,1.0,12.42,18.0,50.0,5640.23,14.0,0,
C001425,Carrier A,Liability,Agent,2026-08-01,2026-08,2026-08-08,Closed,0.0,3.4,7.0,61.0,5768.96,14.0,0,
C001426,Carrier B,Liability,Agent,2026-06-04,2026-06,2026-07-04,Closed,1.0,12.67,30.0,119.0,3797.63,14.0,0,
C001427,Carrier B,Liability,Web,2026-09-14,2026-09,2026-09-19,Closed,0.0,16.39,5.0,17.0,9567.51,14.0,0,
C001428,Carrier A,Property,Mobile,2026-06-13,2026-06,2026-06-21,Closed,0.0,10.77,8.0,110.0,600.9,20.0,0,
C001429,Carrier A,Auto,Mobile,2026-05-12,2026-05,2026-05-18,Closed,0.0,10.56,6.0,142.0,3108.41,14.0,0,
C001430,Carrier A,Liability,Web,2026-07-01,2026-07,2026-07-10,Closed,1.0,12.14,9.0,92.0,2103.2,14.0,0,
C001431,Carrier C,Auto,Agent,2026-05-30,2026-05,2026-06-14,Closed,0.0,14.37,15.0,124.0,3940.66,14.0,0,
C001432,Carrier C,Property,Mobile,2026-05-25,2026-05,2026-06-01,Closed,0.0,9.55,7.0,129.0,2253.73,20.0,0,
C001433,Carrier C,Auto,Agent,2026-07-02,2026-07,2026-07-19,Closed,1.0,25.49,17.0,91.0,10014.24,14.0,0,
C001434,Carrier A,Property,Web,2026-07-22,2026-07,2026-08-01,Closed,0.0,8.78,10.0,71.0,9053.18,20.0,0,
C001435,Carrier B,Auto,Agent,2026-08-30,2026-08,,Open,0.0,7.09,,32.0,0.0,14.0,0,
C001436,Carrier B,Auto,Web,2026-09-04,2026-09,2026-09-10,Closed,0.0,9.84,6.0,27.0,1016.43,14.0,1,0.7222
C001437,Carrier A,Liability,Mobile,2026-06-29,2026-06,2026-07-06,Closed,0.0,14.54,7.0,94.0,6742.67,14.0,1,0.734
C001438,Carrier A,Auto,Web,2026-09-21,2026-09,,Open,0.0,2.59,,10.0,0.0,14.0,0,
C001439,Carrier C,Auto,Agent,2026-06-14,2026-06,2026-06-22,Closed,0.0,4.25,8.0,109.0,6223.75,14.0,0,
C001440,Carrier B,Auto,Web,2026-08-24,2026-08,2026-08-29,Closed,0.0,10.77,5.0,38.0,7968.98,14.0,0,
C001441,Carrier B,Property,Agent,2026-06-25,2026-06,2026-07-03,Closed,0.0,15.82,8.0,98.0,4430.82,20.0,1,0.9557
C001442,Carrier A,Auto,Agent,2026-07-06,2026-07,2026-07-10,Closed,0.0,6.3,4.0,87.0,10344.92,14.0,1,0.9228
C001443,Carrier B,Liability,Web,2026-07-24,2026-07,2026-07-25,Closed,0.0,4.33,1.0,69.0,26107.27,14.0,1,0.291
C001444,Carrier C,Auto,Agent,2026-04-07,2026-04,2026-04-18,Closed,0.0,14.53,11.0,177.0,4517.44,14.0,0,
C001445,Carrier B,Auto,Mobile,2026-08-02,2026-08,2026-08-26,Closed,1.0,17.69,24.0,60.0,1611.61,14.0,1,0.5982
C001446,Carrier C,Liability,Agent,2026-08-26,2026-08,,Open,0.0,2.54,,36.0,0.0,14.0,1,0.6974
C001447,Carrier C,Property,Web,2026-08-28,2026-08,2026-09-07,Closed,0.0,16.54,10.0,34.0,994.02,20.0,0,
C001448,Carrier B,Property,Agent,2026-09-26,2026-09,,Open,1.0,19.6,,5.0,0.0,20.0,0,
C001449,Carrier B,Property,Agent,2026-07-03,2026-07,2026-07-11,Closed,0.0,1.39,8.0,90.0,9535.68,20.0,0,
C001450,Carrier A,Property,Web,2026-04-19,2026-04,2026-05-13,Closed,0.0,16.96,24.0,165.0,1779.37,20.0,0,
C001451,Carrier C,Auto,Agent,2026-05-04,2026-05,2026-05-08,Closed,0.0,2.66,4.0,150.0,2036.13,14.0,0,
C001452,Carrier B,Liability,Mobile,2026-05-26,2026-05,,Open,1.0,18.74,,128.0,0.0,14.0,0,
C001453,Carrier A,Property,Mobile,2026-08-26,2026-08,2026-09-08,Closed,0.0,4.72,13.0,36.0,2712.37,20.0,0,
C001454,Carrier A,Auto,Web,2026-08-12,2026-08,2026-08-22,Closed,1.0,23.32,10.0,50.0,1402.01,14.0,0,
C001455,Carrier A,Auto,Agent,2026-08-21,2026-08,2026-09-12,Closed,1.0,22.26,22.0,41.0,3912.48,14.0,0,
C001456,Carrier C,Auto,Web,2026-04-10,2026-04,2026-04-29,Closed,0.0,16.32,19.0,174.0,3002.93,14.0,1,0.2166
C001457,Carrier A,Property,Web,2026-05-29,2026-05,2026-06-13,Closed,0.0,6.05,15.0,125.0,4413.28,20.0,1,0.0323
C001458,Carrier B,Auto,Web,2026-09-11,2026-09,2026-09-21,Closed,0.0,2.48,10.0,20.0,9478.35,14.0,0,
C001459,Carrier B,Property,Mobile,2026-06-16,2026-06,2026-06-26,Closed,0.0,4.1,10.0,107.0,1825.04,20.0,0,
C001460,Carrier C,Auto,Web,2026-08-08,2026-08,2026-08-24,Closed,0.0,5.17,16.0,54.0,1854.74,14.0,3,0.4908
C001461,Carrier C,Property,Agent,2026-07-09,2026-07,2026-07-18,Closed,0.0,8.92,9.0,84.0,1988.46,20.0,1,0.9372
C001462,Carrier C,Auto,Mobile,2026-09-15,2026-09,,Open,1.0,26.65,,16.0,0.0,14.0,1,0.2785
C001463,Carrier B,Auto,Web,2026-06-25,2026-06,2026-06-28,Closed,0.0,9.42,3.0,98.0,2926.08,14.0,0,
C001464,Carrier C,Liability,Web,2026-05-16,2026-05,2026-05-17,Closed,0.0,15.4,1.0,138.0,4004.59,14.0,0,
C001465,Carrier C,Property,Web,2026-07-16,2026-07,2026-08-02,Closed,1.0,27.97,17.0,77.0,3167.12,20.0,0,
C001466,Carrier C,Liability,Web,2026-04-10,2026-04,2026-04-13,Closed,0.0,11.57,3.0,174.0,10608.92,14.0,0,
C001467,Carrier C,Property,Agent,2026-07-31,2026-07,2026-08-11,Closed,0.0,10.26,11.0,62.0,2421.28,20.0,0,
C001468,Carrier C,Liability,Agent,2026-09-16,2026-09,2026-09-19,Closed,0.0,10.1,3.0,15.0,6958.32,14.0,0,
C001469,Carrier B,Liability,Agent,2026-07-29,2026-07,2026-08-02,Closed,0.0,2.06,4.0,64.0,1779.7,14.0,0,
C001470,Carrier B,Property,Web,2026-04-10,2026-04,2026-04-19,Closed,0.0,16.22,9.0,174.0,2251.33,20.0,0,
C001471,Carrier B,Liability,Mobile,2026-04-11,2026-04,2026-04-20,Closed,1.0,15.33,9.0,173.0,5184.27,14.0,0,
C001472,Carrier A,Property,Web,2026-05-08,2026-05,2026-05-21,Closed,0.0,14.92,13.0,146.0,4563.69,20.0,0,
C001473,Carrier B,Liability,Mobile,2026-09-15,2026-09,2026-09-17,Closed,0.0,8.94,2.0,16.0,3257.79,14.0,0,
C001474,Carrier C,Property,Web,2026-09-10,2026-09,2026-09-20,Closed,0.0,11.17,10.0,21.0,2958.06,20.0,0,
C001475,Carrier C,Auto,Agent,2026-09-18,2026-09,2026-09-30,Closed,1.0,26.63,12.0,13.0,3458.69,14.0,1,0.7763
C001476,Carrier C,Property,Web,2026-09-30,2026-09,,Open,1.0,14.77,,1.0,0.0,20.0,1,0.1469
C001477,Carrier B,Liability,Mobile,2026-07-18,2026-07,2026-08-10,Closed,1.0,27.56,23.0,75.0,1293.86,14.0,0,
C001478,Carrier C,Property,Agent,2026-08-26,2026-08,2026-09-05,Closed,0.0,16.54,10.0,36.0,2125.68,20.0,1,0.7842
C001479,Carrier C,Liability,Mobile,2026-06-17,2026-06,2026-06-20,Closed,0.0,6.73,3.0,106.0,6121.03,14.0,0,
C001480,Carrier A,Property,Mobile,2026-06-23,2026-06,2026-07-07,Closed,0.0,12.89,14.0,100.0,6292.6,20.0,0,
C001481,Carrier A,Auto,Agent,2026-08-14,2026-08,2026-08-19,Closed,0.0,2.41,5.0,48.0,4497.12,14.0,0,
C001482,Carrier A,Liability,Mobile,2026-08-20,2026-08,2026-09-01,Closed,0.0,7.97,12.0,42.0,15440.53,14.0,2,0.2333
C001483,Carrier C,Property,Web,2026-08-14,2026-08,2026-09-05,Closed,1.0,24.33,22.0,48.0,506.77,20.0,1,0.4206
C001484,Carrier C,Auto,Web,2026-04-19,2026-04,2026-04-24,Closed,0.0,1.68,5.0,165.0,1998.77,14.0,0,
C001485,Carrier B,Liability,Mobile,2026-04-28,2026-04,2026-05-09,Closed,0.0,14.17,11.0,156.0,4092.41,14.0,1,0.992
C001486,Carrier A,Liability,Agent,2026-04-01,2026-04,2026-04-06,Closed,0.0,11.1,5.0,183.0,6877.15,14.0,0,
C001487,Carrier A,Liability,Web,2026-08-24,2026-08,2026-09-10,Closed,0.0,2.19,17.0,38.0,866.41,14.0,0,
C001488,Carrier C,Liability,Agent,2026-05-28,2026-05,2026-06-12,Closed,0.0,8.93,15.0,126.0,2214.58,14.0,1,0.3146
C001489,Carrier A,Property,Agent,2026-05-29,2026-05,2026-06-21,Closed,0.0,9.03,23.0,125.0,2398.14,20.0,0,
C001490,Carrier B,Property,Agent,2026-05-19,2026-05,2026-06-10,Closed,1.0,15.9,22.0,135.0,2498.06,20.0,0,
C001491,Carrier C,Property,Agent,2026-05-19,2026-05,2026-06-03,Closed,1.0,21.96,15.0,135.0,3335.24,20.0,0,
C001492,Carrier B,Liability,Web,2026-08-14,2026-08,2026-08-26,Closed,0.0,1.46,12.0,48.0,1274.79,14.0,0,
C001493,Carrier B,Liability,Agent,2026-06-27,2026-06,2026-07-14,Closed,0.0,6.73,17.0,96.0,2210.14,14.0,0,
C001494,Carrier A,Property,Web,2026-04-29,2026-04,2026-05-19,Closed,0.0,13.84,20.0,155.0,2695.18,20.0,0,
C001495,Carrier B,Property,Web,2026-05-24,2026-05,2026-06-02,Closed,0.0,9.55,9.0,130.0,3896.94,20.0,0,
C001496,Carrier A,Liability,Agent,2026-09-13,2026-09,2026-09-29,Closed,1.0,11.13,16.0,18.0,3332.54,14.0,1,0.5727
C001497,Carrier B,Auto,Agent,2026-07-13,2026-07,2026-07-20,Closed,0.0,16.06,7.0,80.0,2366.46,14.0,0,
C001498,Carrier B,Liability,Agent,2026-06-09,2026-06,2026-06-28,Closed,1.0,13.89,19.0,114.0,3320.31,14.0,0,
C001499,Carrier C,Property,Mobile,2026-08-20,2026-08,2026-09-08,Closed,1.0,13.99,19.0,42.0,10275.27,20.0,1,0.6591
C001500,Carrier A,Auto,Agent,2026-06-20,2026-06,2026-07-09,Closed,1.0,16.69,19.0,103.0,2917.88,14.0,0,
C001501,Carrier C,Auto,Agent,2026-05-17,2026-05,2026-05-24,Closed,0.0,3.6,7.0,137.0,2119.63,14.0,1,0.1923
C001502,Carrier B,Liability,Mobile,2026-07-04,2026-07,,Open,1.0,25.64,,89.0,0.0,14.0,0,
C001503,Carrier A,Auto,Web,2026-07-11,2026-07,2026-07-25,Closed,0.0,11.49,14.0,82.0,2694.99,14.0,0,
C001504,Carrier A,Liability,Mobile,2026-05-21,2026-05,2026-05-29,Closed,0.0,6.14,8.0,133.0,4185.13,14.0,1,0.9842
C001505,Carrier C,Property,Agent,2026-04-12,2026-04,2026-04-21,Closed,0.0,7.01,9.0,172.0,1541.34,20.0,0,
C001506,Carrier C,Property,Mobile,2026-04-14,2026-04,2026-04-26,Closed,0.0,10.21,12.0,170.0,3639.26,20.0,0,
C001507,Carrier A,Property,Agent,2026-09-10,2026-09,2026-09-18,Closed,0.0,3.78,8.0,21.0,1920.71,20.0,0,
C001508,Carrier B,Property,Mobile,2026-08-09,2026-08,2026-08-23,Closed,0.0,12.37,14.0,53.0,2434.86,20.0,0,
C001509,Carrier C,Liability,Web,2026-06-18,2026-06,2026-06-21,Closed,0.0,7.97,3.0,105.0,4503.92,14.0,1,0.2975
C001510,Carrier A,Auto,Agent,2026-07-15,2026-07,2026-07-22,Closed,0.0,14.91,7.0,78.0,2132.79,14.0,0,
C001511,Carrier C,Property,Agent,2026-07-16,2026-07,2026-08-03,Closed,0.0,17.92,18.0,77.0,5499.44,20.0,0,
C001512,Carrier C,Auto,Agent,2026-08-26,2026-08,2026-08-29,Closed,0.0,10.5,3.0,36.0,1294.69,14.0,1,0.716
C001513,Carrier A,Property,Web,2026-05-31,2026-05,2026-06-12,Closed,0.0,12.17,12.0,123.0,2913.17,20.0,1,0.6377
C001514,Carrier B,Property,Web,2026-09-20,2026-09,2026-09-27,Closed,0.0,9.15,7.0,11.0,6442.19,20.0,2,0.4422
C001515,Carrier B,Liability,Agent,2026-08-28,2026-08,2026-09-11,Closed,0.0,6.08,14.0,34.0,3958.17,14.0,0,
C001516,Carrier A,Property,Agent,2026-09-17,2026-09,,Open,1.0,26.25,,14.0,0.0,20.0,0,
C001517,Carrier A,Liability,Web,2026-06-30,2026-06,2026-07-01,Closed,0.0,14.32,1.0,93.0,5335.48,14.0,1,0.7375
C001518,Carrier A,Auto,Web,2026-04-20,2026-04,2026-04-27,Closed,0.0,7.76,7.0,164.0,2349.45,14.0,1,0.167
C001519,Carrier A,Property,Agent,2026-08-31,2026-08,2026-09-22,Closed,0.0,5.64,22.0,31.0,546.2,20.0,0,
C001520,Carrier C,Liability,Mobile,2026-08-04,2026-08,2026-08-15,Closed,0.0,4.73,11.0,58.0,7825.15,14.0,0,
C001521,Carrier B,Property,Agent,2026-08-05,2026-08,2026-08-14,Closed,0.0,5.44,9.0,57.0,2942.0,20.0,0,
C001522,Carrier A,Property,Web,2026-09-30,2026-09,,Open,0.0,8.81,,1.0,0.0,20.0,0,
C001523,Carrier A,Liability,Mobile,2026-06-08,2026-06,2026-06-20,Closed,0.0,9.05,12.0,115.0,2664.17,14.0,2,0.7485
C001524,Carrier C,Property,Mobile,2026-08-31,2026-08,2026-09-10,Closed,0.0,11.31,10.0,31.0,3153.81,20.0,1,0.2589
C001525,Carrier B,Property,Mobile,2026-09-16,2026-09,2026-09-29,Closed,0.0,8.95,13.0,15.0,6223.93,20.0,0,
C001526,Carrier B,Liability,Web,2026-05-22,2026-05,2026-05-28,Closed,0.0,16.34,6.0,132.0,2711.47,14.0,0,
C001527,Carrier B,Liability,Web,2026-08-23,2026-08,2026-08-30,Closed,0.0,3.49,7.0,39.0,2517.33,14.0,0,
C001528,Carrier B,Auto,Web,2026-07-15,2026-07,2026-08-04,Closed,1.0,13.96,20.0,78.0,3322.74,14.0,0,
C001529,Carrier B,Auto,Mobile,2026-08-12,2026-08,2026-08-21,Closed,0.0,2.38,9.0,50.0,9380.59,14.0,1,0.1284
C001530,Carrier B,Auto,Agent,2026-06-16,2026-06,2026-06-17,Closed,0.0,17.41,1.0,107.0,6991.07,14.0,0,
C001531,Carrier A,Property,Mobile,2026-06-24,2026-06,2026-07-04,Closed,0.0,4.4,10.0,99.0,5383.91,20.0,1,0.4775
C001532,Carrier B,Auto,Agent,2026-07-21,2026-07,2026-07-29,Closed,0.0,14.44,8.0,72.0,459.13,14.0,0,
C001533,Carrier B,Liability,Agent,2026-05-25,2026-05,2026-06-03,Closed,0.0,10.8,9.0,129.0,2775.02,14.0,0,
C001534,Carrier B,Liability,Agent,2026-09-29,2026-09,,Open,1.0,23.4,,2.0,0.0,14.0,0,
C001535,Carrier C,Property,Agent,2026-05-13,2026-05,2026-05-30,Closed,0.0,6.02,17.0,141.0,5481.46,20.0,0,
C001536,Carrier A,Auto,Mobile,2026-09-23,2026-09,2026-09-26,Closed,0.0,16.71,3.0,8.0,8846.44,14.0,0,
C001537,Carrier C,Liability,Web,2026-04-15,2026-04,2026-04-29,Closed,1.0,21.85,14.0,169.0,1682.95,14.0,1,0.3982
C001538,Carrier B,Liability,Agent,2026-05-29,2026-05,2026-06-10,Closed,0.0,10.04,12.0,125.0,2534.83,14.0,0,
C001539,Carrier B,Property,Web,2026-04-20,2026-04,2026-05-01,Closed,0.0,11.74,11.0,164.0,17033.02,20.0,0,
C001540,Carrier B,Liability,Web,2026-07-15,2026-07,2026-07-26,Closed,1.0,13.07,11.0,78.0,1585.12,14.0,0,
C001541,Carrier B,Property,Web,2026-04-26,2026-04,2026-05-10,Closed,0.0,13.46,14.0,158.0,4046.11,20.0,1,0.8754
C001542,Carrier A,Liability,Mobile,2026-04-13,2026-04,2026-04-16,Closed,0.0,10.65,3.0,171.0,3386.67,14.0,0,
C001543,Carrier B,Property,Web,2026-05-07,2026-05,2026-05-16,Closed,0.0,15.46,9.0,147.0,2697.09,20.0,0,
C001544,Carrier B,Liability,Web,2026-07-10,2026-07,2026-07-17,Closed,0.0,17.89,7.0,83.0,15386.15,14.0,0,
C001545,Carrier A,Property,Mobile,2026-09-20,2026-09,,Open,1.0,21.02,,11.0,0.0,20.0,0,
C001546,Carrier B,Liability,Agent,2026-09-03,2026-09,2026-09-06,Closed,0.0,4.0,3.0,28.0,4485.86,14.0,1,0.2125
C001547,Carrier A,Liability,Agent,2026-05-19,2026-05,2026-06-10,Closed,1.0,17.1,22.0,135.0,907.99,14.0,0,
C001548,Carrier A,Property,Mobile,2026-08-03,2026-08,2026-08-10,Closed,0.0,13.67,7.0,59.0,6458.71,20.0,0,
C001549,Carrier C,Property,Agent,2026-09-14,2026-09,,Open,0.0,7.6,,17.0,0.0,20.0,0,
C001550,Carrier B,Liability,Mobile,2026-09-05,2026-09,2026-09-16,Closed,0.0,17.8,11.0,26.0,3930.31,14.0,0,
C001551,Carrier B,Auto,Web,2026-05-01,2026-05,2026-05-14,Closed,1.0,22.32,13.0,153.0,2162.9,14.0,1,0.5647
C001552,Carrier A,Property,Agent,2026-08-26,2026-08,2026-09-09,Closed,0.0,16.14,14.0,36.0,7062.17,20.0,0,
C001553,Carrier B,Auto,Web,2026-04-28,2026-04,2026-05-01,Closed,0.0,11.05,3.0,156.0,9621.74,14.0,0,
C001554,Carrier C,Property,Agent,2026-05-16,2026-05,2026-06-02,Closed,0.0,6.09,17.0,138.0,10191.79,20.0,0,
C001555,Carrier C,Auto,Web,2026-05-12,2026-05,2026-05-18,Closed,0.0,15.67,6.0,142.0,6625.14,14.0,1,0.903
C001556,Carrier B,Liability,Mobile,2026-08-08,2026-08,2026-08-17,Closed,0.0,13.33,9.0,54.0,3223.96,14.0,0,
C001557,Carrier C,Auto,Web,2026-07-13,2026-07,,Open,0.0,9.41,,80.0,0.0,14.0,0,
C001558,Carrier C,Property,Web,2026-08-15,2026-08,2026-08-28,Closed,0.0,2.87,13.0,47.0,6342.62,20.0,0,
C001559,Carrier B,Property,Web,2026-05-07,2026-05,2026-05-12,Closed,0.0,13.25,5.0,147.0,1241.58,20.0,0,
C001560,Carrier A,Auto,Web,2026-05-16,2026-05,2026-06-03,Closed,1.0,20.17,18.0,138.0,366.76,14.0,0,
C001561,Carrier C,Liability,Agent,2026-06-01,2026-06,2026-06-08,Closed,0.0,5.02,7.0,122.0,7335.39,14.0,1,0.5208
C001562,Carrier A,Liability,Web,2026-04-26,2026-04,2026-04-28,Closed,0.0,5.44,2.0,158.0,1646.83,14.0,0,
C001563,Carrier B,Liability,Agent,2026-07-06,2026-07,2026-07-17,Closed,1.0,25.19,11.0,87.0,1340.02,14.0,0,
C001564,Carrier C,Auto,Agent,2026-05-20,2026-05,2026-06-18,Closed,1.0,24.35,29.0,134.0,2739.0,14.0,0,
C001565,Carrier C,Auto,Mobile,2026-04-14,2026-04,2026-04-18,Closed,0.0,8.27,4.0,170.0,3463.64,14.0,0,
C001566,Carrier A,Property,Agent,2026-05-27,2026-05,2026-06-04,Closed,0.0,1.56,8.0,127.0,1576.55,20.0,0,
C001567,Carrier B,Auto,Mobile,2026-05-02,2026-05,2026-05-14,Closed,1.0,25.4,12.0,152.0,1177.65,14.0,1,0.4432
C001568,Carrier C,Liability,Web,2026-05-12,2026-05,2026-05-15,Closed,0.0,3.18,3.0,142.0,5543.37,14.0,0,
C001569,Carrier A,Property,Web,2026-05-13,2026-05,2026-05-22,Closed,0.0,5.87,9.0,141.0,1755.72,20.0,0,
C001570,Carrier C,Auto,Mobile,2026-07-23,2026-07,2026-07-28,Closed,0.0,3.68,5.0,70.0,1439.62,14.0,3,0.9547
C001571,Carrier C,Auto,Agent,2026-06-12,2026-06,2026-06-13,Closed,0.0,6.53,1.0,111.0,6516.31,14.0,0,
C001572,Carrier B,Property,Mobile,2026-06-12,2026-06,2026-07-01,Closed,1.0,13.96,19.0,111.0,2965.49,20.0,0,
C001573,Carrier C,Liability,Agent,2026-05-08,2026-05,2026-05-20,Closed,1.0,22.89,12.0,146.0,2427.78,14.0,1,0.8457
C001574,Carrier C,Auto,Agent,2026-06-06,2026-06,2026-06-24,Closed,1.0,23.78,18.0,117.0,3193.37,14.0,1,0.032
C001575,Carrier B,Auto,Web,2026-06-20,2026-06,2026-06-26,Closed,0.0,2.44,6.0,103.0,6654.97,14.0,0,
C001576,Carrier C,Property,Web,2026-09-12,2026-09,2026-09-20,Closed,0.0,13.92,8.0,19.0,3425.87,20.0,0,
C001577,Carrier C,Property,Web,2026-08-13,2026-08,2026-09-03,Closed,0.0,4.15,21.0,49.0,1625.42,20.0,1,0.8545
C001578,Carrier C,Property,Agent,2026-06-11,2026-06,2026-07-15,Closed,0.0,8.06,34.0,112.0,3207.64,20.0,0,
C001579,Carrier A,Auto,Mobile,2026-06-16,2026-06,2026-07-07,Closed,1.0,14.65,21.0,107.0,4805.0,14.0,0,
C001580,Carrier A,Property,Agent,2026-05-21,2026-05,2026-05-30,Closed,0.0,11.43,9.0,133.0,3541.03,20.0,2,0.8671
C001581,Carrier B,Liability,Agent,2026-08-20,2026-08,2026-08-28,Closed,0.0,16.25,8.0,42.0,3190.28,14.0,0,
C001582,Carrier C,Auto,Web,2026-04-09,2026-04,2026-04-15,Closed,0.0,15.1,6.0,175.0,2848.92,14.0,1,0.2683
C001583,Carrier C,Liability,Web,2026-08-23,2026-08,2026-09-09,Closed,0.0,9.25,17.0,39.0,6237.69,14.0,0,
C001584,Carrier A,Property,Agent,2026-05-31,2026-05,,Open,0.0,9.19,,123.0,0.0,20.0,0,
C001585,Carrier A,Auto,Agent,2026-04-08,2026-04,,Open,0.0,13.71,,176.0,0.0,14.0,0,
C001586,Carrier A,Liability,Web,2026-07-26,2026-07,2026-08-07,Closed,1.0,14.81,12.0,67.0,4800.45,14.0,1,0.5123
C001587,Carrier B,Auto,Agent,2026-05-17,2026-05,2026-06-04,Closed,1.0,25.48,18.0,137.0,3395.84,14.0,0,
C001588,Carrier C,Auto,Web,2026-07-24,2026-07,2026-07-29,Closed,0.0,13.9,5.0,69.0,1879.6,14.0,1,0.6625
C001589,Carrier C,Auto,Mobile,2026-06-06,2026-06,2026-06-24,Closed,1.0,17.37,18.0,117.0,12786.97,14.0,0,
C001590,Carrier B,Property,Mobile,2026-04-20,2026-04,2026-05-11,Closed,1.0,13.26,21.0,164.0,20233.44,20.0,1,0.5
C001591,Carrier B,Liability,Agent,2026-08-24,2026-08,2026-09-09,Closed,0.0,13.12,16.0,38.0,632.89,14.0,1,0.6324
C001592,Carrier B,Auto,Web,2026-04-19,2026-04,2026-04-28,Closed,0.0,9.25,9.0,165.0,778.64,14.0,0,
C001593,Carrier A,Property,Agent,2026-05-26,2026-05,2026-06-15,Closed,0.0,12.52,20.0,128.0,19789.42,20.0,1,0.6329
C001594,Carrier B,Property,Agent,2026-08-07,2026-08,2026-08-16,Closed,0.0,14.22,9.0,55.0,1725.95,20.0,0,
C001595,Carrier A,Property,Mobile,2026-09-10,2026-09,2026-09-22,Closed,0.0,14.78,12.0,21.0,1667.69,20.0,0,
C001596,Carrier A,Auto,Agent,2026-06-04,2026-06,2026-06-08,Closed,0.0,15.4,4.0,119.0,2532.0,14.0,0,
C001597,Carrier C,Property,Mobile,2026-06-27,2026-06,2026-07-12,Closed,0.0,15.24,15.0,96.0,8690.5,20.0,0,
C001598,Carrier C,Liability,Mobile,2026-09-12,2026-09,,Open,1.0,11.28,,19.0,0.0,14.0,1,0.9796
C001599,Carrier C,Property,Web,2026-07-06,2026-07,2026-07-15,Closed,0.0,10.73,9.0,87.0,831.17,20.0,2,0.6248
C001600,Carrier A,Property,Mobile,2026-06-12,2026-06,2026-06-30,Closed,0.0,11.12,18.0,111.0,628.34,20.0,1,0.3629
C001601,Carrier A,Property,Mobile,2026-04-21,2026-04,2026-04-27,Closed,0.0,5.95,6.0,163.0,4000.74,20.0,0,
C001602,Carrier B,Auto,Agent,2026-06-06,2026-06,2026-06-18,Closed,0.0,14.13,12.0,117.0,1912.04,14.0,0,
C001603,Carrier B,Property,Web,2026-08-11,2026-08,2026-08-24,Closed,0.0,8.1,13.0,51.0,1169.3,20.0,0,
C001604,Carrier A,Liability,Web,2026-08-18,2026-08,2026-08-29,Closed,1.0,12.85,11.0,44.0,5313.36,14.0,0,
C001605,Carrier C,Auto,Agent,2026-06-07,2026-06,2026-06-30,Closed,1.0,13.43,23.0,116.0,2254.84,14.0,0,
C001606,Carrier A,Property,Mobile,2026-06-24,2026-06,2026-07-07,Closed,0.0,16.61,13.0,99.0,4488.85,20.0,0,
C001607,Carrier A,Property,Agent,2026-07-14,2026-07,2026-07-19,Closed,0.0,17.43,5.0,79.0,3722.1,20.0,0,
C001608,Carrier C,Liability,Mobile,2026-06-09,2026-06,2026-06-14,Closed,0.0,1.28,5.0,114.0,3668.53,14.0,0,
C001609,Carrier A,Liability,Mobile,2026-04-01,2026-04,2026-04-04,Closed,0.0,16.19,3.0,183.0,3259.09,14.0,1,0.249
C001610,Carrier B,Liability,Web,2026-05-08,2026-05,2026-05-20,Closed,1.0,20.72,12.0,146.0,3906.35,14.0,0,
C001611,Carrier B,Liability,Web,2026-08-22,2026-08,2026-09-07,Closed,0.0,13.54,16.0,40.0,1766.55,14.0,0,
C001612,Carrier A,Liability,Mobile,2026-04-05,2026-04,2026-04-16,Closed,1.0,14.84,11.0,179.0,8259.17,14.0,0,
C001613,Carrier C,Liability,Mobile,2026-04-28,2026-04,,Open,1.0,24.64,,156.0,0.0,14.0,0,
C001614,Carrier B,Liability,Web,2026-09-05,2026-09,,Open,0.0,5.48,,26.0,0.0,14.0,0,
C001615,Carrier A,Property,Web,2026-09-24,2026-09,,Open,1.0,12.5,,7.0,0.0,20.0,0,
C001616,Carrier A,Auto,Agent,2026-07-29,2026-07,2026-08-09,Closed,1.0,13.88,11.0,64.0,5777.44,14.0,2,0.927
C001617,Carrier C,Liability,Web,2026-06-02,2026-06,2026-06-14,Closed,1.0,19.14,12.0,121.0,3314.02,14.0,0,
C001618,Carrier C,Liability,Agent,2026-06-27,2026-06,2026-07-07,Closed,0.0,11.42,10.0,96.0,2309.54,14.0,0,
C001619,Carrier A,Liability,Agent,2026-06-01,2026-06,,Open,0.0,16.94,,122.0,0.0,14.0,0,
C001620,Carrier C,Liability,Mobile,2026-07-30,2026-07,2026-08-14,Closed,0.0,5.77,15.0,63.0,3148.65,14.0,0,
C001621,Carrier A,Liability,Agent,2026-07-16,2026-07,2026-07-25,Closed,0.0,6.45,9.0,77.0,7186.41,14.0,0,
C001622,Carrier B,Liability,Web,2026-09-04,2026-09,2026-09-22,Closed,0.0,3.83,18.0,27.0,5086.0,14.0,0,
C001623,Carrier B,Auto,Agent,2026-04-07,2026-04,2026-04-14,Closed,0.0,16.65,7.0,177.0,2750.57,14.0,1,0.5941
C001624,Carrier B,Liability,Web,2026-04-06,2026-04,2026-04-13,Closed,0.0,15.22,7.0,178.0,21080.3,14.0,0,
C001625,Carrier A,Property,Mobile,2026-09-27,2026-09,,Open,1.0,16.96,,4.0,0.0,20.0,0,
C001626,Carrier B,Liability,Agent,2026-08-26,2026-08,2026-09-01,Closed,0.0,14.08,6.0,36.0,1281.0,14.0,0,
C001627,Carrier B,Auto,Web,2026-08-02,2026-08,2026-08-22,Closed,0.0,3.81,20.0,60.0,2054.73,14.0,1,0.4213
C001628,Carrier C,Liability,Agent,2026-07-18,2026-07,2026-07-27,Closed,0.0,10.22,9.0,75.0,1785.8,14.0,1,0.156
C001629,Carrier B,Property,Web,2026-07-07,2026-07,,Open,0.0,7.88,,86.0,0.0,20.0,0,
C001630,Carrier C,Auto,Agent,2026-04-11,2026-04,2026-04-20,Closed,0.0,2.27,9.0,173.0,915.4,14.0,0,
C001631,Carrier A,Liability,Web,2026-04-09,2026-04,2026-04-12,Closed,0.0,11.82,3.0,175.0,2913.1,14.0,1,0.4036
C001632,Carrier C,Property,Web,2026-08-07,2026-08,2026-08-22,Closed,0.0,6.21,15.0,55.0,6827.54,20.0,0,
C001633,Carrier C,Liability,Web,2026-05-24,2026-05,,Open,0.0,14.87,,130.0,0.0,14.0,0,
C001634,Carrier A,Property,Web,2026-09-07,2026-09,,Open,1.0,16.4,,24.0,0.0,20.0,2,0.6498
C001635,Carrier B,Auto,Agent,2026-06-19,2026-06,2026-06-26,Closed,0.0,4.68,7.0,104.0,1656.19,14.0,1,0.3628
C001636,Carrier B,Liability,Web,2026-09-03,2026-09,2026-09-12,Closed,0.0,1.48,9.0,28.0,3564.53,14.0,1,0.4835
C001637,Carrier A,Property,Mobile,2026-04-24,2026-04,2026-05-14,Closed,0.0,6.57,20.0,160.0,13223.1,20.0,0,
C001638,Carrier B,Auto,Web,2026-04-09,2026-04,2026-04-20,Closed,1.0,19.69,11.0,175.0,17947.75,14.0,0,
C001639,Carrier B,Liability,Web,2026-04-29,2026-04,2026-05-09,Closed,0.0,15.93,10.0,155.0,1226.96,14.0,2,0.6122
C001640,Carrier C,Auto,Web,2026-04-14,2026-04,2026-04-17,Closed,0.0,6.74,3.0,170.0,2957.9,14.0,1,0.1046
C001641,Carrier A,Liability,Mobile,2026-05-22,2026-05,2026-06-14,Closed,1.0,25.08,23.0,132.0,2626.7,14.0,0,
C001642,Carrier A,Property,Web,2026-08-14,2026-08,2026-09-11,Closed,0.0,6.53,28.0,48.0,10889.98,20.0,0,
C001643,Carrier A,Auto,Mobile,2026-08-20,2026-08,2026-08-24,Closed,0.0,15.54,4.0,42.0,7883.21,14.0,0,
C001644,Carrier C,Auto,Agent,2026-09-27,2026-09,2026-09-30,Closed,0.0,16.21,3.0,4.0,2268.79,14.0,0,
C001645,Carrier B,Auto,Mobile,2026-05-21,2026-05,2026-06-02,Closed,0.0,7.26,12.0,133.0,5680.46,14.0,0,
C001646,Carrier C,Liability,Agent,2026-09-25,2026-09,,Open,0.0,6.38,,6.0,0.0,14.0,0,
C001647,Carrier B,Auto,Agent,2026-09-08,2026-09,2026-09-22,Closed,1.0,26.41,14.0,23.0,11825.72,14.0,0,
C001648,Carrier A,Liability,Web,2026-07-09,2026-07,2026-07-10,Closed,0.0,17.24,1.0,84.0,2360.29,14.0,0,
C001649,Carrier B,Property,Agent,2026-04-10,2026-04,2026-04-28,Closed,0.0,2.95,18.0,174.0,17331.08,20.0,0,
C001650,Carrier B,Auto,Agent,2026-07-30,2026-07,2026-08-04,Closed,0.0,5.65,5.0,63.0,7795.3,14.0,1,0.4236
C001651,Carrier B,Liability,Web,2026-08-29,2026-08,2026-09-09,Closed,0.0,13.97,11.0,33.0,2214.26,14.0,2,0.4848
C001652,Carrier A,Property,Web,2026-04-01,2026-04,2026-04-25,Closed,0.0,7.03,24.0,183.0,3944.29,20.0,0,
C001653,Carrier B,Property,Mobile,2026-05-22,2026-05,2026-05-29,Closed,0.0,3.93,7.0,132.0,782.07,20.0,0,
C001654,Carrier B,Liability,Mobile,2026-04-14,2026-04,2026-04-26,Closed,0.0,1.68,12.0,170.0,5603.78,14.0,0,
C001655,Carrier B,Property,Agent,2026-05-09,2026-05,2026-05-21,Closed,0.0,7.27,12.0,145.0,5005.22,20.0,0,
C001656,Carrier B,Property,Mobile,2026-09-17,2026-09,,Open,0.0,13.92,,14.0,0.0,20.0,0,
C001657,Carrier B,Property,Mobile,2026-08-18,2026-08,2026-09-06,Closed,0.0,13.75,19.0,44.0,7335.2,20.0,0,
C001658,Carrier B,Property,Mobile,2026-07-17,2026-07,2026-07-27,Closed,0.0,13.62,10.0,76.0,2958.55,20.0,0,
C001659,Carrier A,Liability,Web,2026-08-22,2026-08,2026-08-23,Closed,0.0,13.28,1.0,40.0,6339.15,14.0,0,
C001660,Carrier A,Liability,Mobile,2026-07-03,2026-07,2026-07-19,Closed,0.0,5.23,16.0,90.0,2346.04,14.0,1,0.9456
C001661,Carrier B,Property,Agent,2026-08-31,2026-08,2026-09-15,Closed,0.0,14.63,15.0,31.0,11869.05,20.0,0,
C001662,Carrier A,Property,Web,2026-08-15,2026-08,2026-08-24,Closed,0.0,8.96,9.0,47.0,898.66,20.0,0,
C001663,Carrier B,Auto,Mobile,2026-08-15,2026-08,,Open,1.0,14.33,,47.0,0.0,14.0,0,
C001664,Carrier C,Property,Web,2026-05-17,2026-05,2026-05-31,Closed,0.0,15.05,14.0,137.0,3783.08,20.0,1,0.7264
C001665,Carrier C,Liability,Agent,2026-06-18,2026-06,2026-07-12,Closed,0.0,15.22,24.0,105.0,2553.38,14.0,0,
C001666,Carrier B,Property,Agent,2026-08-04,2026-08,2026-08-19,Closed,0.0,5.52,15.0,58.0,4018.94,20.0,0,
C001667,Carrier A,Auto,Mobile,2026-06-16,2026-06,2026-07-08,Closed,0.0,9.41,22.0,107.0,4594.7,14.0,0,
C001668,Carrier A,Auto,Mobile,2026-05-02,2026-05,,Open,0.0,15.47,,152.0,0.0,14.0,0,
C001669,Carrier A,Liability,Agent,2026-09-16,2026-09,2026-10-01,Closed,1.0,21.99,15.0,15.0,2616.7,14.0,1,0.5526
C001670,Carrier B,Auto,Web,2026-07-20,2026-07,2026-08-09,Closed,0.0,13.4,20.0,73.0,9150.57,14.0,0,
C001671,Carrier B,Property,Mobile,2026-05-03,2026-05,2026-05-18,Closed,1.0,22.75,15.0,151.0,6353.73,20.0,1,0.3053
C001672,Carrier A,Auto,Web,2026-07-17,2026-07,2026-07-21,Closed,0.0,15.56,4.0,76.0,11699.46,14.0,0,
C001673,Carrier C,Auto,Agent,2026-07-04,2026-07,,Open,0.0,14.79,,89.0,0.0,14.0,0,
C001674,Carrier B,Auto,Web,2026-09-17,2026-09,2026-10-01,Closed,0.0,16.88,14.0,14.0,2204.95,14.0,0,
C001675,Carrier C,Auto,Web,2026-09-06,2026-09,2026-09-21,Closed,1.0,19.73,15.0,25.0,830.56,14.0,1,0.9151
C001676,Carrier C,Auto,Web,2026-06-17,2026-06,2026-06-30,Closed,0.0,13.94,13.0,106.0,3054.55,14.0,0,
C001677,Carrier C,Auto,Agent,2026-08-19,2026-08,2026-09-06,Closed,1.0,16.62,18.0,43.0,5974.18,14.0,1,0.7446
C001678,Carrier B,Liability,Mobile,2026-08-31,2026-08,2026-09-14,Closed,1.0,26.93,14.0,31.0,2210.63,14.0,1,0.6974
C001679,Carrier C,Liability,Web,2026-09-16,2026-09,2026-09-18,Closed,0.0,7.39,2.0,15.0,3780.17,14.0,0,
C001680,Carrier B,Property,Agent,2026-05-24,2026-05,2026-06-24,Closed,0.0,15.93,31.0,130.0,7208.07,20.0,1,0.5088
C001681,Carrier A,Auto,Mobile,2026-09-28,2026-09,,Open,1.0,27.65,,3.0,0.0,14.0,1,0.0788
C001682,Carrier C,Auto,Web,2026-08-15,2026-08,2026-08-19,Closed,0.0,4.48,4.0,47.0,5813.26,14.0,1,0.5499
C001683,Carrier C,Liability,Web,2026-09-15,2026-09,2026-09-23,Closed,0.0,4.24,8.0,16.0,3940.04,14.0,0,
C001684,Carrier B,Liability,Web,2026-06-19,2026-06,2026-06-30,Closed,0.0,4.34,11.0,104.0,2793.63,14.0,0,
C001685,Carrier C,Auto,Mobile,2026-04-21,2026-04,2026-05-04,Closed,0.0,6.94,13.0,163.0,3855.86,14.0,1,0.7113
C001686,Carrier C,Property,Mobile,2026-07-12,2026-07,2026-07-31,Closed,1.0,14.68,19.0,81.0,2634.02,20.0,0,
C001687,Carrier C,Auto,Agent,2026-07-22,2026-07,2026-07-24,Closed,0.0,14.85,2.0,71.0,2534.22,14.0,1,0.523
C001688,Carrier C,Auto,Web,2026-06-28,2026-06,2026-07-30,Closed,0.0,6.47,32.0,95.0,2325.87,14.0,0,
C001689,Carrier A,Liability,Agent,2026-04-04,2026-04,2026-04-09,Closed,0.0,4.41,5.0,180.0,1319.38,14.0,1,0.0947
C001690,Carrier A,Liability,Agent,2026-07-02,2026-07,2026-07-09,Closed,0.0,14.9,7.0,91.0,4876.13,14.0,0,
C001691,Carrier A,Auto,Web,2026-08-17,2026-08,,Open,0.0,15.05,,45.0,0.0,14.0,1,0.7056
C001692,Carrier B,Property,Web,2026-08-31,2026-08,2026-09-19,Closed,0.0,14.87,19.0,31.0,4206.47,20.0,0,
C001693,Carrier A,Auto,Web,2026-04-29,2026-04,2026-04-30,Closed,0.0,6.84,1.0,155.0,1301.56,14.0,0,
C001694,Carrier C,Property,Mobile,2026-09-26,2026-09,,Open,0.0,15.71,,5.0,0.0,20.0,0,
C001695,Carrier A,Auto,Web,2026-08-05,2026-08,2026-08-20,Closed,1.0,25.24,15.0,57.0,7523.21,14.0,0,
C001696,Carrier C,Property,Mobile,2026-04-03,2026-04,2026-04-29,Closed,0.0,5.25,26.0,181.0,10945.76,20.0,2,0.4594
C001697,Carrier A,Liability,Web,2026-09-09,2026-09,2026-09-10,Closed,0.0,11.44,1.0,22.0,6823.63,14.0,0,
C001698,Carrier C,Auto,Web,2026-05-13,2026-05,2026-05-23,Closed,0.0,4.71,10.0,141.0,2637.47,14.0,0,
C001699,Carrier C,Auto,Web,2026-07-10,2026-07,2026-07-14,Closed,0.0,15.29,4.0,83.0,1566.14,14.0,0,
C001700,Carrier C,Liability,Web,2026-04-20,2026-04,2026-04-21,Closed,0.0,10.2,1.0,164.0,1262.65,14.0,0,
C001701,Carrier B,Liability,Mobile,2026-06-26,2026-06,2026-07-15,Closed,1.0,12.18,19.0,97.0,1362.55,14.0,1,0.5718
C001702,Carrier C,Auto,Agent,2026-09-24,2026-09,2026-09-29,Closed,0.0,8.23,5.0,7.0,1596.07,14.0,0,
C001703,Carrier C,Property,Mobile,2026-09-07,2026-09,2026-09-18,Closed,0.0,7.57,11.0,24.0,3280.66,20.0,0,
C001704,Carrier B,Liability,Agent,2026-07-13,2026-07,2026-07-19,Closed,0.0,5.27,6.0,80.0,5538.35,14.0,0,
C001705,Carrier A,Property,Agent,2026-06-17,2026-06,2026-07-01,Closed,0.0,10.26,14.0,106.0,4426.55,20.0,1,0.5641
C001706,Carrier B,Liability,Agent,2026-09-10,2026-09,,Open,0.0,10.28,,21.0,0.0,14.0,0,
C001707,Carrier B,Auto,Mobile,2026-06-21,2026-06,2026-07-11,Closed,1.0,25.13,20.0,102.0,22403.41,14.0,0,
C001708,Carrier A,Auto,Agent,2026-09-15,2026-09,2026-09-25,Closed,0.0,14.27,10.0,16.0,847.12,14.0,0,
C001709,Carrier A,Auto,Mobile,2026-04-12,2026-04,2026-04-15,Closed,0.0,5.97,3.0,172.0,672.09,14.0,0,
C001710,Carrier C,Property,Web,2026-04-12,2026-04,2026-05-10,Closed,1.0,15.49,28.0,172.0,2451.3,20.0,2,0.6923
C001711,Carrier B,Auto,Agent,2026-07-10,2026-07,,Open,0.0,5.3,,83.0,0.0,14.0,0,
C001712,Carrier A,Auto,Mobile,2026-07-02,2026-07,2026-07-10,Closed,0.0,2.4,8.0,91.0,13605.1,14.0,1,0.6469
C001713,Carrier A,Property,Mobile,2026-06-22,2026-06,2026-06-29,Closed,0.0,5.1,7.0,101.0,1536.41,20.0,0,
C001714,Carrier C,Property,Agent,2026-06-05,2026-06,2026-06-17,Closed,0.0,17.76,12.0,118.0,10301.19,20.0,1,0.6972
C001715,Carrier B,Liability,Web,2026-06-30,2026-06,2026-07-11,Closed,1.0,11.3,11.0,93.0,4491.06,14.0,0,
C001716,Carrier A,Auto,Agent,2026-07-12,2026-07,2026-07-19,Closed,0.0,6.46,7.0,81.0,2410.8,14.0,0,
C001717,Carrier C,Property,Agent,2026-06-17,2026-06,2026-07-02,Closed,1.0,21.77,15.0,106.0,1060.1,20.0,0,
C001718,Carrier C,Liability,Agent,2026-09-25,2026-09,,Open,0.0,2.55,,6.0,0.0,14.0,0,
C001719,Carrier C,Auto,Mobile,2026-04-26,2026-04,2026-04-29,Closed,0.0,1.15,3.0,158.0,3182.08,14.0,1,0.6958
C001720,Carrier B,Liability,Mobile,2026-04-23,2026-04,2026-04-28,Closed,0.0,12.38,5.0,161.0,1907.11,14.0,0,
C001721,Carrier A,Liability,Web,2026-07-20,2026-07,2026-07-26,Closed,0.0,9.44,6.0,73.0,2243.51,14.0,0,
C001722,Carrier A,Auto,Agent,2026-04-05,2026-04,,Open,0.0,14.76,,179.0,0.0,14.0,0,
C001723,Carrier A,Property,Web,2026-05-22,2026-05,2026-05-30,Closed,0.0,3.16,8.0,132.0,3432.87,20.0,0,
C001724,Carrier C,Property,Mobile,2026-08-05,2026-08,2026-08-21,Closed,1.0,26.46,16.0,57.0,358.84,20.0,0,
C001725,Carrier A,Liability,Agent,2026-09-08,2026-09,2026-09-15,Closed,0.0,1.23,7.0,23.0,1163.62,14.0,0,
C001726,Carrier B,Liability,Web,2026-08-15,2026-08,2026-08-17,Closed,0.0,14.66,2.0,47.0,500.39,14.0,0,
C001727,Carrier A,Auto,Agent,2026-04-13,2026-04,2026-04-21,Closed,0.0,1.14,8.0,171.0,5537.08,14.0,0,
C001728,Carrier C,Property,Mobile,2026-04-25,2026-04,2026-05-01,Closed,0.0,1.46,6.0,159.0,12538.1,20.0,1,0.8098
C001729,Carrier C,Auto,Mobile,2026-09-03,2026-09,,Open,1.0,23.66,,28.0,0.0,14.0,0,
C001730,Carrier B,Auto,Web,2026-05-16,2026-05,2026-05-21,Closed,0.0,3.11,5.0,138.0,4008.52,14.0,0,
C001731,Carrier C,Property,Agent,2026-07-27,2026-07,2026-08-11,Closed,0.0,6.66,15.0,66.0,6173.79,20.0,0,
C001732,Carrier A,Property,Web,2026-09-30,2026-09,,Open,1.0,12.95,,1.0,0.0,20.0,0,
C001733,Carrier B,Auto,Mobile,2026-05-12,2026-05,2026-05-19,Closed,0.0,15.8,7.0,142.0,2769.49,14.0,1,0.5605
C001734,Carrier C,Auto,Web,2026-04-16,2026-04,2026-04-27,Closed,0.0,2.97,11.0,168.0,13276.37,14.0,0,
C001735,Carrier A,Liability,Web,2026-09-22,2026-09,,Open,0.0,5.07,,9.0,0.0,14.0,0,
C001736,Carrier A,Auto,Mobile,2026-08-02,2026-08,2026-08-13,Closed,0.0,12.28,11.0,60.0,3404.4,14.0,0,
C001737,Carrier A,Auto,Web,2026-09-18,2026-09,2026-09-24,Closed,0.0,4.93,6.0,13.0,7292.98,14.0,0,
C001738,Carrier C,Liability,Agent,2026-05-28,2026-05,2026-06-09,Closed,0.0,13.67,12.0,126.0,5541.66,14.0,0,
C001739,Carrier B,Property,Mobile,2026-09-26,2026-09,,Open,0.0,16.13,,5.0,0.0,20.0,1,0.0567
C001740,Carrier C,Property,Agent,2026-05-28,2026-05,2026-06-08,Closed,0.0,3.74,11.0,126.0,22218.32,20.0,0,
C001741,Carrier B,Liability,Agent,2026-04-23,2026-04,2026-04-25,Closed,0.0,2.93,2.0,161.0,1123.78,14.0,0,
C001742,Carrier B,Property,Web,2026-09-20,2026-09,,Open,0.0,4.55,,11.0,0.0,20.0,0,
C001743,Carrier B,Property,Agent,2026-04-18,2026-04,2026-05-11,Closed,0.0,11.33,23.0,166.0,2505.77,20.0,0,
C001744,Carrier B,Property,Agent,2026-04-12,2026-04,2026-04-26,Closed,1.0,26.37,14.0,172.0,1704.32,20.0,1,0.2617
C001745,Carrier C,Property,Web,2026-07-05,2026-07,2026-07-21,Closed,0.0,16.42,16.0,88.0,3448.05,20.0,0,
C001746,Carrier A,Property,Mobile,2026-04-10,2026-04,2026-04-19,Closed,0.0,1.01,9.0,174.0,1774.77,20.0,0,
C001747,Carrier C,Liability,Web,2026-09-20,2026-09,2026-09-27,Closed,0.0,11.86,7.0,11.0,4009.19,14.0,0,
C001748,Carrier A,Liability,Agent,2026-04-03,2026-04,2026-04-06,Closed,0.0,13.01,3.0,181.0,1791.3,14.0,1,0.2385
C001749,Carrier A,Liability,Mobile,2026-04-16,2026-04,,Open,0.0,8.59,,168.0,0.0,14.0,0,
C001750,Carrier B,Liability,Agent,2026-07-21,2026-07,2026-07-22,Closed,0.0,11.56,1.0,72.0,3976.31,14.0,1,0.5892
C001751,Carrier B,Liability,Mobile,2026-06-06,2026-06,2026-06-26,Closed,0.0,14.11,20.0,117.0,1774.91,14.0,0,
C001752,Carrier C,Liability,Agent,2026-09-16,2026-09,2026-09-26,Closed,0.0,17.36,10.0,15.0,5290.87,14.0,1,0.9046
C001753,Carrier A,Liability,Agent,2026-08-12,2026-08,2026-08-16,Closed,0.0,1.64,4.0,50.0,1981.37,14.0,0,
C001754,Carrier C,Liability,Agent,2026-06-22,2026-06,2026-07-04,Closed,0.0,12.04,12.0,101.0,2195.38,14.0,0,
C001755,Carrier B,Auto,Web,2026-07-08,2026-07,2026-07-12,Closed,0.0,3.28,4.0,85.0,4170.33,14.0,0,
C001756,Carrier C,Property,Web,2026-09-09,2026-09,,Open,0.0,1.09,,22.0,0.0,20.0,0,
C001757,Carrier A,Liability,Web,2026-08-22,2026-08,2026-08-26,Closed,0.0,7.71,4.0,40.0,2810.12,14.0,0,
C001758,Carrier C,Property,Web,2026-08-10,2026-08,2026-08-26,Closed,1.0,23.29,16.0,52.0,3210.88,20.0,0,
C001759,Carrier A,Auto,Web,2026-08-27,2026-08,2026-09-12,Closed,0.0,1.98,16.0,35.0,1598.92,14.0,1,0.4174
C001760,Carrier A,Liability,Web,2026-07-25,2026-07,2026-07-31,Closed,0.0,11.28,6.0,68.0,1668.54,14.0,2,0.8514
C001761,Carrier C,Liability,Web,2026-09-25,2026-09,,Open,0.0,11.46,,6.0,0.0,14.0,0,
C001762,Carrier A,Liability,Agent,2026-05-05,2026-05,2026-05-11,Closed,0.0,1.71,6.0,149.0,4757.38,14.0,0,
C001763,Carrier C,Auto,Agent,2026-08-27,2026-08,2026-09-03,Closed,0.0,17.43,7.0,35.0,4549.22,14.0,1,0.6776
C001764,Carrier A,Auto,Mobile,2026-08-09,2026-08,2026-08-16,Closed,0.0,1.0,7.0,53.0,628.34,14.0,0,
C001765,Carrier A,Liability,Mobile,2026-06-13,2026-06,2026-06-19,Closed,0.0,2.5,6.0,110.0,6662.72,14.0,1,0.1644
C001766,Carrier C,Property,Agent,2026-09-13,2026-09,,Open,0.0,2.23,,18.0,0.0,20.0,0,
C001767,Carrier C,Property,Web,2026-08-30,2026-08,2026-09-10,Closed,0.0,10.7,11.0,32.0,4648.04,20.0,1,0.3915
C001768,Carrier A,Auto,Agent,2026-05-02,2026-05,2026-05-10,Closed,0.0,10.76,8.0,152.0,1585.03,14.0,0,
C001769,Carrier A,Property,Web,2026-04-19,2026-04,2026-05-09,Closed,0.0,12.93,20.0,165.0,7300.67,20.0,0,
C001770,Carrier B,Liability,Mobile,2026-05-14,2026-05,2026-06-01,Closed,1.0,16.0,18.0,140.0,3143.17,14.0,0,
C001771,Carrier B,Liability,Web,2026-07-02,2026-07,2026-07-27,Closed,1.0,19.57,25.0,91.0,3329.69,14.0,0,
C001772,Carrier C,Auto,Agent,2026-04-19,2026-04,2026-05-12,Closed,0.0,7.64,23.0,165.0,4114.89,14.0,0,
C001773,Carrier B,Liability,Agent,2026-09-16,2026-09,2026-09-22,Closed,0.0,4.05,6.0,15.0,7374.62,14.0,0,
C001774,Carrier B,Property,Agent,2026-04-20,2026-04,2026-04-29,Closed,0.0,12.28,9.0,164.0,6632.74,20.0,0,
C001775,Carrier A,Auto,Agent,2026-08-15,2026-08,2026-08-22,Closed,0.0,14.28,7.0,47.0,56853.27,14.0,0,
C001776,Carrier A,Liability,Mobile,2026-04-09,2026-04,2026-04-21,Closed,0.0,17.39,12.0,175.0,2237.77,14.0,0,
C001777,Carrier B,Liability,Agent,2026-05-13,2026-05,2026-05-17,Closed,0.0,2.42,4.0,141.0,9309.51,14.0,0,
C001778,Carrier B,Auto,Web,2026-05-23,2026-05,2026-06-09,Closed,0.0,10.8,17.0,131.0,2050.58,14.0,0,
C001779,Carrier A,Property,Agent,2026-09-29,2026-09,,Open,0.0,14.39,,2.0,0.0,20.0,0,
C001780,Carrier A,Auto,Web,2026-08-31,2026-08,2026-09-09,Closed,0.0,11.56,9.0,31.0,13100.64,14.0,0,
C001781,Carrier A,Auto,Mobile,2026-05-14,2026-05,2026-05-15,Closed,0.0,16.99,1.0,140.0,10068.55,14.0,0,
C001782,Carrier A,Property,Web,2026-06-05,2026-06,2026-06-12,Closed,0.0,6.5,7.0,118.0,5689.07,20.0,1,0.1186
C001783,Carrier C,Liability,Agent,2026-06-13,2026-06,,Open,1.0,18.31,,110.0,0.0,14.0,0,
C001784,Carrier A,Auto,Mobile,2026-07-07,2026-07,2026-07-25,Closed,1.0,25.1,18.0,86.0,3803.76,14.0,1,0.103
C001785,Carrier A,Property,Agent,2026-05-14,2026-05,2026-05-21,Closed,0.0,2.2,7.0,140.0,2940.49,20.0,0,
C001786,Carrier B,Auto,Web,2026-07-25,2026-07,2026-07-30,Closed,0.0,4.8,5.0,68.0,7740.39,14.0,0,
C001787,Carrier A,Property,Web,2026-08-14,2026-08,2026-08-26,Closed,0.0,5.43,12.0,48.0,12846.95,20.0,0,
C001788,Carrier C,Property,Web,2026-04-12,2026-04,2026-04-25,Closed,0.0,5.96,13.0,172.0,3535.44,20.0,2,0.7296
C001789,Carrier B,Auto,Mobile,2026-05-12,2026-05,2026-05-22,Closed,1.0,22.13,10.0,142.0,3460.25,14.0,0,
C001790,Carrier C,Auto,Web,2026-05-14,2026-05,2026-05-18,Closed,0.0,15.26,4.0,140.0,2292.34,14.0,0,
C001791,Carrier B,Liability,Agent,2026-05-03,2026-05,2026-05-12,Closed,0.0,2.69,9.0,151.0,2412.62,14.0,0,
C001792,Carrier C,Auto,Web,2026-06-22,2026-06,2026-07-19,Closed,0.0,2.49,27.0,101.0,4678.44,14.0,0,
C001793,Carrier C,Liability,Web,2026-06-17,2026-06,2026-06-28,Closed,0.0,2.86,11.0,106.0,22309.08,14.0,0,
C001794,Carrier B,Property,Mobile,2026-07-29,2026-07,2026-08-08,Closed,0.0,12.91,10.0,64.0,3935.24,20.0,0,
C001795,Carrier C,Liability,Web,2026-09-06,2026-09,2026-09-18,Closed,0.0,4.44,12.0,25.0,19614.38,14.0,1,0.8107
C001796,Carrier B,Auto,Mobile,2026-04-24,2026-04,2026-05-01,Closed,0.0,6.12,7.0,160.0,5776.29,14.0,0,
C001797,Carrier B,Auto,Mobile,2026-04-15,2026-04,2026-05-08,Closed,1.0,21.11,23.0,169.0,2391.75,14.0,0,
C001798,Carrier A,Property,Agent,2026-04-01,2026-04,2026-04-08,Closed,0.0,9.8,7.0,183.0,3079.65,20.0,0,
C001799,Carrier A,Liability,Web,2026-06-12,2026-06,2026-06-19,Closed,0.0,7.07,7.0,111.0,2807.77,14.0,0,
C001800,Carrier A,Auto,Web,2026-05-19,2026-05,2026-05-24,Closed,0.0,12.23,5.0,135.0,38142.42,14.0,0,
C001801,Carrier A,Liability,Agent,2026-07-19,2026-07,2026-07-22,Closed,0.0,11.44,3.0,74.0,1923.41,14.0,0,
C001802,Carrier C,Property,Agent,2026-05-10,2026-05,2026-05-25,Closed,0.0,1.82,15.0,144.0,1339.83,20.0,0,
C001803,Carrier B,Liability,Mobile,2026-04-22,2026-04,2026-04-25,Closed,0.0,2.34,3.0,162.0,2164.98,14.0,0,
C001804,Carrier C,Property,Agent,2026-04-01,2026-04,2026-04-07,Closed,0.0,2.9,6.0,183.0,2502.41,20.0,0,
C001805,Carrier B,Auto,Web,2026-09-08,2026-09,2026-09-12,Closed,0.0,11.83,4.0,23.0,1293.08,14.0,0,
C001806,Carrier C,Property,Agent,2026-04-30,2026-04,2026-05-12,Closed,0.0,9.58,12.0,154.0,7662.61,20.0,1,0.9278
C001807,Carrier A,Property,Web,2026-09-25,2026-09,,Open,0.0,12.08,,6.0,0.0,20.0,0,
C001808,Carrier A,Property,Mobile,2026-08-08,2026-08,2026-08-17,Closed,0.0,17.77,9.0,54.0,1497.04,20.0,0,
C001809,Carrier B,Liability,Agent,2026-06-15,2026-06,2026-06-24,Closed,1.0,20.84,9.0,108.0,7825.22,14.0,0,
C001810,Carrier C,Liability,Mobile,2026-04-19,2026-04,2026-05-01,Closed,1.0,20.61,12.0,165.0,1748.02,14.0,0,
C001811,Carrier C,Property,Mobile,2026-08-11,2026-08,2026-08-22,Closed,0.0,3.64,11.0,51.0,2911.82,20.0,0,
C001812,Carrier A,Auto,Web,2026-07-15,2026-07,2026-07-16,Closed,0.0,4.39,1.0,78.0,10194.78,14.0,0,
C001813,Carrier C,Property,Web,2026-07-11,2026-07,2026-08-05,Closed,1.0,22.48,25.0,82.0,1001.88,20.0,0,
C001814,Carrier A,Auto,Agent,2026-06-08,2026-06,2026-06-23,Closed,0.0,11.22,15.0,115.0,4298.27,14.0,0,
C001815,Carrier C,Property,Agent,2026-09-14,2026-09,2026-09-24,Closed,0.0,9.92,10.0,17.0,858.08,20.0,0,
C001816,Carrier B,Property,Mobile,2026-08-17,2026-08,2026-08-27,Closed,0.0,8.77,10.0,45.0,6276.74,20.0,1,0.9634
C001817,Carrier C,Auto,Web,2026-05-06,2026-05,2026-05-16,Closed,0.0,9.1,10.0,148.0,1217.88,14.0,1,0.1724
C001818,Carrier B,Property,Mobile,2026-06-07,2026-06,2026-06-26,Closed,1.0,23.85,19.0,116.0,3875.16,20.0,0,
C001819,Carrier A,Property,Agent,2026-08-06,2026-08,,Open,0.0,2.53,,56.0,0.0,20.0,0,
C001820,Carrier C,Auto,Agent,2026-08-02,2026-08,2026-08-09,Closed,0.0,4.55,7.0,60.0,962.34,14.0,0,
C001821,Carrier C,Auto,Mobile,2026-05-10,2026-05,2026-05-29,Closed,1.0,15.54,19.0,144.0,2055.33,14.0,0,
C001822,Carrier B,Liability,Mobile,2026-08-09,2026-08,2026-08-26,Closed,1.0,27.23,17.0,53.0,14798.21,14.0,0,
C001823,Carrier C,Property,Agent,2026-05-20,2026-05,2026-05-31,Closed,0.0,7.63,11.0,134.0,1470.38,20.0,0,
C001824,Carrier B,Property,Mobile,2026-07-14,2026-07,2026-07-31,Closed,0.0,4.68,17.0,79.0,7904.94,20.0,0,
C001825,Carrier A,Liability,Agent,2026-09-25,2026-09,2026-09-28,Closed,0.0,8.24,3.0,6.0,940.63,14.0,0,
C001826,Carrier A,Auto,Web,2026-06-15,2026-06,,Open,0.0,12.9,,108.0,0.0,14.0,0,
C001827,Carrier A,Auto,Mobile,2026-05-04,2026-05,2026-05-07,Closed,0.0,4.03,3.0,150.0,3408.16,14.0,1,0.7706
C001828,Carrier B,Property,Mobile,2026-09-01,2026-09,2026-09-13,Closed,0.0,8.27,12.0,30.0,2449.05,20.0,0,
C001829,Carrier C,Liability,Web,2026-08-05,2026-08,2026-08-15,Closed,1.0,20.59,10.0,57.0,6459.25,14.0,0,
C001830,Carrier A,Property,Web,2026-05-10,2026-05,2026-05-18,Closed,0.0,4.02,8.0,144.0,2420.78,20.0,0,
C001831,Carrier A,Auto,Web,2026-05-14,2026-05,2026-05-28,Closed,1.0,18.97,14.0,140.0,1479.79,14.0,1,0.1412
C001832,Carrier C,Liability,Mobile,2026-09-23,2026-09,2026-09-25,Closed,0.0,6.4,2.0,8.0,857.21,14.0,0,
C001833,Carrier C,Auto,Web,2026-04-10,2026-04,2026-04-20,Closed,0.0,9.43,10.0,174.0,650.36,14.0,0,
C001834,Carrier A,Auto,Mobile,2026-06-25,2026-06,2026-07-14,Closed,1.0,27.91,19.0,98.0,9273.33,14.0,0,
C001835,Carrier B,Liability,Mobile,2026-07-27,2026-07,2026-08-09,Closed,0.0,12.82,13.0,66.0,3005.82,14.0,0,
C001836,Carrier B,Liability,Web,2026-07-09,2026-07,2026-07-14,Closed,0.0,6.54,5.0,84.0,3239.58,14.0,1,0.3458
C001837,Carrier B,Property,Agent,2026-04-20,2026-04,2026-05-15,Closed,0.0,7.84,25.0,164.0,5662.79,20.0,0,
C001838,Carrier A,Auto,Web,2026-04-17,2026-04,2026-05-03,Closed,0.0,8.28,16.0,167.0,1547.91,14.0,1,0.5738
C001839,Carrier C,Property,Web,2026-09-12,2026-09,2026-09-22,Closed,0.0,16.05,10.0,19.0,2219.6,20.0,0,
C001840,Carrier C,Property,Agent,2026-09-17,2026-09,,Open,1.0,13.48,,14.0,0.0,20.0,0,
C001841,Carrier A,Auto,Web,2026-05-16,2026-05,2026-05-20,Closed,0.0,12.21,4.0,138.0,2831.61,14.0,2,0.9416
C001842,Carrier B,Auto,Mobile,2026-08-02,2026-08,2026-08-10,Closed,0.0,6.35,8.0,60.0,3444.79,14.0,0,
C001843,Carrier A,Property,Mobile,2026-05-30,2026-05,2026-06-15,Closed,0.0,13.03,16.0,124.0,67551.39,20.0,0,
C001844,Carrier C,Liability,Mobile,2026-08-16,2026-08,2026-09-03,Closed,0.0,10.32,18.0,46.0,7163.03,14.0,0,
C001845,Carrier C,Auto,Mobile,2026-04-11,2026-04,,Open,1.0,15.59,,173.0,0.0,14.0,1,0.3328
C001846,Carrier B,Liability,Agent,2026-06-14,2026-06,2026-06-17,Closed,0.0,5.04,3.0,109.0,2592.56,14.0,0,
C001847,Carrier A,Property,Agent,2026-08-13,2026-08,2026-08-21,Closed,0.0,11.55,8.0,49.0,4079.16,20.0,0,
C001848,Carrier C,Auto,Mobile,2026-07-08,2026-07,2026-07-14,Closed,0.0,8.35,6.0,85.0,5529.89,14.0,1,0.5533
C001849,Carrier A,Auto,Agent,2026-06-16,2026-06,2026-06-17,Closed,0.0,12.47,1.0,107.0,1122.1,14.0,0,
C001850,Carrier A,Property,Agent,2026-05-14,2026-05,2026-05-25,Closed,0.0,13.81,11.0,140.0,1003.24,20.0,0,
C001851,Carrier A,Auto,Agent,2026-06-10,2026-06,2026-06-30,Closed,1.0,15.26,20.0,113.0,2790.06,14.0,1,0.3882
C001852,Carrier A,Auto,Agent,2026-07-25,2026-07,2026-08-08,Closed,1.0,25.12,14.0,68.0,9416.14,14.0,0,
C001853,Carrier A,Property,Mobile,2026-07-17,2026-07,2026-08-02,Closed,0.0,15.77,16.0,76.0,3510.68,20.0,0,
C001854,Carrier A,Auto,Web,2026-09-21,2026-09,2026-09-26,Closed,0.0,17.2,5.0,10.0,3813.1,14.0,0,
C001855,Carrier A,Liability,Web,2026-07-11,2026-07,2026-07-21,Closed,0.0,10.02,10.0,82.0,816.09,14.0,0,
C001856,Carrier C,Auto,Agent,2026-06-17,2026-06,2026-06-27,Closed,0.0,11.28,10.0,106.0,3268.34,14.0,0,
C001857,Carrier C,Liability,Web,2026-05-02,2026-05,2026-05-04,Closed,0.0,9.99,2.0,152.0,928.07,14.0,1,0.3863
C001858,Carrier C,Auto,Web,2026-06-09,2026-06,2026-06-20,Closed,1.0,27.15,11.0,114.0,7526.57,14.0,0,
C001859,Carrier C,Property,Web,2026-09-27,2026-09,,Open,0.0,14.42,,4.0,0.0,20.0,0,
C001860,Carrier A,Liability,Agent,2026-05-27,2026-05,,Open,0.0,16.52,,127.0,0.0,14.0,0,
C001861,Carrier B,Auto,Agent,2026-08-05,2026-08,2026-08-21,Closed,0.0,17.9,16.0,57.0,2195.21,14.0,0,
C001862,Carrier A,Auto,Web,2026-04-28,2026-04,2026-05-18,Closed,0.0,13.43,20.0,156.0,982.25,14.0,0,
C001863,Carrier A,Liability,Web,2026-09-27,2026-09,,Open,0.0,7.82,,4.0,0.0,14.0,0,
C001864,Carrier B,Property,Agent,2026-08-18,2026-08,2026-08-26,Closed,0.0,11.97,8.0,44.0,364.55,20.0,2,0.7053
C001865,Carrier B,Property,Agent,2026-06-25,2026-06,2026-07-09,Closed,0.0,10.58,14.0,98.0,4426.59,20.0,0,
C001866,Carrier B,Liability,Mobile,2026-09-06,2026-09,2026-09-18,Closed,1.0,26.34,12.0,25.0,4795.71,14.0,0,
C001867,Carrier C,Property,Mobile,2026-08-20,2026-08,2026-09-04,Closed,0.0,7.33,15.0,42.0,326.01,20.0,0,
C001868,Carrier C,Property,Mobile,2026-08-11,2026-08,2026-08-22,Closed,0.0,7.22,11.0,51.0,2242.0,20.0,0,
C001869,Carrier C,Property,Web,2026-05-29,2026-05,2026-06-08,Closed,0.0,10.54,10.0,125.0,3497.13,20.0,2,0.4505
C001870,Carrier C,Liability,Web,2026-04-02,2026-04,2026-04-05,Closed,0.0,9.96,3.0,182.0,1939.72,14.0,2,0.3824
C001871,Carrier A,Property,Agent,2026-09-23,2026-09,,Open,0.0,11.96,,8.0,0.0,20.0,0,
C001872,Carrier B,Property,Mobile,2026-09-13,2026-09,2026-09-27,Closed,0.0,7.24,14.0,18.0,14370.92,20.0,0,
C001873,Carrier C,Property,Web,2026-07-04,2026-07,2026-07-19,Closed,1.0,19.92,15.0,89.0,1685.77,20.0,0,
C001874,Carrier A,Auto,Web,2026-06-14,2026-06,2026-06-16,Closed,0.0,4.31,2.0,109.0,1495.06,14.0,0,
C001875,Carrier A,Property,Mobile,2026-09-04,2026-09,2026-09-22,Closed,1.0,14.02,18.0,27.0,2254.04,20.0,1,0.8946
C001876,Carrier C,Property,Mobile,2026-06-22,2026-06,2026-07-02,Closed,0.0,12.73,10.0,101.0,7455.01,20.0,1,0.0207
C001877,Carrier B,Property,Web,2026-04-04,2026-04,2026-04-12,Closed,0.0,17.94,8.0,180.0,3852.94,20.0,0,
C001878,Carrier A,Liability,Web,2026-06-17,2026-06,2026-06-29,Closed,1.0,25.17,12.0,106.0,2648.06,14.0,0,
C001879,Carrier C,Liability,Mobile,2026-04-26,2026-04,2026-05-05,Closed,0.0,15.69,9.0,158.0,3338.6,14.0,0,
C001880,Carrier B,Property,Web,2026-08-09,2026-08,2026-09-02,Closed,1.0,13.06,24.0,53.0,7481.37,20.0,0,
C001881,Carrier C,Liability,Mobile,2026-06-20,2026-06,,Open,0.0,15.71,,103.0,0.0,14.0,1,0.0637
C001882,Carrier B,Liability,Web,2026-05-08,2026-05,2026-05-15,Closed,0.0,8.65,7.0,146.0,9974.35,14.0,1,0.9724
C001883,Carrier B,Property,Agent,2026-06-18,2026-06,2026-07-06,Closed,1.0,12.25,18.0,105.0,3506.62,20.0,0,
C001884,Carrier A,Liability,Web,2026-09-03,2026-09,2026-09-04,Closed,0.0,7.83,1.0,28.0,6216.24,14.0,1,0.4467
C001885,Carrier A,Liability,Mobile,2026-08-29,2026-08,2026-09-08,Closed,1.0,20.69,10.0,33.0,2463.85,14.0,1,0.445
C001886,Carrier A,Property,Agent,2026-06-12,2026-06,,Open,0.0,13.06,,111.0,0.0,20.0,2,0.2054
C001887,Carrier C,Liability,Web,2026-09-20,2026-09,,Open,0.0,8.98,,11.0,0.0,14.0,0,
C001888,Carrier A,Property,Mobile,2026-07-27,2026-07,2026-08-09,Closed,0.0,7.47,13.0,66.0,5448.61,20.0,1,0.6535
C001889,Carrier B,Property,Agent,2026-08-06,2026-08,2026-08-21,Closed,0.0,4.71,15.0,56.0,5112.82,20.0,1,0.7119
C001890,Carrier C,Property,Web,2026-08-06,2026-08,2026-08-16,Closed,0.0,4.1,10.0,56.0,6496.38,20.0,0,
C001891,Carrier C,Liability,Web,2026-09-22,2026-09,,Open,0.0,8.97,,9.0,0.0,14.0,0,
C001892,Carrier A,Liability,Web,2026-04-14,2026-04,,Open,0.0,1.36,,170.0,0.0,14.0,0,
C001893,Carrier A,Property,Agent,2026-06-02,2026-06,2026-06-26,Closed,0.0,2.24,24.0,121.0,4019.31,20.0,1,0.0112
C001894,Carrier C,Auto,Web,2026-09-17,2026-09,2026-09-29,Closed,0.0,10.16,12.0,14.0,3347.33,14.0,0,
C001895,Carrier B,Property,Web,2026-06-12,2026-06,2026-06-23,Closed,0.0,17.15,11.0,111.0,1481.22,20.0,0,
C001896,Carrier C,Auto,Agent,2026-06-10,2026-06,2026-06-21,Closed,0.0,8.52,11.0,113.0,2778.6,14.0,0,
C001897,Carrier A,Auto,Mobile,2026-09-26,2026-09,2026-10-01,Closed,0.0,1.73,5.0,5.0,3517.76,14.0,0,
C001898,Carrier C,Liability,Agent,2026-09-03,2026-09,2026-09-15,Closed,0.0,11.85,12.0,28.0,1397.62,14.0,0,
C001899,Carrier C,Property,Agent,2026-06-22,2026-06,2026-06-30,Closed,0.0,3.17,8.0,101.0,3461.09,20.0,0,
C001900,Carrier C,Auto,Agent,2026-09-09,2026-09,,Open,1.0,15.8,,22.0,0.0,14.0,0,
C001901,Carrier A,Liability,Web,2026-09-14,2026-09,2026-09-18,Closed,0.0,3.67,4.0,17.0,2230.87,14.0,0,
C001902,Carrier A,Property,Mobile,2026-05-19,2026-05,2026-05-28,Closed,0.0,12.59,9.0,135.0,1253.6,20.0,0,
C001903,Carrier C,Liability,Mobile,2026-08-07,2026-08,2026-08-10,Closed,0.0,4.45,3.0,55.0,16268.48,14.0,0,
C001904,Carrier C,Auto,Web,2026-05-01,2026-05,2026-05-03,Closed,0.0,11.07,2.0,153.0,4454.5,14.0,0,
C001905,Carrier C,Liability,Web,2026-09-18,2026-09,,Open,1.0,25.74,,13.0,0.0,14.0,0,
C001906,Carrier B,Property,Agent,2026-05-08,2026-05,2026-05-19,Closed,0.0,16.43,11.0,146.0,3460.02,20.0,1,0.2209
C001907,Carrier A,Liability,Agent,2026-04-10,2026-04,2026-04-25,Closed,0.0,10.79,15.0,174.0,3127.82,14.0,0,
C001908,Carrier B,Liability,Agent,2026-07-06,2026-07,2026-07-08,Closed,0.0,15.27,2.0,87.0,1908.6,14.0,0,
C001909,Carrier A,Property,Agent,2026-09-19,2026-09,,Open,0.0,10.01,,12.0,0.0,20.0,0,
C001910,Carrier A,Liability,Mobile,2026-06-14,2026-06,2026-07-02,Closed,0.0,12.44,18.0,109.0,886.34,14.0,0,
C001911,Carrier A,Liability,Agent,2026-05-08,2026-05,2026-05-23,Closed,1.0,26.83,15.0,146.0,17194.91,14.0,0,
C001912,Carrier A,Auto,Web,2026-05-10,2026-05,2026-05-22,Closed,0.0,7.83,12.0,144.0,20551.94,14.0,0,
C001913,Carrier B,Auto,Mobile,2026-04-25,2026-04,2026-04-30,Closed,0.0,12.93,5.0,159.0,7994.7,14.0,0,
C001914,Carrier B,Property,Web,2026-08-16,2026-08,2026-09-06,Closed,1.0,15.25,21.0,46.0,2872.45,20.0,1,0.8453
C001915,Carrier C,Property,Web,2026-08-21,2026-08,2026-09-07,Closed,0.0,11.72,17.0,41.0,5889.22,20.0,0,
C001916,Carrier C,Property,Agent,2026-04-01,2026-04,2026-04-13,Closed,0.0,12.87,12.0,183.0,2270.82,20.0,0,
C001917,Carrier A,Auto,Agent,2026-06-01,2026-06,2026-06-07,Closed,0.0,14.26,6.0,122.0,2818.35,14.0,0,
C001918,Carrier B,Liability,Mobile,2026-06-22,2026-06,2026-06-26,Closed,0.0,4.75,4.0,101.0,4064.17,14.0,0,
C001919,Carrier C,Property,Web,2026-04-16,2026-04,2026-05-06,Closed,1.0,26.16,20.0,168.0,1694.08,20.0,0,
C001920,Carrier C,Liability,Web,2026-04-12,2026-04,2026-04-15,Closed,0.0,14.69,3.0,172.0,3495.61,14.0,0,
C001921,Carrier C,Property,Agent,2026-06-14,2026-06,2026-06-23,Closed,0.0,16.08,9.0,109.0,592.65,20.0,0,
C001922,Carrier B,Property,Mobile,2026-09-19,2026-09,2026-09-29,Closed,0.0,7.61,10.0,12.0,14240.03,20.0,1,0.9318
C001923,Carrier A,Liability,Agent,2026-09-08,2026-09,2026-09-12,Closed,0.0,15.69,4.0,23.0,2001.12,14.0,0,
C001924,Carrier A,Liability,Web,2026-09-23,2026-09,2026-09-30,Closed,0.0,5.35,7.0,8.0,6309.49,14.0,2,0.8475
C001925,Carrier B,Auto,Agent,2026-04-26,2026-04,,Open,1.0,18.62,,158.0,0.0,14.0,1,0.5687
C001926,Carrier C,Liability,Mobile,2026-06-26,2026-06,2026-07-21,Closed,0.0,2.7,25.0,97.0,9435.69,14.0,0,
C001927,Carrier C,Liability,Agent,2026-05-20,2026-05,,Open,0.0,15.58,,134.0,0.0,14.0,0,
C001928,Carrier A,Liability,Mobile,2026-05-02,2026-05,2026-05-09,Closed,0.0,13.77,7.0,152.0,2467.86,14.0,2,0.8983
C001929,Carrier C,Liability,Mobile,2026-09-24,2026-09,2026-09-30,Closed,0.0,7.5,6.0,7.0,20084.78,14.0,0,
C001930,Carrier C,Liability,Web,2026-05-05,2026-05,2026-05-22,Closed,0.0,10.48,17.0,149.0,7908.71,14.0,0,
C001931,Carrier C,Auto,Mobile,2026-08-14,2026-08,2026-08-16,Closed,0.0,5.39,2.0,48.0,2154.25,14.0,1,0.3249
C001932,Carrier A,Liability,Mobile,2026-09-11,2026-09,2026-09-23,Closed,0.0,4.92,12.0,20.0,1027.3,14.0,0,
C001933,Carrier A,Liability,Mobile,2026-05-28,2026-05,2026-06-18,Closed,1.0,11.37,21.0,126.0,6045.37,14.0,0,
C001934,Carrier C,Liability,Mobile,2026-04-22,2026-04,2026-05-08,Closed,1.0,12.35,16.0,162.0,2480.23,14.0,0,
C001935,Carrier C,Property,Agent,2026-09-21,2026-09,,Open,1.0,23.5,,10.0,0.0,20.0,0,
C001936,Carrier A,Liability,Web,2026-06-21,2026-06,2026-07-04,Closed,1.0,13.02,13.0,102.0,12199.91,14.0,0,
C001937,Carrier A,Liability,Agent,2026-08-20,2026-08,2026-08-24,Closed,0.0,16.89,4.0,42.0,2632.22,14.0,0,
C001938,Carrier A,Auto,Agent,2026-04-24,2026-04,2026-05-06,Closed,0.0,10.96,12.0,160.0,3561.47,14.0,0,
C001939,Carrier C,Property,Web,2026-07-20,2026-07,2026-07-29,Closed,0.0,2.38,9.0,73.0,1306.99,20.0,0,
C001940,Carrier A,Property,Web,2026-04-04,2026-04,2026-04-20,Closed,0.0,15.46,16.0,180.0,5512.57,20.0,0,
C001941,Carrier A,Property,Mobile,2026-06-08,2026-06,2026-06-24,Closed,1.0,18.03,16.0,115.0,1762.25,20.0,0,
C001942,Carrier B,Property,Web,2026-08-24,2026-08,2026-09-05,Closed,0.0,16.04,12.0,38.0,1548.94,20.0,0,
C001943,Carrier B,Liability,Web,2026-09-18,2026-09,,Open,0.0,13.99,,13.0,0.0,14.0,1,0.6652
C001944,Carrier A,Auto,Agent,2026-09-26,2026-09,2026-09-27,Closed,0.0,9.45,1.0,5.0,3734.92,14.0,0,
C001945,Carrier A,Auto,Agent,2026-06-26,2026-06,2026-07-02,Closed,0.0,16.14,6.0,97.0,7440.14,14.0,0,
C001946,Carrier C,Liability,Agent,2026-08-31,2026-08,2026-09-07,Closed,0.0,3.03,7.0,31.0,4032.83,14.0,0,
C001947,Carrier A,Liability,Web,2026-08-11,2026-08,2026-08-16,Closed,0.0,15.66,5.0,51.0,25463.79,14.0,0,
C001948,Carrier C,Auto,Web,2026-06-07,2026-06,2026-06-08,Closed,0.0,13.7,1.0,116.0,1924.99,14.0,0,
C001949,Carrier C,Auto,Agent,2026-05-10,2026-05,2026-05-17,Closed,0.0,5.82,7.0,144.0,1656.35,14.0,0,
C001950,Carrier A,Auto,Web,2026-07-15,2026-07,2026-08-02,Closed,0.0,16.47,18.0,78.0,1052.33,14.0,0,
C001951,Carrier B,Property,Agent,2026-06-09,2026-06,2026-06-29,Closed,0.0,5.55,20.0,114.0,5975.8,20.0,2,0.9624
C001952,Carrier A,Auto,Mobile,2026-06-20,2026-06,2026-06-24,Closed,0.0,7.69,4.0,103.0,3948.15,14.0,0,
C001953,Carrier B,Auto,Web,2026-08-28,2026-08,2026-09-06,Closed,0.0,15.5,9.0,34.0,1712.84,14.0,0,
C001954,Carrier A,Liability,Web,2026-06-18,2026-06,2026-06-22,Closed,0.0,3.9,4.0,105.0,761.33,14.0,0,
C001955,Carrier B,Liability,Mobile,2026-07-02,2026-07,2026-07-13,Closed,0.0,11.75,11.0,91.0,2190.56,14.0,1,0.3292
C001956,Carrier B,Liability,Web,2026-04-11,2026-04,,Open,0.0,14.81,,173.0,0.0,14.0,0,
C001957,Carrier C,Property,Web,2026-04-11,2026-04,2026-05-01,Closed,0.0,11.31,20.0,173.0,5929.49,20.0,0,
C001958,Carrier C,Liability,Agent,2026-05-14,2026-05,2026-05-29,Closed,1.0,24.4,15.0,140.0,5378.38,14.0,0,
C001959,Carrier A,Auto,Web,2026-09-19,2026-09,,Open,1.0,18.11,,12.0,0.0,14.0,0,
C001960,Carrier C,Property,Mobile,2026-06-15,2026-06,2026-07-02,Closed,1.0,27.28,17.0,108.0,2210.54,20.0,0,
C001961,Carrier B,Auto,Web,2026-04-20,2026-04,,Open,0.0,16.61,,164.0,0.0,14.0,1,0.5616
C001962,Carrier A,Liability,Agent,2026-05-04,2026-05,2026-05-24,Closed,0.0,6.68,20.0,150.0,523.48,14.0,1,0.6933
C001963,Carrier C,Auto,Web,2026-07-02,2026-07,2026-07-21,Closed,0.0,5.02,19.0,91.0,2023.64,14.0,1,0.5566
C001964,Carrier B,Auto,Web,2026-05-14,2026-05,2026-06-08,Closed,0.0,2.74,25.0,140.0,3699.78,14.0,0,
C001965,Carrier B,Liability,Web,2026-05-24,2026-05,2026-06-03,Closed,1.0,21.82,10.0,130.0,7644.78,14.0,0,
C001966,Carrier B,Liability,Agent,2026-05-13,2026-05,2026-05-20,Closed,0.0,12.88,7.0,141.0,4748.21,14.0,1,0.461
C001967,Carrier C,Auto,Agent,2026-07-06,2026-07,2026-07-10,Closed,0.0,13.62,4.0,87.0,841.43,14.0,0,
C001968,Carrier C,Auto,Agent,2026-04-20,2026-04,2026-04-30,Closed,0.0,6.9,10.0,164.0,18026.86,14.0,1,0.4925
C001969,Carrier C,Auto,Web,2026-06-06,2026-06,,Open,0.0,10.82,,117.0,0.0,14.0,0,
C001970,Carrier C,Liability,Web,2026-06-20,2026-06,2026-07-07,Closed,1.0,16.11,17.0,103.0,476.3,14.0,0,
C001971,Carrier A,Property,Mobile,2026-09-27,2026-09,,Open,1.0,17.15,,4.0,0.0,20.0,0,
C001972,Carrier B,Liability,Web,2026-04-21,2026-04,2026-04-27,Closed,0.0,9.94,6.0,163.0,1473.67,14.0,0,
C001973,Carrier B,Liability,Mobile,2026-06-03,2026-06,2026-06-05,Closed,0.0,17.08,2.0,120.0,4275.08,14.0,0,
C001974,Carrier A,Auto,Agent,2026-09-29,2026-09,,Open,0.0,1.46,,2.0,0.0,14.0,3,0.74
C001975,Carrier B,Liability,Mobile,2026-04-09,2026-04,2026-04-24,Closed,1.0,19.9,15.0,175.0,4465.66,14.0,0,
C001976,Carrier C,Property,Agent,2026-05-03,2026-05,2026-05-17,Closed,0.0,17.91,14.0,151.0,2835.89,20.0,0,
C001977,Carrier C,Auto,Agent,2026-04-26,2026-04,2026-05-04,Closed,0.0,7.77,8.0,158.0,3401.53,14.0,0,
C001978,Carrier A,Auto,Web,2026-07-12,2026-07,2026-07-15,Closed,0.0,6.24,3.0,81.0,2517.63,14.0,0,
C001979,Carrier C,Property,Agent,2026-07-20,2026-07,2026-07-27,Closed,0.0,12.18,7.0,73.0,509.98,20.0,1,0.8465
C001980,Carrier C,Property,Agent,2026-06-04,2026-06,2026-06-19,Closed,0.0,15.41,15.0,119.0,14580.47,20.0,0,
C001981,Carrier C,Property,Web,2026-09-04,2026-09,2026-09-19,Closed,0.0,6.22,15.0,27.0,1350.17,20.0,0,
C001982,Carrier C,Auto,Web,2026-07-03,2026-07,2026-07-12,Closed,0.0,3.55,9.0,90.0,1321.88,14.0,0,
C001983,Carrier C,Liability,Mobile,2026-07-27,2026-07,2026-08-02,Closed,0.0,11.05,6.0,66.0,2307.12,14.0,0,
C001984,Carrier C,Liability,Agent,2026-05-09,2026-05,2026-05-16,Closed,0.0,15.05,7.0,145.0,12749.33,14.0,0,
C001985,Carrier C,Property,Mobile,2026-05-01,2026-05,,Open,0.0,1.94,,153.0,0.0,20.0,0,
C001986,Carrier B,Auto,Web,2026-07-24,2026-07,2026-07-30,Closed,0.0,12.81,6.0,69.0,3801.89,14.0,0,
C001987,Carrier C,Property,Agent,2026-08-18,2026-08,2026-08-28,Closed,0.0,14.57,10.0,44.0,2558.85,20.0,0,
C001988,Carrier B,Auto,Agent,2026-08-06,2026-08,2026-08-12,Closed,0.0,8.21,6.0,56.0,2402.97,14.0,0,
C001989,Carrier B,Liability,Web,2026-05-31,2026-05,2026-06-07,Closed,0.0,11.77,7.0,123.0,2469.84,14.0,1,0.4854
C001990,Carrier B,Auto,Agent,2026-06-19,2026-06,2026-06-28,Closed,0.0,3.26,9.0,104.0,2021.61,14.0,1,0.1193
C001991,Carrier A,Auto,Agent,2026-08-27,2026-08,,Open,1.0,14.72,,35.0,0.0,14.0,1,0.0496
C001992,Carrier B,Liability,Web,2026-04-21,2026-04,2026-04-27,Closed,0.0,8.77,6.0,163.0,2359.79,14.0,0,
C001993,Carrier C,Auto,Mobile,2026-09-26,2026-09,,Open,1.0,13.19,,5.0,0.0,14.0,0,
C001994,Carrier A,Auto,Mobile,2026-04-20,2026-04,2026-05-01,Closed,0.0,8.33,11.0,164.0,9096.09,14.0,0,
C001995,Carrier C,Liability,Web,2026-04-20,2026-04,2026-05-01,Closed,1.0,11.55,11.0,164.0,2446.0,14.0,0,
C001996,Carrier A,Liability,Agent,2026-05-11,2026-05,2026-05-27,Closed,1.0,25.02,16.0,143.0,8414.18,14.0,0,
C001997,Carrier B,Property,Web,2026-07-27,2026-07,2026-08-02,Closed,0.0,15.02,6.0,66.0,2715.28,20.0,0,
C001998,Carrier B,Auto,Mobile,2026-08-28,2026-08,2026-09-11,Closed,1.0,21.26,14.0,34.0,4427.63,14.0,1,0.1794
C001999,Carrier C,Liability,Web,2026-05-25,2026-05,2026-06-08,Closed,1.0,12.77,14.0,129.0,6949.52,14.0,0,
C002000,Carrier A,Auto,Web,2026-04-04,2026-04,2026-04-25,Closed,1.0,22.15,21.0,180.0,7135.66,14.0,1,0.2868
C002001,Carrier B,Auto,Web,2026-04-28,2026-04,2026-05-13,Closed,0.0,8.44,15.0,156.0,1039.49,14.0,0,
C002002,Carrier A,Property,Mobile,2026-09-12,2026-09,,Open,1.0,21.65,,19.0,0.0,20.0,0,
C002003,Carrier B,Property,Web,2026-09-09,2026-09,2026-09-24,Closed,0.0,6.24,15.0,22.0,1756.96,20.0,1,0.7309
C002004,Carrier C,Liability,Agent,2026-04-05,2026-04,2026-04-12,Closed,0.0,11.79,7.0,179.0,5523.46,14.0,0,
C002005,Carrier B,Property,Mobile,2026-06-19,2026-06,2026-07-04,Closed,0.0,14.87,15.0,104.0,6284.35,20.0,0,
C002006,Carrier A,Liability,Mobile,2026-07-28,2026-07,,Open,0.0,3.96,,65.0,0.0,14.0,0,
C002007,Carrier C,Auto,Mobile,2026-06-21,2026-06,2026-06-23,Closed,0.0,14.16,2.0,102.0,2263.37,14.0,0,
C002008,Carrier A,Auto,Agent,2026-05-11,2026-05,2026-05-31,Closed,0.0,11.69,20.0,143.0,5265.6,14.0,1,0.0987
C002009,Carrier C,Liability,Mobile,2026-09-06,2026-09,2026-09-18,Closed,1.0,20.99,12.0,25.0,9479.04,14.0,2,0.9143
C002010,Carrier C,Liability,Web,2026-05-12,2026-05,2026-05-23,Closed,0.0,5.83,11.0,142.0,8663.86,14.0,0,
C002011,Carrier C,Auto,Web,2026-04-03,2026-04,2026-04-05,Closed,0.0,9.41,2.0,181.0,13049.67,14.0,1,0.7931
C002012,Carrier C,Property,Agent,2026-05-29,2026-05,2026-06-15,Closed,1.0,25.3,17.0,125.0,3352.52,20.0,0,
C002013,Carrier B,Property,Agent,2026-04-21,2026-04,2026-05-10,Closed,0.0,4.37,19.0,163.0,4415.9,20.0,0,
C002014,Carrier B,Property,Web,2026-05-02,2026-05,2026-05-17,Closed,0.0,14.39,15.0,152.0,8371.04,20.0,1,0.4261
C002015,Carrier A,Property,Web,2026-07-12,2026-07,2026-07-22,Closed,0.0,4.18,10.0,81.0,970.98,20.0,0,
C002016,Carrier B,Auto,Web,2026-04-01,2026-04,,Open,0.0,1.41,,183.0,0.0,14.0,0,
C002017,Carrier C,Auto,Agent,2026-06-07,2026-06,2026-06-14,Closed,0.0,9.32,7.0,116.0,2063.41,14.0,1,0.7733
C002018,Carrier C,Auto,Mobile,2026-04-12,2026-04,2026-04-19,Closed,0.0,9.75,7.0,172.0,4317.04,14.0,0,
C002019,Carrier A,Liability,Agent,2026-09-07,2026-09,2026-09-13,Closed,0.0,9.38,6.0,24.0,3562.68,14.0,0,
C002020,Carrier A,Property,Web,2026-07-09,2026-07,2026-07-22,Closed,0.0,3.88,13.0,84.0,1239.58,20.0,0,
C002021,Carrier A,Auto,Mobile,2026-04-20,2026-04,2026-04-26,Closed,0.0,14.17,6.0,164.0,2933.54,14.0,0,
C002022,Carrier B,Property,Web,2026-05-17,2026-05,2026-05-28,Closed,0.0,7.25,11.0,137.0,4806.15,20.0,0,
C002023,Carrier A,Auto,Agent,2026-04-25,2026-04,2026-05-08,Closed,0.0,12.73,13.0,159.0,3114.02,14.0,1,0.0448
C002024,Carrier B,Auto,Web,2026-04-10,2026-04,2026-04-11,Closed,0.0,14.97,1.0,174.0,948.85,14.0,0,
C002025,Carrier A,Liability,Web,2026-07-26,2026-07,2026-07-31,Closed,0.0,8.79,5.0,67.0,2346.9,14.0,0,
C002026,Carrier B,Property,Web,2026-09-30,2026-09,,Open,0.0,12.02,,1.0,0.0,20.0,0,
C002027,Carrier A,Property,Web,2026-08-13,2026-08,2026-08-20,Closed,0.0,9.19,7.0,49.0,4199.28,20.0,1,0.5744
C002028,Carrier C,Property,Agent,2026-05-28,2026-05,2026-06-22,Closed,0.0,17.12,25.0,126.0,5163.91,20.0,0,
C002029,Carrier A,Auto,Web,2026-07-31,2026-07,2026-08-31,Closed,0.0,6.35,31.0,62.0,9030.39,14.0,1,0.3213
C002030,Carrier B,Liability,Mobile,2026-08-07,2026-08,2026-08-14,Closed,0.0,16.36,7.0,55.0,3054.59,14.0,0,
C002031,Carrier B,Liability,Agent,2026-05-03,2026-05,2026-05-10,Closed,0.0,10.34,7.0,151.0,1007.66,14.0,1,0.2383
C002032,Carrier A,Auto,Web,2026-05-24,2026-05,2026-05-28,Closed,0.0,9.29,4.0,130.0,3032.13,14.0,0,
C002033,Carrier A,Property,Web,2026-05-31,2026-05,2026-06-07,Closed,0.0,15.54,7.0,123.0,2744.74,20.0,1,0.8201
C002034,Carrier C,Auto,Web,2026-08-31,2026-08,2026-09-15,Closed,1.0,18.8,15.0,31.0,3818.19,14.0,1,0.4852
C002035,Carrier C,Auto,Agent,2026-08-20,2026-08,2026-09-03,Closed,0.0,13.69,14.0,42.0,2036.87,14.0,0,
C002036,Carrier A,Property,Web,2026-04-05,2026-04,2026-04-24,Closed,0.0,9.34,19.0,179.0,3399.91,20.0,0,
C002037,Carrier A,Property,Web,2026-06-22,2026-06,2026-06-27,Closed,0.0,4.56,5.0,101.0,5701.7,20.0,0,
C002038,Carrier B,Auto,Agent,2026-04-03,2026-04,2026-04-05,Closed,0.0,9.39,2.0,181.0,1197.56,14.0,1,0.0783
C002039,Carrier B,Property,Web,2026-07-06,2026-07,2026-07-13,Closed,0.0,3.93,7.0,87.0,2850.66,20.0,0,
C002040,Carrier C,Auto,Agent,2026-06-06,2026-06,2026-06-13,Closed,0.0,6.98,7.0,117.0,6276.0,14.0,0,
C002041,Carrier A,Auto,Mobile,2026-06-30,2026-06,2026-07-13,Closed,0.0,7.28,13.0,93.0,2720.49,14.0,0,
C002042,Carrier B,Liability,Mobile,2026-08-27,2026-08,2026-09-01,Closed,0.0,7.37,5.0,35.0,3844.72,14.0,0,
C002043,Carrier B,Liability,Web,2026-09-12,2026-09,2026-09-13,Closed,0.0,13.84,1.0,19.0,14010.92,14.0,0,
C002044,Carrier C,Auto,Agent,2026-08-19,2026-08,2026-08-27,Closed,0.0,12.11,8.0,43.0,9826.93,14.0,0,
C002045,Carrier A,Auto,Mobile,2026-04-01,2026-04,2026-04-03,Closed,0.0,10.92,2.0,183.0,5171.24,14.0,0,
C002046,Carrier C,Property,Mobile,2026-07-01,2026-07,2026-07-13,Closed,0.0,11.87,12.0,92.0,4185.15,20.0,0,
C002047,Carrier A,Liability,Mobile,2026-05-09,2026-05,2026-05-16,Closed,0.0,4.64,7.0,145.0,1201.6,14.0,0,
C002048,Carrier B,Auto,Web,2026-04-03,2026-04,2026-04-05,Closed,0.0,9.85,2.0,181.0,5429.86,14.0,0,
C002049,Carrier C,Auto,Agent,2026-04-15,2026-04,2026-04-28,Closed,1.0,16.39,13.0,169.0,3650.92,14.0,0,
C002050,Carrier A,Liability,Agent,2026-06-24,2026-06,2026-07-03,Closed,0.0,4.42,9.0,99.0,5189.56,14.0,1,0.6734
C002051,Carrier C,Property,Web,2026-08-10,2026-08,2026-08-24,Closed,0.0,11.21,14.0,52.0,3171.27,20.0,1,0.4159
C002052,Carrier A,Auto,Web,2026-07-02,2026-07,,Open,0.0,10.05,,91.0,0.0,14.0,0,
C002053,Carrier B,Liability,Web,2026-07-08,2026-07,2026-07-14,Closed,0.0,9.47,6.0,85.0,2911.42,14.0,0,
C002054,Carrier B,Auto,Agent,2026-08-20,2026-08,2026-09-02,Closed,0.0,2.84,13.0,42.0,930.88,14.0,0,
C002055,Carrier C,Property,Agent,2026-05-22,2026-05,2026-06-07,Closed,1.0,27.73,16.0,132.0,5593.06,20.0,1,0.4864
C002056,Carrier B,Liability,Web,2026-04-04,2026-04,,Open,0.0,10.86,,180.0,0.0,14.0,0,
C002057,Carrier C,Liability,Web,2026-07-28,2026-07,2026-08-02,Closed,0.0,12.63,5.0,65.0,2013.01,14.0,0,
C002058,Carrier B,Liability,Mobile,2026-06-19,2026-06,2026-06-21,Closed,0.0,8.28,2.0,104.0,1373.43,14.0,1,0.3896
C002059,Carrier A,Property,Mobile,2026-05-23,2026-05,2026-06-12,Closed,1.0,20.98,20.0,131.0,6440.25,20.0,0,
C002060,Carrier A,Auto,Mobile,2026-07-20,2026-07,2026-07-23,Closed,0.0,4.52,3.0,73.0,28892.06,14.0,0,
C002061,Carrier C,Property,Mobile,2026-07-10,2026-07,2026-07-23,Closed,0.0,11.14,13.0,83.0,8272.7,20.0,0,
C002062,Carrier A,Liability,Web,2026-09-06,2026-09,2026-09-21,Closed,0.0,5.64,15.0,25.0,1144.85,14.0,1,0.8553
C002063,Carrier A,Property,Agent,2026-09-02,2026-09,2026-09-13,Closed,0.0,14.89,11.0,29.0,3691.12,20.0,0,
C002064,Carrier B,Liability,Web,2026-08-11,2026-08,2026-08-21,Closed,0.0,15.52,10.0,51.0,5624.2,14.0,1,0.6997
C002065,Carrier C,Auto,Web,2026-05-11,2026-05,2026-05-17,Closed,0.0,1.32,6.0,143.0,4525.69,14.0,0,
C002066,Carrier C,Property,Agent,2026-06-15,2026-06,2026-07-01,Closed,0.0,14.18,16.0,108.0,1997.82,20.0,0,
C002067,Carrier B,Liability,Agent,2026-04-19,2026-04,2026-04-27,Closed,0.0,9.25,8.0,165.0,2341.99,14.0,0,
C002068,Carrier B,Property,Mobile,2026-04-23,2026-04,2026-05-03,Closed,0.0,15.5,10.0,161.0,2870.28,20.0,1,0.0292
C002069,Carrier B,Auto,Web,2026-05-06,2026-05,2026-05-07,Closed,0.0,12.73,1.0,148.0,1153.22,14.0,0,
C002070,Carrier A,Property,Mobile,2026-08-04,2026-08,2026-08-24,Closed,0.0,16.18,20.0,58.0,8275.43,20.0,1,0.0451
C002071,Carrier A,Liability,Web,2026-06-15,2026-06,2026-06-20,Closed,0.0,1.58,5.0,108.0,3070.43,14.0,0,
C002072,Carrier C,Liability,Mobile,2026-06-16,2026-06,2026-06-25,Closed,0.0,3.55,9.0,107.0,1663.58,14.0,1,0.482
C002073,Carrier A,Property,Mobile,2026-05-13,2026-05,2026-05-31,Closed,0.0,9.78,18.0,141.0,3293.57,20.0,1,0.1221
C002074,Carrier C,Liability,Web,2026-06-29,2026-06,2026-07-02,Closed,0.0,1.85,3.0,94.0,3908.29,14.0,0,
C002075,Carrier C,Liability,Web,2026-07-29,2026-07,2026-08-16,Closed,0.0,7.22,18.0,64.0,4633.4,14.0,1,0.8214
C002076,Carrier B,Auto,Agent,2026-05-06,2026-05,,Open,0.0,13.81,,148.0,0.0,14.0,0,
C002077,Carrier C,Property,Web,2026-06-09,2026-06,2026-06-18,Closed,0.0,9.14,9.0,114.0,3808.93,20.0,0,
C002078,Carrier B,Liability,Mobile,2026-06-28,2026-06,2026-07-05,Closed,0.0,5.52,7.0,95.0,2267.35,14.0,0,
C002079,Carrier B,Auto,Web,2026-05-29,2026-05,,Open,0.0,17.98,,125.0,0.0,14.0,1,0.8319
C002080,Carrier A,Liability,Agent,2026-08-06,2026-08,2026-08-13,Closed,0.0,17.31,7.0,56.0,7512.5,14.0,0,
C002081,Carrier B,Auto,Agent,2026-04-13,2026-04,2026-04-28,Closed,0.0,9.91,15.0,171.0,17975.97,14.0,0,
C002082,Carrier A,Property,Mobile,2026-09-08,2026-09,2026-09-16,Closed,0.0,8.01,8.0,23.0,10318.39,20.0,0,
C002083,Carrier B,Auto,Agent,2026-04-21,2026-04,2026-04-27,Closed,0.0,8.16,6.0,163.0,2343.56,14.0,2,0.1862
C002084,Carrier A,Auto,Agent,2026-09-02,2026-09,2026-09-17,Closed,1.0,12.43,15.0,29.0,4249.74,14.0,0,
C002085,Carrier C,Auto,Mobile,2026-06-03,2026-06,2026-06-15,Closed,1.0,24.41,12.0,120.0,1528.17,14.0,0,
C002086,Carrier B,Auto,Agent,2026-08-19,2026-08,,Open,0.0,1.79,,43.0,0.0,14.0,0,
C002087,Carrier C,Auto,Web,2026-05-24,2026-05,2026-05-28,Closed,0.0,9.63,4.0,130.0,7111.79,14.0,0,
C002088,Carrier A,Property,Mobile,2026-07-31,2026-07,2026-08-09,Closed,0.0,2.61,9.0,62.0,5251.89,20.0,0,
C002089,Carrier C,Auto,Web,2026-06-19,2026-06,2026-06-23,Closed,0.0,6.81,4.0,104.0,8282.58,14.0,0,
C002090,Carrier A,Property,Agent,2026-08-12,2026-08,2026-08-29,Closed,0.0,12.84,17.0,50.0,1982.82,20.0,0,
C002091,Carrier C,Auto,Web,2026-04-01,2026-04,2026-04-03,Closed,0.0,14.0,2.0,183.0,5070.33,14.0,0,
C002092,Carrier B,Auto,Web,2026-07-31,2026-07,2026-08-11,Closed,1.0,21.28,11.0,62.0,3808.5,14.0,0,
C002093,Carrier C,Auto,Mobile,2026-09-02,2026-09,2026-09-05,Closed,0.0,12.06,3.0,29.0,549.73,14.0,1,0.7967
C002094,Carrier C,Auto,Web,2026-04-24,2026-04,,Open,0.0,4.05,,160.0,0.0,14.0,0,
C002095,Carrier A,Auto,Mobile,2026-09-02,2026-09,2026-09-12,Closed,1.0,24.21,10.0,29.0,1171.99,14.0,0,
C002096,Carrier A,Property,Web,2026-04-06,2026-04,2026-04-24,Closed,1.0,11.66,18.0,178.0,3162.42,20.0,0,
C002097,Carrier A,Liability,Agent,2026-08-13,2026-08,2026-08-16,Closed,0.0,5.17,3.0,49.0,424.71,14.0,0,
C002098,Carrier B,Liability,Agent,2026-07-29,2026-07,2026-08-30,Closed,0.0,4.36,32.0,64.0,15012.19,14.0,1,0.7599
C002099,Carrier B,Property,Web,2026-06-17,2026-06,2026-06-26,Closed,0.0,6.13,9.0,106.0,5696.12,20.0,2,0.8824
C002100,Carrier A,Property,Mobile,2026-07-01,2026-07,2026-07-16,Closed,0.0,2.52,15.0,92.0,4326.6,20.0,0,
C002101,Carrier B,Auto,Agent,2026-04-09,2026-04,2026-04-16,Closed,0.0,6.31,7.0,175.0,1874.58,14.0,0,
C002102,Carrier C,Auto,Web,2026-06-22,2026-06,2026-07-01,Closed,0.0,4.54,9.0,101.0,3912.37,14.0,0,
C002103,Carrier B,Property,Agent,2026-09-24,2026-09,,Open,0.0,10.13,,7.0,0.0,20.0,0,
C002104,Carrier A,Property,Web,2026-05-13,2026-05,2026-05-29,Closed,1.0,24.44,16.0,141.0,658.39,20.0,0,
C002105,Carrier A,Auto,Web,2026-05-19,2026-05,2026-06-08,Closed,1.0,15.24,20.0,135.0,2297.72,14.0,0,
C002106,Carrier B,Liability,Agent,2026-05-24,2026-05,2026-06-05,Closed,0.0,2.41,12.0,130.0,1389.62,14.0,0,
C002107,Carrier A,Auto,Agent,2026-08-04,2026-08,2026-08-09,Closed,0.0,6.87,5.0,58.0,3920.77,14.0,1,0.6801
C002108,Carrier C,Auto,Agent,2026-07-15,2026-07,2026-07-17,Closed,0.0,5.92,2.0,78.0,4409.68,14.0,0,
C002109,Carrier A,Auto,Web,2026-09-19,2026-09,2026-09-24,Closed,0.0,1.83,5.0,12.0,3564.38,14.0,0,
C002110,Carrier A,Liability,Agent,2026-05-15,2026-05,2026-05-28,Closed,0.0,2.71,13.0,139.0,2729.52,14.0,0,
C002111,Carrier C,Auto,Mobile,2026-09-04,2026-09,2026-09-07,Closed,0.0,9.32,3.0,27.0,5354.62,14.0,0,
C002112,Carrier A,Property,Web,2026-09-07,2026-09,2026-09-24,Closed,0.0,5.98,17.0,24.0,6149.88,20.0,0,
C002113,Carrier A,Liability,Mobile,2026-05-04,2026-05,2026-06-03,Closed,1.0,15.62,30.0,150.0,1074.49,14.0,0,
C002114,Carrier A,Liability,Mobile,2026-05-20,2026-05,2026-05-26,Closed,0.0,2.8,6.0,134.0,2762.8,14.0,0,
C002115,Carrier C,Liability,Web,2026-07-02,2026-07,2026-07-05,Closed,0.0,6.24,3.0,91.0,2803.94,14.0,0,
C002116,Carrier C,Auto,Mobile,2026-09-16,2026-09,,Open,1.0,11.42,,15.0,0.0,14.0,0,
C002117,Carrier C,Liability,Mobile,2026-09-12,2026-09,2026-09-27,Closed,0.0,12.39,15.0,19.0,1386.88,14.0,0,
C002118,Carrier C,Property,Agent,2026-08-28,2026-08,2026-09-18,Closed,0.0,2.78,21.0,34.0,3495.45,20.0,0,
C002119,Carrier B,Auto,Agent,2026-09-28,2026-09,,Open,0.0,1.48,,3.0,0.0,14.0,0,
C002120,Carrier C,Auto,Mobile,2026-09-08,2026-09,2026-09-27,Closed,0.0,1.14,19.0,23.0,13594.67,14.0,0,
C002121,Carrier C,Property,Web,2026-05-02,2026-05,2026-05-25,Closed,0.0,16.32,23.0,152.0,3608.79,20.0,0,
C002122,Carrier B,Liability,Web,2026-04-14,2026-04,,Open,0.0,4.11,,170.0,0.0,14.0,0,
C002123,Carrier C,Liability,Mobile,2026-09-14,2026-09,2026-09-26,Closed,1.0,18.39,12.0,17.0,9479.05,14.0,0,
C002124,Carrier A,Liability,Web,2026-09-08,2026-09,2026-09-25,Closed,1.0,12.22,17.0,23.0,2010.35,14.0,0,
C002125,Carrier C,Auto,Web,2026-05-07,2026-05,,Open,0.0,15.23,,147.0,0.0,14.0,0,
C002126,Carrier A,Property,Mobile,2026-08-09,2026-08,2026-08-26,Closed,1.0,27.55,17.0,53.0,7045.35,20.0,1,0.1004
C002127,Carrier B,Liability,Mobile,2026-06-25,2026-06,2026-07-06,Closed,0.0,12.75,11.0,98.0,8504.38,14.0,1,0.4018
C002128,Carrier A,Auto,Agent,2026-07-18,2026-07,2026-07-21,Closed,0.0,13.34,3.0,75.0,1508.91,14.0,0,
C002129,Carrier C,Property,Agent,2026-09-19,2026-09,,Open,0.0,4.41,,12.0,0.0,20.0,3,0.6605
C002130,Carrier A,Property,Mobile,2026-06-03,2026-06,2026-06-18,Closed,0.0,3.5,15.0,120.0,1318.38,20.0,0,
C002131,Carrier C,Property,Agent,2026-07-23,2026-07,2026-08-02,Closed,0.0,5.25,10.0,70.0,1833.67,20.0,0,
C002132,Carrier B,Liability,Mobile,2026-09-06,2026-09,2026-09-15,Closed,1.0,16.85,9.0,25.0,1996.94,14.0,1,0.4652
C002133,Carrier A,Liability,Web,2026-07-15,2026-07,2026-07-18,Closed,0.0,4.42,3.0,78.0,16561.84,14.0,2,0.8845
C002134,Carrier B,Liability,Agent,2026-08-06,2026-08,2026-08-16,Closed,0.0,13.71,10.0,56.0,761.53,14.0,0,
C002135,Carrier C,Auto,Web,2026-08-05,2026-08,2026-08-11,Closed,0.0,5.83,6.0,57.0,5805.94,14.0,1,0.455
C002136,Carrier A,Auto,Agent,2026-05-02,2026-05,2026-05-20,Closed,0.0,8.6,18.0,152.0,1253.47,14.0,0,
C002137,Carrier A,Liability,Agent,2026-04-17,2026-04,2026-04-28,Closed,0.0,6.63,11.0,167.0,1293.61,14.0,0,
C002138,Carrier B,Property,Web,2026-06-17,2026-06,2026-06-25,Closed,0.0,11.34,8.0,106.0,10600.48,20.0,1,0.7931
C002139,Carrier B,Auto,Mobile,2026-04-01,2026-04,2026-04-11,Closed,0.0,6.87,10.0,183.0,2493.41,14.0,0,
C002140,Carrier A,Liability,Web,2026-08-27,2026-08,2026-09-01,Closed,0.0,5.68,5.0,35.0,10830.65,14.0,0,
C002141,Carrier A,Property,Agent,2026-09-02,2026-09,2026-09-10,Closed,0.0,12.15,8.0,29.0,1556.12,20.0,1,0.789
C002142,Carrier B,Liability,Agent,2026-07-16,2026-07,2026-07-24,Closed,0.0,17.28,8.0,77.0,942.24,14.0,0,
C002143,Carrier A,Property,Mobile,2026-05-28,2026-05,2026-06-17,Closed,1.0,25.03,20.0,126.0,4529.68,20.0,1,0.8479
C002144,Carrier A,Liability,Agent,2026-06-30,2026-06,2026-07-04,Closed,0.0,6.76,4.0,93.0,5184.11,14.0,0,
C002145,Carrier B,Property,Agent,2026-07-04,2026-07,,Open,0.0,15.11,,89.0,0.0,20.0,0,
C002146,Carrier A,Auto,Web,2026-05-05,2026-05,2026-05-21,Closed,0.0,3.26,16.0,149.0,5172.25,14.0,3,0.5261
C002147,Carrier C,Auto,Agent,2026-09-08,2026-09,2026-09-13,Closed,0.0,14.1,5.0,23.0,5507.84,14.0,1,0.6233
C002148,Carrier B,Auto,Mobile,2026-06-01,2026-06,2026-06-18,Closed,1.0,23.15,17.0,122.0,15759.46,14.0,0,
C002149,Carrier C,Auto,Agent,2026-08-30,2026-08,2026-09-02,Closed,0.0,1.77,3.0,32.0,6402.51,14.0,0,
C002150,Carrier A,Auto,Mobile,2026-09-05,2026-09,2026-09-23,Closed,0.0,14.44,18.0,26.0,2463.86,14.0,0,
C002151,Carrier C,Liability,Web,2026-05-21,2026-05,2026-05-28,Closed,0.0,9.1,7.0,133.0,5706.45,14.0,0,
C002152,Carrier A,Liability,Agent,2026-05-06,2026-05,2026-05-12,Closed,0.0,1.47,6.0,148.0,8169.7,14.0,0,
C002153,Carrier C,Property,Agent,2026-08-15,2026-08,2026-08-21,Closed,0.0,13.27,6.0,47.0,2753.67,20.0,0,
C002154,Carrier B,Property,Mobile,2026-08-17,2026-08,2026-09-06,Closed,1.0,27.27,20.0,45.0,1396.72,20.0,0,
C002155,Carrier B,Liability,Mobile,2026-08-26,2026-08,2026-08-31,Closed,0.0,16.68,5.0,36.0,8010.33,14.0,0,
C002156,Carrier A,Property,Web,2026-04-28,2026-04,2026-05-06,Closed,0.0,9.78,8.0,156.0,4113.26,20.0,0,
C002157,Carrier A,Property,Web,2026-04-29,2026-04,2026-05-08,Closed,0.0,13.53,9.0,155.0,584.31,20.0,0,
C002158,Carrier C,Liability,Agent,2026-08-21,2026-08,2026-09-02,Closed,0.0,9.03,12.0,41.0,2494.91,14.0,0,
C002159,Carrier B,Auto,Mobile,2026-04-10,2026-04,2026-04-30,Closed,0.0,9.41,20.0,174.0,3156.88,14.0,0,
C002160,Carrier C,Liability,Agent,2026-04-01,2026-04,2026-04-08,Closed,0.0,1.64,7.0,183.0,1889.54,14.0,0,
C002161,Carrier A,Liability,Mobile,2026-04-06,2026-04,2026-04-28,Closed,0.0,4.11,22.0,178.0,13640.53,14.0,0,
C002162,Carrier C,Auto,Web,2026-06-05,2026-06,2026-06-17,Closed,1.0,13.89,12.0,118.0,5446.03,14.0,0,
C002163,Carrier B,Auto,Agent,2026-08-18,2026-08,2026-09-06,Closed,0.0,7.5,19.0,44.0,8974.56,14.0,0,
C002164,Carrier A,Property,Mobile,2026-09-08,2026-09,2026-09-23,Closed,1.0,20.62,15.0,23.0,4370.09,20.0,0,
C002165,Carrier C,Liability,Agent,2026-08-11,2026-08,2026-09-06,Closed,0.0,12.15,26.0,51.0,2159.35,14.0,0,
C002166,Carrier C,Liability,Agent,2026-06-09,2026-06,2026-06-13,Closed,0.0,10.66,4.0,114.0,2079.75,14.0,1,0.0592
C002167,Carrier B,Liability,Agent,2026-08-06,2026-08,2026-08-16,Closed,1.0,19.69,10.0,56.0,5915.91,14.0,0,
C002168,Carrier C,Liability,Web,2026-07-21,2026-07,2026-07-23,Closed,0.0,6.21,2.0,72.0,1971.19,14.0,0,
C002169,Carrier C,Auto,Web,2026-09-27,2026-09,2026-09-30,Closed,0.0,4.3,3.0,4.0,7022.67,14.0,0,
C002170,Carrier C,Auto,Mobile,2026-09-03,2026-09,2026-09-07,Closed,0.0,10.15,4.0,28.0,2669.66,14.0,0,
C002171,Carrier A,Liability,Agent,2026-05-29,2026-05,2026-06-22,Closed,0.0,9.27,24.0,125.0,2323.88,14.0,0,
C002172,Carrier A,Auto,Mobile,2026-09-03,2026-09,2026-09-06,Closed,0.0,1.18,3.0,28.0,1488.2,14.0,0,
C002173,Carrier A,Auto,Agent,2026-05-17,2026-05,2026-05-24,Closed,0.0,3.85,7.0,137.0,1909.95,14.0,0,
C002174,Carrier C,Liability,Mobile,2026-07-12,2026-07,2026-07-25,Closed,0.0,7.46,13.0,81.0,1565.97,14.0,1,0.1614
C002175,Carrier A,Liability,Web,2026-08-16,2026-08,2026-08-28,Closed,0.0,15.46,12.0,46.0,1121.73,14.0,0,
C002176,Carrier A,Property,Mobile,2026-07-01,2026-07,2026-07-10,Closed,0.0,5.48,9.0,92.0,2814.63,20.0,1,0.4692
C002177,Carrier C,Property,Web,2026-08-26,2026-08,,Open,0.0,7.04,,36.0,0.0,20.0,0,
C002178,Carrier B,Auto,Mobile,2026-06-29,2026-06,,Open,0.0,4.63,,94.0,0.0,14.0,0,
C002179,Carrier C,Auto,Mobile,2026-07-13,2026-07,2026-07-21,Closed,0.0,7.32,8.0,80.0,10303.59,14.0,0,
C002180,Carrier C,Auto,Mobile,2026-04-20,2026-04,2026-05-06,Closed,0.0,3.93,16.0,164.0,3402.0,14.0,1,0.4249
C002181,Carrier A,Property,Agent,2026-08-23,2026-08,2026-09-07,Closed,0.0,7.69,15.0,39.0,5995.22,20.0,0,
C002182,Carrier A,Liability,Agent,2026-07-25,2026-07,2026-07-29,Closed,0.0,2.12,4.0,68.0,3583.63,14.0,0,
C002183,Carrier B,Property,Mobile,2026-05-08,2026-05,2026-05-19,Closed,0.0,9.53,11.0,146.0,3105.18,20.0,0,
C002184,Carrier A,Liability,Agent,2026-09-16,2026-09,2026-09-26,Closed,0.0,17.85,10.0,15.0,5034.8,14.0,0,
C002185,Carrier C,Property,Mobile,2026-07-04,2026-07,2026-07-11,Closed,0.0,16.77,7.0,89.0,3319.58,20.0,0,
C002186,Carrier A,Property,Agent,2026-09-09,2026-09,2026-09-21,Closed,0.0,17.95,12.0,22.0,5927.45,20.0,0,
C002187,Carrier A,Property,Web,2026-09-19,2026-09,2026-09-26,Closed,0.0,5.44,7.0,12.0,7137.75,20.0,0,
C002188,Carrier A,Auto,Mobile,2026-07-08,2026-07,2026-07-19,Closed,0.0,1.39,11.0,85.0,5948.9,14.0,0,
C002189,Carrier B,Property,Web,2026-08-27,2026-08,2026-09-08,Closed,0.0,2.97,12.0,35.0,2300.97,20.0,1,0.1635
C002190,Carrier B,Liability,Agent,2026-08-29,2026-08,2026-09-11,Closed,0.0,4.64,13.0,33.0,2392.07,14.0,0,
C002191,Carrier C,Liability,Mobile,2026-04-03,2026-04,2026-04-06,Closed,0.0,17.27,3.0,181.0,544.28,14.0,0,
C002192,Carrier A,Auto,Mobile,2026-09-30,2026-09,2026-10-01,Closed,0.0,8.32,1.0,1.0,2605.14,14.0,0,
C002193,Carrier C,Liability,Mobile,2026-05-31,2026-05,,Open,0.0,13.19,,123.0,0.0,14.0,0,
C002194,Carrier A,Property,Mobile,2026-05-11,2026-05,2026-05-23,Closed,0.0,16.79,12.0,143.0,4854.71,20.0,0,
C002195,Carrier A,Property,Mobile,2026-04-01,2026-04,,Open,0.0,9.55,,183.0,0.0,20.0,0,
C002196,Carrier B,Property,Mobile,2026-04-08,2026-04,2026-05-01,Closed,0.0,2.12,23.0,176.0,1484.5,20.0,0,
C002197,Carrier B,Auto,Agent,2026-04-23,2026-04,2026-04-30,Closed,0.0,12.34,7.0,161.0,6379.52,14.0,0,
C002198,Carrier C,Property,Mobile,2026-09-13,2026-09,2026-09-29,Closed,0.0,4.04,16.0,18.0,8634.1,20.0,0,
C002199,Carrier A,Liability,Agent,2026-04-21,2026-04,2026-04-27,Closed,0.0,17.78,6.0,163.0,9346.83,14.0,1,0.4878
C002200,Carrier B,Property,Web,2026-07-24,2026-07,2026-08-05,Closed,0.0,14.31,12.0,69.0,3338.89,20.0,0,
C002201,Carrier B,Auto,Agent,2026-07-13,2026-07,2026-07-19,Closed,0.0,1.17,6.0,80.0,2834.64,14.0,1,0.9796
C002202,Carrier B,Property,Mobile,2026-06-28,2026-06,2026-07-13,Closed,0.0,16.7,15.0,95.0,4043.73,20.0,0,
C002203,Carrier A,Property,Mobile,2026-04-11,2026-04,2026-05-08,Closed,1.0,24.49,27.0,173.0,4370.33,20.0,0,
C002204,Carrier A,Liability,Agent,2026-04-02,2026-04,2026-04-04,Closed,0.0,14.84,2.0,182.0,7931.54,14.0,0,
C002205,Carrier C,Liability,Mobile,2026-04-26,2026-04,2026-05-05,Closed,1.0,11.71,9.0,158.0,1188.36,14.0,0,
C002206,Carrier B,Liability,Agent,2026-09-03,2026-09,2026-09-04,Closed,0.0,17.25,1.0,28.0,994.16,14.0,1,0.7527
C002207,Carrier B,Liability,Agent,2026-04-20,2026-04,2026-04-25,Closed,0.0,9.49,5.0,164.0,465.72,14.0,0,
C002208,Carrier C,Auto,Agent,2026-05-20,2026-05,2026-06-06,Closed,1.0,18.51,17.0,134.0,2245.95,14.0,0,
C002209,Carrier A,Property,Agent,2026-06-24,2026-06,2026-07-08,Closed,0.0,12.79,14.0,99.0,4916.49,20.0,0,
C002210,Carrier A,Auto,Web,2026-07-26,2026-07,2026-08-01,Closed,0.0,12.67,6.0,67.0,1853.36,14.0,1,0.3731
C002211,Carrier C,Property,Web,2026-07-27,2026-07,2026-08-04,Closed,0.0,8.39,8.0,66.0,953.43,20.0,0,
C002212,Carrier B,Liability,Web,2026-07-17,2026-07,2026-07-27,Closed,0.0,17.71,10.0,76.0,3051.29,14.0,0,
C002213,Carrier C,Property,Web,2026-09-25,2026-09,,Open,0.0,2.45,,6.0,0.0,20.0,0,
C002214,Carrier A,Auto,Mobile,2026-06-29,2026-06,2026-07-07,Closed,0.0,14.44,8.0,94.0,7882.25,14.0,0,
C002215,Carrier C,Auto,Agent,2026-05-23,2026-05,2026-05-28,Closed,0.0,3.05,5.0,131.0,1335.01,14.0,1,0.4645
C002216,Carrier C,Liability,Agent,2026-06-11,2026-06,2026-06-13,Closed,0.0,6.39,2.0,112.0,3100.82,14.0,0,
C002217,Carrier A,Property,Agent,2026-05-23,2026-05,2026-06-03,Closed,0.0,16.83,11.0,131.0,6777.0,20.0,0,
C002218,Carrier C,Auto,Web,2026-09-27,2026-09,2026-10-01,Closed,0.0,2.19,4.0,4.0,3185.83,14.0,0,
C002219,Carrier C,Liability,Agent,2026-07-31,2026-07,2026-08-15,Closed,1.0,14.62,15.0,62.0,3148.01,14.0,0,
C002220,Carrier C,Liability,Mobile,2026-05-17,2026-05,2026-05-26,Closed,0.0,11.47,9.0,137.0,2155.29,14.0,0,
C002221,Carrier C,Liability,Agent,2026-04-21,2026-04,2026-05-05,Closed,1.0,16.21,14.0,163.0,1559.36,14.0,0,
C002222,Carrier B,Property,Mobile,2026-05-22,2026-05,2026-06-18,Closed,1.0,21.05,27.0,132.0,3123.28,20.0,0,
C002223,Carrier C,Property,Agent,2026-05-26,2026-05,2026-06-03,Closed,0.0,10.84,8.0,128.0,2173.87,20.0,0,
C002224,Carrier C,Liability,Mobile,2026-09-05,2026-09,2026-09-06,Closed,0.0,8.51,1.0,26.0,2425.42,14.0,0,
C002225,Carrier A,Liability,Agent,2026-06-06,2026-06,2026-07-03,Closed,0.0,1.46,27.0,117.0,1792.89,14.0,0,
C002226,Carrier C,Liability,Mobile,2026-07-11,2026-07,2026-07-13,Closed,0.0,12.4,2.0,82.0,2635.99,14.0,0,
C002227,Carrier C,Property,Web,2026-08-07,2026-08,2026-08-21,Closed,0.0,15.94,14.0,55.0,4926.86,20.0,0,
C002228,Carrier B,Auto,Mobile,2026-09-17,2026-09,2026-09-28,Closed,1.0,20.48,11.0,14.0,3544.78,14.0,2,0.303
C002229,Carrier C,Property,Mobile,2026-07-25,2026-07,2026-08-07,Closed,0.0,9.04,13.0,68.0,828.7,20.0,1,0.5984
C002230,Carrier A,Auto,Web,2026-08-13,2026-08,2026-09-01,Closed,0.0,3.32,19.0,49.0,5923.56,14.0,1,0.9378
C002231,Carrier A,Liability,Web,2026-09-12,2026-09,2026-09-26,Closed,1.0,25.96,14.0,19.0,7232.14,14.0,0,
C002232,Carrier A,Property,Web,2026-06-09,2026-06,2026-06-25,Closed,0.0,4.74,16.0,114.0,3231.01,20.0,0,
C002233,Carrier C,Property,Agent,2026-07-06,2026-07,2026-07-20,Closed,0.0,10.58,14.0,87.0,1111.17,20.0,0,
C002234,Carrier A,Property,Mobile,2026-05-09,2026-05,2026-06-01,Closed,0.0,3.5,23.0,145.0,6320.96,20.0,0,
C002235,Carrier C,Auto,Agent,2026-07-15,2026-07,2026-07-22,Closed,0.0,4.48,7.0,78.0,5257.48,14.0,0,
C002236,Carrier B,Auto,Web,2026-07-29,2026-07,2026-08-09,Closed,0.0,11.5,11.0,64.0,7048.42,14.0,0,
C002237,Carrier A,Property,Web,2026-05-08,2026-05,2026-05-20,Closed,0.0,1.95,12.0,146.0,7027.32,20.0,0,
C002238,Carrier B,Liability,Agent,2026-07-27,2026-07,2026-08-01,Closed,0.0,3.85,5.0,66.0,1168.76,14.0,0,
C002239,Carrier C,Liability,Agent,2026-05-17,2026-05,2026-05-27,Closed,0.0,10.37,10.0,137.0,1354.31,14.0,0,
C002240,Carrier C,Liability,Agent,2026-05-01,2026-05,2026-05-03,Closed,0.0,2.29,2.0,153.0,2562.12,14.0,0,
C002241,Carrier A,Property,Mobile,2026-07-05,2026-07,2026-07-23,Closed,0.0,2.33,18.0,88.0,13174.66,20.0,0,
C002242,Carrier A,Property,Mobile,2026-07-03,2026-07,2026-07-09,Closed,0.0,5.92,6.0,90.0,3265.34,20.0,0,
C002243,Carrier A,Property,Mobile,2026-06-22,2026-06,2026-07-04,Closed,0.0,1.82,12.0,101.0,2320.01,20.0,0,
C002244,Carrier A,Liability,Agent,2026-04-24,2026-04,2026-05-21,Closed,0.0,13.45,27.0,160.0,1469.22,14.0,0,
C002245,Carrier B,Liability,Web,2026-06-27,2026-06,2026-07-08,Closed,1.0,15.13,11.0,96.0,3792.49,14.0,0,
C002246,Carrier C,Liability,Web,2026-05-26,2026-05,2026-05-28,Closed,0.0,14.72,2.0,128.0,6281.84,14.0,0,
C002247,Carrier C,Property,Mobile,2026-07-09,2026-07,2026-07-28,Closed,1.0,21.87,19.0,84.0,1518.99,20.0,0,
C002248,Carrier C,Liability,Web,2026-07-30,2026-07,,Open,0.0,10.83,,63.0,0.0,14.0,1,0.1307
C002249,Carrier B,Liability,Mobile,2026-09-21,2026-09,2026-09-30,Closed,0.0,12.04,9.0,10.0,3977.56,14.0,0,
C002250,Carrier B,Property,Agent,2026-08-29,2026-08,2026-09-20,Closed,0.0,2.99,22.0,33.0,2660.69,20.0,0,
C002251,Carrier A,Auto,Mobile,2026-04-18,2026-04,2026-05-01,Closed,1.0,16.5,13.0,166.0,10336.99,14.0,0,
C002252,Carrier C,Auto,Agent,2026-05-25,2026-05,2026-05-27,Closed,0.0,4.42,2.0,129.0,1490.42,14.0,0,
C002253,Carrier C,Property,Mobile,2026-08-29,2026-08,2026-09-16,Closed,0.0,15.18,18.0,33.0,1753.85,20.0,0,
C002254,Carrier A,Liability,Web,2026-06-18,2026-06,2026-06-27,Closed,0.0,13.79,9.0,105.0,3324.0,14.0,0,
C002255,Carrier B,Auto,Web,2026-09-09,2026-09,2026-09-10,Closed,0.0,12.33,1.0,22.0,7019.58,14.0,1,0.4789
C002256,Carrier B,Property,Agent,2026-08-03,2026-08,2026-08-19,Closed,1.0,27.82,16.0,59.0,4232.5,20.0,0,
C002257,Carrier C,Liability,Web,2026-06-22,2026-06,2026-07-16,Closed,0.0,14.11,24.0,101.0,491.2,14.0,1,0.6781
C002258,Carrier C,Auto,Agent,2026-06-27,2026-06,,Open,1.0,11.24,,96.0,0.0,14.0,1,0.7599
C002259,Carrier A,Property,Agent,2026-05-22,2026-05,2026-05-28,Closed,0.0,3.84,6.0,132.0,2855.59,20.0,1,0.447
C002260,Carrier A,Auto,Agent,2026-04-20,2026-04,2026-04-28,Closed,0.0,6.57,8.0,164.0,5163.2,14.0,0,
C002261,Carrier B,Auto,Web,2026-04-19,2026-04,2026-04-28,Closed,0.0,1.86,9.0,165.0,788.95,14.0,0,
C002262,Carrier A,Property,Web,2026-04-04,2026-04,2026-04-11,Closed,0.0,5.09,7.0,180.0,1210.48,20.0,0,
C002263,Carrier C,Liability,Agent,2026-04-18,2026-04,2026-04-29,Closed,0.0,1.88,11.0,166.0,2808.6,14.0,0,
C002264,Carrier A,Liability,Web,2026-08-24,2026-08,2026-08-28,Closed,0.0,16.94,4.0,38.0,2171.47,14.0,2,0.8342
C002265,Carrier C,Auto,Mobile,2026-07-10,2026-07,2026-07-29,Closed,1.0,19.4,19.0,83.0,3859.16,14.0,0,
C002266,Carrier A,Auto,Agent,2026-05-01,2026-05,2026-05-17,Closed,0.0,3.48,16.0,153.0,8836.64,14.0,0,
C002267,Carrier A,Liability,Agent,2026-09-01,2026-09,2026-09-09,Closed,0.0,3.05,8.0,30.0,4495.86,14.0,0,
C002268,Carrier A,Liability,Web,2026-08-04,2026-08,2026-08-16,Closed,1.0,15.32,12.0,58.0,2357.75,14.0,1,0.6415
C002269,Carrier C,Auto,Agent,2026-09-20,2026-09,2026-09-25,Closed,0.0,10.82,5.0,11.0,1115.97,14.0,0,
C002270,Carrier A,Auto,Mobile,2026-07-16,2026-07,2026-07-26,Closed,0.0,15.32,10.0,77.0,2664.28,14.0,0,
C002271,Carrier C,Property,Web,2026-05-15,2026-05,2026-06-01,Closed,1.0,12.88,17.0,139.0,1508.83,20.0,1,0.5598
C002272,Carrier B,Auto,Web,2026-05-23,2026-05,2026-05-28,Closed,0.0,16.76,5.0,131.0,3854.24,14.0,0,
C002273,Carrier B,Property,Agent,2026-04-08,2026-04,,Open,0.0,16.9,,176.0,0.0,20.0,0,
C002274,Carrier C,Auto,Agent,2026-07-09,2026-07,2026-07-24,Closed,0.0,17.38,15.0,84.0,2282.83,14.0,2,0.2264
C002275,Carrier B,Auto,Agent,2026-06-01,2026-06,2026-06-04,Closed,0.0,6.6,3.0,122.0,3692.96,14.0,0,
C002276,Carrier A,Auto,Mobile,2026-07-11,2026-07,2026-07-13,Closed,0.0,7.01,2.0,82.0,4929.01,14.0,0,
C002277,Carrier C,Auto,Mobile,2026-04-22,2026-04,,Open,1.0,27.45,,162.0,0.0,14.0,0,
C002278,Carrier A,Liability,Web,2026-08-18,2026-08,2026-08-26,Closed,0.0,6.47,8.0,44.0,520.14,14.0,0,
C002279,Carrier B,Liability,Mobile,2026-09-12,2026-09,2026-09-23,Closed,0.0,6.75,11.0,19.0,4112.69,14.0,0,
C002280,Carrier C,Auto,Agent,2026-04-17,2026-04,2026-04-27,Closed,0.0,17.31,10.0,167.0,3462.1,14.0,0,
C002281,Carrier C,Property,Web,2026-04-03,2026-04,2026-04-18,Closed,0.0,16.57,15.0,181.0,1539.76,20.0,0,
C002282,Carrier A,Liability,Web,2026-08-20,2026-08,2026-09-02,Closed,1.0,22.06,13.0,42.0,2822.29,14.0,0,
C002283,Carrier A,Liability,Agent,2026-06-17,2026-06,,Open,0.0,10.34,,106.0,0.0,14.0,1,0.939
C002284,Carrier B,Liability,Mobile,2026-07-03,2026-07,2026-07-24,Closed,1.0,12.36,21.0,90.0,2504.82,14.0,1,0.2606
C002285,Carrier A,Property,Web,2026-09-25,2026-09,,Open,1.0,25.97,,6.0,0.0,20.0,0,
C002286,Carrier B,Property,Web,2026-08-08,2026-08,2026-08-23,Closed,0.0,14.13,15.0,54.0,3743.62,20.0,0,
C002287,Carrier B,Property,Agent,2026-09-24,2026-09,,Open,0.0,8.89,,7.0,0.0,20.0,0,
C002288,Carrier B,Auto,Web,2026-07-20,2026-07,2026-07-24,Closed,0.0,16.88,4.0,73.0,7142.41,14.0,0,
C002289,Carrier B,Liability,Web,2026-08-26,2026-08,2026-09-05,Closed,0.0,15.07,10.0,36.0,1074.48,14.0,2,0.4145
C002290,Carrier C,Liability,Web,2026-09-12,2026-09,2026-09-17,Closed,0.0,6.73,5.0,19.0,2942.22,14.0,1,0.5461
C002291,Carrier B,Property,Web,2026-07-03,2026-07,2026-07-14,Closed,0.0,16.7,11.0,90.0,11521.55,20.0,0,
C002292,Carrier C,Auto,Web,2026-05-20,2026-05,2026-05-24,Closed,0.0,6.2,4.0,134.0,3247.42,14.0,0,
C002293,Carrier C,Auto,Agent,2026-05-12,2026-05,2026-05-30,Closed,1.0,16.24,18.0,142.0,13351.21,14.0,0,
C002294,Carrier A,Liability,Agent,2026-04-02,2026-04,2026-04-07,Closed,0.0,2.72,5.0,182.0,1498.55,14.0,1,0.8706
C002295,Carrier C,Liability,Agent,2026-09-07,2026-09,2026-09-18,Closed,1.0,26.17,11.0,24.0,3369.66,14.0,0,
C002296,Carrier C,Auto,Mobile,2026-08-17,2026-08,2026-09-07,Closed,1.0,19.67,21.0,45.0,1834.1,14.0,0,
C002297,Carrier B,Liability,Agent,2026-07-30,2026-07,2026-08-03,Closed,0.0,14.11,4.0,63.0,3604.24,14.0,0,
C002298,Carrier A,Liability,Mobile,2026-05-30,2026-05,2026-06-01,Closed,0.0,3.83,2.0,124.0,1897.81,14.0,1,0.5304
C002299,Carrier C,Liability,Mobile,2026-08-04,2026-08,2026-08-18,Closed,1.0,27.46,14.0,58.0,5846.96,14.0,0,
C002300,Carrier B,Auto,Agent,2026-07-17,2026-07,2026-07-22,Closed,0.0,8.2,5.0,76.0,49870.2,14.0,0,
C002301,Carrier C,Liability,Agent,2026-09-24,2026-09,,Open,0.0,6.1,,7.0,0.0,14.0,0,
C002302,Carrier A,Property,Web,2026-08-10,2026-08,2026-08-19,Closed,0.0,15.36,9.0,52.0,6772.48,20.0,0,
C002303,Carrier C,Liability,Mobile,2026-04-14,2026-04,2026-04-17,Closed,0.0,13.44,3.0,170.0,2152.02,14.0,0,
C002304,Carrier A,Auto,Agent,2026-05-24,2026-05,2026-06-06,Closed,0.0,8.62,13.0,130.0,3829.12,14.0,0,
C002305,Carrier A,Auto,Mobile,2026-08-30,2026-08,2026-09-03,Closed,0.0,9.08,4.0,32.0,883.74,14.0,0,
C002306,Carrier B,Property,Web,2026-09-27,2026-09,,Open,0.0,9.63,,4.0,0.0,20.0,2,0.82
C002307,Carrier A,Auto,Web,2026-07-20,2026-07,2026-08-02,Closed,1.0,19.36,13.0,73.0,3817.85,14.0,1,0.785
C002308,Carrier A,Auto,Web,2026-08-03,2026-08,,Open,0.0,9.38,,59.0,0.0,14.0,0,
C002309,Carrier C,Liability,Agent,2026-04-18,2026-04,2026-05-02,Closed,1.0,22.47,14.0,166.0,906.22,14.0,0,
C002310,Carrier B,Liability,Agent,2026-04-01,2026-04,2026-04-07,Closed,0.0,6.73,6.0,183.0,1334.51,14.0,0,
C002311,Carrier B,Auto,Web,2026-06-29,2026-06,2026-07-15,Closed,1.0,23.46,16.0,94.0,2086.95,14.0,0,
C002312,Carrier B,Property,Agent,2026-07-04,2026-07,2026-07-18,Closed,0.0,4.26,14.0,89.0,4333.06,20.0,0,
C002313,Carrier A,Auto,Web,2026-08-19,2026-08,2026-08-26,Closed,0.0,5.29,7.0,43.0,18987.55,14.0,0,
C002314,Carrier B,Liability,Agent,2026-09-02,2026-09,,Open,0.0,14.26,,29.0,0.0,14.0,0,
C002315,Carrier A,Liability,Mobile,2026-09-07,2026-09,2026-09-20,Closed,0.0,4.53,13.0,24.0,5331.12,14.0,0,
C002316,Carrier B,Liability,Web,2026-07-18,2026-07,2026-07-20,Closed,0.0,8.55,2.0,75.0,3904.08,14.0,0,
C002317,Carrier B,Liability,Agent,2026-04-15,2026-04,2026-04-21,Closed,0.0,2.65,6.0,169.0,6125.16,14.0,0,
C002318,Carrier A,Liability,Mobile,2026-05-16,2026-05,2026-05-24,Closed,0.0,10.63,8.0,138.0,11061.02,14.0,0,
C002319,Carrier C,Liability,Agent,2026-09-27,2026-09,,Open,0.0,14.34,,4.0,0.0,14.0,0,
C002320,Carrier A,Property,Web,2026-08-15,2026-08,2026-09-09,Closed,1.0,16.5,25.0,47.0,1859.05,20.0,0,
C002321,Carrier A,Liability,Web,2026-06-30,2026-06,2026-07-11,Closed,0.0,2.41,11.0,93.0,8144.44,14.0,0,
C002322,Carrier C,Liability,Agent,2026-07-21,2026-07,2026-07-29,Closed,0.0,1.12,8.0,72.0,3203.79,14.0,0,
C002323,Carrier B,Liability,Agent,2026-07-01,2026-07,2026-07-04,Closed,0.0,6.5,3.0,92.0,1925.95,14.0,0,
C002324,Carrier A,Auto,Agent,2026-07-26,2026-07,2026-07-29,Closed,0.0,3.11,3.0,67.0,18499.6,14.0,0,
C002325,Carrier B,Auto,Agent,2026-08-13,2026-08,2026-08-18,Closed,0.0,17.51,5.0,49.0,1040.24,14.0,0,
C002326,Carrier B,Auto,Mobile,2026-06-30,2026-06,2026-07-09,Closed,0.0,5.68,9.0,93.0,9405.14,14.0,0,
C002327,Carrier C,Liability,Web,2026-05-22,2026-05,,Open,0.0,16.72,,132.0,0.0,14.0,0,
C002328,Carrier A,Property,Mobile,2026-09-28,2026-09,,Open,1.0,16.14,,3.0,0.0,20.0,1,0.8483
C002329,Carrier A,Auto,Mobile,2026-04-25,2026-04,2026-05-09,Closed,0.0,2.28,14.0,159.0,6942.92,14.0,0,
C002330,Carrier A,Property,Agent,2026-06-09,2026-06,2026-06-23,Closed,0.0,3.06,14.0,114.0,6624.95,20.0,0,
C002331,Carrier A,Property,Mobile,2026-09-06,2026-09,2026-09-12,Closed,0.0,11.88,6.0,25.0,3615.85,20.0,0,
C002332,Carrier C,Property,Agent,2026-09-26,2026-09,,Open,1.0,27.22,,5.0,0.0,20.0,1,0.874
C002333,Carrier A,Auto,Agent,2026-09-10,2026-09,2026-09-26,Closed,1.0,16.29,16.0,21.0,17498.16,14.0,0,
C002334,Carrier B,Auto,Web,2026-07-27,2026-07,2026-08-06,Closed,1.0,15.6,10.0,66.0,886.6,14.0,0,
C002335,Carrier B,Auto,Mobile,2026-07-16,2026-07,2026-07-19,Closed,0.0,2.77,3.0,77.0,24902.7,14.0,0,
C002336,Carrier C,Liability,Agent,2026-09-23,2026-09,,Open,0.0,15.36,,8.0,0.0,14.0,0,
C002337,Carrier C,Auto,Agent,2026-07-15,2026-07,2026-07-19,Closed,0.0,6.12,4.0,78.0,6142.27,14.0,0,
C002338,Carrier B,Liability,Mobile,2026-06-15,2026-06,2026-06-28,Closed,1.0,14.38,13.0,108.0,12766.59,14.0,0,
C002339,Carrier A,Property,Web,2026-08-09,2026-08,2026-08-19,Closed,0.0,6.08,10.0,53.0,2556.54,20.0,0,
C002340,Carrier C,Property,Mobile,2026-04-26,2026-04,2026-05-02,Closed,0.0,16.87,6.0,158.0,2529.62,20.0,1,0.1871
C002341,Carrier C,Auto,Web,2026-08-24,2026-08,,Open,0.0,12.16,,38.0,0.0,14.0,0,
C002342,Carrier C,Liability,Agent,2026-04-11,2026-04,2026-04-17,Closed,0.0,14.02,6.0,173.0,5734.57,14.0,0,
C002343,Carrier B,Auto,Agent,2026-05-20,2026-05,2026-05-24,Closed,0.0,16.87,4.0,134.0,5829.26,14.0,0,
C002344,Carrier C,Liability,Web,2026-05-10,2026-05,,Open,0.0,14.48,,144.0,0.0,14.0,1,0.5505
C002345,Carrier B,Auto,Agent,2026-05-08,2026-05,2026-05-16,Closed,0.0,13.26,8.0,146.0,6225.22,14.0,0,
C002346,Carrier B,Auto,Web,2026-05-26,2026-05,2026-06-01,Closed,0.0,6.23,6.0,128.0,2403.36,14.0,0,
C002347,Carrier B,Auto,Agent,2026-05-23,2026-05,2026-06-02,Closed,0.0,8.64,10.0,131.0,3489.51,14.0,0,
C002348,Carrier A,Property,Agent,2026-07-21,2026-07,,Open,0.0,1.15,,72.0,0.0,20.0,0,
C002349,Carrier C,Auto,Agent,2026-06-21,2026-06,2026-07-07,Closed,0.0,12.71,16.0,102.0,1054.87,14.0,0,
C002350,Carrier C,Liability,Web,2026-07-11,2026-07,2026-07-18,Closed,0.0,16.9,7.0,82.0,4645.34,14.0,0,
C002351,Carrier A,Auto,Mobile,2026-04-17,2026-04,2026-05-08,Closed,1.0,16.29,21.0,167.0,1871.47,14.0,0,
C002352,Carrier A,Liability,Web,2026-06-07,2026-06,2026-06-29,Closed,0.0,17.07,22.0,116.0,12745.61,14.0,0,
C002353,Carrier C,Property,Agent,2026-04-01,2026-04,2026-04-12,Closed,0.0,9.0,11.0,183.0,2752.49,20.0,0,
C002354,Carrier B,Auto,Web,2026-04-11,2026-04,2026-04-20,Closed,0.0,4.57,9.0,173.0,3134.44,14.0,0,
C002355,Carrier A,Liability,Agent,2026-04-04,2026-04,2026-04-12,Closed,0.0,15.46,8.0,180.0,2651.97,14.0,1,0.9455
C002356,Carrier A,Auto,Mobile,2026-08-11,2026-08,2026-08-14,Closed,0.0,17.7,3.0,51.0,3291.86,14.0,0,
C002357,Carrier C,Property,Agent,2026-08-24,2026-08,2026-09-08,Closed,0.0,7.85,15.0,38.0,4675.49,20.0,0,
C002358,Carrier C,Liability,Mobile,2026-04-21,2026-04,2026-05-04,Closed,0.0,15.32,13.0,163.0,2885.15,14.0,0,
C002359,Carrier A,Liability,Mobile,2026-08-30,2026-08,2026-09-10,Closed,1.0,20.26,11.0,32.0,1139.14,14.0,0,
C002360,Carrier A,Auto,Agent,2026-05-31,2026-05,2026-06-07,Closed,0.0,11.47,7.0,123.0,9737.23,14.0,0,
C002361,Carrier C,Property,Web,2026-04-29,2026-04,2026-05-17,Closed,0.0,14.48,18.0,155.0,3278.91,20.0,1,0.8141
C002362,Carrier A,Auto,Agent,2026-06-16,2026-06,2026-06-21,Closed,0.0,8.2,5.0,107.0,3576.9,14.0,0,
C002363,Carrier B,Liability,Web,2026-08-10,2026-08,2026-09-11,Closed,1.0,22.82,32.0,52.0,1290.14,14.0,0,
C002364,Carrier A,Auto,Agent,2026-08-03,2026-08,2026-08-07,Closed,0.0,9.51,4.0,59.0,1775.4,14.0,0,
C002365,Carrier B,Auto,Web,2026-08-12,2026-08,,Open,0.0,7.36,,50.0,0.0,14.0,0,
C002366,Carrier B,Property,Web,2026-05-09,2026-05,2026-05-23,Closed,1.0,21.55,14.0,145.0,1591.94,20.0,0,
C002367,Carrier C,Liability,Web,2026-09-21,2026-09,2026-09-30,Closed,0.0,13.62,9.0,10.0,7003.34,14.0,1,0.3515
C002368,Carrier A,Liability,Mobile,2026-05-16,2026-05,,Open,1.0,23.35,,138.0,0.0,14.0,0,
C002369,Carrier A,Auto,Agent,2026-07-26,2026-07,2026-07-30,Closed,0.0,7.1,4.0,67.0,2715.38,14.0,0,
C002370,Carrier C,Auto,Mobile,2026-08-16,2026-08,2026-09-06,Closed,1.0,24.01,21.0,46.0,2397.5,14.0,0,
C002371,Carrier A,Auto,Mobile,2026-04-26,2026-04,2026-05-05,Closed,1.0,20.71,9.0,158.0,1440.1,14.0,0,
C002372,Carrier B,Liability,Agent,2026-04-04,2026-04,2026-04-10,Closed,0.0,7.73,6.0,180.0,7328.05,14.0,0,
C002373,Carrier C,Liability,Web,2026-08-27,2026-08,2026-09-06,Closed,0.0,1.85,10.0,35.0,5272.27,14.0,0,
C002374,Carrier C,Property,Agent,2026-08-29,2026-08,2026-09-12,Closed,0.0,3.73,14.0,33.0,8179.5,20.0,0,
C002375,Carrier B,Liability,Agent,2026-09-13,2026-09,2026-09-19,Closed,0.0,3.73,6.0,18.0,6498.27,14.0,0,
C002376,Carrier C,Property,Web,2026-08-15,2026-08,2026-08-24,Closed,0.0,1.05,9.0,47.0,2049.9,20.0,1,0.9012
C002377,Carrier C,Auto,Web,2026-07-21,2026-07,2026-07-27,Closed,0.0,4.43,6.0,72.0,3546.38,14.0,1,0.8027
C002378,Carrier C,Property,Agent,2026-04-03,2026-04,2026-05-04,Closed,1.0,17.6,31.0,181.0,3929.94,20.0,0,
C002379,Carrier A,Auto,Mobile,2026-09-06,2026-09,2026-09-15,Closed,0.0,13.89,9.0,25.0,4249.93,14.0,0,
C002380,Carrier A,Property,Mobile,2026-07-29,2026-07,2026-08-12,Closed,0.0,1.7,14.0,64.0,2225.85,20.0,1,0.4168
C002381,Carrier C,Auto,Agent,2026-09-07,2026-09,2026-09-10,Closed,0.0,1.49,3.0,24.0,2571.73,14.0,1,0.2308
C002382,Carrier C,Auto,Mobile,2026-08-23,2026-08,2026-09-01,Closed,0.0,1.38,9.0,39.0,12007.44,14.0,1,0.4138
C002383,Carrier B,Liability,Agent,2026-05-20,2026-05,2026-05-27,Closed,0.0,7.11,7.0,134.0,1123.7,14.0,1,0.4859
C002384,Carrier B,Auto,Agent,2026-05-22,2026-05,2026-05-28,Closed,0.0,9.83,6.0,132.0,8508.08,14.0,1,0.9608
C002385,Carrier B,Liability,Web,2026-06-15,2026-06,2026-06-23,Closed,0.0,7.13,8.0,108.0,4616.74,14.0,0,
C002386,Carrier A,Liability,Mobile,2026-06-15,2026-06,2026-06-19,Closed,0.0,13.11,4.0,108.0,2247.88,14.0,0,
C002387,Carrier C,Property,Agent,2026-09-13,2026-09,2026-09-19,Closed,0.0,14.71,6.0,18.0,6680.87,20.0,0,
C002388,Carrier C,Auto,Web,2026-05-21,2026-05,2026-06-23,Closed,0.0,15.63,33.0,133.0,6726.22,14.0,0,
C002389,Carrier C,Liability,Agent,2026-09-11,2026-09,2026-09-25,Closed,1.0,14.1,14.0,20.0,434.93,14.0,0,
C002390,Carrier B,Auto,Web,2026-05-25,2026-05,2026-06-07,Closed,0.0,16.91,13.0,129.0,3318.8,14.0,0,
C002391,Carrier C,Liability,Agent,2026-07-30,2026-07,2026-08-05,Closed,0.0,1.66,6.0,63.0,3166.73,14.0,0,
C002392,Carrier C,Property,Web,2026-09-27,2026-09,,Open,0.0,7.81,,4.0,0.0,20.0,0,
C002393,Carrier B,Auto,Web,2026-04-26,2026-04,2026-05-06,Closed,0.0,10.83,10.0,158.0,3510.75,14.0,2,0.4499
C002394,Carrier C,Auto,Mobile,2026-08-16,2026-08,2026-08-27,Closed,0.0,7.82,11.0,46.0,2083.74,14.0,0,
C002395,Carrier C,Property,Agent,2026-09-26,2026-09,,Open,0.0,7.65,,5.0,0.0,20.0,1,0.3739
C002396,Carrier C,Property,Agent,2026-05-31,2026-05,2026-06-14,Closed,0.0,9.66,14.0,123.0,3138.8,20.0,1,0.4784
C002397,Carrier B,Property,Web,2026-09-24,2026-09,,Open,0.0,6.11,,7.0,0.0,20.0,0,
C002398,Carrier A,Liability,Mobile,2026-09-27,2026-09,,Open,0.0,10.4,,4.0,0.0,14.0,0,
C002399,Carrier A,Liability,Web,2026-04-01,2026-04,2026-04-04,Closed,0.0,14.46,3.0,183.0,1549.93,14.0,0,
C002400,Carrier A,Auto,Agent,2026-05-14,2026-05,2026-06-05,Closed,1.0,19.97,22.0,140.0,1273.52,14.0,0,
C002401,Carrier B,Auto,Agent,2026-04-14,2026-04,2026-04-20,Closed,0.0,14.88,6.0,170.0,1105.0,14.0,0,
C002402,Carrier A,Liability,Web,2026-09-29,2026-09,,Open,0.0,10.57,,2.0,0.0,14.0,0,
C002403,Carrier A,Auto,Agent,2026-09-07,2026-09,2026-09-12,Closed,0.0,8.95,5.0,24.0,4702.78,14.0,0,
C002404,Carrier A,Liability,Agent,2026-05-12,2026-05,2026-05-21,Closed,0.0,7.12,9.0,142.0,5770.5,14.0,0,
C002405,Carrier C,Liability,Mobile,2026-09-20,2026-09,2026-09-29,Closed,0.0,1.34,9.0,11.0,4246.79,14.0,0,
C002406,Carrier A,Auto,Agent,2026-08-21,2026-08,2026-08-24,Closed,0.0,2.96,3.0,41.0,1861.04,14.0,0,
C002407,Carrier C,Liability,Web,2026-04-15,2026-04,2026-04-28,Closed,0.0,5.34,13.0,169.0,1964.53,14.0,0,
C002408,Carrier C,Property,Agent,2026-08-16,2026-08,2026-08-31,Closed,0.0,14.72,15.0,46.0,1272.43,20.0,1,0.1697
C002409,Carrier C,Liability,Agent,2026-06-07,2026-06,2026-06-16,Closed,0.0,1.61,9.0,116.0,3076.49,14.0,0,
C002410,Carrier B,Auto,Agent,2026-05-29,2026-05,2026-06-03,Closed,0.0,14.92,5.0,125.0,9492.64,14.0,0,
C002411,Carrier A,Liability,Mobile,2026-08-17,2026-08,,Open,1.0,16.42,,45.0,0.0,14.0,0,
C002412,Carrier B,Property,Agent,2026-09-24,2026-09,,Open,0.0,17.83,,7.0,0.0,20.0,0,
C002413,Carrier C,Liability,Web,2026-08-05,2026-08,2026-08-21,Closed,0.0,1.85,16.0,57.0,2667.97,14.0,1,0.0653
C002414,Carrier A,Auto,Web,2026-05-09,2026-05,2026-05-15,Closed,0.0,6.57,6.0,145.0,5491.2,14.0,2,0.7965
C002415,Carrier A,Property,Agent,2026-08-30,2026-08,,Open,0.0,10.54,,32.0,0.0,20.0,1,0.0021
C002416,Carrier A,Liability,Agent,2026-07-09,2026-07,2026-07-21,Closed,0.0,17.57,12.0,84.0,4327.89,14.0,0,
C002417,Carrier A,Liability,Web,2026-06-02,2026-06,2026-06-04,Closed,0.0,15.53,2.0,121.0,5354.59,14.0,0,
C002418,Carrier B,Property,Web,2026-09-16,2026-09,2026-09-25,Closed,0.0,11.03,9.0,15.0,1791.94,20.0,0,
C002419,Carrier C,Liability,Web,2026-05-27,2026-05,2026-06-10,Closed,0.0,12.98,14.0,127.0,2045.02,14.0,0,
C002420,Carrier C,Auto,Agent,2026-05-02,2026-05,2026-05-06,Closed,0.0,12.59,4.0,152.0,5906.95,14.0,0,
C002421,Carrier C,Liability,Mobile,2026-04-01,2026-04,2026-04-03,Closed,0.0,5.29,2.0,183.0,7423.53,14.0,2,0.4394
C002422,Carrier B,Liability,Web,2026-09-20,2026-09,2026-09-23,Closed,0.0,17.04,3.0,11.0,40177.17,14.0,1,0.4165
C002423,Carrier C,Liability,Mobile,2026-08-30,2026-08,2026-09-03,Closed,0.0,4.99,4.0,32.0,2226.18,14.0,0,
C002424,Carrier C,Auto,Agent,2026-04-06,2026-04,2026-05-05,Closed,0.0,11.34,29.0,178.0,13615.86,14.0,0,
C002425,Carrier B,Auto,Mobile,2026-09-15,2026-09,2026-10-01,Closed,0.0,9.29,16.0,16.0,3108.84,14.0,0,
C002426,Carrier C,Property,Web,2026-08-08,2026-08,2026-09-02,Closed,0.0,9.27,25.0,54.0,693.34,20.0,2,0.9071
C002427,Carrier C,Liability,Web,2026-09-06,2026-09,2026-09-21,Closed,1.0,17.27,15.0,25.0,4001.26,14.0,0,
C002428,Carrier A,Property,Mobile,2026-05-31,2026-05,2026-06-18,Closed,1.0,16.59,18.0,123.0,5076.95,20.0,1,0.44
C002429,Carrier C,Auto,Mobile,2026-06-02,2026-06,2026-06-14,Closed,0.0,6.71,12.0,121.0,2593.5,14.0,1,0.9322
C002430,Carrier A,Auto,Agent,2026-06-15,2026-06,2026-06-17,Closed,0.0,5.7,2.0,108.0,6537.1,14.0,0,
C002431,Carrier B,Liability,Mobile,2026-07-18,2026-07,2026-07-30,Closed,0.0,8.75,12.0,75.0,3844.77,14.0,0,
C002432,Carrier B,Auto,Web,2026-07-26,2026-07,2026-08-01,Closed,0.0,16.31,6.0,67.0,1825.82,14.0,1,0.6743
C002433,Carrier C,Liability,Agent,2026-05-28,2026-05,2026-05-31,Closed,0.0,4.51,3.0,126.0,17047.16,14.0,0,
C002434,Carrier B,Property,Web,2026-05-24,2026-05,2026-06-10,Closed,1.0,12.37,17.0,130.0,5519.18,20.0,0,
C002435,Carrier B,Property,Web,2026-08-25,2026-08,2026-09-11,Closed,1.0,19.61,17.0,37.0,1386.99,20.0,0,
C002436,Carrier B,Auto,Web,2026-05-25,2026-05,2026-05-29,Closed,0.0,17.55,4.0,129.0,964.69,14.0,0,
C002437,Carrier B,Property,Agent,2026-05-06,2026-05,2026-05-13,Closed,0.0,11.51,7.0,148.0,7930.88,20.0,0,
C002438,Carrier A,Auto,Agent,2026-06-10,2026-06,2026-06-17,Closed,0.0,10.11,7.0,113.0,2340.93,14.0,0,
C002439,Carrier B,Auto,Web,2026-09-06,2026-09,2026-09-19,Closed,0.0,11.74,13.0,25.0,9199.23,14.0,0,
C002440,Carrier C,Liability,Mobile,2026-09-09,2026-09,2026-09-14,Closed,0.0,16.57,5.0,22.0,8581.14,14.0,1,0.167
C002441,Carrier A,Auto,Agent,2026-05-08,2026-05,2026-05-25,Closed,1.0,24.99,17.0,146.0,2612.8,14.0,1,0.1121
C002442,Carrier B,Liability,Mobile,2026-07-13,2026-07,2026-07-18,Closed,0.0,4.07,5.0,80.0,2867.79,14.0,0,
C002443,Carrier B,Property,Mobile,2026-09-01,2026-09,2026-09-22,Closed,1.0,22.87,21.0,30.0,3687.63,20.0,1,0.6457
C002444,Carrier C,Auto,Mobile,2026-08-06,2026-08,2026-08-16,Closed,1.0,14.65,10.0,56.0,4579.09,14.0,0,
C002445,Carrier C,Liability,Web,2026-08-29,2026-08,,Open,0.0,8.03,,33.0,0.0,14.0,0,
C002446,Carrier A,Property,Mobile,2026-05-31,2026-05,2026-06-15,Closed,1.0,21.75,15.0,123.0,4933.57,20.0,1,0.2556
C002447,Carrier B,Liability,Mobile,2026-06-08,2026-06,2026-06-22,Closed,0.0,2.06,14.0,115.0,594.04,14.0,0,
C002448,Carrier A,Property,Agent,2026-09-04,2026-09,2026-09-10,Closed,0.0,1.91,6.0,27.0,9498.98,20.0,0,
C002449,Carrier B,Property,Web,2026-09-07,2026-09,2026-09-21,Closed,0.0,12.08,14.0,24.0,4572.88,20.0,0,
C002450,Carrier A,Property,Agent,2026-09-18,2026-09,2026-09-27,Closed,0.0,8.72,9.0,13.0,4712.95,20.0,0,
C002451,Carrier C,Auto,Web,2026-09-08,2026-09,2026-09-14,Closed,0.0,16.17,6.0,23.0,2617.08,14.0,0,
C002452,Carrier B,Auto,Web,2026-06-11,2026-06,2026-06-12,Closed,0.0,13.33,1.0,112.0,4250.77,14.0,0,
C002453,Carrier C,Auto,Web,2026-08-29,2026-08,2026-09-05,Closed,0.0,4.29,7.0,33.0,3805.85,14.0,0,
C002454,Carrier C,Auto,Mobile,2026-09-24,2026-09,,Open,1.0,24.71,,7.0,0.0,14.0,1,0.4699
C002455,Carrier C,Property,Web,2026-07-19,2026-07,2026-08-03,Closed,0.0,5.07,15.0,74.0,27228.05,20.0,0,
C002456,Carrier A,Liability,Mobile,2026-05-07,2026-05,2026-05-24,Closed,0.0,12.13,17.0,147.0,1534.16,14.0,0,
C002457,Carrier C,Property,Web,2026-05-26,2026-05,2026-06-09,Closed,1.0,26.02,14.0,128.0,546.66,20.0,0,
C002458,Carrier C,Property,Web,2026-05-06,2026-05,2026-05-28,Closed,0.0,8.8,22.0,148.0,6613.24,20.0,1,0.9526
C002459,Carrier A,Auto,Web,2026-04-19,2026-04,2026-04-30,Closed,1.0,12.43,11.0,165.0,4961.84,14.0,1,0.8397
C002460,Carrier C,Property,Agent,2026-07-22,2026-07,2026-08-07,Closed,0.0,11.23,16.0,71.0,3388.13,20.0,1,0.6585
C002461,Carrier A,Auto,Mobile,2026-08-04,2026-08,,Open,1.0,23.92,,58.0,0.0,14.0,0,
C002462,Carrier C,Liability,Mobile,2026-07-30,2026-07,2026-07-31,Closed,0.0,14.64,1.0,63.0,8054.26,14.0,2,0.9193
C002463,Carrier A,Liability,Agent,2026-08-07,2026-08,2026-08-11,Closed,0.0,14.66,4.0,55.0,6568.22,14.0,0,
C002464,Carrier A,Liability,Web,2026-04-07,2026-04,2026-04-14,Closed,0.0,1.4,7.0,177.0,1617.37,14.0,0,
C002465,Carrier C,Liability,Web,2026-07-11,2026-07,2026-07-20,Closed,0.0,15.11,9.0,82.0,6192.29,14.0,1,0.5317
C002466,Carrier B,Auto,Agent,2026-07-15,2026-07,2026-07-17,Closed,0.0,17.04,2.0,78.0,862.59,14.0,1,0.9568
C002467,Carrier A,Liability,Mobile,2026-04-09,2026-04,2026-04-15,Closed,0.0,10.99,6.0,175.0,586.19,14.0,0,
C002468,Carrier C,Liability,Web,2026-08-20,2026-08,2026-08-30,Closed,0.0,13.82,10.0,42.0,2609.29,14.0,0,
C002469,Carrier A,Property,Agent,2026-08-02,2026-08,2026-08-10,Closed,0.0,1.97,8.0,60.0,7798.02,20.0,0,
C002470,Carrier B,Liability,Web,2026-05-28,2026-05,2026-06-06,Closed,0.0,4.29,9.0,126.0,3223.14,14.0,0,
C002471,Carrier C,Auto,Web,2026-06-29,2026-06,2026-07-07,Closed,0.0,10.27,8.0,94.0,5006.31,14.0,0,
C002472,Carrier B,Property,Mobile,2026-09-18,2026-09,,Open,1.0,20.32,,13.0,0.0,20.0,0,
C002473,Carrier A,Property,Agent,2026-08-14,2026-08,2026-08-31,Closed,1.0,20.58,17.0,48.0,14940.4,20.0,1,0.0582
C002474,Carrier B,Property,Agent,2026-07-16,2026-07,2026-07-28,Closed,0.0,15.7,12.0,77.0,907.67,20.0,1,0.9496
C002475,Carrier C,Property,Agent,2026-09-12,2026-09,,Open,1.0,12.52,,19.0,0.0,20.0,0,
C002476,Carrier C,Liability,Agent,2026-07-22,2026-07,2026-08-04,Closed,0.0,6.55,13.0,71.0,8896.49,14.0,0,
C002477,Carrier B,Liability,Agent,2026-05-29,2026-05,2026-06-07,Closed,0.0,10.82,9.0,125.0,3435.48,14.0,0,
C002478,Carrier B,Auto,Web,2026-04-06,2026-04,2026-04-15,Closed,1.0,14.12,9.0,178.0,6593.52,14.0,0,
C002479,Carrier B,Property,Agent,2026-05-13,2026-05,,Open,0.0,11.81,,141.0,0.0,20.0,0,
C002480,Carrier B,Auto,Agent,2026-08-25,2026-08,2026-09-19,Closed,0.0,8.52,25.0,37.0,816.92,14.0,1,0.4032
C002481,Carrier B,Auto,Mobile,2026-08-15,2026-08,2026-09-03,Closed,1.0,26.98,19.0,47.0,1184.9,14.0,0,
C002482,Carrier B,Property,Web,2026-09-14,2026-09,2026-09-22,Closed,0.0,12.48,8.0,17.0,3001.13,20.0,1,0.3213
C002483,Carrier C,Property,Agent,2026-07-14,2026-07,2026-08-11,Closed,0.0,15.58,28.0,79.0,3620.76,20.0,0,
C002484,Carrier A,Auto,Web,2026-06-13,2026-06,2026-07-07,Closed,1.0,16.05,24.0,110.0,7046.3,14.0,0,
C002485,Carrier B,Auto,Agent,2026-08-29,2026-08,2026-09-06,Closed,0.0,7.55,8.0,33.0,2238.65,14.0,0,
C002486,Carrier A,Auto,Mobile,2026-05-08,2026-05,2026-05-20,Closed,1.0,26.37,12.0,146.0,945.94,14.0,0,
C002487,Carrier B,Liability,Web,2026-09-08,2026-09,2026-09-18,Closed,0.0,13.48,10.0,23.0,3390.31,14.0,0,
C002488,Carrier B,Liability,Agent,2026-04-01,2026-04,2026-04-12,Closed,0.0,9.77,11.0,183.0,3891.71,14.0,0,
C002489,Carrier B,Liability,Mobile,2026-05-22,2026-05,2026-06-05,Closed,0.0,3.46,14.0,132.0,443.56,14.0,0,
C002490,Carrier B,Property,Mobile,2026-09-17,2026-09,,Open,1.0,23.11,,14.0,0.0,20.0,1,0.8937
C002491,Carrier C,Liability,Mobile,2026-06-09,2026-06,2026-06-20,Closed,0.0,14.23,11.0,114.0,7810.15,14.0,0,
C002492,Carrier B,Auto,Agent,2026-08-29,2026-08,2026-09-05,Closed,0.0,7.26,7.0,33.0,4989.56,14.0,0,
C002493,Carrier C,Property,Web,2026-04-09,2026-04,2026-05-01,Closed,1.0,14.98,22.0,175.0,1151.74,20.0,0,
C002494,Carrier A,Property,Mobile,2026-04-07,2026-04,2026-04-14,Closed,0.0,8.66,7.0,177.0,6504.78,20.0,0,
C002495,Carrier A,Auto,Agent,2026-05-18,2026-05,2026-06-04,Closed,1.0,13.77,17.0,136.0,5316.46,14.0,0,
C002496,Carrier A,Liability,Agent,2026-06-19,2026-06,2026-06-26,Closed,0.0,8.63,7.0,104.0,4033.62,14.0,0,
C002497,Carrier B,Liability,Web,2026-08-27,2026-08,2026-09-10,Closed,0.0,14.54,14.0,35.0,5421.9,14.0,1,0.8659
C002498,Carrier A,Property,Mobile,2026-09-21,2026-09,2026-09-30,Closed,0.0,7.51,9.0,10.0,5824.85,20.0,0,
C002499,Carrier B,Property,Web,2026-08-03,2026-08,2026-08-20,Closed,0.0,8.23,17.0,59.0,17419.24,20.0,0,
C002500,Carrier A,Liability,Agent,2026-06-01,2026-06,2026-06-10,Closed,0.0,8.05,9.0,122.0,4537.48,14.0,1,0.6898
C002501,Carrier B,Auto,Agent,2026-07-23,2026-07,2026-08-01,Closed,0.0,7.42,9.0,70.0,3258.21,14.0,0,
C002502,Carrier C,Property,Mobile,2026-07-22,2026-07,2026-08-05,Closed,0.0,13.37,14.0,71.0,16026.56,20.0,2,0.4148
C002503,Carrier B,Liability,Mobile,2026-06-22,2026-06,2026-07-09,Closed,1.0,13.16,17.0,101.0,1817.16,14.0,0,
C002504,Carrier A,Liability,Agent,2026-04-11,2026-04,2026-04-14,Closed,0.0,1.53,3.0,173.0,1336.96,14.0,0,
C002505,Carrier A,Property,Web,2026-09-24,2026-09,,Open,0.0,1.56,,7.0,0.0,20.0,0,
C002506,Carrier C,Property,Agent,2026-08-22,2026-08,2026-09-17,Closed,1.0,27.92,26.0,40.0,2438.63,20.0,0,
C002507,Carrier B,Auto,Agent,2026-05-15,2026-05,2026-05-31,Closed,1.0,11.87,16.0,139.0,3676.7,14.0,0,
C002508,Carrier A,Liability,Mobile,2026-08-06,2026-08,2026-08-13,Closed,0.0,15.09,7.0,56.0,1295.58,14.0,0,
C002509,Carrier B,Liability,Mobile,2026-07-26,2026-07,2026-08-08,Closed,0.0,2.7,13.0,67.0,1816.57,14.0,0,
C002510,Carrier B,Liability,Web,2026-08-21,2026-08,2026-08-29,Closed,0.0,17.34,8.0,41.0,16140.63,14.0,0,
C002511,Carrier A,Auto,Mobile,2026-07-29,2026-07,2026-08-01,Closed,0.0,14.22,3.0,64.0,2368.6,14.0,0,
C002512,Carrier A,Auto,Mobile,2026-04-04,2026-04,,Open,1.0,11.96,,180.0,0.0,14.0,0,
C002513,Carrier B,Auto,Web,2026-07-18,2026-07,2026-07-25,Closed,0.0,16.46,7.0,75.0,3423.35,14.0,1,0.0531
C002514,Carrier C,Liability,Web,2026-09-02,2026-09,2026-09-18,Closed,1.0,18.43,16.0,29.0,2823.41,14.0,0,
C002515,Carrier C,Liability,Web,2026-04-13,2026-04,2026-04-18,Closed,0.0,1.4,5.0,171.0,6655.57,14.0,0,
C002516,Carrier C,Liability,Agent,2026-06-11,2026-06,2026-06-29,Closed,0.0,17.68,18.0,112.0,2697.11,14.0,2,0.4388
C002517,Carrier B,Auto,Mobile,2026-07-16,2026-07,,Open,0.0,10.45,,77.0,0.0,14.0,0,
C002518,Carrier B,Liability,Agent,2026-09-15,2026-09,,Open,0.0,12.25,,16.0,0.0,14.0,1,0.0367
C002519,Carrier A,Liability,Web,2026-06-17,2026-06,2026-06-25,Closed,0.0,14.53,8.0,106.0,3625.15,14.0,0,
C002520,Carrier A,Auto,Web,2026-07-16,2026-07,2026-07-30,Closed,0.0,7.48,14.0,77.0,7324.0,14.0,0,
C002521,Carrier B,Liability,Mobile,2026-08-29,2026-08,2026-09-12,Closed,1.0,20.2,14.0,33.0,1987.04,14.0,1,0.4845
C002522,Carrier A,Auto,Agent,2026-05-09,2026-05,2026-05-14,Closed,0.0,17.22,5.0,145.0,1187.59,14.0,1,0.206
C002523,Carrier A,Property,Agent,2026-05-06,2026-05,2026-05-25,Closed,0.0,14.59,19.0,148.0,10528.23,20.0,0,
C002524,Carrier B,Property,Web,2026-08-31,2026-08,2026-09-16,Closed,0.0,6.01,16.0,31.0,11709.74,20.0,0,
C002525,Carrier C,Property,Web,2026-09-23,2026-09,2026-09-30,Closed,0.0,9.13,7.0,8.0,4914.52,20.0,0,
C002526,Carrier B,Auto,Web,2026-06-01,2026-06,2026-06-02,Closed,0.0,9.21,1.0,122.0,1852.65,14.0,1,0.246
C002527,Carrier B,Liability,Agent,2026-07-16,2026-07,2026-07-27,Closed,1.0,17.1,11.0,77.0,2817.07,14.0,0,
C002528,Carrier C,Auto,Mobile,2026-04-18,2026-04,2026-04-26,Closed,0.0,17.05,8.0,166.0,5078.28,14.0,0,
C002529,Carrier A,Property,Mobile,2026-06-24,2026-06,2026-07-10,Closed,1.0,11.14,16.0,99.0,1955.43,20.0,0,
C002530,Carrier A,Property,Web,2026-08-31,2026-08,2026-09-23,Closed,0.0,12.68,23.0,31.0,727.3,20.0,1,0.6109
C002531,Carrier A,Property,Mobile,2026-04-19,2026-04,2026-05-09,Closed,1.0,19.72,20.0,165.0,2562.7,20.0,0,
C002532,Carrier C,Liability,Agent,2026-04-26,2026-04,2026-05-07,Closed,0.0,15.08,11.0,158.0,1085.51,14.0,0,
C002533,Carrier B,Property,Web,2026-06-07,2026-06,2026-06-16,Closed,0.0,15.52,9.0,116.0,467.39,20.0,0,
C002534,Carrier B,Liability,Agent,2026-09-20,2026-09,,Open,1.0,20.2,,11.0,0.0,14.0,0,
C002535,Carrier A,Auto,Mobile,2026-06-27,2026-06,2026-07-19,Closed,1.0,20.55,22.0,96.0,2331.17,14.0,0,
C002536,Carrier B,Auto,Mobile,2026-05-26,2026-05,,Open,0.0,3.51,,128.0,0.0,14.0,0,
C002537,Carrier C,Auto,Mobile,2026-04-21,2026-04,2026-05-11,Closed,1.0,14.69,20.0,163.0,6803.77,14.0,0,
C002538,Carrier A,Auto,Web,2026-05-19,2026-05,2026-05-24,Closed,0.0,7.39,5.0,135.0,5189.12,14.0,0,
C002539,Carrier A,Liability,Web,2026-04-28,2026-04,2026-05-06,Closed,0.0,17.68,8.0,156.0,7513.11,14.0,0,
C002540,Carrier B,Property,Web,2026-07-12,2026-07,2026-07-21,Closed,0.0,10.54,9.0,81.0,1487.02,20.0,0,
C002541,Carrier A,Liability,Agent,2026-08-28,2026-08,2026-09-11,Closed,1.0,24.76,14.0,34.0,1993.03,14.0,0,
C002542,Carrier A,Liability,Agent,2026-08-18,2026-08,2026-08-26,Closed,0.0,13.73,8.0,44.0,9070.82,14.0,0,
C002543,Carrier C,Property,Agent,2026-08-05,2026-08,,Open,0.0,16.14,,57.0,0.0,20.0,0,
C002544,Carrier C,Property,Mobile,2026-08-11,2026-08,2026-08-31,Closed,1.0,24.65,20.0,51.0,7937.57,20.0,2,0.9902
C002545,Carrier C,Auto,Mobile,2026-07-17,2026-07,2026-07-26,Closed,0.0,15.44,9.0,76.0,2680.08,14.0,0,
C002546,Carrier A,Property,Agent,2026-08-01,2026-08,2026-08-16,Closed,0.0,8.2,15.0,61.0,958.39,20.0,0,
C002547,Carrier B,Property,Web,2026-07-26,2026-07,2026-08-15,Closed,0.0,3.11,20.0,67.0,6220.67,20.0,0,
C002548,Carrier B,Property,Agent,2026-06-13,2026-06,2026-06-23,Closed,0.0,5.27,10.0,110.0,5139.47,20.0,2,0.7045
C002549,Carrier C,Auto,Agent,2026-09-12,2026-09,,Open,0.0,5.84,,19.0,0.0,14.0,1,0.4451
C002550,Carrier A,Liability,Web,2026-07-22,2026-07,2026-07-30,Closed,0.0,4.48,8.0,71.0,3980.54,14.0,0,
C002551,Carrier B,Liability,Web,2026-06-01,2026-06,2026-06-10,Closed,0.0,17.44,9.0,122.0,6635.5,14.0,0,
C002552,Carrier A,Property,Mobile,2026-05-18,2026-05,2026-05-30,Closed,0.0,8.5,12.0,136.0,2137.84,20.0,0,
C002553,Carrier C,Liability,Agent,2026-05-14,2026-05,2026-05-26,Closed,0.0,3.3,12.0,140.0,5539.98,14.0,0,
C002554,Carrier C,Property,Mobile,2026-09-08,2026-09,,Open,0.0,15.7,,23.0,0.0,20.0,0,
C002555,Carrier C,Liability,Mobile,2026-05-31,2026-05,2026-06-13,Closed,1.0,15.15,13.0,123.0,4718.57,14.0,0,
C002556,Carrier C,Property,Web,2026-06-17,2026-06,2026-07-02,Closed,0.0,7.89,15.0,106.0,3701.5,20.0,1,0.5376
C002557,Carrier A,Auto,Agent,2026-04-24,2026-04,2026-04-28,Closed,0.0,6.0,4.0,160.0,3062.41,14.0,0,
C002558,Carrier B,Liability,Mobile,2026-07-05,2026-07,2026-07-24,Closed,1.0,12.31,19.0,88.0,3034.86,14.0,0,
C002559,Carrier B,Property,Mobile,2026-09-17,2026-09,,Open,0.0,3.01,,14.0,0.0,20.0,2,0.3942
C002560,Carrier B,Property,Agent,2026-08-30,2026-08,2026-09-12,Closed,0.0,4.01,13.0,32.0,8280.6,20.0,1,0.1657
C002561,Carrier C,Liability,Agent,2026-06-28,2026-06,2026-07-02,Closed,0.0,1.8,4.0,95.0,2966.18,14.0,1,0.837
C002562,Carrier B,Liability,Mobile,2026-04-28,2026-04,2026-05-08,Closed,1.0,22.27,10.0,156.0,6852.84,14.0,0,
C002563,Carrier A,Property,Web,2026-08-26,2026-08,2026-09-05,Closed,0.0,12.25,10.0,36.0,1166.44,20.0,0,
C002564,Carrier B,Liability,Agent,2026-09-14,2026-09,2026-09-18,Closed,0.0,12.78,4.0,17.0,19837.54,14.0,0,
C002565,Carrier B,Property,Agent,2026-06-30,2026-06,2026-07-30,Closed,0.0,15.09,30.0,93.0,1714.87,20.0,0,
C002566,Carrier B,Liability,Agent,2026-08-12,2026-08,2026-08-26,Closed,0.0,9.45,14.0,50.0,893.82,14.0,0,
C002567,Carrier C,Liability,Web,2026-05-21,2026-05,2026-05-23,Closed,0.0,7.9,2.0,133.0,1845.68,14.0,0,
C002568,Carrier C,Property,Web,2026-05-02,2026-05,2026-05-08,Closed,0.0,9.07,6.0,152.0,2644.24,20.0,0,
C002569,Carrier C,Auto,Mobile,2026-09-01,2026-09,2026-09-14,Closed,0.0,3.7,13.0,30.0,2661.57,14.0,0,
C002570,Carrier B,Liability,Mobile,2026-07-03,2026-07,2026-07-16,Closed,0.0,17.96,13.0,90.0,2805.52,14.0,0,
C002571,Carrier B,Property,Mobile,2026-07-01,2026-07,2026-07-22,Closed,0.0,1.94,21.0,92.0,1827.49,20.0,1,0.2354
C002572,Carrier A,Auto,Mobile,2026-04-20,2026-04,2026-04-27,Closed,0.0,3.26,7.0,164.0,3547.99,14.0,0,
C002573,Carrier B,Liability,Web,2026-09-03,2026-09,2026-09-12,Closed,0.0,17.89,9.0,28.0,5150.96,14.0,0,
C002574,Carrier B,Property,Agent,2026-04-13,2026-04,2026-04-30,Closed,0.0,5.14,17.0,171.0,4586.51,20.0,0,
C002575,Carrier B,Property,Mobile,2026-07-01,2026-07,2026-07-10,Closed,0.0,9.45,9.0,92.0,3967.94,20.0,0,
C002576,Carrier B,Auto,Mobile,2026-06-22,2026-06,2026-07-13,Closed,0.0,10.86,21.0,101.0,10758.34,14.0,3,0.8775
C002577,Carrier C,Auto,Web,2026-09-04,2026-09,,Open,0.0,11.51,,27.0,0.0,14.0,0,
C002578,Carrier A,Property,Agent,2026-04-09,2026-04,2026-04-23,Closed,0.0,16.33,14.0,175.0,645.92,20.0,0,
C002579,Carrier B,Auto,Agent,2026-05-27,2026-05,2026-06-06,Closed,0.0,2.75,10.0,127.0,2417.49,14.0,0,
C002580,Carrier B,Liability,Agent,2026-05-18,2026-05,2026-05-21,Closed,0.0,17.2,3.0,136.0,2065.23,14.0,0,
C002581,Carrier B,Auto,Mobile,2026-09-17,2026-09,,Open,0.0,4.29,,14.0,0.0,14.0,0,
C002582,Carrier B,Auto,Mobile,2026-05-11,2026-05,2026-05-21,Closed,1.0,26.88,10.0,143.0,7826.98,14.0,1,0.0575
C002583,Carrier C,Liability,Web,2026-05-29,2026-05,2026-06-08,Closed,1.0,26.04,10.0,125.0,4026.63,14.0,0,
C002584,Carrier B,Auto,Mobile,2026-05-20,2026-05,2026-05-28,Closed,1.0,18.6,8.0,134.0,1141.03,14.0,0,
C002585,Carrier A,Auto,Web,2026-07-30,2026-07,2026-08-14,Closed,0.0,7.64,15.0,63.0,2641.67,14.0,0,
C002586,Carrier A,Auto,Mobile,2026-04-09,2026-04,2026-04-29,Closed,0.0,11.88,20.0,175.0,3369.22,14.0,0,
C002587,Carrier B,Auto,Agent,2026-06-01,2026-06,2026-06-13,Closed,0.0,2.54,12.0,122.0,3436.76,14.0,0,
C002588,Carrier A,Auto,Web,2026-06-17,2026-06,2026-07-04,Closed,0.0,7.58,17.0,106.0,2123.05,14.0,2,0.8232
C002589,Carrier B,Liability,Agent,2026-05-10,2026-05,,Open,0.0,11.38,,144.0,0.0,14.0,0,
C002590,Carrier C,Auto,Mobile,2026-08-27,2026-08,2026-09-03,Closed,0.0,14.18,7.0,35.0,2860.53,14.0,0,
C002591,Carrier B,Property,Mobile,2026-05-12,2026-05,2026-05-22,Closed,0.0,8.31,10.0,142.0,4071.51,20.0,0,
C002592,Carrier C,Property,Web,2026-05-22,2026-05,2026-06-06,Closed,0.0,17.49,15.0,132.0,1956.5,20.0,0,
C002593,Carrier A,Liability,Mobile,2026-08-19,2026-08,2026-08-25,Closed,0.0,1.6,6.0,43.0,11256.77,14.0,0,
C002594,Carrier A,Auto,Agent,2026-08-30,2026-08,2026-09-15,Closed,1.0,11.99,16.0,32.0,3453.97,14.0,0,
C002595,Carrier B,Liability,Web,2026-05-04,2026-05,2026-05-08,Closed,0.0,4.15,4.0,150.0,4467.36,14.0,0,
C002596,Carrier C,Property,Web,2026-09-19,2026-09,,Open,0.0,11.46,,12.0,0.0,20.0,1,0.4912
C002597,Carrier B,Property,Web,2026-08-31,2026-08,2026-09-20,Closed,1.0,15.29,20.0,31.0,786.73,20.0,0,
C002598,Carrier C,Auto,Mobile,2026-08-26,2026-08,2026-08-30,Closed,0.0,13.41,4.0,36.0,2485.08,14.0,0,
C002599,Carrier A,Auto,Agent,2026-05-28,2026-05,2026-06-04,Closed,0.0,7.43,7.0,126.0,1948.95,14.0,2,0.6591
C002600,Carrier A,Auto,Agent,2026-05-21,2026-05,2026-06-13,Closed,0.0,17.32,23.0,133.0,4792.57,14.0,0,
C002601,Carrier B,Auto,Web,2026-04-09,2026-04,2026-04-18,Closed,0.0,4.0,9.0,175.0,8630.97,14.0,0,
C002602,Carrier C,Liability,Mobile,2026-05-19,2026-05,2026-05-29,Closed,0.0,14.19,10.0,135.0,3227.5,14.0,0,
C002603,Carrier C,Property,Agent,2026-08-28,2026-08,2026-09-22,Closed,1.0,19.62,25.0,34.0,9358.17,20.0,0,
C002604,Carrier A,Property,Agent,2026-09-09,2026-09,2026-09-16,Closed,0.0,9.2,7.0,22.0,8895.54,20.0,0,
C002605,Carrier B,Auto,Agent,2026-09-12,2026-09,2026-09-16,Closed,0.0,2.65,4.0,19.0,3580.43,14.0,0,
C002606,Carrier C,Liability,Mobile,2026-09-18,2026-09,,Open,1.0,13.37,,13.0,0.0,14.0,1,0.4382
C002607,Carrier C,Liability,Mobile,2026-08-27,2026-08,2026-08-28,Closed,0.0,17.06,1.0,35.0,2017.01,14.0,0,
C002608,Carrier C,Property,Mobile,2026-05-05,2026-05,2026-05-22,Closed,0.0,8.68,17.0,149.0,1867.18,20.0,0,
C002609,Carrier C,Property,Agent,2026-09-16,2026-09,,Open,1.0,12.84,,15.0,0.0,20.0,0,
C002610,Carrier A,Liability,Web,2026-09-09,2026-09,2026-09-13,Closed,0.0,8.15,4.0,22.0,2287.71,14.0,1,0.2196
C002611,Carrier C,Liability,Agent,2026-09-15,2026-09,2026-09-24,Closed,1.0,18.37,9.0,16.0,15303.64,14.0,0,
C002612,Carrier C,Liability,Web,2026-08-12,2026-08,2026-08-23,Closed,1.0,14.95,11.0,50.0,1515.39,14.0,0,
C002613,Carrier C,Liability,Web,2026-06-28,2026-06,2026-07-18,Closed,1.0,25.83,20.0,95.0,3482.74,14.0,0,
C002614,Carrier A,Liability,Web,2026-06-24,2026-06,2026-06-25,Closed,0.0,1.53,1.0,99.0,2482.81,14.0,0,
C002615,Carrier A,Property,Agent,2026-04-04,2026-04,2026-04-23,Closed,0.0,7.47,19.0,180.0,5566.4,20.0,1,0.5723
C002616,Carrier B,Liability,Mobile,2026-08-17,2026-08,2026-08-25,Closed,0.0,13.22,8.0,45.0,7185.67,14.0,0,
C002617,Carrier B,Liability,Agent,2026-09-04,2026-09,2026-09-13,Closed,0.0,17.64,9.0,27.0,1614.54,14.0,0,
C002618,Carrier C,Auto,Web,2026-04-21,2026-04,2026-04-28,Closed,0.0,8.25,7.0,163.0,18482.9,14.0,0,
C002619,Carrier B,Auto,Web,2026-07-04,2026-07,2026-07-15,Closed,1.0,22.51,11.0,89.0,1283.88,14.0,1,0.9544
C002620,Carrier C,Property,Mobile,2026-06-11,2026-06,2026-06-22,Closed,0.0,14.92,11.0,112.0,5255.62,20.0,0,
C002621,Carrier B,Auto,Mobile,2026-07-05,2026-07,2026-07-17,Closed,0.0,16.51,12.0,88.0,2668.26,14.0,0,
C002622,Carrier A,Property,Mobile,2026-08-09,2026-08,2026-08-16,Closed,0.0,11.74,7.0,53.0,15386.86,20.0,0,
C002623,Carrier C,Property,Agent,2026-05-14,2026-05,2026-05-25,Closed,0.0,5.14,11.0,140.0,2068.38,20.0,0,
C002624,Carrier B,Liability,Web,2026-04-23,2026-04,2026-05-10,Closed,1.0,22.15,17.0,161.0,1591.08,14.0,2,0.4523
C002625,Carrier A,Property,Web,2026-05-05,2026-05,2026-05-11,Closed,0.0,10.87,6.0,149.0,1083.91,20.0,0,
C002626,Carrier C,Property,Agent,2026-06-16,2026-06,2026-07-01,Closed,0.0,10.55,15.0,107.0,5101.49,20.0,1,0.0038
C002627,Carrier B,Property,Web,2026-06-19,2026-06,,Open,1.0,20.55,,104.0,0.0,20.0,0,
C002628,Carrier B,Property,Web,2026-06-20,2026-06,2026-06-30,Closed,0.0,8.83,10.0,103.0,9712.37,20.0,1,0.5872
C002629,Carrier A,Property,Mobile,2026-06-13,2026-06,2026-07-03,Closed,0.0,14.64,20.0,110.0,2106.63,20.0,0,
C002630,Carrier C,Auto,Web,2026-08-16,2026-08,2026-08-27,Closed,0.0,14.39,11.0,46.0,2682.37,14.0,2,0.4
C002631,Carrier B,Liability,Web,2026-05-06,2026-05,2026-05-09,Closed,0.0,10.61,3.0,148.0,2621.93,14.0,0,
C002632,Carrier C,Property,Mobile,2026-09-11,2026-09,2026-09-26,Closed,1.0,25.18,15.0,20.0,1426.64,20.0,0,
C002633,Carrier B,Liability,Agent,2026-07-11,2026-07,2026-07-19,Closed,0.0,13.38,8.0,82.0,788.85,14.0,0,
C002634,Carrier C,Liability,Agent,2026-06-28,2026-06,2026-07-02,Closed,0.0,2.42,4.0,95.0,9772.82,14.0,0,
C002635,Carrier C,Auto,Web,2026-05-23,2026-05,2026-06-06,Closed,1.0,21.77,14.0,131.0,16630.91,14.0,0,
C002636,Carrier A,Auto,Web,2026-04-23,2026-04,2026-05-10,Closed,1.0,11.53,17.0,161.0,4178.45,14.0,0,
C002637,Carrier B,Liability,Mobile,2026-09-06,2026-09,,Open,0.0,5.23,,25.0,0.0,14.0,0,
C002638,Carrier C,Liability,Agent,2026-04-26,2026-04,2026-05-08,Closed,0.0,9.32,12.0,158.0,6880.17,14.0,0,
C002639,Carrier B,Property,Agent,2026-06-04,2026-06,2026-06-14,Closed,0.0,13.85,10.0,119.0,4328.44,20.0,0,
C002640,Carrier B,Property,Web,2026-08-14,2026-08,2026-09-16,Closed,0.0,1.9,33.0,48.0,4746.76,20.0,0,
C002641,Carrier B,Liability,Web,2026-06-04,2026-06,2026-06-10,Closed,0.0,2.45,6.0,119.0,2007.72,14.0,2,0.8028
C002642,Carrier B,Auto,Agent,2026-06-21,2026-06,,Open,0.0,7.55,,102.0,0.0,14.0,0,
C002643,Carrier B,Auto,Web,2026-07-20,2026-07,2026-08-06,Closed,0.0,7.63,17.0,73.0,915.01,14.0,0,
C002644,Carrier A,Auto,Agent,2026-07-28,2026-07,2026-08-09,Closed,0.0,16.28,12.0,65.0,8733.12,14.0,1,0.5503
C002645,Carrier A,Liability,Agent,2026-08-03,2026-08,2026-08-19,Closed,1.0,17.87,16.0,59.0,3781.05,14.0,0,
C002646,Carrier A,Auto,Mobile,2026-06-12,2026-06,2026-06-28,Closed,1.0,24.87,16.0,111.0,1468.69,14.0,0,
C002647,Carrier B,Property,Agent,2026-07-26,2026-07,2026-08-06,Closed,0.0,15.18,11.0,67.0,5989.4,20.0,0,
C002648,Carrier A,Liability,Web,2026-07-30,2026-07,,Open,1.0,18.03,,63.0,0.0,14.0,1,0.6257
C002649,Carrier A,Property,Web,2026-08-26,2026-08,2026-09-22,Closed,0.0,4.27,27.0,36.0,1615.07,20.0,0,
C002650,Carrier C,Property,Agent,2026-08-06,2026-08,2026-08-21,Closed,0.0,7.91,15.0,56.0,1100.86,20.0,1,0.0238
C002651,Carrier B,Liability,Web,2026-07-18,2026-07,2026-07-22,Closed,0.0,5.58,4.0,75.0,2789.32,14.0,0,
C002652,Carrier B,Property,Web,2026-07-21,2026-07,2026-08-12,Closed,1.0,23.51,22.0,72.0,3582.29,20.0,1,0.9188
C002653,Carrier A,Auto,Web,2026-05-19,2026-05,2026-06-07,Closed,0.0,15.85,19.0,135.0,1574.51,14.0,0,
C002654,Carrier A,Property,Web,2026-05-12,2026-05,2026-05-23,Closed,0.0,13.23,11.0,142.0,2348.56,20.0,0,
C002655,Carrier C,Property,Mobile,2026-08-28,2026-08,2026-09-04,Closed,0.0,10.4,7.0,34.0,5597.25,20.0,0,
C002656,Carrier A,Liability,Agent,2026-09-28,2026-09,,Open,0.0,14.9,,3.0,0.0,14.0,0,
C002657,Carrier C,Liability,Web,2026-05-07,2026-05,2026-05-13,Closed,0.0,15.56,6.0,147.0,2722.32,14.0,0,
C002658,Carrier B,Property,Agent,2026-07-16,2026-07,2026-07-31,Closed,0.0,7.04,15.0,77.0,3479.63,20.0,0,
C002659,Carrier A,Liability,Web,2026-08-18,2026-08,2026-09-06,Closed,1.0,11.2,19.0,44.0,3406.74,14.0,0,
C002660,Carrier A,Liability,Agent,2026-08-10,2026-08,2026-08-19,Closed,0.0,5.56,9.0,52.0,8869.93,14.0,1,0.7632
C002661,Carrier A,Liability,Agent,2026-08-05,2026-08,2026-08-08,Closed,0.0,11.05,3.0,57.0,2103.41,14.0,0,
C002662,Carrier C,Auto,Mobile,2026-04-11,2026-04,2026-05-10,Closed,1.0,25.49,29.0,173.0,1322.63,14.0,0,
C002663,Carrier B,Auto,Agent,2026-04-24,2026-04,2026-04-27,Closed,0.0,2.27,3.0,160.0,7951.61,14.0,0,
C002664,Carrier B,Property,Agent,2026-08-02,2026-08,2026-08-21,Closed,1.0,19.93,19.0,60.0,1983.53,20.0,0,
C002665,Carrier A,Property,Mobile,2026-04-15,2026-04,2026-05-20,Closed,1.0,25.94,35.0,169.0,7323.39,20.0,1,0.3808
C002666,Carrier A,Property,Agent,2026-08-06,2026-08,2026-08-21,Closed,1.0,21.49,15.0,56.0,3722.27,20.0,1,0.3312
C002667,Carrier B,Auto,Agent,2026-06-29,2026-06,2026-07-05,Closed,0.0,16.45,6.0,94.0,1379.19,14.0,0,
C002668,Carrier C,Property,Web,2026-05-30,2026-05,2026-06-22,Closed,1.0,12.72,23.0,124.0,5513.9,20.0,0,
C002669,Carrier C,Auto,Mobile,2026-05-22,2026-05,2026-06-07,Closed,1.0,15.4,16.0,132.0,3196.64,14.0,0,
C002670,Carrier B,Liability,Web,2026-04-26,2026-04,2026-05-05,Closed,0.0,9.7,9.0,158.0,1927.42,14.0,0,
C002671,Carrier A,Property,Mobile,2026-07-20,2026-07,2026-08-01,Closed,0.0,9.52,12.0,73.0,7504.38,20.0,0,
C002672,Carrier C,Property,Agent,2026-06-05,2026-06,2026-06-12,Closed,0.0,6.24,7.0,118.0,1787.76,20.0,0,
C002673,Carrier C,Auto,Web,2026-07-28,2026-07,2026-08-02,Closed,0.0,4.83,5.0,65.0,1543.11,14.0,0,
C002674,Carrier A,Auto,Mobile,2026-06-20,2026-06,2026-06-27,Closed,0.0,3.94,7.0,103.0,6802.75,14.0,0,
C002675,Carrier A,Liability,Mobile,2026-06-13,2026-06,2026-06-21,Closed,0.0,12.78,8.0,110.0,3169.9,14.0,0,
C002676,Carrier B,Property,Web,2026-08-25,2026-08,,Open,1.0,20.6,,37.0,0.0,20.0,0,
C002677,Carrier C,Liability,Mobile,2026-05-12,2026-05,2026-05-20,Closed,0.0,13.25,8.0,142.0,5717.36,14.0,0,
C002678,Carrier A,Property,Agent,2026-07-17,2026-07,2026-08-03,Closed,1.0,23.75,17.0,76.0,4195.01,20.0,0,
C002679,Carrier B,Property,Mobile,2026-06-17,2026-06,2026-07-20,Closed,0.0,9.62,33.0,106.0,1813.71,20.0,0,
C002680,Carrier C,Liability,Agent,2026-06-26,2026-06,2026-07-07,Closed,0.0,14.29,11.0,97.0,4877.48,14.0,0,
C002681,Carrier A,Auto,Mobile,2026-04-20,2026-04,2026-04-30,Closed,0.0,14.31,10.0,164.0,2865.39,14.0,0,
C002682,Carrier A,Property,Agent,2026-05-14,2026-05,2026-06-03,Closed,1.0,12.41,20.0,140.0,3522.42,20.0,0,
C002683,Carrier B,Liability,Agent,2026-09-24,2026-09,,Open,0.0,1.51,,7.0,0.0,14.0,0,
C002684,Carrier C,Auto,Web,2026-06-19,2026-06,2026-06-23,Closed,0.0,4.74,4.0,104.0,3327.63,14.0,2,0.4768
C002685,Carrier B,Property,Mobile,2026-06-04,2026-06,2026-06-24,Closed,0.0,6.88,20.0,119.0,2543.0,20.0,0,
C002686,Carrier C,Liability,Mobile,2026-09-11,2026-09,2026-09-17,Closed,0.0,6.26,6.0,20.0,4600.57,14.0,1,0.0989
C002687,Carrier B,Auto,Mobile,2026-06-26,2026-06,2026-07-22,Closed,1.0,23.13,26.0,97.0,13318.62,14.0,0,
C002688,Carrier C,Auto,Web,2026-07-31,2026-07,2026-08-06,Closed,0.0,2.91,6.0,62.0,2146.07,14.0,0,
C002689,Carrier B,Liability,Web,2026-07-09,2026-07,2026-07-15,Closed,0.0,2.4,6.0,84.0,1005.94,14.0,0,
C002690,Carrier A,Property,Mobile,2026-08-30,2026-08,2026-09-11,Closed,0.0,12.24,12.0,32.0,5004.94,20.0,0,
C002691,Carrier B,Auto,Mobile,2026-05-22,2026-05,2026-05-28,Closed,0.0,2.23,6.0,132.0,3024.9,14.0,0,
C002692,Carrier B,Property,Mobile,2026-08-21,2026-08,,Open,0.0,5.67,,41.0,0.0,20.0,0,
C002693,Carrier B,Auto,Mobile,2026-06-21,2026-06,2026-07-07,Closed,1.0,27.17,16.0,102.0,2791.09,14.0,0,
C002694,Carrier C,Auto,Web,2026-08-09,2026-08,2026-08-17,Closed,0.0,15.85,8.0,53.0,579.21,14.0,1,0.2384
C002695,Carrier C,Auto,Mobile,2026-09-30,2026-09,,Open,1.0,22.2,,1.0,0.0,14.0,0,
C002696,Carrier B,Property,Mobile,2026-09-25,2026-09,,Open,1.0,20.5,,6.0,0.0,20.0,2,0.1613
C002697,Carrier B,Property,Web,2026-08-12,2026-08,2026-09-02,Closed,0.0,9.35,21.0,50.0,4594.23,20.0,0,
C002698,Carrier B,Auto,Agent,2026-09-13,2026-09,2026-09-19,Closed,0.0,17.74,6.0,18.0,1100.91,14.0,1,0.3609
C002699,Carrier A,Liability,Web,2026-07-13,2026-07,2026-07-28,Closed,0.0,6.06,15.0,80.0,1121.57,14.0,0,
C002700,Carrier B,Liability,Mobile,2026-05-02,2026-05,2026-05-15,Closed,0.0,7.31,13.0,152.0,2811.47,14.0,0,
C002701,Carrier A,Property,Mobile,2026-05-04,2026-05,2026-05-23,Closed,1.0,25.95,19.0,150.0,7511.47,20.0,0,
C002702,Carrier B,Property,Web,2026-05-30,2026-05,2026-06-08,Closed,0.0,15.33,9.0,124.0,1770.58,20.0,0,
C002703,Carrier C,Liability,Mobile,2026-07-13,2026-07,2026-07-29,Closed,1.0,14.81,16.0,80.0,2532.74,14.0,0,
C002704,Carrier A,Liability,Web,2026-06-08,2026-06,2026-06-12,Closed,0.0,12.55,4.0,115.0,1412.03,14.0,0,
C002705,Carrier C,Auto,Agent,2026-07-06,2026-07,2026-07-12,Closed,0.0,14.86,6.0,87.0,2097.22,14.0,0,
C002706,Carrier A,Auto,Agent,2026-08-11,2026-08,2026-08-27,Closed,1.0,19.81,16.0,51.0,3177.4,14.0,0,
C002707,Carrier B,Auto,Agent,2026-07-22,2026-07,,Open,0.0,7.47,,71.0,0.0,14.0,0,
C002708,Carrier A,Auto,Mobile,2026-09-30,2026-09,,Open,0.0,5.45,,1.0,0.0,14.0,1,0.4801
C002709,Carrier B,Property,Web,2026-07-19,2026-07,2026-08-15,Closed,1.0,21.4,27.0,74.0,2442.28,20.0,2,0.7279
C002710,Carrier B,Liability,Web,2026-06-29,2026-06,2026-07-06,Closed,0.0,9.81,7.0,94.0,3412.38,14.0,0,
C002711,Carrier A,Liability,Mobile,2026-08-08,2026-08,2026-08-15,Closed,0.0,5.14,7.0,54.0,3253.45,14.0,1,0.1602
C002712,Carrier C,Liability,Agent,2026-08-22,2026-08,2026-08-27,Closed,0.0,11.61,5.0,40.0,2471.64,14.0,0,
C002713,Carrier A,Liability,Mobile,2026-06-08,2026-06,2026-06-19,Closed,1.0,22.67,11.0,115.0,4528.4,14.0,0,
C002714,Carrier C,Liability,Mobile,2026-08-07,2026-08,2026-08-26,Closed,1.0,26.71,19.0,55.0,3881.19,14.0,0,
C002715,Carrier C,Liability,Mobile,2026-04-13,2026-04,,Open,1.0,15.38,,171.0,0.0,14.0,1,0.8737
C002716,Carrier C,Liability,Agent,2026-05-24,2026-05,2026-05-31,Closed,0.0,15.38,7.0,130.0,5742.84,14.0,0,
C002717,Carrier C,Liability,Web,2026-09-22,2026-09,2026-09-25,Closed,0.0,7.36,3.0,9.0,2499.22,14.0,1,0.0239
C002718,Carrier B,Property,Agent,2026-05-30,2026-05,2026-06-13,Closed,0.0,7.88,14.0,124.0,4181.89,20.0,0,
C002719,Carrier B,Auto,Agent,2026-07-31,2026-07,2026-08-12,Closed,0.0,4.57,12.0,62.0,2571.25,14.0,0,
C002720,Carrier A,Auto,Mobile,2026-07-11,2026-07,2026-07-27,Closed,0.0,14.29,16.0,82.0,8280.71,14.0,0,
C002721,Carrier C,Liability,Web,2026-05-29,2026-05,2026-06-07,Closed,0.0,3.05,9.0,125.0,898.34,14.0,1,0.7028
C002722,Carrier C,Liability,Mobile,2026-04-29,2026-04,,Open,1.0,14.38,,155.0,0.0,14.0,0,
C002723,Carrier C,Auto,Agent,2026-06-08,2026-06,2026-06-10,Closed,0.0,17.67,2.0,115.0,4224.56,14.0,0,
C002724,Carrier C,Liability,Mobile,2026-07-01,2026-07,2026-07-12,Closed,0.0,15.46,11.0,92.0,1970.52,14.0,0,
C002725,Carrier C,Auto,Mobile,2026-04-25,2026-04,2026-05-11,Closed,1.0,20.32,16.0,159.0,3563.93,14.0,0,
C002726,Carrier A,Property,Web,2026-05-06,2026-05,2026-06-04,Closed,0.0,17.43,29.0,148.0,1935.5,20.0,1,0.1498
C002727,Carrier A,Auto,Web,2026-06-14,2026-06,2026-07-02,Closed,0.0,14.46,18.0,109.0,7749.02,14.0,0,
C002728,Carrier C,Liability,Agent,2026-07-08,2026-07,2026-07-15,Closed,0.0,2.66,7.0,85.0,2146.42,14.0,0,
C002729,Carrier B,Property,Web,2026-09-26,2026-09,,Open,0.0,6.46,,5.0,0.0,20.0,0,
C002730,Carrier C,Liability,Agent,2026-05-24,2026-05,2026-05-30,Closed,0.0,13.15,6.0,130.0,6662.74,14.0,0,
C002731,Carrier A,Auto,Agent,2026-08-27,2026-08,,Open,0.0,11.49,,35.0,0.0,14.0,0,
C002732,Carrier B,Liability,Mobile,2026-06-30,2026-06,2026-07-08,Closed,0.0,11.23,8.0,93.0,4089.28,14.0,2,0.511
C002733,Carrier C,Auto,Web,2026-06-01,2026-06,,Open,0.0,17.09,,122.0,0.0,14.0,0,
C002734,Carrier A,Property,Mobile,2026-07-11,2026-07,,Open,1.0,27.44,,82.0,0.0,20.0,1,0.5739
C002735,Carrier B,Property,Agent,2026-07-04,2026-07,2026-07-12,Closed,0.0,6.35,8.0,89.0,5579.74,20.0,0,
C002736,Carrier A,Property,Agent,2026-07-05,2026-07,2026-07-12,Closed,0.0,8.5,7.0,88.0,1463.33,20.0,0,
C002737,Carrier A,Liability,Mobile,2026-07-14,2026-07,2026-07-16,Closed,0.0,3.97,2.0,79.0,6599.49,14.0,0,
C002738,Carrier B,Auto,Mobile,2026-05-22,2026-05,,Open,0.0,17.51,,132.0,0.0,14.0,1,0.7004
C002739,Carrier C,Property,Web,2026-06-25,2026-06,2026-07-01,Closed,0.0,15.24,6.0,98.0,1688.75,20.0,0,
C002740,Carrier B,Property,Web,2026-05-13,2026-05,2026-05-22,Closed,0.0,17.43,9.0,141.0,4316.1,20.0,1,0.7352
C002741,Carrier A,Liability,Mobile,2026-07-05,2026-07,2026-07-15,Closed,1.0,27.65,10.0,88.0,3716.51,14.0,0,
C002742,Carrier C,Auto,Mobile,2026-05-18,2026-05,2026-05-24,Closed,0.0,4.77,6.0,136.0,8244.16,14.0,1,0.1974
C002743,Carrier B,Property,Mobile,2026-07-13,2026-07,2026-07-21,Closed,0.0,8.32,8.0,80.0,4503.12,20.0,0,
C002744,Carrier C,Property,Mobile,2026-07-10,2026-07,2026-07-18,Closed,0.0,1.37,8.0,83.0,4223.19,20.0,0,
C002745,Carrier A,Liability,Agent,2026-05-13,2026-05,,Open,0.0,15.53,,141.0,0.0,14.0,0,
C002746,Carrier B,Liability,Agent,2026-04-30,2026-04,2026-05-05,Closed,0.0,1.29,5.0,154.0,3786.75,14.0,2,0.6391
C002747,Carrier C,Auto,Web,2026-09-15,2026-09,,Open,0.0,16.74,,16.0,0.0,14.0,0,
C002748,Carrier B,Auto,Web,2026-08-01,2026-08,2026-08-20,Closed,1.0,20.99,19.0,61.0,9341.94,14.0,1,0.1945
C002749,Carrier B,Property,Web,2026-07-20,2026-07,2026-08-06,Closed,0.0,1.3,17.0,73.0,1501.37,20.0,0,
C002750,Carrier C,Auto,Agent,2026-04-02,2026-04,,Open,0.0,11.41,,182.0,0.0,14.0,0,
C002751,Carrier C,Auto,Web,2026-06-21,2026-06,2026-07-06,Closed,1.0,14.55,15.0,102.0,3222.32,14.0,0,
C002752,Carrier A,Property,Web,2026-07-15,2026-07,2026-08-09,Closed,0.0,14.72,25.0,78.0,2915.74,20.0,0,
C002753,Carrier A,Property,Agent,2026-05-01,2026-05,2026-05-11,Closed,0.0,6.02,10.0,153.0,1438.43,20.0,0,
C002754,Carrier A,Property,Mobile,2026-09-05,2026-09,2026-09-18,Closed,0.0,8.42,13.0,26.0,2216.5,20.0,0,
C002755,Carrier B,Auto,Web,2026-06-29,2026-06,2026-07-05,Closed,0.0,12.15,6.0,94.0,1874.26,14.0,0,
C002756,Carrier A,Liability,Web,2026-07-13,2026-07,2026-07-22,Closed,0.0,9.49,9.0,80.0,8191.7,14.0,1,0.2712
C002757,Carrier A,Property,Web,2026-09-13,2026-09,,Open,0.0,6.48,,18.0,0.0,20.0,1,0.4993
C002758,Carrier A,Auto,Mobile,2026-09-09,2026-09,,Open,1.0,17.66,,22.0,0.0,14.0,0,
C002759,Carrier C,Liability,Web,2026-04-21,2026-04,2026-04-22,Closed,0.0,9.71,1.0,163.0,1977.78,14.0,0,
C002760,Carrier B,Property,Web,2026-07-04,2026-07,2026-07-11,Closed,0.0,11.59,7.0,89.0,5355.41,20.0,0,
C002761,Carrier B,Property,Web,2026-08-25,2026-08,2026-09-15,Closed,1.0,17.34,21.0,37.0,10024.06,20.0,0,
C002762,Carrier C,Auto,Web,2026-09-18,2026-09,2026-09-26,Closed,0.0,1.52,8.0,13.0,308.64,14.0,0,
C002763,Carrier B,Auto,Web,2026-04-10,2026-04,2026-04-17,Closed,0.0,8.91,7.0,174.0,6495.56,14.0,0,
C002764,Carrier B,Property,Web,2026-09-07,2026-09,2026-09-19,Closed,0.0,8.09,12.0,24.0,4727.87,20.0,0,
C002765,Carrier C,Property,Agent,2026-04-08,2026-04,2026-04-19,Closed,0.0,4.69,11.0,176.0,2398.91,20.0,0,
C002766,Carrier A,Auto,Agent,2026-06-08,2026-06,2026-06-22,Closed,0.0,11.6,14.0,115.0,2766.35,14.0,0,
C002767,Carrier B,Auto,Web,2026-07-20,2026-07,2026-07-22,Closed,0.0,15.17,2.0,73.0,5967.5,14.0,0,
C002768,Carrier A,Property,Web,2026-04-23,2026-04,2026-05-03,Closed,0.0,3.04,10.0,161.0,12195.54,20.0,1,0.1426
C002769,Carrier B,Property,Web,2026-08-22,2026-08,2026-09-03,Closed,0.0,15.19,12.0,40.0,25088.99,20.0,0,
C002770,Carrier C,Liability,Web,2026-07-16,2026-07,2026-07-19,Closed,0.0,15.31,3.0,77.0,1243.57,14.0,0,
C002771,Carrier C,Liability,Web,2026-04-29,2026-04,,Open,0.0,17.53,,155.0,0.0,14.0,0,
C002772,Carrier A,Property,Web,2026-08-12,2026-08,2026-08-22,Closed,0.0,10.12,10.0,50.0,2810.02,20.0,0,
C002773,Carrier B,Auto,Mobile,2026-06-21,2026-06,2026-06-28,Closed,0.0,2.57,7.0,102.0,5865.72,14.0,0,
C002774,Carrier A,Auto,Web,2026-08-17,2026-08,2026-08-23,Closed,0.0,6.06,6.0,45.0,5849.73,14.0,0,
C002775,Carrier B,Liability,Web,2026-06-05,2026-06,2026-06-07,Closed,0.0,1.57,2.0,118.0,6653.57,14.0,0,
C002776,Carrier C,Auto,Agent,2026-06-16,2026-06,2026-06-28,Closed,1.0,26.16,12.0,107.0,1468.27,14.0,0,
C002777,Carrier C,Auto,Agent,2026-05-11,2026-05,,Open,0.0,6.33,,143.0,0.0,14.0,0,
C002778,Carrier A,Liability,Agent,2026-09-13,2026-09,2026-09-16,Closed,0.0,7.24,3.0,18.0,1010.41,14.0,0,
C002779,Carrier A,Property,Mobile,2026-08-08,2026-08,2026-08-14,Closed,0.0,2.55,6.0,54.0,1205.54,20.0,0,
C002780,Carrier A,Property,Agent,2026-07-26,2026-07,,Open,1.0,24.91,,67.0,0.0,20.0,0,
C002781,Carrier A,Property,Agent,2026-08-05,2026-08,2026-08-17,Closed,0.0,3.88,12.0,57.0,1859.22,20.0,0,
C002782,Carrier B,Property,Web,2026-05-28,2026-05,2026-06-15,Closed,0.0,7.43,18.0,126.0,3988.26,20.0,0,
C002783,Carrier B,Liability,Agent,2026-04-28,2026-04,2026-05-01,Closed,0.0,9.17,3.0,156.0,2036.4,14.0,0,
C002784,Carrier A,Auto,Mobile,2026-05-12,2026-05,2026-05-30,Closed,1.0,17.61,18.0,142.0,2121.14,14.0,0,
C002785,Carrier A,Auto,Web,2026-09-29,2026-09,,Open,0.0,15.82,,2.0,0.0,14.0,1,0.2534
C002786,Carrier C,Auto,Web,2026-08-03,2026-08,2026-08-19,Closed,1.0,26.07,16.0,59.0,1469.55,14.0,0,
C002787,Carrier C,Auto,Agent,2026-07-04,2026-07,2026-07-08,Closed,0.0,11.9,4.0,89.0,2081.5,14.0,0,
C002788,Carrier C,Auto,Mobile,2026-07-14,2026-07,2026-07-20,Closed,0.0,7.1,6.0,79.0,4100.29,14.0,0,
C002789,Carrier C,Property,Agent,2026-08-04,2026-08,2026-08-10,Closed,0.0,3.57,6.0,58.0,5754.33,20.0,0,
C002790,Carrier A,Auto,Agent,2026-05-17,2026-05,2026-05-20,Closed,0.0,17.56,3.0,137.0,11454.63,14.0,0,
C002791,Carrier A,Property,Mobile,2026-04-01,2026-04,2026-04-27,Closed,0.0,7.51,26.0,183.0,1139.33,20.0,1,0.7934
C002792,Carrier B,Property,Agent,2026-07-17,2026-07,2026-08-01,Closed,0.0,16.05,15.0,76.0,1919.48,20.0,1,0.1027
C002793,Carrier A,Liability,Agent,2026-05-14,2026-05,,Open,0.0,12.53,,140.0,0.0,14.0,1,0.7394
C002794,Carrier A,Auto,Mobile,2026-09-04,2026-09,2026-09-26,Closed,0.0,13.35,22.0,27.0,2742.14,14.0,1,0.1053
C002795,Carrier C,Auto,Web,2026-07-25,2026-07,2026-08-02,Closed,0.0,4.87,8.0,68.0,1283.12,14.0,0,
C002796,Carrier A,Property,Agent,2026-05-11,2026-05,,Open,0.0,8.31,,143.0,0.0,20.0,0,
C002797,Carrier B,Property,Mobile,2026-04-07,2026-04,2026-04-20,Closed,0.0,6.7,13.0,177.0,14329.22,20.0,0,
C002798,Carrier C,Liability,Web,2026-04-19,2026-04,2026-05-10,Closed,0.0,17.13,21.0,165.0,2111.42,14.0,0,
C002799,Carrier B,Liability,Agent,2026-04-19,2026-04,2026-04-28,Closed,0.0,2.65,9.0,165.0,11458.1,14.0,0,
C002800,Carrier C,Auto,Web,2026-05-28,2026-05,2026-06-05,Closed,0.0,4.82,8.0,126.0,6140.82,14.0,0,
C002801,Carrier A,Property,Web,2026-05-11,2026-05,2026-05-28,Closed,1.0,11.93,17.0,143.0,3380.21,20.0,2,0.8682
C002802,Carrier C,Property,Mobile,2026-04-16,2026-04,2026-04-24,Closed,0.0,11.18,8.0,168.0,3040.37,20.0,0,
C002803,Carrier B,Auto,Web,2026-04-08,2026-04,2026-05-14,Closed,1.0,13.39,36.0,176.0,1119.81,14.0,0,
C002804,Carrier A,Property,Web,2026-05-08,2026-05,2026-05-31,Closed,0.0,16.26,23.0,146.0,653.67,20.0,0,
C002805,Carrier C,Property,Agent,2026-08-05,2026-08,2026-08-14,Closed,0.0,11.94,9.0,57.0,5888.82,20.0,1,0.3767
C002806,Carrier B,Property,Web,2026-06-13,2026-06,2026-06-21,Closed,0.0,9.66,8.0,110.0,2673.29,20.0,0,
C002807,Carrier A,Auto,Mobile,2026-08-02,2026-08,2026-08-11,Closed,1.0,12.66,9.0,60.0,1788.0,14.0,1,0.9068
C002808,Carrier A,Auto,Agent,2026-09-24,2026-09,2026-09-28,Closed,0.0,4.9,4.0,7.0,877.79,14.0,0,
C002809,Carrier B,Auto,Mobile,2026-07-02,2026-07,2026-07-16,Closed,1.0,15.25,14.0,91.0,2704.69,14.0,0,
C002810,Carrier A,Auto,Agent,2026-05-03,2026-05,2026-05-06,Closed,0.0,2.78,3.0,151.0,6902.45,14.0,0,
C002811,Carrier C,Liability,Agent,2026-08-08,2026-08,2026-08-09,Closed,0.0,14.64,1.0,54.0,7224.12,14.0,0,
C002812,Carrier A,Liability,Agent,2026-06-30,2026-06,2026-07-05,Closed,0.0,17.08,5.0,93.0,2114.71,14.0,0,
C002813,Carrier A,Property,Mobile,2026-04-13,2026-04,2026-04-26,Closed,0.0,6.79,13.0,171.0,1427.91,20.0,0,
C002814,Carrier B,Liability,Mobile,2026-04-21,2026-04,,Open,0.0,9.89,,163.0,0.0,14.0,0,
C002815,Carrier B,Property,Agent,2026-09-09,2026-09,,Open,0.0,8.77,,22.0,0.0,20.0,1,0.3569
C002816,Carrier C,Liability,Web,2026-06-25,2026-06,2026-07-07,Closed,0.0,5.12,12.0,98.0,4960.83,14.0,1,0.4789
C002817,Carrier B,Liability,Agent,2026-08-13,2026-08,2026-08-25,Closed,1.0,20.02,12.0,49.0,3427.45,14.0,0,
C002818,Carrier B,Auto,Agent,2026-07-09,2026-07,2026-07-13,Closed,0.0,11.91,4.0,84.0,3807.02,14.0,0,
C002819,Carrier A,Auto,Web,2026-05-16,2026-05,2026-05-27,Closed,1.0,21.26,11.0,138.0,5325.16,14.0,0,
C002820,Carrier C,Property,Web,2026-05-15,2026-05,,Open,0.0,9.69,,139.0,0.0,20.0,0,
C002821,Carrier B,Liability,Mobile,2026-09-18,2026-09,2026-09-30,Closed,0.0,7.75,12.0,13.0,6214.07,14.0,0,
C002822,Carrier C,Property,Agent,2026-09-20,2026-09,,Open,1.0,16.65,,11.0,0.0,20.0,1,0.6637
C002823,Carrier A,Auto,Mobile,2026-09-16,2026-09,2026-09-19,Closed,0.0,9.2,3.0,15.0,1150.95,14.0,0,
C002824,Carrier C,Liability,Mobile,2026-09-06,2026-09,2026-09-15,Closed,0.0,10.7,9.0,25.0,2255.55,14.0,0,
C002825,Carrier A,Liability,Agent,2026-08-30,2026-08,2026-09-16,Closed,1.0,20.63,17.0,32.0,4424.22,14.0,0,
C002826,Carrier A,Property,Mobile,2026-04-02,2026-04,2026-05-01,Closed,1.0,20.83,29.0,182.0,1923.23,20.0,0,
C002827,Carrier B,Property,Mobile,2026-09-02,2026-09,2026-09-20,Closed,1.0,22.68,18.0,29.0,3571.86,20.0,1,0.9257
C002828,Carrier C,Liability,Mobile,2026-04-23,2026-04,2026-04-25,Closed,0.0,6.77,2.0,161.0,4671.41,14.0,0,
C002829,Carrier A,Property,Agent,2026-06-25,2026-06,2026-07-17,Closed,1.0,25.93,22.0,98.0,2037.46,20.0,0,
C002830,Carrier C,Auto,Mobile,2026-07-21,2026-07,2026-07-25,Closed,0.0,5.68,4.0,72.0,2306.49,14.0,0,
C002831,Carrier A,Liability,Mobile,2026-09-26,2026-09,,Open,1.0,12.73,,5.0,0.0,14.0,0,
C002832,Carrier C,Auto,Mobile,2026-04-01,2026-04,2026-04-04,Closed,0.0,15.61,3.0,183.0,7147.27,14.0,0,
C002833,Carrier A,Liability,Web,2026-05-17,2026-05,2026-05-23,Closed,0.0,5.03,6.0,137.0,6147.2,14.0,0,
C002834,Carrier A,Liability,Agent,2026-06-19,2026-06,2026-06-20,Closed,0.0,17.62,1.0,104.0,3545.91,14.0,0,
C002835,Carrier C,Auto,Mobile,2026-05-11,2026-05,,Open,0.0,12.03,,143.0,0.0,14.0,0,
C002836,Carrier B,Auto,Agent,2026-06-02,2026-06,2026-06-11,Closed,0.0,11.28,9.0,121.0,4361.48,14.0,0,
C002837,Carrier B,Liability,Web,2026-06-20,2026-06,2026-06-23,Closed,0.0,10.51,3.0,103.0,9804.72,14.0,0,
C002838,Carrier C,Property,Web,2026-07-02,2026-07,2026-07-11,Closed,0.0,2.2,9.0,91.0,1745.91,20.0,0,
C002839,Carrier C,Auto,Web,2026-06-10,2026-06,2026-06-22,Closed,0.0,17.74,12.0,113.0,8258.72,14.0,0,
C002840,Carrier A,Property,Agent,2026-09-23,2026-09,,Open,0.0,7.92,,8.0,0.0,20.0,0,
C002841,Carrier B,Liability,Web,2026-07-28,2026-07,2026-08-05,Closed,0.0,14.38,8.0,65.0,1755.9,14.0,0,
C002842,Carrier C,Liability,Mobile,2026-07-07,2026-07,2026-07-21,Closed,0.0,16.08,14.0,86.0,1534.13,14.0,1,0.3728
C002843,Carrier C,Liability,Mobile,2026-06-04,2026-06,2026-06-08,Closed,0.0,9.36,4.0,119.0,1447.44,14.0,3,0.3677
C002844,Carrier C,Liability,Mobile,2026-06-16,2026-06,2026-06-28,Closed,0.0,9.78,12.0,107.0,754.06,14.0,0,
C002845,Carrier B,Liability,Agent,2026-05-18,2026-05,2026-05-23,Closed,0.0,2.92,5.0,136.0,3310.03,14.0,0,
C002846,Carrier A,Auto,Web,2026-09-01,2026-09,2026-09-05,Closed,0.0,9.58,4.0,30.0,3883.32,14.0,0,
C002847,Carrier B,Liability,Mobile,2026-04-08,2026-04,2026-04-22,Closed,0.0,16.65,14.0,176.0,4655.35,14.0,0,
C002848,Carrier A,Auto,Mobile,2026-09-24,2026-09,2026-09-27,Closed,0.0,5.33,3.0,7.0,5153.41,14.0,0,
C002849,Carrier B,Property,Mobile,2026-04-09,2026-04,2026-04-17,Closed,0.0,14.31,8.0,175.0,3035.79,20.0,0,
C002850,Carrier C,Property,Mobile,2026-04-28,2026-04,2026-05-06,Closed,0.0,3.35,8.0,156.0,693.28,20.0,1,0.7468
C002851,Carrier B,Auto,Web,2026-07-29,2026-07,2026-08-20,Closed,1.0,15.23,22.0,64.0,24205.98,14.0,0,
C002852,Carrier C,Property,Web,2026-05-01,2026-05,2026-05-08,Closed,0.0,16.37,7.0,153.0,3314.12,20.0,0,
C002853,Carrier C,Auto,Agent,2026-09-22,2026-09,2026-09-25,Closed,0.0,4.33,3.0,9.0,2542.92,14.0,0,
C002854,Carrier B,Liability,Mobile,2026-09-10,2026-09,,Open,1.0,18.11,,21.0,0.0,14.0,1,0.5277
C002855,Carrier A,Property,Agent,2026-04-05,2026-04,2026-04-13,Closed,0.0,4.1,8.0,179.0,4049.05,20.0,0,
C002856,Carrier C,Property,Agent,2026-05-10,2026-05,2026-05-25,Closed,0.0,11.51,15.0,144.0,1890.27,20.0,0,
C002857,Carrier C,Property,Mobile,2026-07-30,2026-07,2026-08-15,Closed,1.0,11.9,16.0,63.0,1122.07,20.0,0,
C002858,Carrier A,Property,Mobile,2026-04-22,2026-04,2026-05-06,Closed,1.0,18.88,14.0,162.0,2621.51,20.0,1,0.3203
C002859,Carrier C,Liability,Web,2026-08-01,2026-08,2026-08-05,Closed,0.0,17.01,4.0,61.0,1145.35,14.0,0,
C002860,Carrier A,Auto,Agent,2026-06-17,2026-06,2026-06-25,Closed,0.0,9.49,8.0,106.0,9686.51,14.0,2,0.5502
C002861,Carrier B,Liability,Agent,2026-07-25,2026-07,,Open,0.0,6.18,,68.0,0.0,14.0,0,
C002862,Carrier B,Property,Web,2026-06-18,2026-06,2026-06-29,Closed,0.0,5.05,11.0,105.0,8183.17,20.0,0,
C002863,Carrier A,Auto,Mobile,2026-05-14,2026-05,,Open,0.0,17.53,,140.0,0.0,14.0,0,
C002864,Carrier B,Liability,Agent,2026-08-21,2026-08,2026-09-20,Closed,1.0,20.3,30.0,41.0,3633.99,14.0,0,
C002865,Carrier B,Liability,Web,2026-06-22,2026-06,2026-07-03,Closed,1.0,22.17,11.0,101.0,1490.8,14.0,0,
C002866,Carrier B,Property,Web,2026-05-12,2026-05,2026-06-02,Closed,0.0,13.96,21.0,142.0,1883.47,20.0,1,0.9452
C002867,Carrier A,Auto,Web,2026-09-12,2026-09,2026-09-20,Closed,0.0,14.69,8.0,19.0,649.92,14.0,0,
C002868,Carrier B,Auto,Agent,2026-05-15,2026-05,2026-06-05,Closed,0.0,11.58,21.0,139.0,2326.44,14.0,1,0.7212
C002869,Carrier A,Auto,Web,2026-05-19,2026-05,2026-06-06,Closed,1.0,18.67,18.0,135.0,16774.39,14.0,0,
C002870,Carrier C,Liability,Mobile,2026-04-13,2026-04,2026-05-15,Closed,0.0,14.08,32.0,171.0,12911.63,14.0,0,
C002871,Carrier B,Liability,Web,2026-09-08,2026-09,2026-09-14,Closed,0.0,3.02,6.0,23.0,11095.53,14.0,0,
C002872,Carrier A,Liability,Agent,2026-04-20,2026-04,2026-04-25,Closed,0.0,13.83,5.0,164.0,3180.49,14.0,0,
C002873,Carrier B,Property,Agent,2026-06-29,2026-06,2026-07-08,Closed,0.0,1.18,9.0,94.0,2006.89,20.0,1,0.9894
C002874,Carrier C,Auto,Mobile,2026-04-16,2026-04,2026-04-20,Closed,0.0,14.18,4.0,168.0,2370.34,14.0,0,
C002875,Carrier C,Liability,Web,2026-07-29,2026-07,2026-08-07,Closed,0.0,3.75,9.0,64.0,2879.42,14.0,0,
C002876,Carrier B,Auto,Web,2026-08-24,2026-08,2026-09-06,Closed,1.0,13.33,13.0,38.0,6715.1,14.0,0,
C002877,Carrier B,Property,Mobile,2026-07-15,2026-07,2026-08-10,Closed,0.0,17.58,26.0,78.0,635.91,20.0,0,
C002878,Carrier B,Liability,Web,2026-06-02,2026-06,2026-06-08,Closed,0.0,12.06,6.0,121.0,2572.91,14.0,1,0.7534
C002879,Carrier C,Property,Mobile,2026-05-09,2026-05,2026-05-24,Closed,1.0,27.46,15.0,145.0,3108.45,20.0,0,
C002880,Carrier A,Liability,Mobile,2026-08-18,2026-08,2026-08-20,Closed,0.0,17.35,2.0,44.0,3768.28,14.0,0,
C002881,Carrier C,Property,Agent,2026-08-20,2026-08,2026-09-02,Closed,0.0,13.53,13.0,42.0,779.51,20.0,0,
C002882,Carrier B,Auto,Agent,2026-07-29,2026-07,,Open,1.0,17.95,,64.0,0.0,14.0,1,0.2819
C002883,Carrier B,Property,Web,2026-09-26,2026-09,,Open,0.0,13.76,,5.0,0.0,20.0,1,0.4572
C002884,Carrier C,Auto,Mobile,2026-04-05,2026-04,2026-04-15,Closed,1.0,12.12,10.0,179.0,3309.4,14.0,0,
C002885,Carrier A,Liability,Agent,2026-04-10,2026-04,2026-04-12,Closed,0.0,5.11,2.0,174.0,14113.17,14.0,1,0.2934
C002886,Carrier B,Liability,Agent,2026-08-30,2026-08,2026-09-20,Closed,0.0,1.99,21.0,32.0,3844.78,14.0,0,
C002887,Carrier A,Liability,Mobile,2026-05-21,2026-05,2026-06-02,Closed,1.0,24.52,12.0,133.0,3276.01,14.0,0,
C002888,Carrier B,Auto,Agent,2026-09-23,2026-09,,Open,0.0,12.14,,8.0,0.0,14.0,0,
C002889,Carrier B,Liability,Mobile,2026-08-31,2026-08,2026-09-22,Closed,1.0,12.56,22.0,31.0,5948.43,14.0,0,
C002890,Carrier C,Liability,Mobile,2026-04-14,2026-04,2026-05-01,Closed,0.0,7.23,17.0,170.0,3726.62,14.0,0,
C002891,Carrier C,Property,Mobile,2026-08-06,2026-08,2026-09-08,Closed,1.0,19.7,33.0,56.0,3566.8,20.0,0,
C002892,Carrier A,Liability,Web,2026-05-11,2026-05,,Open,0.0,4.41,,143.0,0.0,14.0,0,
C002893,Carrier C,Property,Agent,2026-04-08,2026-04,,Open,0.0,2.39,,176.0,0.0,20.0,0,
C002894,Carrier C,Property,Mobile,2026-08-23,2026-08,2026-09-24,Closed,1.0,17.85,32.0,39.0,3473.75,20.0,0,
C002895,Carrier B,Liability,Mobile,2026-05-26,2026-05,2026-05-27,Closed,0.0,5.02,1.0,128.0,1938.8,14.0,0,
C002896,Carrier C,Auto,Web,2026-07-23,2026-07,2026-08-06,Closed,0.0,6.84,14.0,70.0,4864.12,14.0,0,
C002897,Carrier C,Liability,Web,2026-09-12,2026-09,2026-09-15,Closed,0.0,14.92,3.0,19.0,4311.01,14.0,0,
C002898,Carrier C,Property,Mobile,2026-09-04,2026-09,2026-09-13,Closed,0.0,1.09,9.0,27.0,1753.75,20.0,0,
C002899,Carrier C,Auto,Agent,2026-09-22,2026-09,,Open,0.0,15.68,,9.0,0.0,14.0,2,0.455
C002900,Carrier A,Property,Agent,2026-05-27,2026-05,2026-06-11,Closed,0.0,11.84,15.0,127.0,9434.03,20.0,2,0.625
C002901,Carrier B,Auto,Mobile,2026-07-31,2026-07,2026-08-11,Closed,0.0,12.6,11.0,62.0,2570.73,14.0,0,
C002902,Carrier B,Property,Agent,2026-08-29,2026-08,2026-09-07,Closed,0.0,6.8,9.0,33.0,1555.07,20.0,0,
C002903,Carrier B,Auto,Mobile,2026-04-21,2026-04,2026-05-01,Closed,1.0,18.93,10.0,163.0,7424.59,14.0,0,
C002904,Carrier A,Auto,Agent,2026-08-12,2026-08,2026-08-15,Closed,0.0,10.46,3.0,50.0,3085.35,14.0,1,0.1532
C002905,Carrier A,Auto,Mobile,2026-04-11,2026-04,2026-04-21,Closed,0.0,10.33,10.0,173.0,4216.78,14.0,0,
C002906,Carrier B,Liability,Mobile,2026-09-06,2026-09,2026-09-12,Closed,0.0,16.68,6.0,25.0,4963.95,14.0,0,
C002907,Carrier C,Property,Mobile,2026-04-10,2026-04,2026-04-23,Closed,0.0,9.73,13.0,174.0,5538.51,20.0,1,0.8167
C002908,Carrier B,Property,Agent,2026-04-15,2026-04,2026-05-01,Closed,0.0,12.62,16.0,169.0,4681.27,20.0,0,
C002909,Carrier B,Auto,Web,2026-09-26,2026-09,2026-09-28,Closed,0.0,7.38,2.0,5.0,2270.72,14.0,0,
C002910,Carrier C,Property,Web,2026-09-10,2026-09,2026-09-19,Closed,0.0,1.3,9.0,21.0,1532.65,20.0,1,0.2338
C002911,Carrier A,Auto,Web,2026-07-22,2026-07,2026-07-27,Closed,0.0,1.73,5.0,71.0,999.9,14.0,1,0.8327
C002912,Carrier A,Auto,Agent,2026-09-27,2026-09,2026-09-29,Closed,0.0,3.03,2.0,4.0,2409.18,14.0,0,
C002913,Carrier C,Liability,Web,2026-08-05,2026-08,2026-08-16,Closed,1.0,25.15,11.0,57.0,4440.88,14.0,1,0.2855
C002914,Carrier C,Liability,Agent,2026-07-26,2026-07,2026-08-11,Closed,0.0,2.07,16.0,67.0,11239.13,14.0,1,0.0032
C002915,Carrier A,Property,Mobile,2026-09-16,2026-09,2026-09-23,Closed,0.0,6.08,7.0,15.0,334.25,20.0,0,
C002916,Carrier A,Auto,Agent,2026-04-28,2026-04,2026-05-03,Closed,0.0,10.14,5.0,156.0,4228.42,14.0,1,0.9662
C002917,Carrier A,Auto,Web,2026-05-13,2026-05,2026-05-17,Closed,0.0,14.66,4.0,141.0,11149.81,14.0,0,
C002918,Carrier B,Liability,Agent,2026-04-15,2026-04,2026-04-20,Closed,0.0,6.12,5.0,169.0,1758.45,14.0,0,
C002919,Carrier C,Property,Web,2026-09-21,2026-09,,Open,0.0,1.31,,10.0,0.0,20.0,0,
C002920,Carrier A,Property,Web,2026-04-21,2026-04,2026-05-02,Closed,0.0,15.93,11.0,163.0,2620.64,20.0,0,
C002921,Carrier B,Property,Mobile,2026-04-10,2026-04,2026-04-25,Closed,1.0,23.2,15.0,174.0,993.69,20.0,2,0.9467
C002922,Carrier A,Property,Web,2026-07-07,2026-07,2026-07-26,Closed,1.0,20.96,19.0,86.0,6652.14,20.0,0,
C002923,Carrier C,Property,Agent,2026-05-05,2026-05,2026-05-25,Closed,0.0,14.69,20.0,149.0,17647.35,20.0,0,
C002924,Carrier B,Property,Agent,2026-08-19,2026-08,2026-09-01,Closed,0.0,5.93,13.0,43.0,4843.5,20.0,0,
C002925,Carrier B,Auto,Mobile,2026-08-31,2026-08,2026-09-06,Closed,0.0,15.53,6.0,31.0,2652.98,14.0,0,
C002926,Carrier A,Liability,Web,2026-05-28,2026-05,2026-06-01,Closed,0.0,7.11,4.0,126.0,6393.1,14.0,0,
C002927,Carrier C,Auto,Agent,2026-09-10,2026-09,2026-09-12,Closed,0.0,9.84,2.0,21.0,2910.57,14.0,0,
C002928,Carrier C,Property,Mobile,2026-05-14,2026-05,,Open,0.0,6.5,,140.0,0.0,20.0,0,
C002929,Carrier C,Liability,Mobile,2026-06-13,2026-06,2026-06-15,Closed,0.0,11.29,2.0,110.0,3127.26,14.0,0,
C002930,Carrier C,Auto,Mobile,2026-05-20,2026-05,2026-05-29,Closed,0.0,10.74,9.0,134.0,2248.6,14.0,0,
C002931,Carrier A,Property,Agent,2026-04-13,2026-04,2026-04-29,Closed,0.0,1.23,16.0,171.0,5189.54,20.0,0,
C002932,Carrier A,Auto,Agent,2026-04-07,2026-04,2026-04-14,Closed,0.0,12.91,7.0,177.0,2151.42,14.0,0,
C002933,Carrier B,Liability,Agent,2026-04-18,2026-04,,Open,0.0,15.94,,166.0,0.0,14.0,0,
C002934,Carrier C,Property,Web,2026-05-08,2026-05,2026-05-31,Closed,1.0,19.47,23.0,146.0,1060.76,20.0,0,
C002935,Carrier B,Property,Agent,2026-05-11,2026-05,2026-05-21,Closed,0.0,7.77,10.0,143.0,4100.9,20.0,1,0.6292
C002936,Carrier A,Liability,Agent,2026-07-26,2026-07,2026-07-30,Closed,0.0,8.6,4.0,67.0,1998.77,14.0,0,
C002937,Carrier C,Liability,Mobile,2026-07-08,2026-07,2026-07-13,Closed,0.0,7.34,5.0,85.0,3382.76,14.0,0,
C002938,Carrier C,Property,Agent,2026-09-02,2026-09,2026-09-08,Closed,0.0,7.51,6.0,29.0,2339.04,20.0,0,
C002939,Carrier C,Property,Mobile,2026-09-05,2026-09,2026-09-28,Closed,0.0,6.86,23.0,26.0,1243.21,20.0,0,
C002940,Carrier C,Property,Mobile,2026-09-13,2026-09,2026-09-28,Closed,1.0,23.06,15.0,18.0,4128.55,20.0,0,
C002941,Carrier B,Property,Agent,2026-06-22,2026-06,2026-07-14,Closed,1.0,27.24,22.0,101.0,3261.77,20.0,0,
C002942,Carrier C,Liability,Web,2026-09-26,2026-09,2026-09-29,Closed,0.0,11.66,3.0,5.0,3377.63,14.0,2,0.8465
C002943,Carrier C,Auto,Web,2026-09-11,2026-09,2026-09-19,Closed,0.0,12.27,8.0,20.0,7669.85,14.0,1,0.0105
C002944,Carrier C,Auto,Web,2026-04-21,2026-04,2026-05-08,Closed,0.0,15.38,17.0,163.0,8106.78,14.0,0,
C002945,Carrier B,Liability,Agent,2026-04-02,2026-04,2026-04-08,Closed,0.0,17.26,6.0,182.0,2785.94,14.0,0,
C002946,Carrier B,Property,Mobile,2026-06-20,2026-06,2026-06-29,Closed,0.0,2.76,9.0,103.0,2054.97,20.0,1,0.4269
C002947,Carrier A,Auto,Web,2026-05-09,2026-05,2026-05-15,Closed,0.0,9.72,6.0,145.0,3022.53,14.0,0,
C002948,Carrier C,Property,Agent,2026-07-18,2026-07,,Open,0.0,11.89,,75.0,0.0,20.0,0,
C002949,Carrier A,Liability,Mobile,2026-09-07,2026-09,2026-09-30,Closed,1.0,21.0,23.0,24.0,7673.83,14.0,0,
C002950,Carrier A,Auto,Agent,2026-05-03,2026-05,2026-05-07,Closed,0.0,16.78,4.0,151.0,1208.12,14.0,0,
C002951,Carrier C,Auto,Web,2026-06-10,2026-06,2026-06-12,Closed,0.0,1.47,2.0,113.0,3827.33,14.0,0,
C002952,Carrier B,Liability,Web,2026-08-27,2026-08,2026-08-30,Closed,0.0,15.38,3.0,35.0,727.53,14.0,0,
C002953,Carrier B,Liability,Mobile,2026-07-19,2026-07,2026-07-23,Closed,0.0,3.46,4.0,74.0,1581.2,14.0,0,
C002954,Carrier C,Auto,Web,2026-07-04,2026-07,2026-07-17,Closed,0.0,15.12,13.0,89.0,4890.54,14.0,1,0.4608
C002955,Carrier C,Auto,Web,2026-08-14,2026-08,2026-08-21,Closed,0.0,9.95,7.0,48.0,1174.21,14.0,0,
C002956,Carrier B,Auto,Mobile,2026-07-04,2026-07,2026-07-12,Closed,0.0,13.95,8.0,89.0,3666.92,14.0,0,
C002957,Carrier A,Liability,Mobile,2026-08-26,2026-08,2026-08-31,Closed,0.0,12.3,5.0,36.0,2330.68,14.0,0,
C002958,Carrier B,Auto,Agent,2026-05-12,2026-05,2026-05-17,Closed,0.0,7.78,5.0,142.0,1983.47,14.0,0,
C002959,Carrier B,Liability,Mobile,2026-06-03,2026-06,2026-06-14,Closed,0.0,17.21,11.0,120.0,747.93,14.0,1,0.1842
C002960,Carrier C,Auto,Web,2026-05-03,2026-05,2026-05-09,Closed,0.0,6.97,6.0,151.0,5346.49,14.0,0,
C002961,Carrier B,Property,Mobile,2026-04-12,2026-04,2026-04-23,Closed,0.0,8.08,11.0,172.0,1768.63,20.0,0,
C002962,Carrier B,Liability,Mobile,2026-07-26,2026-07,2026-07-28,Closed,0.0,3.94,2.0,67.0,5684.29,14.0,0,
C002963,Carrier B,Property,Web,2026-07-31,2026-07,2026-08-10,Closed,0.0,14.13,10.0,62.0,5658.39,20.0,0,
C002964,Carrier A,Auto,Mobile,2026-09-14,2026-09,2026-09-28,Closed,0.0,17.84,14.0,17.0,1391.77,14.0,0,
C002965,Carrier B,Auto,Agent,2026-05-26,2026-05,2026-06-01,Closed,0.0,6.2,6.0,128.0,3133.67,14.0,0,
C002966,Carrier C,Auto,Agent,2026-06-28,2026-06,,Open,0.0,15.01,,95.0,0.0,14.0,0,
C002967,Carrier A,Auto,Agent,2026-09-17,2026-09,2026-09-24,Closed,0.0,12.76,7.0,14.0,3582.52,14.0,0,
C002968,Carrier A,Liability,Web,2026-05-25,2026-05,2026-06-05,Closed,0.0,11.92,11.0,129.0,10526.32,14.0,0,
C002969,Carrier A,Property,Mobile,2026-08-10,2026-08,2026-08-25,Closed,1.0,22.87,15.0,52.0,4072.2,20.0,0,
C002970,Carrier A,Property,Agent,2026-05-20,2026-05,2026-05-27,Closed,0.0,16.77,7.0,134.0,21526.83,20.0,0,
C002971,Carrier A,Liability,Web,2026-09-12,2026-09,2026-09-29,Closed,0.0,12.11,17.0,19.0,3515.76,14.0,1,0.2176
C002972,Carrier B,Property,Agent,2026-09-26,2026-09,,Open,0.0,1.89,,5.0,0.0,20.0,0,
C002973,Carrier B,Liability,Mobile,2026-05-17,2026-05,2026-05-19,Closed,0.0,13.63,2.0,137.0,14572.73,14.0,0,
C002974,Carrier B,Property,Web,2026-09-14,2026-09,,Open,1.0,11.17,,17.0,0.0,20.0,0,
C002975,Carrier A,Property,Web,2026-09-28,2026-09,,Open,1.0,20.39,,3.0,0.0,20.0,1,0.0977
C002976,Carrier B,Liability,Web,2026-04-26,2026-04,,Open,0.0,5.6,,158.0,0.0,14.0,2,0.8095
C002977,Carrier A,Auto,Web,2026-08-11,2026-08,2026-08-16,Closed,0.0,9.15,5.0,51.0,6055.04,14.0,1,0.7326
C002978,Carrier A,Liability,Web,2026-07-17,2026-07,2026-07-21,Closed,0.0,16.06,4.0,76.0,7952.13,14.0,0,
C002979,Carrier C,Auto,Mobile,2026-06-13,2026-06,2026-06-23,Closed,0.0,11.97,10.0,110.0,3047.16,14.0,0,
C002980,Carrier A,Auto,Web,2026-09-18,2026-09,2026-10-01,Closed,1.0,15.51,13.0,13.0,3106.65,14.0,0,
C002981,Carrier A,Property,Agent,2026-05-15,2026-05,2026-05-25,Closed,0.0,8.29,10.0,139.0,3012.2,20.0,1,0.7235
C002982,Carrier C,Liability,Agent,2026-05-20,2026-05,2026-06-08,Closed,0.0,9.48,19.0,134.0,7641.5,14.0,1,0.2936
C002983,Carrier C,Property,Web,2026-05-02,2026-05,2026-05-21,Closed,0.0,8.39,19.0,152.0,1270.53,20.0,0,
C002984,Carrier B,Auto,Mobile,2026-08-03,2026-08,2026-08-15,Closed,1.0,19.83,12.0,59.0,1621.9,14.0,0,
C002985,Carrier C,Property,Agent,2026-08-17,2026-08,2026-08-29,Closed,0.0,11.91,12.0,45.0,2639.63,20.0,0,
C002986,Carrier B,Auto,Web,2026-09-09,2026-09,2026-09-13,Closed,0.0,17.44,4.0,22.0,2353.33,14.0,0,
C002987,Carrier A,Liability,Web,2026-05-24,2026-05,2026-05-27,Closed,0.0,7.99,3.0,130.0,4662.16,14.0,0,
C002988,Carrier A,Property,Web,2026-07-14,2026-07,2026-07-31,Closed,0.0,14.37,17.0,79.0,5439.45,20.0,0,
C002989,Carrier B,Auto,Web,2026-05-10,2026-05,2026-06-01,Closed,1.0,15.48,22.0,144.0,3501.82,14.0,0,
C002990,Carrier A,Auto,Agent,2026-09-23,2026-09,,Open,0.0,5.85,,8.0,0.0,14.0,0,
C002991,Carrier B,Auto,Mobile,2026-04-22,2026-04,2026-04-30,Closed,0.0,14.6,8.0,162.0,2595.68,14.0,1,0.9606
C002992,Carrier B,Property,Mobile,2026-09-14,2026-09,,Open,1.0,23.67,,17.0,0.0,20.0,0,
C002993,Carrier C,Liability,Agent,2026-08-30,2026-08,2026-09-09,Closed,0.0,11.14,10.0,32.0,2565.79,14.0,1,0.5124
C002994,Carrier B,Property,Mobile,2026-07-25,2026-07,,Open,0.0,9.76,,68.0,0.0,20.0,1,0.2001
C002995,Carrier C,Liability,Agent,2026-09-14,2026-09,2026-09-16,Closed,0.0,13.49,2.0,17.0,1772.25,14.0,0,
C002996,Carrier B,Liability,Agent,2026-06-01,2026-06,2026-06-11,Closed,0.0,8.88,10.0,122.0,191.35,14.0,1,0.5971
C002997,Carrier C,Property,Web,2026-07-05,2026-07,,Open,0.0,2.67,,88.0,0.0,20.0,0,
C002998,Carrier C,Property,Web,2026-06-03,2026-06,2026-06-17,Closed,0.0,11.53,14.0,120.0,1727.01,20.0,0,
C002999,Carrier A,Property,Mobile,2026-05-06,2026-05,2026-05-18,Closed,0.0,2.79,12.0,148.0,1701.82,20.0,0,
C003000,Carrier B,Auto,Web,2026-09-18,2026-09,2026-09-22,Closed,0.0,15.4,4.0,13.0,1400.8,14.0,2,0.6179
C003001,Carrier B,Auto,Mobile,2026-07-12,2026-07,2026-07-24,Closed,0.0,14.22,12.0,81.0,2305.7,14.0,0,
C003002,Carrier C,Liability,Mobile,2026-06-26,2026-06,2026-07-08,Closed,1.0,18.34,12.0,97.0,5844.93,14.0,0,
C003003,Carrier A,Liability,Agent,2026-08-08,2026-08,2026-08-13,Closed,0.0,2.59,5.0,54.0,2595.69,14.0,1,0.6185
C003004,Carrier B,Property,Mobile,2026-07-17,2026-07,2026-07-26,Closed,0.0,1.48,9.0,76.0,4398.96,20.0,1,0.0774
C003005,Carrier A,Auto,Mobile,2026-06-07,2026-06,2026-06-12,Closed,0.0,8.89,5.0,116.0,5796.42,14.0,0,
C003006,Carrier A,Auto,Mobile,2026-05-05,2026-05,2026-05-09,Closed,0.0,7.17,4.0,149.0,1922.68,14.0,0,
C003007,Carrier A,Property,Agent,2026-08-16,2026-08,2026-09-07,Closed,0.0,5.23,22.0,46.0,1387.66,20.0,0,
C003008,Carrier A,Property,Agent,2026-09-10,2026-09,2026-09-18,Closed,0.0,7.36,8.0,21.0,9606.38,20.0,1,0.2064
C003009,Carrier B,Auto,Mobile,2026-05-31,2026-05,2026-06-09,Closed,0.0,2.73,9.0,123.0,7912.49,14.0,1,0.6973
C003010,Carrier A,Auto,Web,2026-08-03,2026-08,2026-08-09,Closed,0.0,16.24,6.0,59.0,2602.06,14.0,0,
C003011,Carrier B,Liability,Mobile,2026-08-03,2026-08,2026-08-12,Closed,1.0,16.18,9.0,59.0,4585.57,14.0,0,
C003012,Carrier B,Property,Web,2026-06-29,2026-06,2026-07-13,Closed,0.0,1.99,14.0,94.0,11215.25,20.0,1,0.4997
C003013,Carrier C,Auto,Mobile,2026-08-07,2026-08,2026-08-23,Closed,1.0,12.9,16.0,55.0,3552.11,14.0,0,
C003014,Carrier A,Liability,Mobile,2026-09-19,2026-09,,Open,0.0,10.24,,12.0,0.0,14.0,1,0.0547
C003015,Carrier A,Property,Mobile,2026-08-02,2026-08,2026-08-27,Closed,1.0,11.22,25.0,60.0,3916.01,20.0,0,
C003016,Carrier B,Auto,Web,2026-04-03,2026-04,,Open,0.0,11.7,,181.0,0.0,14.0,1,0.3484
C003017,Carrier A,Property,Mobile,2026-08-24,2026-08,2026-09-20,Closed,1.0,19.71,27.0,38.0,1436.15,20.0,1,0.9588
C003018,Carrier C,Liability,Mobile,2026-05-02,2026-05,2026-05-15,Closed,1.0,22.31,13.0,152.0,5581.37,14.0,0,
C003019,Carrier C,Property,Mobile,2026-08-24,2026-08,2026-09-10,Closed,0.0,16.9,17.0,38.0,5250.7,20.0,0,
C003020,Carrier C,Property,Mobile,2026-05-16,2026-05,2026-05-30,Closed,0.0,14.16,14.0,138.0,2249.31,20.0,0,
C003021,Carrier C,Liability,Agent,2026-08-13,2026-08,2026-08-17,Closed,0.0,7.71,4.0,49.0,7142.02,14.0,0,
C003022,Carrier B,Liability,Mobile,2026-08-12,2026-08,2026-09-05,Closed,1.0,23.6,24.0,50.0,2745.08,14.0,0,
C003023,Carrier C,Property,Web,2026-08-27,2026-08,2026-09-11,Closed,0.0,6.2,15.0,35.0,9613.94,20.0,0,
C003024,Carrier A,Auto,Agent,2026-04-16,2026-04,2026-05-08,Closed,0.0,13.83,22.0,168.0,3662.85,14.0,1,0.4556
C003025,Carrier A,Auto,Mobile,2026-08-15,2026-08,2026-08-24,Closed,0.0,8.92,9.0,47.0,7376.78,14.0,0,
C003026,Carrier A,Property,Mobile,2026-08-03,2026-08,2026-08-24,Closed,0.0,5.06,21.0,59.0,3734.85,20.0,0,
C003027,Carrier A,Property,Agent,2026-04-19,2026-04,2026-04-26,Closed,0.0,13.42,7.0,165.0,7196.28,20.0,0,
C003028,Carrier B,Liability,Agent,2026-04-30,2026-04,2026-05-14,Closed,0.0,14.28,14.0,154.0,2763.71,14.0,0,
C003029,Carrier B,Auto,Mobile,2026-06-01,2026-06,2026-06-11,Closed,1.0,24.67,10.0,122.0,14220.83,14.0,0,
C003030,Carrier C,Liability,Mobile,2026-09-12,2026-09,2026-09-21,Closed,0.0,12.05,9.0,19.0,3017.31,14.0,0,
C003031,Carrier A,Liability,Mobile,2026-08-31,2026-08,2026-09-08,Closed,0.0,5.33,8.0,31.0,702.93,14.0,1,0.8264
C003032,Carrier B,Auto,Web,2026-04-15,2026-04,2026-05-03,Closed,0.0,1.84,18.0,169.0,3537.65,14.0,0,
C003033,Carrier A,Liability,Agent,2026-05-28,2026-05,2026-06-06,Closed,0.0,11.65,9.0,126.0,3202.79,14.0,0,
C003034,Carrier A,Liability,Mobile,2026-08-22,2026-08,2026-09-12,Closed,1.0,13.75,21.0,40.0,2211.84,14.0,0,
C003035,Carrier C,Liability,Mobile,2026-07-14,2026-07,2026-07-26,Closed,1.0,22.74,12.0,79.0,23946.07,14.0,2,0.8856
C003036,Carrier B,Liability,Web,2026-07-07,2026-07,,Open,0.0,12.19,,86.0,0.0,14.0,1,0.2994
C003037,Carrier C,Property,Agent,2026-08-31,2026-08,2026-09-05,Closed,0.0,2.01,5.0,31.0,3926.57,20.0,0,
C003038,Carrier A,Property,Agent,2026-05-04,2026-05,2026-05-22,Closed,1.0,14.71,18.0,150.0,7271.64,20.0,0,
C003039,Carrier B,Liability,Agent,2026-07-20,2026-07,2026-08-01,Closed,1.0,17.98,12.0,73.0,8285.58,14.0,0,
C003040,Carrier B,Auto,Web,2026-08-18,2026-08,2026-08-23,Closed,0.0,13.61,5.0,44.0,3602.46,14.0,0,
C003041,Carrier C,Auto,Agent,2026-07-24,2026-07,2026-08-11,Closed,1.0,27.11,18.0,69.0,2166.04,14.0,0,
C003042,Carrier C,Liability,Mobile,2026-07-24,2026-07,2026-07-27,Closed,0.0,9.44,3.0,69.0,66320.42,14.0,0,
C003043,Carrier A,Auto,Web,2026-05-05,2026-05,2026-05-16,Closed,1.0,22.5,11.0,149.0,4164.65,14.0,0,
C003044,Carrier C,Property,Web,2026-04-09,2026-04,2026-04-15,Closed,0.0,13.62,6.0,175.0,5666.2,20.0,0,
C003045,Carrier B,Liability,Web,2026-07-25,2026-07,2026-07-28,Closed,0.0,10.9,3.0,68.0,3143.01,14.0,0,
C003046,Carrier B,Liability,Web,2026-08-08,2026-08,2026-08-10,Closed,0.0,12.77,2.0,54.0,301.59,14.0,1,0.2914
C003047,Carrier A,Auto,Agent,2026-04-14,2026-04,2026-04-17,Closed,0.0,5.5,3.0,170.0,1132.33,14.0,0,
C003048,Carrier B,Auto,Web,2026-08-23,2026-08,2026-09-01,Closed,0.0,8.52,9.0,39.0,1978.14,14.0,0,
C003049,Carrier C,Property,Web,2026-08-16,2026-08,2026-08-22,Closed,0.0,17.29,6.0,46.0,3878.29,20.0,0,
C003050,Carrier A,Auto,Web,2026-05-10,2026-05,2026-05-12,Closed,0.0,14.92,2.0,144.0,1378.36,14.0,0,
C003051,Carrier B,Liability,Web,2026-09-16,2026-09,2026-09-28,Closed,0.0,7.32,12.0,15.0,995.97,14.0,2,0.6338
C003052,Carrier A,Auto,Agent,2026-09-15,2026-09,2026-09-19,Closed,0.0,4.46,4.0,16.0,716.15,14.0,0,
C003053,Carrier C,Auto,Mobile,2026-09-02,2026-09,2026-09-16,Closed,1.0,15.14,14.0,29.0,825.69,14.0,0,
C003054,Carrier B,Property,Web,2026-04-29,2026-04,2026-05-17,Closed,0.0,15.48,18.0,155.0,616.09,20.0,0,
C003055,Carrier A,Property,Mobile,2026-06-05,2026-06,2026-06-23,Closed,1.0,21.5,18.0,118.0,10529.94,20.0,0,
C003056,Carrier A,Property,Mobile,2026-05-12,2026-05,2026-06-02,Closed,0.0,15.24,21.0,142.0,5122.52,20.0,0,
C003057,Carrier A,Auto,Web,2026-08-22,2026-08,2026-08-25,Closed,0.0,3.44,3.0,40.0,2393.31,14.0,0,
C003058,Carrier C,Auto,Web,2026-07-07,2026-07,2026-07-20,Closed,1.0,13.76,13.0,86.0,5462.41,14.0,1,0.7225
C003059,Carrier C,Auto,Mobile,2026-05-14,2026-05,2026-05-27,Closed,1.0,15.05,13.0,140.0,3478.59,14.0,0,
C003060,Carrier A,Liability,Web,2026-08-15,2026-08,2026-08-23,Closed,0.0,16.13,8.0,47.0,1078.53,14.0,0,
C003061,Carrier B,Liability,Web,2026-04-11,2026-04,2026-04-20,Closed,0.0,10.26,9.0,173.0,3737.93,14.0,0,
C003062,Carrier B,Auto,Mobile,2026-08-14,2026-08,2026-08-16,Closed,0.0,3.16,2.0,48.0,3542.65,14.0,0,
C003063,Carrier C,Auto,Mobile,2026-04-05,2026-04,2026-04-09,Closed,0.0,15.51,4.0,179.0,1420.51,14.0,1,0.392
C003064,Carrier B,Auto,Agent,2026-04-23,2026-04,2026-05-02,Closed,0.0,6.74,9.0,161.0,7697.09,14.0,0,
C003065,Carrier B,Auto,Agent,2026-05-07,2026-05,2026-05-20,Closed,0.0,8.31,13.0,147.0,8505.62,14.0,0,
C003066,Carrier A,Property,Agent,2026-08-11,2026-08,,Open,0.0,10.55,,51.0,0.0,20.0,0,
C003067,Carrier C,Liability,Web,2026-06-22,2026-06,2026-06-28,Closed,0.0,15.73,6.0,101.0,4358.23,14.0,0,
C003068,Carrier C,Property,Agent,2026-05-08,2026-05,2026-05-17,Closed,0.0,1.47,9.0,146.0,1700.49,20.0,1,0.7216
C003069,Carrier C,Liability,Agent,2026-08-20,2026-08,,Open,0.0,4.68,,42.0,0.0,14.0,0,
C003070,Carrier B,Property,Web,2026-07-25,2026-07,2026-08-15,Closed,0.0,3.63,21.0,68.0,4016.19,20.0,1,0.8268
C003071,Carrier C,Property,Web,2026-08-23,2026-08,2026-08-31,Closed,0.0,4.15,8.0,39.0,7643.92,20.0,0,
C003072,Carrier B,Property,Web,2026-06-03,2026-06,2026-06-10,Closed,0.0,14.49,7.0,120.0,5019.81,20.0,0,
C003073,Carrier A,Property,Mobile,2026-04-19,2026-04,2026-04-27,Closed,0.0,7.21,8.0,165.0,5169.84,20.0,0,
C003074,Carrier A,Liability,Web,2026-06-28,2026-06,2026-07-01,Closed,0.0,2.75,3.0,95.0,1535.11,14.0,0,
C003075,Carrier C,Property,Web,2026-07-02,2026-07,2026-07-12,Closed,0.0,7.55,10.0,91.0,19029.7,20.0,1,0.6122
C003076,Carrier B,Liability,Mobile,2026-06-28,2026-06,2026-07-07,Closed,0.0,12.56,9.0,95.0,5429.05,14.0,0,
C003077,Carrier C,Liability,Mobile,2026-06-24,2026-06,2026-06-25,Closed,0.0,5.82,1.0,99.0,3424.45,14.0,0,
C003078,Carrier B,Liability,Mobile,2026-08-30,2026-08,2026-09-09,Closed,0.0,5.09,10.0,32.0,16222.77,14.0,1,0.2528
C003079,Carrier C,Property,Web,2026-04-23,2026-04,2026-05-02,Closed,0.0,6.72,9.0,161.0,4434.44,20.0,1,0.5602
C003080,Carrier A,Auto,Mobile,2026-09-11,2026-09,2026-09-28,Closed,0.0,1.69,17.0,20.0,1228.66,14.0,0,
C003081,Carrier B,Liability,Web,2026-08-27,2026-08,2026-08-29,Closed,0.0,11.95,2.0,35.0,1400.87,14.0,1,0.9224
C003082,Carrier C,Property,Mobile,2026-09-06,2026-09,2026-09-20,Closed,0.0,6.36,14.0,25.0,2260.81,20.0,0,
C003083,Carrier C,Auto,Agent,2026-05-07,2026-05,,Open,0.0,4.55,,147.0,0.0,14.0,0,
C003084,Carrier B,Property,Mobile,2026-04-08,2026-04,2026-04-14,Closed,0.0,5.15,6.0,176.0,34005.54,20.0,0,
C003085,Carrier B,Property,Web,2026-08-07,2026-08,2026-08-24,Closed,0.0,1.4,17.0,55.0,3537.86,20.0,1,0.1249
C003086,Carrier C,Liability,Agent,2026-05-06,2026-05,,Open,0.0,1.72,,148.0,0.0,14.0,0,
C003087,Carrier B,Auto,Agent,2026-09-08,2026-09,2026-09-13,Closed,0.0,14.17,5.0,23.0,6319.91,14.0,0,
C003088,Carrier C,Auto,Mobile,2026-05-18,2026-05,,Open,0.0,12.49,,136.0,0.0,14.0,0,
C003089,Carrier A,Property,Agent,2026-07-26,2026-07,2026-08-06,Closed,0.0,12.11,11.0,67.0,2272.27,20.0,0,
C003090,Carrier A,Property,Agent,2026-08-07,2026-08,2026-08-26,Closed,0.0,6.7,19.0,55.0,3424.69,20.0,1,0.9038
C003091,Carrier B,Liability,Web,2026-07-13,2026-07,,Open,0.0,15.77,,80.0,0.0,14.0,0,
C003092,Carrier A,Property,Mobile,2026-07-26,2026-07,2026-08-11,Closed,1.0,18.76,16.0,67.0,5267.32,20.0,2,0.8819
C003093,Carrier A,Auto,Agent,2026-07-05,2026-07,2026-08-02,Closed,0.0,10.73,28.0,88.0,7857.68,14.0,0,
C003094,Carrier B,Liability,Agent,2026-07-04,2026-07,2026-07-18,Closed,1.0,27.41,14.0,89.0,3574.48,14.0,1,0.5822
C003095,Carrier C,Liability,Agent,2026-08-19,2026-08,2026-08-23,Closed,0.0,8.34,4.0,43.0,3063.35,14.0,0,
C003096,Carrier A,Auto,Agent,2026-07-25,2026-07,2026-08-09,Closed,1.0,23.42,15.0,68.0,2297.5,14.0,1,0.0779
C003097,Carrier B,Liability,Web,2026-04-05,2026-04,2026-04-26,Closed,1.0,15.88,21.0,179.0,5224.29,14.0,0,
C003098,Carrier A,Auto,Agent,2026-08-14,2026-08,2026-08-18,Closed,0.0,13.06,4.0,48.0,5055.62,14.0,0,
C003099,Carrier C,Auto,Agent,2026-08-10,2026-08,2026-08-14,Closed,0.0,11.94,4.0,52.0,896.16,14.0,0,
C003100,Carrier A,Property,Agent,2026-08-23,2026-08,2026-09-11,Closed,1.0,18.33,19.0,39.0,3344.18,20.0,1,0.843
C003101,Carrier C,Property,Agent,2026-09-13,2026-09,2026-09-22,Closed,0.0,9.85,9.0,18.0,3990.24,20.0,0,
C003102,Carrier B,Liability,Mobile,2026-08-19,2026-08,2026-08-24,Closed,0.0,16.51,5.0,43.0,4532.68,14.0,0,
C003103,Carrier A,Auto,Mobile,2026-06-11,2026-06,2026-06-22,Closed,1.0,21.82,11.0,112.0,1256.59,14.0,1,0.2828
C003104,Carrier C,Liability,Web,2026-08-22,2026-08,2026-08-23,Closed,0.0,7.58,1.0,40.0,3994.53,14.0,2,0.9551
C003105,Carrier A,Liability,Mobile,2026-04-28,2026-04,2026-05-14,Closed,0.0,11.59,16.0,156.0,4160.12,14.0,0,
C003106,Carrier A,Property,Web,2026-04-05,2026-04,2026-04-28,Closed,0.0,17.48,23.0,179.0,6266.52,20.0,1,0.6376
C003107,Carrier C,Auto,Mobile,2026-09-29,2026-09,,Open,0.0,4.31,,2.0,0.0,14.0,0,
C003108,Carrier B,Auto,Agent,2026-09-22,2026-09,2026-09-23,Closed,0.0,9.59,1.0,9.0,2360.16,14.0,2,0.0775
C003109,Carrier C,Property,Web,2026-09-02,2026-09,2026-09-09,Closed,0.0,17.94,7.0,29.0,2926.29,20.0,1,0.9122
C003110,Carrier C,Property,Mobile,2026-09-18,2026-09,2026-10-01,Closed,0.0,8.26,13.0,13.0,20238.19,20.0,1,0.8577
C003111,Carrier B,Property,Mobile,2026-04-15,2026-04,2026-04-25,Closed,0.0,6.43,10.0,169.0,1935.48,20.0,1,0.2005
C003112,Carrier A,Property,Web,2026-04-13,2026-04,2026-05-01,Closed,0.0,9.61,18.0,171.0,1939.01,20.0,0,
C003113,Carrier C,Auto,Agent,2026-05-08,2026-05,2026-05-17,Closed,0.0,8.26,9.0,146.0,11624.77,14.0,0,
C003114,Carrier A,Property,Mobile,2026-04-17,2026-04,2026-04-23,Closed,0.0,6.89,6.0,167.0,2286.73,20.0,0,
C003115,Carrier B,Auto,Agent,2026-06-23,2026-06,2026-06-28,Closed,0.0,6.8,5.0,100.0,2752.38,14.0,0,
C003116,Carrier C,Auto,Agent,2026-09-28,2026-09,,Open,0.0,16.01,,3.0,0.0,14.0,1,0.6409
C003117,Carrier A,Property,Web,2026-07-24,2026-07,2026-08-04,Closed,0.0,16.25,11.0,69.0,4411.1,20.0,0,
C003118,Carrier A,Liability,Web,2026-07-25,2026-07,2026-08-07,Closed,0.0,4.69,13.0,68.0,10813.5,14.0,0,
C003119,Carrier B,Property,Agent,2026-09-27,2026-09,,Open,0.0,5.75,,4.0,0.0,20.0,1,0.3867
C003120,Carrier C,Liability,Web,2026-06-15,2026-06,2026-06-26,Closed,0.0,5.35,11.0,108.0,2762.14,14.0,0,
C003121,Carrier A,Liability,Web,2026-09-13,2026-09,,Open,0.0,17.04,,18.0,0.0,14.0,0,
C003122,Carrier C,Auto,Mobile,2026-06-20,2026-06,2026-06-23,Closed,0.0,16.16,3.0,103.0,1483.24,14.0,0,
C003123,Carrier A,Property,Mobile,2026-09-10,2026-09,2026-09-18,Closed,0.0,16.24,8.0,21.0,1123.15,20.0,0,
C003124,Carrier C,Property,Mobile,2026-08-09,2026-08,2026-08-27,Closed,0.0,5.72,18.0,53.0,3433.88,20.0,0,
C003125,Carrier A,Liability,Web,2026-04-04,2026-04,2026-04-07,Closed,0.0,9.49,3.0,180.0,4133.53,14.0,1,0.9875
C003126,Carrier B,Liability,Web,2026-08-17,2026-08,2026-08-30,Closed,1.0,25.74,13.0,45.0,4671.78,14.0,0,
C003127,Carrier C,Liability,Mobile,2026-06-26,2026-06,2026-07-08,Closed,0.0,8.51,12.0,97.0,2167.21,14.0,0,
C003128,Carrier C,Auto,Agent,2026-06-13,2026-06,2026-06-28,Closed,0.0,15.15,15.0,110.0,19382.05,14.0,0,
C003129,Carrier B,Property,Agent,2026-05-16,2026-05,2026-05-24,Closed,0.0,4.28,8.0,138.0,2389.71,20.0,0,
C003130,Carrier C,Auto,Mobile,2026-09-23,2026-09,,Open,0.0,14.23,,8.0,0.0,14.0,0,
C003131,Carrier B,Liability,Mobile,2026-06-10,2026-06,2026-06-29,Closed,0.0,3.85,19.0,113.0,4445.65,14.0,0,
C003132,Carrier A,Liability,Web,2026-06-21,2026-06,2026-07-04,Closed,1.0,23.18,13.0,102.0,3500.99,14.0,0,
C003133,Carrier A,Auto,Web,2026-08-13,2026-08,2026-08-15,Closed,0.0,12.18,2.0,49.0,5800.44,14.0,1,0.6708
C003134,Carrier B,Liability,Mobile,2026-05-25,2026-05,2026-06-04,Closed,0.0,1.09,10.0,129.0,1806.86,14.0,1,0.4899
C003135,Carrier A,Property,Agent,2026-07-06,2026-07,2026-07-23,Closed,1.0,13.82,17.0,87.0,1591.06,20.0,0,
C003136,Carrier C,Liability,Agent,2026-08-29,2026-08,2026-09-04,Closed,0.0,8.46,6.0,33.0,6118.19,14.0,0,
C003137,Carrier B,Property,Mobile,2026-09-27,2026-09,,Open,0.0,13.1,,4.0,0.0,20.0,0,
C003138,Carrier C,Liability,Web,2026-05-31,2026-05,2026-06-01,Closed,0.0,12.49,1.0,123.0,9225.59,14.0,0,
C003139,Carrier C,Property,Web,2026-05-24,2026-05,2026-06-04,Closed,0.0,5.75,11.0,130.0,5066.69,20.0,0,
C003140,Carrier C,Auto,Web,2026-04-19,2026-04,2026-04-22,Closed,0.0,9.25,3.0,165.0,3343.48,14.0,1,0.3931
C003141,Carrier B,Auto,Agent,2026-07-15,2026-07,2026-07-28,Closed,0.0,8.03,13.0,78.0,5884.76,14.0,0,
C003142,Carrier B,Property,Mobile,2026-08-27,2026-08,2026-09-21,Closed,1.0,26.6,25.0,35.0,11546.99,20.0,0,
C003143,Carrier C,Property,Agent,2026-08-21,2026-08,2026-09-08,Closed,1.0,24.25,18.0,41.0,4913.94,20.0,1,0.1338
C003144,Carrier C,Auto,Mobile,2026-05-02,2026-05,2026-05-04,Closed,0.0,17.19,2.0,152.0,2234.66,14.0,0,
C003145,Carrier C,Auto,Web,2026-07-28,2026-07,2026-08-10,Closed,0.0,12.34,13.0,65.0,3161.65,14.0,0,
C003146,Carrier A,Liability,Mobile,2026-06-27,2026-06,,Open,1.0,11.15,,96.0,0.0,14.0,0,
C003147,Carrier B,Property,Mobile,2026-04-12,2026-04,2026-04-30,Closed,1.0,26.08,18.0,172.0,5707.24,20.0,0,
C003148,Carrier C,Property,Agent,2026-06-30,2026-06,2026-07-19,Closed,0.0,6.02,19.0,93.0,1228.39,20.0,0,
C003149,Carrier C,Liability,Mobile,2026-04-07,2026-04,2026-04-25,Closed,1.0,25.74,18.0,177.0,3914.41,14.0,0,
C003150,Carrier B,Liability,Mobile,2026-08-27,2026-08,2026-09-02,Closed,0.0,10.09,6.0,35.0,1539.29,14.0,1,0.7188
C003151,Carrier C,Property,Agent,2026-08-11,2026-08,2026-08-18,Closed,0.0,7.07,7.0,51.0,1917.21,20.0,1,0.9329
C003152,Carrier B,Auto,Agent,2026-04-02,2026-04,2026-04-08,Closed,0.0,1.18,6.0,182.0,4766.35,14.0,0,
C003153,Carrier A,Auto,Agent,2026-04-25,2026-04,2026-04-29,Closed,0.0,2.88,4.0,159.0,8204.83,14.0,0,
C003154,Carrier B,Auto,Agent,2026-05-26,2026-05,,Open,0.0,7.12,,128.0,0.0,14.0,0,
C003155,Carrier A,Property,Mobile,2026-06-12,2026-06,2026-06-23,Closed,0.0,1.51,11.0,111.0,3245.62,20.0,0,
C003156,Carrier B,Property,Agent,2026-07-14,2026-07,2026-08-03,Closed,1.0,20.43,20.0,79.0,8892.59,20.0,0,
C003157,Carrier A,Property,Web,2026-09-18,2026-09,,Open,1.0,15.82,,13.0,0.0,20.0,0,
C003158,Carrier B,Property,Web,2026-05-22,2026-05,2026-06-19,Closed,1.0,15.08,28.0,132.0,1738.12,20.0,0,
C003159,Carrier A,Auto,Agent,2026-04-01,2026-04,2026-04-11,Closed,0.0,4.67,10.0,183.0,6065.55,14.0,1,0.6191
C003160,Carrier A,Auto,Mobile,2026-05-14,2026-05,,Open,0.0,9.25,,140.0,0.0,14.0,2,0.4232
C003161,Carrier B,Liability,Agent,2026-09-18,2026-09,2026-09-22,Closed,0.0,4.05,4.0,13.0,4044.93,14.0,1,0.9505
C003162,Carrier B,Liability,Web,2026-06-08,2026-06,2026-06-19,Closed,0.0,5.66,11.0,115.0,6280.65,14.0,0,
C003163,Carrier C,Property,Agent,2026-09-04,2026-09,2026-09-13,Closed,0.0,15.63,9.0,27.0,5518.44,20.0,0,
C003164,Carrier A,Property,Mobile,2026-09-01,2026-09,2026-09-10,Closed,0.0,10.22,9.0,30.0,2286.29,20.0,0,
C003165,Carrier A,Liability,Web,2026-09-02,2026-09,2026-09-03,Closed,0.0,8.48,1.0,29.0,7286.62,14.0,1,0.4278
C003166,Carrier B,Auto,Mobile,2026-05-27,2026-05,2026-06-24,Closed,1.0,19.44,28.0,127.0,2118.03,14.0,0,
C003167,Carrier B,Property,Mobile,2026-04-19,2026-04,2026-04-26,Closed,0.0,6.48,7.0,165.0,3214.27,20.0,1,0.4609
C003168,Carrier B,Auto,Mobile,2026-08-25,2026-08,2026-09-18,Closed,1.0,26.87,24.0,37.0,12156.72,14.0,0,
C003169,Carrier A,Auto,Web,2026-04-23,2026-04,2026-05-02,Closed,0.0,6.38,9.0,161.0,2007.29,14.0,0,
C003170,Carrier C,Auto,Mobile,2026-09-11,2026-09,2026-09-15,Closed,0.0,17.42,4.0,20.0,3347.18,14.0,0,
C003171,Carrier B,Property,Mobile,2026-09-28,2026-09,,Open,0.0,16.94,,3.0,0.0,20.0,0,
C003172,Carrier B,Liability,Web,2026-08-21,2026-08,2026-09-04,Closed,1.0,18.63,14.0,41.0,3721.17,14.0,0,
C003173,Carrier C,Liability,Web,2026-08-02,2026-08,2026-08-30,Closed,1.0,23.13,28.0,60.0,4699.89,14.0,0,
C003174,Carrier B,Liability,Agent,2026-04-09,2026-04,2026-04-11,Closed,0.0,10.43,2.0,175.0,3317.05,14.0,0,
C003175,Carrier A,Property,Mobile,2026-06-18,2026-06,,Open,0.0,16.49,,105.0,0.0,20.0,0,
C003176,Carrier C,Liability,Web,2026-07-23,2026-07,2026-08-03,Closed,0.0,4.98,11.0,70.0,3273.31,14.0,1,0.7083
C003177,Carrier C,Liability,Agent,2026-08-09,2026-08,2026-08-15,Closed,0.0,2.0,6.0,53.0,778.79,14.0,0,
C003178,Carrier A,Liability,Agent,2026-04-03,2026-04,,Open,0.0,7.42,,181.0,0.0,14.0,0,
C003179,Carrier B,Auto,Web,2026-07-12,2026-07,,Open,0.0,15.16,,81.0,0.0,14.0,0,
C003180,Carrier C,Auto,Agent,2026-09-15,2026-09,2026-09-21,Closed,0.0,6.19,6.0,16.0,3370.9,14.0,0,
C003181,Carrier C,Auto,Web,2026-09-26,2026-09,2026-09-28,Closed,0.0,12.6,2.0,5.0,1714.16,14.0,1,0.8039
C003182,Carrier C,Property,Mobile,2026-05-07,2026-05,2026-05-22,Closed,0.0,14.81,15.0,147.0,3510.4,20.0,1,0.1483
C003183,Carrier A,Property,Mobile,2026-05-10,2026-05,2026-05-29,Closed,0.0,17.03,19.0,144.0,6019.01,20.0,0,
C003184,Carrier C,Liability,Agent,2026-05-11,2026-05,2026-05-20,Closed,1.0,14.66,9.0,143.0,4665.25,14.0,0,
C003185,Carrier B,Auto,Mobile,2026-06-12,2026-06,2026-06-25,Closed,0.0,3.74,13.0,111.0,10030.54,14.0,0,
C003186,Carrier A,Property,Agent,2026-05-01,2026-05,2026-05-20,Closed,0.0,5.43,19.0,153.0,2581.75,20.0,0,
C003187,Carrier A,Auto,Agent,2026-07-01,2026-07,,Open,0.0,4.47,,92.0,0.0,14.0,0,
C003188,Carrier B,Liability,Agent,2026-06-05,2026-06,2026-06-10,Closed,0.0,14.36,5.0,118.0,5589.05,14.0,0,
C003189,Carrier A,Liability,Mobile,2026-05-20,2026-05,2026-05-28,Closed,0.0,7.94,8.0,134.0,4493.28,14.0,0,
C003190,Carrier C,Liability,Web,2026-09-18,2026-09,2026-09-27,Closed,0.0,17.61,9.0,13.0,5444.51,14.0,2,0.8563
C003191,Carrier C,Liability,Agent,2026-08-21,2026-08,2026-09-05,Closed,0.0,3.21,15.0,41.0,2150.37,14.0,1,0.928
C003192,Carrier B,Auto,Mobile,2026-04-21,2026-04,2026-05-01,Closed,1.0,21.68,10.0,163.0,2620.57,14.0,1,0.5322
C003193,Carrier A,Auto,Agent,2026-04-26,2026-04,2026-04-30,Closed,0.0,3.11,4.0,158.0,1486.35,14.0,0,
C003194,Carrier A,Property,Mobile,2026-06-14,2026-06,2026-06-22,Closed,0.0,7.87,8.0,109.0,8375.81,20.0,0,
C003195,Carrier B,Property,Web,2026-04-19,2026-04,2026-05-20,Closed,0.0,5.71,31.0,165.0,3781.46,20.0,0,
C003196,Carrier C,Property,Agent,2026-06-20,2026-06,2026-07-09,Closed,0.0,17.16,19.0,103.0,2099.04,20.0,0,
C003197,Carrier B,Liability,Web,2026-09-02,2026-09,2026-09-21,Closed,0.0,10.98,19.0,29.0,1618.65,14.0,0,
C003198,Carrier B,Auto,Web,2026-07-15,2026-07,2026-08-07,Closed,1.0,19.43,23.0,78.0,7698.17,14.0,0,
C003199,Carrier C,Property,Web,2026-04-23,2026-04,2026-05-28,Closed,0.0,1.22,35.0,161.0,3683.66,20.0,0,
C003200,Carrier A,Auto,Mobile,2026-05-30,2026-05,2026-06-11,Closed,1.0,19.9,12.0,124.0,6890.43,14.0,0,
C003201,Carrier C,Liability,Web,2026-04-19,2026-04,2026-04-28,Closed,0.0,3.96,9.0,165.0,1903.82,14.0,1,0.5304
C003202,Carrier C,Liability,Mobile,2026-07-29,2026-07,2026-08-04,Closed,0.0,13.94,6.0,64.0,4349.45,14.0,1,0.7324
C003203,Carrier C,Property,Agent,2026-09-23,2026-09,2026-10-01,Closed,0.0,9.88,8.0,8.0,6905.66,20.0,1,0.2915
C003204,Carrier C,Auto,Agent,2026-09-30,2026-09,,Open,0.0,1.66,,1.0,0.0,14.0,1,0.5622
C003205,Carrier A,Liability,Agent,2026-04-01,2026-04,2026-04-16,Closed,0.0,3.74,15.0,183.0,2492.53,14.0,0,
C003206,Carrier C,Auto,Mobile,2026-06-10,2026-06,2026-06-24,Closed,1.0,16.44,14.0,113.0,3182.67,14.0,0,
C003207,Carrier A,Liability,Agent,2026-09-08,2026-09,2026-09-14,Closed,0.0,8.41,6.0,23.0,5701.99,14.0,0,
C003208,Carrier B,Auto,Mobile,2026-04-20,2026-04,2026-04-26,Closed,0.0,7.32,6.0,164.0,1444.13,14.0,0,
C003209,Carrier C,Property,Agent,2026-05-01,2026-05,2026-05-21,Closed,0.0,14.19,20.0,153.0,1420.63,20.0,0,
C003210,Carrier A,Liability,Agent,2026-09-22,2026-09,,Open,0.0,2.19,,9.0,0.0,14.0,0,
C003211,Carrier A,Property,Agent,2026-08-10,2026-08,2026-09-11,Closed,1.0,12.39,32.0,52.0,5397.41,20.0,1,0.6749
C003212,Carrier B,Auto,Web,2026-07-20,2026-07,2026-07-28,Closed,0.0,11.56,8.0,73.0,3970.82,14.0,0,
C003213,Carrier C,Property,Agent,2026-07-31,2026-07,2026-08-16,Closed,0.0,1.34,16.0,62.0,919.33,20.0,0,
C003214,Carrier C,Liability,Agent,2026-04-19,2026-04,2026-04-21,Closed,0.0,11.19,2.0,165.0,6180.81,14.0,0,
C003215,Carrier B,Property,Web,2026-06-19,2026-06,2026-06-27,Closed,0.0,3.4,8.0,104.0,3091.7,20.0,1,0.3788
C003216,Carrier C,Liability,Mobile,2026-06-10,2026-06,2026-06-18,Closed,0.0,14.62,8.0,113.0,2794.46,14.0,0,
C003217,Carrier C,Property,Mobile,2026-05-13,2026-05,2026-05-25,Closed,0.0,13.9,12.0,141.0,5346.16,20.0,0,
C003218,Carrier B,Liability,Web,2026-09-24,2026-09,,Open,1.0,19.83,,7.0,0.0,14.0,0,
C003219,Carrier B,Auto,Web,2026-05-03,2026-05,2026-05-05,Closed,0.0,6.09,2.0,151.0,8215.7,14.0,0,
C003220,Carrier B,Auto,Agent,2026-08-23,2026-08,2026-08-26,Closed,0.0,15.0,3.0,39.0,6277.76,14.0,1,0.1052
C003221,Carrier C,Auto,Agent,2026-06-28,2026-06,2026-06-30,Closed,0.0,1.08,2.0,95.0,438.52,14.0,1,0.6782
C003222,Carrier A,Liability,Web,2026-05-16,2026-05,,Open,0.0,3.64,,138.0,0.0,14.0,0,
C003223,Carrier B,Liability,Web,2026-04-26,2026-04,2026-04-28,Closed,0.0,2.44,2.0,158.0,3506.78,14.0,0,
C003224,Carrier A,Liability,Web,2026-08-18,2026-08,2026-08-22,Closed,0.0,6.21,4.0,44.0,1698.04,14.0,0,
C003225,Carrier A,Auto,Web,2026-07-28,2026-07,2026-08-08,Closed,1.0,16.12,11.0,65.0,1246.16,14.0,0,
C003226,Carrier A,Auto,Mobile,2026-07-01,2026-07,2026-07-11,Closed,0.0,15.34,10.0,92.0,3264.15,14.0,0,
C003227,Carrier A,Property,Mobile,2026-09-01,2026-09,2026-09-23,Closed,0.0,17.63,22.0,30.0,5821.55,20.0,0,
C003228,Carrier A,Auto,Agent,2026-04-04,2026-04,2026-05-10,Closed,1.0,14.69,36.0,180.0,764.52,14.0,0,
C003229,Carrier C,Liability,Agent,2026-04-05,2026-04,2026-04-14,Closed,0.0,3.93,9.0,179.0,3162.77,14.0,1,0.3761
C003230,Carrier B,Property,Agent,2026-05-15,2026-05,2026-05-26,Closed,0.0,12.85,11.0,139.0,18984.95,20.0,0,
C003231,Carrier A,Property,Agent,2026-08-06,2026-08,2026-08-14,Closed,0.0,15.55,8.0,56.0,2608.37,20.0,0,
C003232,Carrier C,Property,Agent,2026-05-07,2026-05,2026-05-18,Closed,0.0,10.88,11.0,147.0,2604.09,20.0,0,
C003233,Carrier C,Property,Web,2026-06-12,2026-06,2026-06-18,Closed,0.0,15.43,6.0,111.0,9260.12,20.0,1,0.548
C003234,Carrier A,Liability,Web,2026-04-27,2026-04,2026-05-02,Closed,0.0,2.55,5.0,157.0,2088.45,14.0,1,0.672
C003235,Carrier B,Liability,Agent,2026-05-19,2026-05,2026-06-07,Closed,1.0,21.02,19.0,135.0,5216.81,14.0,1,0.4788
C003236,Carrier A,Liability,Mobile,2026-07-10,2026-07,2026-07-23,Closed,1.0,23.31,13.0,83.0,628.06,14.0,1,0.9889
C003237,Carrier C,Liability,Web,2026-09-17,2026-09,2026-09-29,Closed,0.0,5.11,12.0,14.0,1147.88,14.0,0,
C003238,Carrier A,Liability,Web,2026-05-20,2026-05,2026-05-28,Closed,0.0,17.28,8.0,134.0,8577.4,14.0,2,0.3022
C003239,Carrier A,Auto,Agent,2026-09-02,2026-09,2026-09-13,Closed,0.0,15.99,11.0,29.0,21636.54,14.0,1,0.9001
C003240,Carrier B,Property,Web,2026-04-12,2026-04,2026-05-04,Closed,0.0,4.49,22.0,172.0,4045.6,20.0,0,
C003241,Carrier B,Property,Mobile,2026-04-17,2026-04,2026-05-05,Closed,0.0,15.05,18.0,167.0,552.87,20.0,0,
C003242,Carrier C,Liability,Mobile,2026-09-24,2026-09,,Open,0.0,7.67,,7.0,0.0,14.0,1,0.6949
C003243,Carrier B,Liability,Mobile,2026-07-05,2026-07,2026-07-18,Closed,1.0,24.43,13.0,88.0,4042.51,14.0,0,
C003244,Carrier B,Property,Mobile,2026-05-22,2026-05,,Open,1.0,19.86,,132.0,0.0,20.0,0,
C003245,Carrier A,Property,Agent,2026-07-17,2026-07,2026-07-27,Closed,0.0,10.34,10.0,76.0,5408.01,20.0,0,
C003246,Carrier B,Auto,Mobile,2026-09-20,2026-09,2026-09-28,Closed,0.0,14.6,8.0,11.0,6009.46,14.0,1,0.3492
C003247,Carrier C,Auto,Agent,2026-07-31,2026-07,2026-08-04,Closed,0.0,16.33,4.0,62.0,7455.08,14.0,1,0.1831
C003248,Carrier A,Auto,Mobile,2026-09-28,2026-09,,Open,0.0,1.59,,3.0,0.0,14.0,0,
C003249,Carrier C,Auto,Mobile,2026-09-26,2026-09,,Open,1.0,25.02,,5.0,0.0,14.0,1,0.8903
C003250,Carrier B,Auto,Web,2026-08-09,2026-08,2026-08-11,Closed,0.0,7.5,2.0,53.0,3451.68,14.0,0,
C003251,Carrier A,Property,Mobile,2026-08-31,2026-08,2026-09-19,Closed,1.0,27.16,19.0,31.0,8110.01,20.0,0,
C003252,Carrier B,Liability,Web,2026-04-23,2026-04,2026-05-09,Closed,1.0,21.64,16.0,161.0,904.53,14.0,0,
C003253,Carrier A,Auto,Mobile,2026-09-23,2026-09,,Open,1.0,18.23,,8.0,0.0,14.0,0,
C003254,Carrier B,Liability,Web,2026-07-03,2026-07,2026-07-17,Closed,0.0,8.63,14.0,90.0,2827.32,14.0,0,
C003255,Carrier C,Property,Web,2026-06-12,2026-06,2026-07-01,Closed,0.0,8.67,19.0,111.0,1789.43,20.0,0,
C003256,Carrier A,Property,Agent,2026-06-15,2026-06,,Open,0.0,9.57,,108.0,0.0,20.0,0,
C003257,Carrier B,Auto,Mobile,2026-05-21,2026-05,2026-05-31,Closed,1.0,27.39,10.0,133.0,1666.17,14.0,0,
C003258,Carrier A,Property,Agent,2026-04-09,2026-04,2026-04-24,Closed,1.0,18.63,15.0,175.0,2738.53,20.0,1,0.7191
C003259,Carrier A,Auto,Web,2026-09-08,2026-09,2026-10-01,Closed,0.0,14.2,23.0,23.0,2153.42,14.0,1,0.0399
C003260,Carrier C,Auto,Agent,2026-07-04,2026-07,2026-07-13,Closed,0.0,1.05,9.0,89.0,7303.22,14.0,0,
C003261,Carrier A,Liability,Agent,2026-05-30,2026-05,2026-06-04,Closed,0.0,8.13,5.0,124.0,5110.7,14.0,0,
C003262,Carrier C,Property,Web,2026-04-16,2026-04,2026-05-02,Closed,0.0,8.84,16.0,168.0,1331.3,20.0,0,
C003263,Carrier C,Auto,Web,2026-04-01,2026-04,2026-04-17,Closed,0.0,13.13,16.0,183.0,1707.52,14.0,0,
C003264,Carrier A,Property,Agent,2026-07-07,2026-07,2026-07-15,Closed,0.0,1.67,8.0,86.0,4131.55,20.0,0,
C003265,Carrier B,Property,Mobile,2026-06-14,2026-06,2026-06-24,Closed,0.0,1.45,10.0,109.0,2730.44,20.0,0,
C003266,Carrier C,Auto,Agent,2026-05-12,2026-05,2026-05-19,Closed,0.0,16.13,7.0,142.0,1599.66,14.0,0,
C003267,Carrier A,Property,Mobile,2026-07-15,2026-07,2026-07-31,Closed,0.0,3.67,16.0,78.0,1982.2,20.0,1,0.4927
C003268,Carrier C,Liability,Mobile,2026-06-11,2026-06,2026-06-28,Closed,0.0,8.12,17.0,112.0,1945.3,14.0,0,
C003269,Carrier B,Liability,Mobile,2026-06-29,2026-06,2026-07-20,Closed,1.0,25.28,21.0,94.0,2639.72,14.0,0,
C003270,Carrier B,Liability,Mobile,2026-08-18,2026-08,2026-08-27,Closed,0.0,16.67,9.0,44.0,3786.21,14.0,1,0.1392
C003271,Carrier B,Property,Mobile,2026-06-09,2026-06,2026-06-25,Closed,0.0,3.69,16.0,114.0,1554.42,20.0,0,
C003272,Carrier C,Auto,Mobile,2026-05-27,2026-05,2026-06-12,Closed,1.0,19.76,16.0,127.0,1810.1,14.0,0,
C003273,Carrier A,Auto,Agent,2026-09-09,2026-09,2026-09-18,Closed,1.0,24.3,9.0,22.0,1337.84,14.0,1,0.5925
C003274,Carrier C,Liability,Agent,2026-09-16,2026-09,2026-09-20,Closed,0.0,6.3,4.0,15.0,10772.39,14.0,0,
C003275,Carrier A,Liability,Web,2026-06-29,2026-06,2026-07-16,Closed,0.0,12.12,17.0,94.0,27801.24,14.0,0,
C003276,Carrier A,Property,Mobile,2026-04-03,2026-04,2026-04-22,Closed,1.0,15.18,19.0,181.0,5333.73,20.0,0,
C003277,Carrier B,Liability,Agent,2026-08-12,2026-08,2026-08-22,Closed,0.0,9.78,10.0,50.0,1208.19,14.0,1,0.1596
C003278,Carrier A,Auto,Mobile,2026-08-20,2026-08,2026-09-03,Closed,1.0,11.76,14.0,42.0,1566.42,14.0,0,
C003279,Carrier C,Property,Mobile,2026-04-02,2026-04,2026-04-12,Closed,0.0,6.12,10.0,182.0,651.26,20.0,0,
C003280,Carrier A,Auto,Web,2026-05-02,2026-05,2026-05-16,Closed,0.0,5.77,14.0,152.0,1307.26,14.0,1,0.9079
C003281,Carrier B,Auto,Mobile,2026-08-22,2026-08,2026-08-26,Closed,0.0,16.56,4.0,40.0,2727.83,14.0,0,
C003282,Carrier C,Liability,Mobile,2026-06-17,2026-06,2026-07-01,Closed,1.0,18.1,14.0,106.0,3688.53,14.0,0,
C003283,Carrier C,Auto,Mobile,2026-08-31,2026-08,2026-09-08,Closed,0.0,17.97,8.0,31.0,2860.05,14.0,0,
C003284,Carrier A,Property,Agent,2026-08-02,2026-08,2026-08-16,Closed,0.0,13.52,14.0,60.0,2398.2,20.0,0,
C003285,Carrier A,Liability,Web,2026-06-23,2026-06,2026-06-30,Closed,0.0,9.51,7.0,100.0,6676.62,14.0,1,0.7948
C003286,Carrier C,Auto,Mobile,2026-06-12,2026-06,2026-06-17,Closed,0.0,16.42,5.0,111.0,5192.79,14.0,1,0.8445
C003287,Carrier A,Auto,Web,2026-06-28,2026-06,2026-07-11,Closed,1.0,20.69,13.0,95.0,3239.28,14.0,0,
C003288,Carrier A,Auto,Web,2026-07-22,2026-07,2026-07-25,Closed,0.0,6.57,3.0,71.0,1840.05,14.0,0,
C003289,Carrier A,Liability,Web,2026-08-23,2026-08,2026-09-03,Closed,1.0,22.85,11.0,39.0,4475.82,14.0,0,
C003290,Carrier C,Auto,Mobile,2026-06-27,2026-06,,Open,0.0,3.38,,96.0,0.0,14.0,0,
C003291,Carrier A,Auto,Mobile,2026-06-09,2026-06,2026-06-13,Closed,0.0,11.36,4.0,114.0,6357.32,14.0,0,
C003292,Carrier B,Auto,Mobile,2026-04-16,2026-04,2026-04-20,Closed,0.0,16.7,4.0,168.0,4730.54,14.0,0,
C003293,Carrier C,Property,Web,2026-05-16,2026-05,2026-05-27,Closed,0.0,8.15,11.0,138.0,3972.05,20.0,0,
C003294,Carrier A,Liability,Web,2026-05-18,2026-05,2026-05-26,Closed,0.0,5.58,8.0,136.0,18458.01,14.0,0,
C003295,Carrier B,Liability,Mobile,2026-05-11,2026-05,2026-05-14,Closed,0.0,7.3,3.0,143.0,5326.79,14.0,0,
C003296,Carrier B,Property,Mobile,2026-07-30,2026-07,2026-08-05,Closed,0.0,4.93,6.0,63.0,3714.51,20.0,0,
C003297,Carrier B,Liability,Mobile,2026-07-21,2026-07,2026-07-30,Closed,1.0,24.85,9.0,72.0,1191.64,14.0,0,
C003298,Carrier A,Liability,Agent,2026-06-08,2026-06,2026-06-12,Closed,0.0,14.09,4.0,115.0,2040.53,14.0,0,
C003299,Carrier A,Liability,Web,2026-08-30,2026-08,2026-09-09,Closed,0.0,10.62,10.0,32.0,7132.74,14.0,0,
C003300,Carrier B,Liability,Agent,2026-07-09,2026-07,2026-07-26,Closed,1.0,15.69,17.0,84.0,12661.39,14.0,0,
C003301,Carrier B,Auto,Web,2026-09-15,2026-09,,Open,0.0,6.44,,16.0,0.0,14.0,0,
C003302,Carrier C,Property,Agent,2026-06-15,2026-06,2026-06-29,Closed,0.0,8.21,14.0,108.0,1642.65,20.0,0,
C003303,Carrier B,Property,Mobile,2026-04-17,2026-04,2026-04-28,Closed,0.0,5.97,11.0,167.0,6171.89,20.0,1,0.9697
C003304,Carrier C,Property,Agent,2026-04-27,2026-04,2026-05-03,Closed,0.0,8.99,6.0,157.0,1198.67,20.0,0,
C003305,Carrier B,Liability,Agent,2026-09-08,2026-09,2026-09-24,Closed,0.0,10.3,16.0,23.0,1647.94,14.0,0,
C003306,Carrier A,Liability,Web,2026-07-14,2026-07,2026-07-16,Closed,0.0,11.04,2.0,79.0,3039.9,14.0,1,0.2656
C003307,Carrier B,Liability,Mobile,2026-04-24,2026-04,2026-04-28,Closed,0.0,9.35,4.0,160.0,1387.36,14.0,0,
C003308,Carrier A,Property,Mobile,2026-05-04,2026-05,2026-05-17,Closed,0.0,7.33,13.0,150.0,2808.9,20.0,0,
C003309,Carrier C,Liability,Web,2026-06-04,2026-06,2026-06-20,Closed,0.0,7.63,16.0,119.0,2986.48,14.0,1,0.9968
C003310,Carrier C,Auto,Web,2026-05-10,2026-05,2026-05-17,Closed,0.0,12.56,7.0,144.0,2615.75,14.0,0,
C003311,Carrier C,Auto,Agent,2026-08-20,2026-08,2026-08-22,Closed,0.0,4.36,2.0,42.0,3693.74,14.0,1,0.4747
C003312,Carrier B,Auto,Agent,2026-05-11,2026-05,2026-05-14,Closed,0.0,15.04,3.0,143.0,2399.38,14.0,0,
C003313,Carrier C,Auto,Mobile,2026-09-05,2026-09,2026-09-14,Closed,0.0,17.72,9.0,26.0,15059.15,14.0,0,
C003314,Carrier B,Auto,Agent,2026-05-18,2026-05,2026-05-21,Closed,0.0,17.37,3.0,136.0,1161.98,14.0,0,
C003315,Carrier B,Property,Mobile,2026-08-08,2026-08,2026-08-26,Closed,0.0,13.88,18.0,54.0,7025.39,20.0,0,
C003316,Carrier A,Auto,Web,2026-05-30,2026-05,2026-06-10,Closed,0.0,15.46,11.0,124.0,1430.54,14.0,1,0.4267
C003317,Carrier A,Property,Mobile,2026-08-12,2026-08,2026-08-19,Closed,0.0,13.65,7.0,50.0,2269.78,20.0,0,
C003318,Carrier B,Liability,Mobile,2026-06-30,2026-06,2026-07-02,Closed,0.0,1.86,2.0,93.0,6248.03,14.0,0,
C003319,Carrier A,Liability,Agent,2026-06-30,2026-06,2026-07-13,Closed,0.0,16.35,13.0,93.0,813.03,14.0,0,
C003320,Carrier A,Auto,Agent,2026-07-03,2026-07,2026-07-09,Closed,0.0,7.06,6.0,90.0,4068.7,14.0,0,
C003321,Carrier A,Property,Agent,2026-06-02,2026-06,2026-06-13,Closed,0.0,14.42,11.0,121.0,1835.68,20.0,0,
C003322,Carrier B,Liability,Mobile,2026-04-20,2026-04,2026-04-24,Closed,0.0,7.12,4.0,164.0,6244.66,14.0,0,
C003323,Carrier A,Auto,Web,2026-04-05,2026-04,2026-04-19,Closed,0.0,6.8,14.0,179.0,4616.03,14.0,0,
C003324,Carrier B,Property,Web,2026-07-10,2026-07,2026-07-17,Closed,0.0,13.07,7.0,83.0,6344.78,20.0,1,0.681
C003325,Carrier B,Liability,Mobile,2026-07-06,2026-07,,Open,1.0,18.02,,87.0,0.0,14.0,0,
C003326,Carrier C,Liability,Agent,2026-09-04,2026-09,2026-09-10,Closed,0.0,9.51,6.0,27.0,2829.01,14.0,0,
C003327,Carrier C,Auto,Agent,2026-06-11,2026-06,2026-06-12,Closed,0.0,17.86,1.0,112.0,4420.48,14.0,0,
C003328,Carrier B,Property,Web,2026-06-14,2026-06,2026-07-08,Closed,0.0,13.79,24.0,109.0,8868.48,20.0,1,0.7474
C003329,Carrier C,Liability,Mobile,2026-04-12,2026-04,2026-04-30,Closed,0.0,3.44,18.0,172.0,1378.47,14.0,1,0.5286
C003330,Carrier C,Auto,Agent,2026-04-15,2026-04,2026-04-23,Closed,0.0,4.24,8.0,169.0,2117.3,14.0,0,
C003331,Carrier B,Auto,Mobile,2026-05-19,2026-05,2026-05-31,Closed,0.0,10.04,12.0,135.0,603.51,14.0,2,0.875
C003332,Carrier B,Liability,Agent,2026-08-13,2026-08,2026-08-20,Closed,0.0,6.1,7.0,49.0,3239.52,14.0,0,
C003333,Carrier B,Property,Mobile,2026-05-20,2026-05,2026-06-14,Closed,1.0,16.01,25.0,134.0,937.28,20.0,0,
C003334,Carrier C,Property,Web,2026-06-04,2026-06,2026-06-16,Closed,0.0,11.51,12.0,119.0,2732.1,20.0,0,
C003335,Carrier C,Auto,Mobile,2026-04-03,2026-04,2026-04-14,Closed,1.0,22.54,11.0,181.0,5728.2,14.0,1,0.4398
C003336,Carrier B,Auto,Agent,2026-06-29,2026-06,2026-07-05,Closed,0.0,10.83,6.0,94.0,3176.2,14.0,0,
C003337,Carrier C,Auto,Mobile,2026-08-29,2026-08,2026-09-25,Closed,1.0,15.87,27.0,33.0,2142.16,14.0,0,
C003338,Carrier A,Auto,Agent,2026-06-13,2026-06,2026-06-25,Closed,1.0,15.35,12.0,110.0,10145.26,14.0,0,
C003339,Carrier B,Liability,Mobile,2026-06-12,2026-06,2026-06-19,Closed,0.0,16.09,7.0,111.0,4767.48,14.0,0,
C003340,Carrier C,Liability,Agent,2026-07-14,2026-07,2026-07-25,Closed,0.0,2.17,11.0,79.0,584.44,14.0,0,
C003341,Carrier C,Auto,Mobile,2026-08-17,2026-08,2026-08-21,Closed,0.0,12.09,4.0,45.0,9695.68,14.0,0,
C003342,Carrier C,Auto,Mobile,2026-06-27,2026-06,2026-07-01,Closed,0.0,10.68,4.0,96.0,491.19,14.0,0,
C003343,Carrier C,Auto,Agent,2026-08-25,2026-08,2026-09-14,Closed,1.0,19.09,20.0,37.0,1010.65,14.0,0,
C003344,Carrier B,Auto,Mobile,2026-05-16,2026-05,2026-05-24,Closed,0.0,7.8,8.0,138.0,823.51,14.0,0,
C003345,Carrier A,Liability,Mobile,2026-05-11,2026-05,2026-05-13,Closed,0.0,14.79,2.0,143.0,9216.16,14.0,0,
C003346,Carrier B,Auto,Mobile,2026-06-03,2026-06,2026-06-20,Closed,0.0,16.64,17.0,120.0,15868.25,14.0,0,
C003347,Carrier C,Liability,Agent,2026-05-27,2026-05,2026-06-07,Closed,0.0,6.94,11.0,127.0,829.03,14.0,1,0.0942
C003348,Carrier C,Property,Web,2026-04-12,2026-04,,Open,1.0,18.28,,172.0,0.0,20.0,0,
C003349,Carrier C,Liability,Web,2026-09-11,2026-09,,Open,0.0,15.02,,20.0,0.0,14.0,0,
C003350,Carrier B,Property,Web,2026-09-24,2026-09,,Open,0.0,6.63,,7.0,0.0,20.0,2,0.8367
C003351,Carrier A,Auto,Web,2026-08-12,2026-08,2026-08-29,Closed,1.0,21.98,17.0,50.0,12333.39,14.0,0,
C003352,Carrier B,Auto,Web,2026-09-10,2026-09,2026-09-15,Closed,0.0,3.96,5.0,21.0,6299.04,14.0,0,
C003353,Carrier C,Auto,Web,2026-06-18,2026-06,2026-07-17,Closed,0.0,13.79,29.0,105.0,4647.68,14.0,0,
C003354,Carrier C,Auto,Agent,2026-07-02,2026-07,2026-07-11,Closed,0.0,5.05,9.0,91.0,3205.43,14.0,0,
C003355,Carrier A,Property,Web,2026-07-09,2026-07,2026-07-16,Closed,0.0,2.14,7.0,84.0,2472.95,20.0,0,
C003356,Carrier B,Auto,Mobile,2026-04-24,2026-04,2026-05-17,Closed,0.0,13.35,23.0,160.0,7796.54,14.0,0,
C003357,Carrier A,Auto,Mobile,2026-07-09,2026-07,2026-07-18,Closed,0.0,2.07,9.0,84.0,10381.76,14.0,0,
C003358,Carrier B,Property,Web,2026-09-22,2026-09,,Open,0.0,15.43,,9.0,0.0,20.0,2,0.9795
C003359,Carrier B,Auto,Mobile,2026-08-26,2026-08,2026-09-07,Closed,0.0,6.6,12.0,36.0,25535.62,14.0,1,0.7348
C003360,Carrier A,Property,Web,2026-06-03,2026-06,2026-06-21,Closed,0.0,9.17,18.0,120.0,2987.15,20.0,0,
C003361,Carrier A,Property,Agent,2026-08-31,2026-08,2026-09-09,Closed,0.0,17.31,9.0,31.0,3583.79,20.0,0,
C003362,Carrier C,Property,Web,2026-05-23,2026-05,2026-05-31,Closed,0.0,17.4,8.0,131.0,3842.74,20.0,0,
C003363,Carrier A,Auto,Web,2026-07-19,2026-07,2026-07-23,Closed,0.0,2.53,4.0,74.0,1121.74,14.0,0,
C003364,Carrier C,Property,Web,2026-08-28,2026-08,2026-09-16,Closed,1.0,15.08,19.0,34.0,3301.24,20.0,1,0.1538
C003365,Carrier B,Auto,Agent,2026-05-03,2026-05,2026-05-06,Closed,0.0,7.34,3.0,151.0,2051.66,14.0,2,0.6454
C003366,Carrier C,Liability,Agent,2026-07-26,2026-07,2026-08-13,Closed,0.0,14.57,18.0,67.0,1600.98,14.0,0,
C003367,Carrier C,Property,Web,2026-06-12,2026-06,2026-07-07,Closed,1.0,22.01,25.0,111.0,4244.03,20.0,0,
C003368,Carrier B,Auto,Agent,2026-09-10,2026-09,2026-09-26,Closed,0.0,12.25,16.0,21.0,3019.31,14.0,0,
C003369,Carrier B,Auto,Web,2026-08-27,2026-08,2026-09-02,Closed,0.0,11.69,6.0,35.0,1873.52,14.0,0,
C003370,Carrier B,Auto,Web,2026-07-07,2026-07,2026-07-12,Closed,0.0,6.53,5.0,86.0,1226.72,14.0,0,
C003371,Carrier A,Auto,Web,2026-08-20,2026-08,2026-09-08,Closed,1.0,19.12,19.0,42.0,2592.34,14.0,0,
C003372,Carrier B,Property,Mobile,2026-06-12,2026-06,2026-06-25,Closed,0.0,7.73,13.0,111.0,8235.57,20.0,0,
C003373,Carrier A,Property,Mobile,2026-09-13,2026-09,2026-09-23,Closed,0.0,8.36,10.0,18.0,2368.63,20.0,0,
C003374,Carrier C,Liability,Agent,2026-09-04,2026-09,2026-09-18,Closed,0.0,7.35,14.0,27.0,5437.63,14.0,1,0.1654
C003375,Carrier A,Property,Web,2026-06-05,2026-06,2026-06-21,Closed,0.0,16.48,16.0,118.0,3501.62,20.0,0,
C003376,Carrier A,Property,Agent,2026-08-14,2026-08,,Open,0.0,1.47,,48.0,0.0,20.0,0,
C003377,Carrier A,Property,Mobile,2026-09-22,2026-09,,Open,1.0,16.84,,9.0,0.0,20.0,0,
C003378,Carrier A,Property,Mobile,2026-04-30,2026-04,2026-05-22,Closed,0.0,8.52,22.0,154.0,6368.56,20.0,0,
C003379,Carrier C,Property,Web,2026-08-10,2026-08,2026-08-21,Closed,0.0,4.55,11.0,52.0,6452.64,20.0,0,
C003380,Carrier A,Liability,Agent,2026-09-16,2026-09,2026-09-25,Closed,1.0,26.75,9.0,15.0,1740.47,14.0,2,0.6544
C003381,Carrier A,Property,Mobile,2026-06-16,2026-06,2026-07-02,Closed,1.0,21.76,16.0,107.0,4195.79,20.0,2,0.7252
C003382,Carrier C,Liability,Agent,2026-04-01,2026-04,2026-04-08,Closed,0.0,5.49,7.0,183.0,1286.95,14.0,1,0.1596
C003383,Carrier A,Auto,Agent,2026-04-24,2026-04,2026-04-30,Closed,0.0,5.0,6.0,160.0,3748.0,14.0,0,
C003384,Carrier B,Auto,Web,2026-05-04,2026-05,2026-05-14,Closed,0.0,4.47,10.0,150.0,1966.36,14.0,0,
C003385,Carrier C,Auto,Agent,2026-09-06,2026-09,2026-09-22,Closed,0.0,3.53,16.0,25.0,1284.9,14.0,0,
C003386,Carrier A,Property,Web,2026-05-14,2026-05,2026-05-26,Closed,0.0,11.9,12.0,140.0,2125.33,20.0,1,0.2691
C003387,Carrier C,Auto,Mobile,2026-07-07,2026-07,2026-07-22,Closed,0.0,7.66,15.0,86.0,5470.77,14.0,0,
C003388,Carrier C,Liability,Web,2026-07-21,2026-07,2026-07-24,Closed,0.0,6.87,3.0,72.0,5374.77,14.0,0,
C003389,Carrier B,Auto,Mobile,2026-07-05,2026-07,2026-07-09,Closed,0.0,1.26,4.0,88.0,9766.35,14.0,0,
C003390,Carrier A,Liability,Agent,2026-05-30,2026-05,2026-06-07,Closed,0.0,7.49,8.0,124.0,8060.18,14.0,0,
C003391,Carrier B,Auto,Mobile,2026-04-23,2026-04,2026-05-05,Closed,0.0,3.08,12.0,161.0,20944.52,14.0,0,
C003392,Carrier C,Auto,Web,2026-07-30,2026-07,2026-08-14,Closed,0.0,10.35,15.0,63.0,2773.0,14.0,1,0.2442
C003393,Carrier A,Property,Agent,2026-06-03,2026-06,2026-06-11,Closed,0.0,15.68,8.0,120.0,13058.11,20.0,0,
C003394,Carrier B,Property,Web,2026-09-02,2026-09,,Open,0.0,1.43,,29.0,0.0,20.0,0,
C003395,Carrier A,Liability,Agent,2026-08-21,2026-08,2026-08-27,Closed,0.0,12.97,6.0,41.0,467.79,14.0,1,0.0287
C003396,Carrier C,Liability,Mobile,2026-07-08,2026-07,2026-07-13,Closed,0.0,10.02,5.0,85.0,2697.63,14.0,0,
C003397,Carrier C,Auto,Web,2026-07-25,2026-07,2026-08-05,Closed,0.0,6.49,11.0,68.0,3972.34,14.0,0,
C003398,Carrier A,Auto,Web,2026-07-02,2026-07,2026-07-24,Closed,0.0,1.32,22.0,91.0,994.53,14.0,0,
C003399,Carrier C,Property,Mobile,2026-05-03,2026-05,2026-05-31,Closed,0.0,11.94,28.0,151.0,3519.3,20.0,0,
C003400,Carrier B,Auto,Mobile,2026-04-20,2026-04,2026-05-04,Closed,1.0,16.17,14.0,164.0,1588.33,14.0,0,
C003401,Carrier C,Property,Web,2026-05-02,2026-05,2026-05-12,Closed,0.0,10.04,10.0,152.0,9376.06,20.0,0,
C003402,Carrier B,Liability,Mobile,2026-05-21,2026-05,2026-05-28,Closed,0.0,16.48,7.0,133.0,26015.14,14.0,0,
C003403,Carrier C,Property,Agent,2026-05-03,2026-05,2026-05-29,Closed,0.0,11.89,26.0,151.0,2714.89,20.0,0,
C003404,Carrier A,Property,Web,2026-04-09,2026-04,2026-04-16,Closed,0.0,11.32,7.0,175.0,2643.86,20.0,2,0.9682
C003405,Carrier C,Auto,Mobile,2026-06-15,2026-06,2026-06-29,Closed,0.0,11.32,14.0,108.0,1370.33,14.0,0,
C003406,Carrier A,Auto,Web,2026-07-25,2026-07,2026-08-14,Closed,1.0,25.58,20.0,68.0,11482.55,14.0,0,
C003407,Carrier C,Liability,Mobile,2026-07-14,2026-07,2026-07-17,Closed,0.0,15.37,3.0,79.0,6931.41,14.0,0,
C003408,Carrier C,Auto,Mobile,2026-05-21,2026-05,2026-05-28,Closed,0.0,1.22,7.0,133.0,2075.46,14.0,1,0.9802
C003409,Carrier A,Property,Mobile,2026-07-30,2026-07,2026-08-27,Closed,1.0,16.17,28.0,63.0,7421.16,20.0,2,0.7454
C003410,Carrier C,Liability,Agent,2026-04-29,2026-04,2026-05-02,Closed,0.0,7.88,3.0,155.0,1155.6,14.0,1,0.8754
C003411,Carrier C,Liability,Web,2026-07-06,2026-07,2026-07-23,Closed,1.0,19.37,17.0,87.0,3421.01,14.0,0,
C003412,Carrier A,Liability,Web,2026-04-06,2026-04,2026-04-10,Closed,0.0,2.2,4.0,178.0,14587.37,14.0,0,
C003413,Carrier A,Auto,Web,2026-08-16,2026-08,2026-08-23,Closed,0.0,5.73,7.0,46.0,7690.36,14.0,0,
C003414,Carrier B,Auto,Mobile,2026-04-24,2026-04,2026-05-15,Closed,0.0,2.31,21.0,160.0,2612.69,14.0,1,0.6733
C003415,Carrier A,Auto,Mobile,2026-07-02,2026-07,2026-07-19,Closed,1.0,22.3,17.0,91.0,7093.47,14.0,0,
C003416,Carrier A,Liability,Mobile,2026-08-23,2026-08,2026-09-01,Closed,0.0,11.82,9.0,39.0,12217.4,14.0,0,
C003417,Carrier B,Liability,Mobile,2026-05-15,2026-05,2026-05-18,Closed,0.0,13.33,3.0,139.0,13289.61,14.0,1,0.8993
C003418,Carrier A,Liability,Agent,2026-08-08,2026-08,2026-08-19,Closed,0.0,3.49,11.0,54.0,1662.63,14.0,0,
C003419,Carrier C,Liability,Web,2026-05-11,2026-05,2026-05-23,Closed,1.0,24.35,12.0,143.0,3684.14,14.0,0,
C003420,Carrier B,Liability,Mobile,2026-08-01,2026-08,2026-08-09,Closed,0.0,8.71,8.0,61.0,7306.18,14.0,0,
C003421,Carrier C,Liability,Agent,2026-07-18,2026-07,2026-08-03,Closed,1.0,13.8,16.0,75.0,2399.09,14.0,2,0.6032
C003422,Carrier A,Liability,Mobile,2026-04-26,2026-04,2026-05-06,Closed,1.0,13.81,10.0,158.0,5122.25,14.0,0,
C003423,Carrier A,Auto,Mobile,2026-08-26,2026-08,2026-09-13,Closed,1.0,24.09,18.0,36.0,11964.78,14.0,0,
C003424,Carrier C,Property,Agent,2026-09-11,2026-09,2026-09-29,Closed,0.0,17.77,18.0,20.0,3989.43,20.0,1,0.1676
C003425,Carrier C,Liability,Agent,2026-04-18,2026-04,2026-04-23,Closed,0.0,1.49,5.0,166.0,2007.78,14.0,1,0.4972
C003426,Carrier C,Auto,Web,2026-04-25,2026-04,2026-05-02,Closed,0.0,15.46,7.0,159.0,6541.0,14.0,0,
C003427,Carrier C,Liability,Agent,2026-04-18,2026-04,2026-05-05,Closed,0.0,14.24,17.0,166.0,8721.36,14.0,0,
C003428,Carrier A,Liability,Agent,2026-08-03,2026-08,2026-08-05,Closed,0.0,2.03,2.0,59.0,819.74,14.0,0,
C003429,Carrier A,Property,Mobile,2026-09-11,2026-09,2026-09-20,Closed,0.0,11.7,9.0,20.0,2893.01,20.0,0,
C003430,Carrier B,Auto,Agent,2026-08-03,2026-08,2026-08-15,Closed,0.0,10.68,12.0,59.0,3437.68,14.0,0,
C003431,Carrier A,Auto,Mobile,2026-07-22,2026-07,2026-07-31,Closed,0.0,16.43,9.0,71.0,4369.62,14.0,0,
C003432,Carrier C,Property,Web,2026-06-21,2026-06,2026-06-29,Closed,0.0,13.06,8.0,102.0,23211.74,20.0,0,
C003433,Carrier C,Auto,Agent,2026-07-09,2026-07,2026-07-14,Closed,0.0,16.97,5.0,84.0,2431.28,14.0,1,0.019
C003434,Carrier C,Auto,Web,2026-09-26,2026-09,,Open,1.0,22.47,,5.0,0.0,14.0,2,0.5748
C003435,Carrier A,Property,Agent,2026-07-01,2026-07,2026-07-15,Closed,0.0,16.51,14.0,92.0,3584.52,20.0,0,
C003436,Carrier C,Liability,Mobile,2026-08-27,2026-08,2026-09-02,Closed,0.0,8.15,6.0,35.0,1908.49,14.0,0,
C003437,Carrier A,Auto,Mobile,2026-06-29,2026-06,2026-07-05,Closed,0.0,12.83,6.0,94.0,2571.27,14.0,0,
C003438,Carrier B,Liability,Agent,2026-04-24,2026-04,2026-05-14,Closed,0.0,7.72,20.0,160.0,6724.34,14.0,1,0.0102
C003439,Carrier B,Liability,Agent,2026-07-04,2026-07,,Open,0.0,16.34,,89.0,0.0,14.0,0,
C003440,Carrier B,Liability,Web,2026-09-30,2026-09,,Open,0.0,13.39,,1.0,0.0,14.0,0,
C003441,Carrier A,Property,Agent,2026-07-14,2026-07,2026-07-27,Closed,0.0,4.3,13.0,79.0,1841.54,20.0,0,
C003442,Carrier C,Auto,Web,2026-06-30,2026-06,2026-07-09,Closed,0.0,2.49,9.0,93.0,1140.32,14.0,1,0.1509
C003443,Carrier B,Property,Mobile,2026-07-25,2026-07,2026-08-21,Closed,1.0,14.4,27.0,68.0,1300.29,20.0,0,
C003444,Carrier B,Liability,Mobile,2026-05-01,2026-05,2026-05-06,Closed,0.0,16.27,5.0,153.0,21530.96,14.0,0,
C003445,Carrier A,Property,Mobile,2026-05-25,2026-05,2026-06-18,Closed,1.0,21.99,24.0,129.0,1786.77,20.0,1,0.1273
C003446,Carrier A,Auto,Mobile,2026-06-25,2026-06,,Open,0.0,17.79,,98.0,0.0,14.0,0,
C003447,Carrier A,Liability,Web,2026-04-28,2026-04,2026-05-12,Closed,0.0,8.14,14.0,156.0,2464.93,14.0,2,0.8038
C003448,Carrier A,Liability,Web,2026-07-06,2026-07,2026-07-19,Closed,0.0,10.79,13.0,87.0,2060.48,14.0,1,0.2457
C003449,Carrier A,Property,Web,2026-07-15,2026-07,2026-08-03,Closed,1.0,22.77,19.0,78.0,2379.45,20.0,1,0.8149
C003450,Carrier A,Auto,Web,2026-07-19,2026-07,2026-07-27,Closed,0.0,11.99,8.0,74.0,3194.22,14.0,1,0.0265
C003451,Carrier C,Property,Mobile,2026-05-16,2026-05,2026-06-06,Closed,1.0,16.89,21.0,138.0,2774.31,20.0,0,
C003452,Carrier B,Property,Web,2026-05-18,2026-05,2026-05-27,Closed,0.0,15.53,9.0,136.0,1218.63,20.0,0,
C003453,Carrier C,Auto,Mobile,2026-08-08,2026-08,2026-08-09,Closed,0.0,11.92,1.0,54.0,2353.04,14.0,0,
C003454,Carrier B,Auto,Web,2026-07-23,2026-07,2026-07-26,Closed,0.0,10.28,3.0,70.0,865.95,14.0,0,
C003455,Carrier A,Property,Web,2026-04-24,2026-04,,Open,0.0,10.14,,160.0,0.0,20.0,1,0.6581
C003456,Carrier C,Liability,Agent,2026-09-27,2026-09,2026-10-01,Closed,0.0,8.52,4.0,4.0,1687.46,14.0,0,
C003457,Carrier A,Auto,Mobile,2026-06-26,2026-06,2026-06-29,Closed,0.0,3.04,3.0,97.0,5430.97,14.0,0,
C003458,Carrier C,Property,Web,2026-05-20,2026-05,2026-05-29,Closed,0.0,12.58,9.0,134.0,1897.82,20.0,0,
C003459,Carrier C,Property,Web,2026-09-08,2026-09,2026-09-14,Closed,0.0,9.28,6.0,23.0,1446.27,20.0,0,
C003460,Carrier B,Auto,Agent,2026-07-08,2026-07,2026-07-23,Closed,1.0,12.6,15.0,85.0,1990.49,14.0,1,0.5153
C003461,Carrier C,Auto,Web,2026-06-20,2026-06,2026-06-25,Closed,0.0,6.67,5.0,103.0,6066.91,14.0,0,
C003462,Carrier A,Auto,Agent,2026-06-17,2026-06,2026-06-22,Closed,0.0,15.12,5.0,106.0,1560.66,14.0,1,0.6528
C003463,Carrier B,Liability,Agent,2026-09-05,2026-09,2026-09-07,Closed,0.0,14.41,2.0,26.0,5220.34,14.0,0,
C003464,Carrier A,Liability,Agent,2026-04-23,2026-04,2026-05-08,Closed,0.0,10.8,15.0,161.0,5008.61,14.0,1,0.2291
C003465,Carrier C,Property,Web,2026-07-02,2026-07,2026-07-22,Closed,0.0,6.05,20.0,91.0,4220.46,20.0,0,
C003466,Carrier A,Liability,Agent,2026-06-11,2026-06,2026-06-20,Closed,0.0,13.79,9.0,112.0,4734.37,14.0,1,0.4743
C003467,Carrier A,Property,Mobile,2026-09-28,2026-09,,Open,1.0,12.17,,3.0,0.0,20.0,0,
C003468,Carrier A,Auto,Web,2026-04-27,2026-04,2026-05-09,Closed,0.0,12.86,12.0,157.0,5401.86,14.0,0,
C003469,Carrier C,Liability,Web,2026-07-27,2026-07,2026-08-12,Closed,0.0,16.35,16.0,66.0,2568.08,14.0,0,
C003470,Carrier A,Liability,Mobile,2026-09-03,2026-09,2026-09-29,Closed,0.0,15.47,26.0,28.0,2922.16,14.0,0,
C003471,Carrier C,Liability,Agent,2026-07-02,2026-07,2026-07-06,Closed,0.0,11.32,4.0,91.0,2331.74,14.0,1,0.5013
C003472,Carrier B,Property,Web,2026-09-29,2026-09,,Open,0.0,5.93,,2.0,0.0,20.0,0,
C003473,Carrier C,Auto,Web,2026-08-08,2026-08,2026-08-31,Closed,0.0,15.61,23.0,54.0,2137.99,14.0,1,0.6731
C003474,Carrier A,Property,Agent,2026-09-30,2026-09,,Open,0.0,11.91,,1.0,0.0,20.0,1,0.7797
C003475,Carrier B,Property,Web,2026-04-11,2026-04,2026-04-26,Closed,0.0,6.5,15.0,173.0,7646.21,20.0,2,0.5937
C003476,Carrier B,Auto,Agent,2026-06-25,2026-06,2026-06-30,Closed,0.0,15.82,5.0,98.0,1030.2,14.0,1,0.3897
C003477,Carrier C,Liability,Agent,2026-04-29,2026-04,2026-05-03,Closed,0.0,10.65,4.0,155.0,3983.93,14.0,0,
C003478,Carrier C,Liability,Web,2026-05-13,2026-05,2026-05-25,Closed,0.0,16.32,12.0,141.0,1681.67,14.0,2,0.6158
C003479,Carrier C,Liability,Mobile,2026-08-14,2026-08,2026-08-23,Closed,0.0,10.48,9.0,48.0,2340.28,14.0,0,
C003480,Carrier C,Liability,Web,2026-06-18,2026-06,2026-06-20,Closed,0.0,1.65,2.0,105.0,1110.13,14.0,0,
C003481,Carrier B,Auto,Agent,2026-04-05,2026-04,2026-04-14,Closed,0.0,15.93,9.0,179.0,2530.71,14.0,0,
C003482,Carrier C,Property,Mobile,2026-04-19,2026-04,2026-05-17,Closed,1.0,16.47,28.0,165.0,3771.32,20.0,0,
C003483,Carrier A,Property,Web,2026-05-16,2026-05,2026-06-07,Closed,1.0,20.72,22.0,138.0,2717.87,20.0,0,
C003484,Carrier C,Property,Mobile,2026-08-27,2026-08,2026-09-07,Closed,0.0,10.13,11.0,35.0,1368.21,20.0,0,
C003485,Carrier C,Property,Mobile,2026-06-15,2026-06,2026-07-08,Closed,1.0,15.42,23.0,108.0,2157.56,20.0,0,
C003486,Carrier B,Liability,Web,2026-09-18,2026-09,,Open,1.0,20.38,,13.0,0.0,14.0,0,
C003487,Carrier B,Liability,Mobile,2026-07-16,2026-07,2026-08-01,Closed,0.0,3.88,16.0,77.0,2442.77,14.0,2,0.3357
C003488,Carrier A,Liability,Mobile,2026-09-28,2026-09,,Open,0.0,4.04,,3.0,0.0,14.0,0,
C003489,Carrier B,Auto,Agent,2026-06-20,2026-06,2026-07-02,Closed,0.0,11.74,12.0,103.0,3018.16,14.0,0,
C003490,Carrier B,Property,Agent,2026-07-17,2026-07,,Open,0.0,1.73,,76.0,0.0,20.0,0,
C003491,Carrier C,Liability,Mobile,2026-05-25,2026-05,2026-05-29,Closed,0.0,17.09,4.0,129.0,4397.67,14.0,0,
C003492,Carrier B,Auto,Web,2026-07-11,2026-07,,Open,0.0,9.01,,82.0,0.0,14.0,1,0.1244
C003493,Carrier A,Property,Web,2026-07-02,2026-07,2026-07-14,Closed,0.0,17.59,12.0,91.0,4021.68,20.0,0,
C003494,Carrier A,Auto,Mobile,2026-06-26,2026-06,2026-07-15,Closed,1.0,11.22,19.0,97.0,1787.51,14.0,0,
C003495,Carrier A,Property,Web,2026-09-05,2026-09,,Open,1.0,25.45,,26.0,0.0,20.0,0,
C003496,Carrier C,Property,Web,2026-04-22,2026-04,2026-05-04,Closed,0.0,17.62,12.0,162.0,4723.5,20.0,0,
C003497,Carrier A,Liability,Mobile,2026-06-18,2026-06,2026-06-23,Closed,0.0,3.95,5.0,105.0,888.66,14.0,1,0.7563
C003498,Carrier C,Property,Web,2026-04-30,2026-04,2026-05-12,Closed,0.0,9.85,12.0,154.0,2061.54,20.0,0,
C003499,Carrier A,Liability,Agent,2026-07-31,2026-07,2026-08-21,Closed,1.0,15.56,21.0,62.0,2886.04,14.0,0,
C003500,Carrier A,Property,Mobile,2026-04-28,2026-04,2026-05-13,Closed,0.0,9.31,15.0,156.0,3510.56,20.0,0,
C003501,Carrier B,Property,Web,2026-04-09,2026-04,2026-04-28,Closed,1.0,20.12,19.0,175.0,1643.06,20.0,1,0.3517
C003502,Carrier B,Property,Agent,2026-08-29,2026-08,2026-09-18,Closed,1.0,20.81,20.0,33.0,2832.43,20.0,1,0.3693
C003503,Carrier C,Property,Web,2026-07-07,2026-07,2026-07-29,Closed,1.0,24.21,22.0,86.0,3426.36,20.0,0,
C003504,Carrier B,Liability,Agent,2026-09-10,2026-09,2026-09-13,Closed,0.0,8.93,3.0,21.0,3190.93,14.0,0,
C003505,Carrier C,Auto,Mobile,2026-05-07,2026-05,2026-05-12,Closed,0.0,15.53,5.0,147.0,1032.59,14.0,1,0.1934
C003506,Carrier C,Liability,Web,2026-07-25,2026-07,2026-08-17,Closed,0.0,3.18,23.0,68.0,3573.78,14.0,1,0.2909
C003507,Carrier A,Auto,Agent,2026-07-22,2026-07,2026-08-02,Closed,0.0,14.67,11.0,71.0,2871.09,14.0,0,
C003508,Carrier B,Auto,Web,2026-05-01,2026-05,2026-06-02,Closed,1.0,23.28,32.0,153.0,3216.83,14.0,1,0.3157
C003509,Carrier A,Liability,Web,2026-04-16,2026-04,2026-04-23,Closed,0.0,9.65,7.0,168.0,2691.91,14.0,2,0.8833
C003510,Carrier A,Auto,Agent,2026-05-11,2026-05,2026-05-21,Closed,0.0,3.96,10.0,143.0,3088.26,14.0,0,
C003511,Carrier C,Auto,Mobile,2026-07-25,2026-07,2026-08-08,Closed,1.0,19.24,14.0,68.0,10831.39,14.0,0,
C003512,Carrier C,Property,Web,2026-07-16,2026-07,2026-07-31,Closed,0.0,4.83,15.0,77.0,2691.18,20.0,1,0.6473
C003513,Carrier B,Property,Mobile,2026-04-30,2026-04,2026-05-10,Closed,0.0,17.01,10.0,154.0,1829.39,20.0,0,
C003514,Carrier A,Liability,Web,2026-07-20,2026-07,2026-07-27,Closed,0.0,14.28,7.0,73.0,771.01,14.0,0,
C003515,Carrier C,Property,Mobile,2026-06-18,2026-06,2026-06-29,Closed,0.0,7.87,11.0,105.0,9337.36,20.0,0,
C003516,Carrier A,Property,Agent,2026-08-01,2026-08,2026-08-26,Closed,1.0,22.95,25.0,61.0,9478.44,20.0,0,
C003517,Carrier B,Auto,Agent,2026-08-14,2026-08,,Open,0.0,12.02,,48.0,0.0,14.0,0,
C003518,Carrier A,Property,Mobile,2026-06-02,2026-06,2026-06-23,Closed,1.0,11.97,21.0,121.0,1512.88,20.0,0,
C003519,Carrier C,Liability,Agent,2026-06-13,2026-06,2026-06-25,Closed,0.0,16.5,12.0,110.0,3337.3,14.0,0,
C003520,Carrier B,Auto,Web,2026-09-25,2026-09,,Open,0.0,8.71,,6.0,0.0,14.0,0,
C003521,Carrier A,Liability,Web,2026-06-02,2026-06,2026-06-04,Closed,0.0,7.46,2.0,121.0,45509.7,14.0,0,
C003522,Carrier B,Property,Mobile,2026-07-23,2026-07,2026-08-08,Closed,0.0,7.48,16.0,70.0,3956.32,20.0,0,
C003523,Carrier A,Property,Web,2026-07-14,2026-07,2026-07-31,Closed,0.0,6.27,17.0,79.0,1819.96,20.0,2,0.7268
C003524,Carrier C,Property,Web,2026-04-22,2026-04,2026-05-03,Closed,0.0,16.46,11.0,162.0,13880.02,20.0,1,0.818
C003525,Carrier C,Auto,Web,2026-06-13,2026-06,2026-06-21,Closed,0.0,17.54,8.0,110.0,10856.03,14.0,0,
C003526,Carrier B,Auto,Agent,2026-05-10,2026-05,2026-05-13,Closed,0.0,10.98,3.0,144.0,1617.07,14.0,0,
C003527,Carrier A,Auto,Web,2026-06-30,2026-06,2026-07-08,Closed,0.0,5.62,8.0,93.0,9042.08,14.0,1,0.1952
C003528,Carrier C,Auto,Web,2026-05-21,2026-05,2026-05-28,Closed,0.0,15.81,7.0,133.0,4171.4,14.0,0,
C003529,Carrier C,Property,Mobile,2026-07-28,2026-07,2026-08-16,Closed,1.0,19.07,19.0,65.0,1814.69,20.0,0,
C003530,Carrier C,Liability,Agent,2026-09-08,2026-09,2026-09-27,Closed,0.0,8.86,19.0,23.0,2826.08,14.0,0,
C003531,Carrier C,Property,Mobile,2026-06-17,2026-06,2026-07-05,Closed,0.0,4.57,18.0,106.0,3010.14,20.0,0,
C003532,Carrier C,Auto,Web,2026-09-07,2026-09,2026-09-15,Closed,0.0,1.56,8.0,24.0,5527.75,14.0,0,
C003533,Carrier B,Auto,Web,2026-09-15,2026-09,2026-09-24,Closed,0.0,13.12,9.0,16.0,2087.2,14.0,2,0.8997
C003534,Carrier A,Liability,Agent,2026-06-28,2026-06,,Open,0.0,1.7,,95.0,0.0,14.0,1,0.5707
C003535,Carrier C,Property,Agent,2026-04-22,2026-04,2026-05-08,Closed,0.0,2.55,16.0,162.0,2159.0,20.0,1,0.607
C003536,Carrier B,Liability,Mobile,2026-05-28,2026-05,2026-06-02,Closed,0.0,5.17,5.0,126.0,4839.55,14.0,0,
C003537,Carrier C,Property,Mobile,2026-04-20,2026-04,2026-04-26,Closed,0.0,14.43,6.0,164.0,2811.65,20.0,0,
C003538,Carrier B,Property,Agent,2026-04-22,2026-04,2026-05-04,Closed,0.0,8.36,12.0,162.0,2582.34,20.0,0,
C003539,Carrier A,Auto,Web,2026-07-22,2026-07,2026-07-25,Closed,0.0,3.87,3.0,71.0,4023.71,14.0,0,
C003540,Carrier B,Auto,Agent,2026-07-28,2026-07,2026-08-05,Closed,0.0,15.54,8.0,65.0,7589.43,14.0,0,
C003541,Carrier B,Liability,Web,2026-05-20,2026-05,,Open,0.0,15.68,,134.0,0.0,14.0,0,
C003542,Carrier B,Liability,Web,2026-09-12,2026-09,2026-09-17,Closed,0.0,7.13,5.0,19.0,7047.79,14.0,0,
C003543,Carrier C,Property,Web,2026-08-09,2026-08,2026-08-18,Closed,0.0,2.42,9.0,53.0,8207.55,20.0,0,
C003544,Carrier C,Property,Mobile,2026-09-14,2026-09,,Open,1.0,17.56,,17.0,0.0,20.0,1,0.8173
C003545,Carrier A,Auto,Web,2026-04-30,2026-04,2026-05-02,Closed,0.0,9.26,2.0,154.0,1191.92,14.0,1,0.2972
C003546,Carrier C,Liability,Web,2026-07-13,2026-07,2026-07-22,Closed,0.0,16.31,9.0,80.0,5365.37,14.0,0,
C003547,Carrier A,Property,Mobile,2026-04-06,2026-04,2026-04-13,Closed,0.0,13.41,7.0,178.0,1815.26,20.0,0,
C003548,Carrier A,Auto,Web,2026-07-06,2026-07,2026-07-10,Closed,0.0,15.81,4.0,87.0,975.09,14.0,0,
C003549,Carrier B,Liability,Web,2026-07-20,2026-07,2026-07-31,Closed,0.0,5.29,11.0,73.0,6089.86,14.0,1,0.6019
C003550,Carrier A,Auto,Mobile,2026-07-01,2026-07,2026-07-05,Closed,0.0,6.18,4.0,92.0,14410.73,14.0,0,
C003551,Carrier A,Liability,Web,2026-07-30,2026-07,2026-08-01,Closed,0.0,16.22,2.0,63.0,1039.5,14.0,0,
C003552,Carrier A,Auto,Mobile,2026-05-31,2026-05,2026-06-14,Closed,0.0,6.15,14.0,123.0,4666.71,14.0,0,
C003553,Carrier B,Property,Web,2026-08-26,2026-08,2026-09-02,Closed,0.0,14.08,7.0,36.0,2740.33,20.0,3,0.546
C003554,Carrier A,Liability,Mobile,2026-04-29,2026-04,2026-05-13,Closed,0.0,8.71,14.0,155.0,8183.74,14.0,1,0.3337
C003555,Carrier B,Property,Mobile,2026-05-20,2026-05,2026-06-07,Closed,1.0,16.28,18.0,134.0,8856.27,20.0,1,0.6939
C003556,Carrier A,Property,Web,2026-08-25,2026-08,2026-09-03,Closed,0.0,3.35,9.0,37.0,6989.58,20.0,0,
C003557,Carrier C,Property,Web,2026-06-05,2026-06,2026-06-27,Closed,0.0,13.27,22.0,118.0,1594.32,20.0,0,
C003558,Carrier B,Property,Agent,2026-04-26,2026-04,2026-05-10,Closed,0.0,1.72,14.0,158.0,1773.14,20.0,0,
C003559,Carrier A,Property,Agent,2026-09-07,2026-09,2026-09-20,Closed,0.0,15.31,13.0,24.0,8339.2,20.0,1,0.9829
C003560,Carrier C,Liability,Web,2026-06-21,2026-06,,Open,0.0,1.16,,102.0,0.0,14.0,0,
C003561,Carrier B,Liability,Agent,2026-05-27,2026-05,2026-06-08,Closed,0.0,8.78,12.0,127.0,1879.72,14.0,1,0.5844
C003562,Carrier A,Liability,Agent,2026-05-30,2026-05,2026-06-07,Closed,0.0,4.63,8.0,124.0,9013.97,14.0,0,
C003563,Carrier A,Auto,Agent,2026-06-07,2026-06,2026-06-10,Closed,0.0,9.54,3.0,116.0,19343.66,14.0,0,
C003564,Carrier B,Auto,Mobile,2026-09-20,2026-09,2026-09-30,Closed,0.0,9.79,10.0,11.0,4360.04,14.0,1,0.0552
C003565,Carrier B,Property,Mobile,2026-04-26,2026-04,2026-05-08,Closed,0.0,17.69,12.0,158.0,4671.84,20.0,0,
C003566,Carrier C,Liability,Agent,2026-06-29,2026-06,2026-07-05,Closed,0.0,6.22,6.0,94.0,3626.04,14.0,1,0.4413
C003567,Carrier B,Property,Web,2026-08-27,2026-08,2026-09-23,Closed,0.0,8.35,27.0,35.0,3237.4,20.0,0,
C003568,Carrier C,Liability,Mobile,2026-05-07,2026-05,2026-05-17,Closed,0.0,5.55,10.0,147.0,1683.61,14.0,0,
C003569,Carrier C,Liability,Agent,2026-08-21,2026-08,2026-09-10,Closed,0.0,5.12,20.0,41.0,2854.94,14.0,0,
C003570,Carrier C,Property,Web,2026-09-02,2026-09,2026-09-18,Closed,0.0,16.41,16.0,29.0,2895.8,20.0,2,0.672
C003571,Carrier C,Property,Agent,2026-07-04,2026-07,2026-07-12,Closed,0.0,13.11,8.0,89.0,5635.66,20.0,0,
C003572,Carrier B,Property,Mobile,2026-09-20,2026-09,,Open,0.0,15.01,,11.0,0.0,20.0,0,
C003573,Carrier C,Liability,Web,2026-05-16,2026-05,2026-05-25,Closed,0.0,12.78,9.0,138.0,1480.63,14.0,0,
C003574,Carrier C,Liability,Agent,2026-04-14,2026-04,2026-04-24,Closed,0.0,11.76,10.0,170.0,1259.01,14.0,0,
C003575,Carrier C,Property,Mobile,2026-08-15,2026-08,2026-09-04,Closed,1.0,11.74,20.0,47.0,6366.82,20.0,0,
C003576,Carrier C,Auto,Mobile,2026-05-11,2026-05,2026-05-16,Closed,0.0,11.71,5.0,143.0,2187.23,14.0,0,
C003577,Carrier B,Auto,Mobile,2026-08-13,2026-08,2026-08-20,Closed,0.0,8.38,7.0,49.0,2396.14,14.0,0,
C003578,Carrier B,Liability,Agent,2026-08-23,2026-08,2026-08-26,Closed,0.0,12.86,3.0,39.0,3001.69,14.0,1,0.6387
C003579,Carrier A,Auto,Web,2026-05-02,2026-05,2026-05-31,Closed,1.0,17.87,29.0,152.0,6267.19,14.0,0,
C003580,Carrier B,Auto,Web,2026-06-17,2026-06,2026-06-19,Closed,0.0,14.08,2.0,106.0,1573.65,14.0,0,
C003581,Carrier C,Property,Agent,2026-04-18,2026-04,2026-05-12,Closed,1.0,21.87,24.0,166.0,2428.82,20.0,1,0.9596
C003582,Carrier C,Liability,Web,2026-04-18,2026-04,2026-05-12,Closed,0.0,14.8,24.0,166.0,3816.08,14.0,0,
C003583,Carrier B,Auto,Web,2026-08-22,2026-08,2026-09-01,Closed,0.0,7.81,10.0,40.0,11084.01,14.0,0,
C003584,Carrier B,Liability,Web,2026-05-27,2026-05,2026-06-06,Closed,0.0,12.86,10.0,127.0,997.76,14.0,0,
C003585,Carrier C,Auto,Mobile,2026-05-02,2026-05,2026-05-13,Closed,0.0,13.1,11.0,152.0,8257.58,14.0,0,
C003586,Carrier B,Liability,Web,2026-08-28,2026-08,2026-09-01,Closed,0.0,7.08,4.0,34.0,3317.92,14.0,0,
C003587,Carrier B,Property,Agent,2026-07-06,2026-07,2026-07-23,Closed,1.0,26.97,17.0,87.0,3794.11,20.0,0,
C003588,Carrier C,Liability,Agent,2026-07-19,2026-07,2026-07-26,Closed,0.0,11.39,7.0,74.0,6272.62,14.0,0,
C003589,Carrier B,Property,Web,2026-09-04,2026-09,2026-09-14,Closed,0.0,13.29,10.0,27.0,451.29,20.0,1,0.6493
C003590,Carrier A,Auto,Mobile,2026-05-15,2026-05,2026-05-28,Closed,1.0,18.46,13.0,139.0,2339.48,14.0,0,
C003591,Carrier A,Property,Web,2026-04-28,2026-04,2026-05-05,Closed,0.0,7.5,7.0,156.0,1051.9,20.0,0,
C003592,Carrier A,Auto,Agent,2026-09-05,2026-09,2026-09-15,Closed,1.0,15.24,10.0,26.0,1639.54,14.0,0,
C003593,Carrier A,Liability,Mobile,2026-09-25,2026-09,,Open,1.0,14.72,,6.0,0.0,14.0,0,
C003594,Carrier C,Liability,Agent,2026-09-25,2026-09,,Open,0.0,1.75,,6.0,0.0,14.0,0,
C003595,Carrier C,Liability,Web,2026-09-20,2026-09,2026-09-25,Closed,0.0,1.14,5.0,11.0,3443.29,14.0,0,
C003596,Carrier C,Auto,Web,2026-08-29,2026-08,2026-09-05,Closed,0.0,14.64,7.0,33.0,4874.12,14.0,0,
C003597,Carrier A,Auto,Web,2026-07-04,2026-07,2026-07-19,Closed,1.0,16.76,15.0,89.0,24990.31,14.0,1,0.9584
C003598,Carrier A,Property,Web,2026-05-22,2026-05,2026-06-11,Closed,0.0,15.75,20.0,132.0,3685.36,20.0,0,
C003599,Carrier A,Liability,Web,2026-07-31,2026-07,2026-08-04,Closed,0.0,13.83,4.0,62.0,2547.55,14.0,2,0.8986
C003600,Carrier B,Auto,Agent,2026-04-09,2026-04,2026-05-01,Closed,0.0,10.54,22.0,175.0,2154.32,14.0,0,
C003601,Carrier A,Liability,Agent,2026-08-21,2026-08,2026-09-02,Closed,1.0,16.86,12.0,41.0,3642.5,14.0,0,
C003602,Carrier C,Liability,Agent,2026-08-22,2026-08,2026-08-26,Closed,0.0,2.26,4.0,40.0,655.57,14.0,1,0.0834
C003603,Carrier C,Liability,Mobile,2026-07-13,2026-07,2026-07-17,Closed,0.0,11.46,4.0,80.0,7532.66,14.0,0,
C003604,Carrier B,Auto,Mobile,2026-05-29,2026-05,2026-06-11,Closed,1.0,26.63,13.0,125.0,12355.51,14.0,0,
C003605,Carrier C,Property,Agent,2026-06-26,2026-06,2026-07-18,Closed,0.0,3.21,22.0,97.0,2574.63,20.0,1,0.0303
C003606,Carrier A,Auto,Mobile,2026-04-22,2026-04,2026-05-03,Closed,0.0,11.68,11.0,162.0,1266.02,14.0,0,
C003607,Carrier A,Auto,Agent,2026-07-05,2026-07,2026-07-07,Closed,0.0,2.13,2.0,88.0,5327.15,14.0,0,
C003608,Carrier B,Property,Agent,2026-05-31,2026-05,2026-06-09,Closed,0.0,17.44,9.0,123.0,2278.7,20.0,0,
C003609,Carrier B,Auto,Mobile,2026-04-28,2026-04,2026-05-02,Closed,0.0,8.59,4.0,156.0,3979.3,14.0,0,
C003610,Carrier B,Liability,Agent,2026-04-12,2026-04,2026-04-28,Closed,1.0,22.89,16.0,172.0,4798.09,14.0,1,0.274
C003611,Carrier A,Auto,Mobile,2026-06-12,2026-06,2026-06-26,Closed,0.0,12.19,14.0,111.0,3091.19,14.0,0,
C003612,Carrier A,Auto,Agent,2026-08-14,2026-08,2026-08-21,Closed,0.0,17.98,7.0,48.0,5471.24,14.0,1,0.0493
C003613,Carrier C,Auto,Agent,2026-05-26,2026-05,2026-06-01,Closed,0.0,5.74,6.0,128.0,1272.62,14.0,0,
C003614,Carrier A,Liability,Web,2026-04-11,2026-04,2026-04-16,Closed,0.0,9.91,5.0,173.0,2351.98,14.0,0,
C003615,Carrier B,Property,Web,2026-04-22,2026-04,2026-05-01,Closed,0.0,17.38,9.0,162.0,1474.02,20.0,0,
C003616,Carrier B,Property,Web,2026-07-17,2026-07,2026-07-28,Closed,0.0,4.56,11.0,76.0,13933.61,20.0,0,
C003617,Carrier A,Auto,Agent,2026-05-29,2026-05,2026-06-02,Closed,0.0,9.67,4.0,125.0,4511.36,14.0,0,
C003618,Carrier C,Property,Web,2026-04-14,2026-04,2026-05-03,Closed,1.0,17.94,19.0,170.0,1396.89,20.0,1,0.464
C003619,Carrier A,Auto,Agent,2026-08-05,2026-08,2026-08-27,Closed,0.0,8.99,22.0,57.0,8098.14,14.0,0,
C003620,Carrier B,Property,Mobile,2026-09-01,2026-09,2026-09-15,Closed,0.0,10.83,14.0,30.0,2589.34,20.0,0,
C003621,Carrier C,Liability,Mobile,2026-08-23,2026-08,2026-08-26,Closed,0.0,13.0,3.0,39.0,3563.57,14.0,0,
C003622,Carrier C,Auto,Mobile,2026-06-28,2026-06,2026-07-27,Closed,0.0,13.77,29.0,95.0,5360.04,14.0,0,
C003623,Carrier B,Property,Web,2026-05-31,2026-05,2026-06-18,Closed,0.0,10.11,18.0,123.0,3213.7,20.0,1,0.309
C003624,Carrier C,Property,Agent,2026-06-14,2026-06,2026-06-22,Closed,0.0,13.0,8.0,109.0,7878.74,20.0,3,0.7752
C003625,Carrier B,Property,Agent,2026-04-11,2026-04,,Open,0.0,4.91,,173.0,0.0,20.0,1,0.8854
C003626,Carrier B,Liability,Web,2026-06-10,2026-06,2026-06-14,Closed,0.0,1.83,4.0,113.0,2006.19,14.0,0,
C003627,Carrier B,Property,Mobile,2026-07-25,2026-07,2026-08-03,Closed,0.0,9.54,9.0,68.0,3949.73,20.0,2,0.7587
C003628,Carrier A,Auto,Agent,2026-05-25,2026-05,,Open,0.0,14.66,,129.0,0.0,14.0,0,
C003629,Carrier A,Auto,Agent,2026-05-07,2026-05,2026-05-09,Closed,0.0,5.61,2.0,147.0,2972.71,14.0,0,
C003630,Carrier C,Liability,Agent,2026-04-11,2026-04,2026-04-20,Closed,0.0,11.67,9.0,173.0,1732.36,14.0,0,
C003631,Carrier A,Liability,Agent,2026-09-15,2026-09,,Open,1.0,19.93,,16.0,0.0,14.0,1,0.9161
C003632,Carrier C,Liability,Web,2026-07-28,2026-07,2026-08-04,Closed,0.0,14.27,7.0,65.0,13590.2,14.0,2,0.8997
C003633,Carrier B,Liability,Mobile,2026-04-15,2026-04,2026-04-19,Closed,0.0,2.35,4.0,169.0,2253.51,14.0,1,0.4503
C003634,Carrier C,Auto,Mobile,2026-06-08,2026-06,2026-06-12,Closed,0.0,7.98,4.0,115.0,4802.62,14.0,0,
C003635,Carrier C,Property,Web,2026-08-28,2026-08,2026-09-04,Closed,0.0,1.76,7.0,34.0,45537.85,20.0,1,0.0679
C003636,Carrier C,Auto,Web,2026-09-12,2026-09,2026-09-21,Closed,0.0,3.61,9.0,19.0,2522.97,14.0,0,
C003637,Carrier B,Auto,Web,2026-08-23,2026-08,,Open,1.0,17.21,,39.0,0.0,14.0,0,
C003638,Carrier A,Auto,Web,2026-06-18,2026-06,2026-07-01,Closed,0.0,9.12,13.0,105.0,2310.98,14.0,0,
C003639,Carrier C,Auto,Agent,2026-04-23,2026-04,2026-04-27,Closed,0.0,10.28,4.0,161.0,3609.1,14.0,0,
C003640,Carrier C,Auto,Agent,2026-04-12,2026-04,,Open,0.0,4.78,,172.0,0.0,14.0,0,
C003641,Carrier C,Property,Web,2026-04-10,2026-04,2026-04-30,Closed,1.0,16.36,20.0,174.0,4569.59,20.0,0,
C003642,Carrier C,Property,Mobile,2026-08-19,2026-08,2026-08-28,Closed,0.0,13.34,9.0,43.0,2267.79,20.0,0,
C003643,Carrier A,Property,Mobile,2026-08-20,2026-08,2026-08-27,Closed,0.0,15.52,7.0,42.0,4766.15,20.0,0,
C003644,Carrier A,Property,Agent,2026-09-05,2026-09,2026-09-18,Closed,0.0,4.64,13.0,26.0,5076.78,20.0,0,
C003645,Carrier A,Liability,Agent,2026-04-24,2026-04,2026-05-11,Closed,1.0,19.3,17.0,160.0,2610.06,14.0,0,
C003646,Carrier C,Property,Agent,2026-06-03,2026-06,2026-06-10,Closed,0.0,13.24,7.0,120.0,9091.88,20.0,0,
C003647,Carrier A,Property,Web,2026-05-11,2026-05,2026-05-23,Closed,0.0,17.41,12.0,143.0,7967.84,20.0,1,0.4962
C003648,Carrier A,Auto,Agent,2026-07-13,2026-07,,Open,0.0,9.77,,80.0,0.0,14.0,0,
C003649,Carrier A,Property,Web,2026-07-31,2026-07,2026-08-15,Closed,0.0,7.87,15.0,62.0,2531.0,20.0,0,
C003650,Carrier A,Auto,Web,2026-08-25,2026-08,2026-09-03,Closed,0.0,12.61,9.0,37.0,5848.92,14.0,1,0.3155
C003651,Carrier B,Property,Web,2026-04-26,2026-04,2026-05-07,Closed,0.0,2.1,11.0,158.0,4012.55,20.0,0,
C003652,Carrier C,Property,Web,2026-04-10,2026-04,2026-04-26,Closed,0.0,12.62,16.0,174.0,18457.12,20.0,0,
C003653,Carrier A,Liability,Agent,2026-05-10,2026-05,2026-05-20,Closed,0.0,12.36,10.0,144.0,627.36,14.0,0,
C003654,Carrier A,Liability,Mobile,2026-06-24,2026-06,2026-07-05,Closed,0.0,9.9,11.0,99.0,1444.97,14.0,0,
C003655,Carrier C,Auto,Mobile,2026-08-07,2026-08,2026-08-20,Closed,1.0,24.62,13.0,55.0,1944.98,14.0,0,
C003656,Carrier B,Liability,Mobile,2026-07-24,2026-07,2026-08-10,Closed,1.0,15.84,17.0,69.0,2716.44,14.0,1,0.0588
C003657,Carrier B,Liability,Mobile,2026-07-22,2026-07,2026-07-26,Closed,0.0,13.53,4.0,71.0,897.06,14.0,0,
C003658,Carrier B,Liability,Agent,2026-08-23,2026-08,2026-09-05,Closed,1.0,22.49,13.0,39.0,7667.27,14.0,0,
C003659,Carrier B,Property,Mobile,2026-06-25,2026-06,2026-07-21,Closed,1.0,27.1,26.0,98.0,4355.34,20.0,0,
C003660,Carrier A,Auto,Web,2026-07-31,2026-07,2026-08-10,Closed,0.0,2.88,10.0,62.0,2138.91,14.0,1,0.0871
C003661,Carrier A,Property,Agent,2026-06-09,2026-06,2026-07-06,Closed,1.0,25.53,27.0,114.0,4526.14,20.0,1,0.8202
C003662,Carrier A,Liability,Agent,2026-09-01,2026-09,,Open,1.0,12.41,,30.0,0.0,14.0,0,
C003663,Carrier C,Liability,Web,2026-09-03,2026-09,2026-09-11,Closed,0.0,11.03,8.0,28.0,1369.37,14.0,0,
C003664,Carrier C,Auto,Mobile,2026-07-19,2026-07,2026-08-11,Closed,1.0,27.9,23.0,74.0,5158.31,14.0,0,
C003665,Carrier A,Property,Mobile,2026-08-23,2026-08,2026-09-18,Closed,0.0,14.67,26.0,39.0,1199.67,20.0,0,
C003666,Carrier B,Liability,Web,2026-05-13,2026-05,2026-05-15,Closed,0.0,12.04,2.0,141.0,3911.12,14.0,1,0.5228
C003667,Carrier C,Property,Agent,2026-08-22,2026-08,2026-09-02,Closed,0.0,12.03,11.0,40.0,6977.79,20.0,0,
C003668,Carrier C,Liability,Agent,2026-08-14,2026-08,2026-08-30,Closed,1.0,26.65,16.0,48.0,6297.54,14.0,0,
C003669,Carrier B,Liability,Agent,2026-06-01,2026-06,2026-06-02,Closed,0.0,2.96,1.0,122.0,10669.22,14.0,0,
C003670,Carrier C,Property,Agent,2026-05-30,2026-05,,Open,0.0,11.08,,124.0,0.0,20.0,1,0.1191
C003671,Carrier A,Liability,Web,2026-07-20,2026-07,2026-07-28,Closed,0.0,17.13,8.0,73.0,1557.61,14.0,1,0.5529
C003672,Carrier C,Property,Web,2026-08-16,2026-08,2026-08-22,Closed,0.0,12.89,6.0,46.0,1797.04,20.0,2,0.9239
C003673,Carrier A,Property,Web,2026-04-27,2026-04,2026-05-20,Closed,0.0,12.43,23.0,157.0,4080.88,20.0,0,
C003674,Carrier B,Liability,Web,2026-04-07,2026-04,2026-04-20,Closed,0.0,13.13,13.0,177.0,2691.84,14.0,2,0.2623
C003675,Carrier A,Property,Agent,2026-09-28,2026-09,,Open,0.0,6.78,,3.0,0.0,20.0,2,0.3852
C003676,Carrier C,Liability,Mobile,2026-07-15,2026-07,2026-07-27,Closed,1.0,17.23,12.0,78.0,2665.59,14.0,0,
C003677,Carrier B,Auto,Mobile,2026-07-08,2026-07,2026-07-13,Closed,0.0,7.12,5.0,85.0,1894.23,14.0,0,
C003678,Carrier A,Auto,Agent,2026-08-10,2026-08,2026-08-15,Closed,0.0,10.72,5.0,52.0,6257.68,14.0,0,
C003679,Carrier A,Property,Mobile,2026-08-24,2026-08,2026-09-16,Closed,0.0,12.01,23.0,38.0,7867.04,20.0,0,
C003680,Carrier A,Liability,Agent,2026-07-23,2026-07,2026-07-27,Closed,0.0,3.75,4.0,70.0,2733.13,14.0,1,0.239
C003681,Carrier B,Property,Web,2026-06-03,2026-06,,Open,1.0,17.74,,120.0,0.0,20.0,0,
C003682,Carrier B,Property,Agent,2026-07-04,2026-07,2026-07-13,Closed,0.0,17.21,9.0,89.0,3660.35,20.0,1,0.0596
C003683,Carrier C,Property,Agent,2026-09-08,2026-09,,Open,1.0,22.33,,23.0,0.0,20.0,0,
C003684,Carrier C,Property,Web,2026-04-10,2026-04,2026-04-20,Closed,0.0,8.26,10.0,174.0,2605.25,20.0,0,
C003685,Carrier C,Liability,Mobile,2026-04-09,2026-04,2026-04-12,Closed,0.0,5.83,3.0,175.0,3847.89,14.0,0,
C003686,Carrier C,Liability,Mobile,2026-05-28,2026-05,2026-06-21,Closed,0.0,9.47,24.0,126.0,2489.33,14.0,0,
C003687,Carrier C,Liability,Web,2026-06-21,2026-06,2026-06-22,Closed,0.0,12.31,1.0,102.0,1223.8,14.0,0,
C003688,Carrier C,Liability,Web,2026-04-25,2026-04,2026-05-02,Closed,0.0,4.87,7.0,159.0,1928.51,14.0,0,
C003689,Carrier C,Auto,Mobile,2026-07-15,2026-07,2026-07-21,Closed,0.0,3.99,6.0,78.0,1256.41,14.0,0,
C003690,Carrier A,Auto,Agent,2026-06-08,2026-06,2026-06-11,Closed,0.0,16.31,3.0,115.0,5312.18,14.0,1,0.7552
C003691,Carrier A,Liability,Web,2026-06-08,2026-06,2026-06-13,Closed,0.0,4.54,5.0,115.0,2653.69,14.0,0,
C003692,Carrier C,Auto,Mobile,2026-06-20,2026-06,2026-07-01,Closed,1.0,20.29,11.0,103.0,6468.13,14.0,0,
C003693,Carrier C,Liability,Mobile,2026-04-10,2026-04,2026-04-25,Closed,1.0,12.89,15.0,174.0,2108.0,14.0,0,
C003694,Carrier B,Property,Mobile,2026-04-22,2026-04,2026-05-04,Closed,0.0,2.15,12.0,162.0,1988.72,20.0,0,
C003695,Carrier B,Auto,Agent,2026-04-28,2026-04,2026-05-03,Closed,0.0,4.3,5.0,156.0,5889.93,14.0,1,0.5203
C003696,Carrier B,Property,Web,2026-07-10,2026-07,2026-07-28,Closed,1.0,15.09,18.0,83.0,6176.09,20.0,1,0.5951
C003697,Carrier C,Auto,Mobile,2026-08-06,2026-08,2026-08-12,Closed,0.0,16.39,6.0,56.0,4194.57,14.0,0,
C003698,Carrier C,Property,Web,2026-06-15,2026-06,2026-06-23,Closed,0.0,8.28,8.0,108.0,1881.31,20.0,1,0.58
C003699,Carrier A,Liability,Web,2026-06-19,2026-06,2026-06-28,Closed,0.0,13.94,9.0,104.0,3234.51,14.0,1,0.8946
C003700,Carrier B,Liability,Agent,2026-07-10,2026-07,2026-07-17,Closed,0.0,16.65,7.0,83.0,6900.39,14.0,0,
C003701,Carrier B,Auto,Web,2026-07-03,2026-07,2026-07-09,Closed,0.0,12.5,6.0,90.0,3327.9,14.0,0,
C003702,Carrier B,Auto,Mobile,2026-08-17,2026-08,2026-08-22,Closed,0.0,1.93,5.0,45.0,4551.85,14.0,0,
C003703,Carrier C,Property,Mobile,2026-05-13,2026-05,2026-06-05,Closed,1.0,18.88,23.0,141.0,12983.65,20.0,1,0.8534
C003704,Carrier A,Property,Mobile,2026-08-29,2026-08,2026-09-10,Closed,0.0,11.19,12.0,33.0,34437.6,20.0,0,
C003705,Carrier B,Liability,Mobile,2026-09-29,2026-09,,Open,1.0,15.92,,2.0,0.0,14.0,1,0.6389
C003706,Carrier A,Liability,Mobile,2026-08-08,2026-08,2026-08-17,Closed,0.0,17.79,9.0,54.0,5064.62,14.0,1,0.6218
C003707,Carrier A,Property,Mobile,2026-06-29,2026-06,2026-07-15,Closed,0.0,13.65,16.0,94.0,863.72,20.0,2,0.3117
C003708,Carrier A,Liability,Agent,2026-07-03,2026-07,2026-07-04,Closed,0.0,1.79,1.0,90.0,3924.04,14.0,0,
C003709,Carrier C,Property,Web,2026-05-22,2026-05,2026-06-04,Closed,0.0,9.51,13.0,132.0,2298.13,20.0,1,0.6465
C003710,Carrier A,Property,Agent,2026-04-08,2026-04,2026-04-29,Closed,0.0,2.13,21.0,176.0,4552.99,20.0,1,0.7619
C003711,Carrier B,Property,Web,2026-06-24,2026-06,2026-07-10,Closed,0.0,5.92,16.0,99.0,3582.51,20.0,1,0.0022
C003712,Carrier A,Auto,Web,2026-05-24,2026-05,2026-05-26,Closed,0.0,1.08,2.0,130.0,4612.9,14.0,1,0.786
C003713,Carrier C,Auto,Agent,2026-04-16,2026-04,2026-04-21,Closed,0.0,11.37,5.0,168.0,2186.1,14.0,0,
C003714,Carrier B,Property,Web,2026-06-30,2026-06,2026-07-15,Closed,0.0,1.58,15.0,93.0,6290.97,20.0,0,
C003715,Carrier A,Property,Web,2026-08-01,2026-08,2026-08-10,Closed,0.0,14.18,9.0,61.0,3897.56,20.0,0,
C003716,Carrier B,Auto,Agent,2026-09-03,2026-09,2026-09-20,Closed,1.0,14.17,17.0,28.0,2490.18,14.0,0,
C003717,Carrier C,Property,Agent,2026-08-26,2026-08,2026-09-05,Closed,0.0,13.56,10.0,36.0,7652.17,20.0,0,
C003718,Carrier A,Auto,Agent,2026-07-12,2026-07,2026-07-13,Closed,0.0,4.13,1.0,81.0,1478.35,14.0,0,
C003719,Carrier B,Liability,Web,2026-09-17,2026-09,2026-09-23,Closed,0.0,13.87,6.0,14.0,1974.17,14.0,0,
C003720,Carrier A,Property,Web,2026-09-09,2026-09,2026-09-18,Closed,0.0,17.37,9.0,22.0,1076.7,20.0,1,0.1737
C003721,Carrier B,Auto,Mobile,2026-05-18,2026-05,2026-05-28,Closed,0.0,6.52,10.0,136.0,8425.52,14.0,0,
C003722,Carrier C,Property,Web,2026-07-14,2026-07,2026-08-03,Closed,0.0,12.25,20.0,79.0,2744.73,20.0,0,
C003723,Carrier A,Auto,Agent,2026-07-15,2026-07,2026-07-19,Closed,0.0,2.22,4.0,78.0,741.85,14.0,0,
C003724,Carrier C,Liability,Agent,2026-09-01,2026-09,,Open,0.0,14.22,,30.0,0.0,14.0,0,
C003725,Carrier A,Property,Mobile,2026-04-13,2026-04,2026-04-26,Closed,0.0,9.0,13.0,171.0,2005.92,20.0,0,
C003726,Carrier B,Auto,Agent,2026-08-15,2026-08,2026-08-18,Closed,0.0,14.87,3.0,47.0,3419.58,14.0,0,
C003727,Carrier B,Property,Agent,2026-07-20,2026-07,2026-07-26,Closed,0.0,6.46,6.0,73.0,7193.09,20.0,2,0.8571
C003728,Carrier C,Liability,Agent,2026-06-21,2026-06,2026-07-05,Closed,0.0,9.75,14.0,102.0,2832.21,14.0,1,0.9002
C003729,Carrier B,Auto,Agent,2026-06-20,2026-06,2026-06-28,Closed,0.0,10.37,8.0,103.0,3360.72,14.0,0,
C003730,Carrier C,Property,Mobile,2026-07-21,2026-07,2026-08-05,Closed,0.0,9.24,15.0,72.0,2803.76,20.0,0,
C003731,Carrier A,Liability,Agent,2026-06-07,2026-06,,Open,0.0,12.55,,116.0,0.0,14.0,0,
C003732,Carrier A,Property,Agent,2026-05-08,2026-05,2026-05-22,Closed,0.0,7.12,14.0,146.0,2286.82,20.0,0,
C003733,Carrier B,Property,Web,2026-06-21,2026-06,2026-07-18,Closed,1.0,13.33,27.0,102.0,4192.39,20.0,0,
C003734,Carrier A,Auto,Mobile,2026-09-29,2026-09,,Open,0.0,17.39,,2.0,0.0,14.0,1,0.6419
C003735,Carrier B,Auto,Web,2026-08-24,2026-08,2026-08-25,Closed,0.0,11.28,1.0,38.0,778.62,14.0,1,0.3664
C003736,Carrier A,Property,Agent,2026-07-07,2026-07,2026-08-07,Closed,1.0,25.4,31.0,86.0,5024.59,20.0,0,
C003737,Carrier C,Auto,Web,2026-04-18,2026-04,2026-04-28,Closed,0.0,7.33,10.0,166.0,4188.3,14.0,0,
C003738,Carrier B,Property,Web,2026-04-30,2026-04,2026-05-22,Closed,0.0,14.58,22.0,154.0,5345.05,20.0,0,
C003739,Carrier B,Auto,Agent,2026-07-15,2026-07,2026-07-21,Closed,0.0,14.33,6.0,78.0,1315.78,14.0,0,
C003740,Carrier B,Liability,Mobile,2026-04-13,2026-04,,Open,0.0,8.14,,171.0,0.0,14.0,2,0.9159
C003741,Carrier C,Liability,Agent,2026-08-20,2026-08,2026-09-13,Closed,0.0,5.11,24.0,42.0,3023.7,14.0,0,
C003742,Carrier B,Liability,Web,2026-04-15,2026-04,2026-04-19,Closed,0.0,7.31,4.0,169.0,2473.95,14.0,0,
C003743,Carrier C,Property,Agent,2026-09-03,2026-09,2026-09-19,Closed,0.0,5.71,16.0,28.0,4343.75,20.0,1,0.8383
C003744,Carrier A,Property,Agent,2026-04-08,2026-04,2026-04-17,Closed,0.0,13.71,9.0,176.0,7172.95,20.0,1,0.282
C003745,Carrier C,Auto,Web,2026-08-25,2026-08,2026-09-04,Closed,0.0,16.04,10.0,37.0,2276.89,14.0,0,
C003746,Carrier C,Liability,Agent,2026-06-14,2026-06,2026-06-23,Closed,0.0,1.81,9.0,109.0,5475.72,14.0,0,
C003747,Carrier B,Auto,Web,2026-04-11,2026-04,2026-04-21,Closed,1.0,13.22,10.0,173.0,2987.87,14.0,0,
C003748,Carrier B,Property,Web,2026-08-26,2026-08,2026-09-14,Closed,1.0,20.67,19.0,36.0,5365.68,20.0,1,0.2314
C003749,Carrier A,Liability,Agent,2026-09-04,2026-09,2026-09-05,Closed,0.0,1.38,1.0,27.0,3910.94,14.0,0,
C003750,Carrier A,Property,Web,2026-06-27,2026-06,2026-07-03,Closed,0.0,17.39,6.0,96.0,753.73,20.0,0,
C003751,Carrier B,Property,Mobile,2026-06-07,2026-06,2026-06-15,Closed,0.0,16.09,8.0,116.0,4554.12,20.0,0,
C003752,Carrier B,Liability,Agent,2026-08-10,2026-08,2026-08-22,Closed,1.0,18.68,12.0,52.0,4346.65,14.0,0,
C003753,Carrier A,Auto,Agent,2026-08-19,2026-08,2026-08-26,Closed,0.0,1.46,7.0,43.0,13775.15,14.0,0,
C003754,Carrier C,Property,Web,2026-09-04,2026-09,2026-09-12,Closed,0.0,1.98,8.0,27.0,10142.85,20.0,0,
C003755,Carrier A,Property,Mobile,2026-07-01,2026-07,2026-07-16,Closed,0.0,10.6,15.0,92.0,6570.53,20.0,1,0.8847
C003756,Carrier B,Liability,Mobile,2026-07-20,2026-07,2026-07-31,Closed,0.0,3.54,11.0,73.0,1286.71,14.0,0,
C003757,Carrier A,Auto,Web,2026-08-15,2026-08,2026-08-26,Closed,0.0,4.26,11.0,47.0,8370.25,14.0,0,
C003758,Carrier A,Auto,Web,2026-05-09,2026-05,2026-05-12,Closed,0.0,1.79,3.0,145.0,1578.63,14.0,0,
C003759,Carrier A,Auto,Mobile,2026-08-22,2026-08,2026-08-30,Closed,0.0,5.85,8.0,40.0,4290.74,14.0,0,
C003760,Carrier B,Auto,Agent,2026-08-27,2026-08,2026-09-17,Closed,0.0,1.23,21.0,35.0,2316.16,14.0,0,
C003761,Carrier C,Property,Mobile,2026-08-12,2026-08,2026-08-25,Closed,0.0,6.91,13.0,50.0,2903.55,20.0,1,0.8291
C003762,Carrier C,Property,Mobile,2026-04-09,2026-04,2026-04-16,Closed,0.0,4.12,7.0,175.0,873.89,20.0,0,
C003763,Carrier B,Property,Agent,2026-04-05,2026-04,2026-04-14,Closed,0.0,9.72,9.0,179.0,4421.02,20.0,0,
C003764,Carrier B,Property,Mobile,2026-04-16,2026-04,2026-05-17,Closed,1.0,21.94,31.0,168.0,3100.45,20.0,0,
C003765,Carrier B,Property,Mobile,2026-07-25,2026-07,2026-08-12,Closed,1.0,18.16,18.0,68.0,1721.5,20.0,1,0.6323
C003766,Carrier B,Property,Agent,2026-06-04,2026-06,2026-06-13,Closed,0.0,1.85,9.0,119.0,19662.72,20.0,0,
C003767,Carrier C,Liability,Web,2026-07-22,2026-07,2026-08-13,Closed,1.0,22.51,22.0,71.0,3052.73,14.0,0,
C003768,Carrier A,Liability,Mobile,2026-05-23,2026-05,2026-05-25,Closed,0.0,16.61,2.0,131.0,855.89,14.0,0,
C003769,Carrier C,Liability,Web,2026-06-05,2026-06,2026-06-08,Closed,0.0,16.63,3.0,118.0,5032.33,14.0,1,0.8216
C003770,Carrier B,Auto,Web,2026-06-03,2026-06,2026-06-11,Closed,0.0,12.15,8.0,120.0,1742.7,14.0,0,
C003771,Carrier C,Auto,Web,2026-09-23,2026-09,,Open,1.0,11.37,,8.0,0.0,14.0,0,
C003772,Carrier C,Liability,Agent,2026-09-18,2026-09,2026-09-20,Closed,0.0,12.8,2.0,13.0,709.84,14.0,1,0.6579
C003773,Carrier C,Property,Web,2026-07-16,2026-07,2026-07-26,Closed,0.0,7.72,10.0,77.0,1475.78,20.0,0,
C003774,Carrier B,Property,Mobile,2026-09-25,2026-09,,Open,1.0,22.0,,6.0,0.0,20.0,0,
C003775,Carrier B,Liability,Mobile,2026-04-21,2026-04,,Open,0.0,1.92,,163.0,0.0,14.0,0,
C003776,Carrier A,Liability,Agent,2026-05-02,2026-05,2026-05-10,Closed,0.0,10.18,8.0,152.0,6748.96,14.0,0,
C003777,Carrier C,Property,Agent,2026-07-10,2026-07,2026-08-03,Closed,1.0,13.63,24.0,83.0,5264.3,20.0,1,0.7791
C003778,Carrier A,Liability,Web,2026-06-13,2026-06,2026-06-28,Closed,0.0,14.71,15.0,110.0,1013.05,14.0,0,
C003779,Carrier A,Auto,Mobile,2026-07-13,2026-07,2026-07-25,Closed,1.0,24.07,12.0,80.0,30263.83,14.0,0,
C003780,Carrier B,Property,Mobile,2026-05-12,2026-05,2026-05-26,Closed,1.0,17.93,14.0,142.0,8062.23,20.0,0,
C003781,Carrier A,Liability,Web,2026-05-30,2026-05,,Open,1.0,27.22,,124.0,0.0,14.0,0,
C003782,Carrier B,Liability,Mobile,2026-06-04,2026-06,2026-06-11,Closed,0.0,14.54,7.0,119.0,2927.04,14.0,0,
C003783,Carrier A,Liability,Agent,2026-09-26,2026-09,,Open,0.0,4.53,,5.0,0.0,14.0,0,
C003784,Carrier A,Auto,Web,2026-07-06,2026-07,2026-07-17,Closed,0.0,3.18,11.0,87.0,1851.05,14.0,0,
C003785,Carrier A,Property,Mobile,2026-09-20,2026-09,2026-09-30,Closed,0.0,6.99,10.0,11.0,11702.93,20.0,0,
C003786,Carrier C,Property,Agent,2026-07-28,2026-07,2026-08-18,Closed,0.0,15.66,21.0,65.0,2091.57,20.0,0,
C003787,Carrier C,Property,Mobile,2026-06-02,2026-06,2026-06-24,Closed,0.0,14.33,22.0,121.0,3291.46,20.0,0,
C003788,Carrier A,Auto,Web,2026-04-02,2026-04,2026-04-07,Closed,0.0,7.01,5.0,182.0,1791.87,14.0,0,
C003789,Carrier C,Auto,Web,2026-08-13,2026-08,,Open,0.0,6.34,,49.0,0.0,14.0,0,
C003790,Carrier B,Property,Agent,2026-06-02,2026-06,2026-06-17,Closed,0.0,3.72,15.0,121.0,5448.77,20.0,0,
C003791,Carrier C,Liability,Mobile,2026-05-11,2026-05,2026-05-16,Closed,0.0,9.73,5.0,143.0,3646.51,14.0,0,
C003792,Carrier A,Property,Agent,2026-04-06,2026-04,2026-04-23,Closed,0.0,1.07,17.0,178.0,7265.62,20.0,0,
C003793,Carrier C,Property,Mobile,2026-08-21,2026-08,2026-09-06,Closed,1.0,12.27,16.0,41.0,3944.08,20.0,0,
C003794,Carrier C,Property,Mobile,2026-09-16,2026-09,2026-10-01,Closed,0.0,6.76,15.0,15.0,5144.24,20.0,0,
C003795,Carrier A,Property,Web,2026-08-29,2026-08,2026-09-09,Closed,0.0,15.59,11.0,33.0,3076.55,20.0,1,0.1961
C003796,Carrier A,Liability,Web,2026-07-02,2026-07,2026-07-04,Closed,0.0,13.77,2.0,91.0,3300.92,14.0,0,
C003797,Carrier B,Property,Mobile,2026-08-26,2026-08,2026-09-15,Closed,1.0,17.09,20.0,36.0,31137.91,20.0,0,
C003798,Carrier B,Auto,Mobile,2026-05-23,2026-05,2026-06-04,Closed,0.0,6.14,12.0,131.0,3149.89,14.0,0,
C003799,Carrier C,Auto,Web,2026-07-19,2026-07,,Open,0.0,14.96,,74.0,0.0,14.0,1,0.1999
C003800,Carrier A,Auto,Agent,2026-09-13,2026-09,2026-09-23,Closed,1.0,20.95,10.0,18.0,7836.02,14.0,0,
C003801,Carrier C,Auto,Mobile,2026-05-14,2026-05,2026-05-16,Closed,0.0,4.22,2.0,140.0,3752.43,14.0,0,
C003802,Carrier A,Liability,Mobile,2026-04-30,2026-04,2026-05-08,Closed,0.0,11.45,8.0,154.0,1455.84,14.0,1,0.2075
C003803,Carrier B,Liability,Mobile,2026-06-09,2026-06,2026-06-11,Closed,0.0,1.97,2.0,114.0,4675.38,14.0,0,
C003804,Carrier A,Property,Mobile,2026-08-14,2026-08,2026-09-03,Closed,0.0,6.42,20.0,48.0,6920.78,20.0,0,
C003805,Carrier B,Auto,Web,2026-07-23,2026-07,2026-07-25,Closed,0.0,6.64,2.0,70.0,4548.61,14.0,1,0.5582
C003806,Carrier A,Liability,Agent,2026-05-12,2026-05,2026-05-25,Closed,0.0,13.59,13.0,142.0,4857.13,14.0,0,
C003807,Carrier C,Liability,Web,2026-07-13,2026-07,2026-08-04,Closed,1.0,23.67,22.0,80.0,3526.51,14.0,0,
C003808,Carrier A,Liability,Agent,2026-07-08,2026-07,,Open,0.0,17.95,,85.0,0.0,14.0,1,0.0738
C003809,Carrier A,Property,Agent,2026-09-30,2026-09,,Open,1.0,18.59,,1.0,0.0,20.0,1,0.3603
C003810,Carrier C,Property,Agent,2026-04-10,2026-04,2026-04-25,Closed,0.0,8.7,15.0,174.0,6533.67,20.0,0,
C003811,Carrier B,Auto,Agent,2026-06-02,2026-06,2026-06-04,Closed,0.0,8.23,2.0,121.0,8094.22,14.0,0,
C003812,Carrier A,Liability,Agent,2026-05-06,2026-05,2026-05-09,Closed,0.0,6.06,3.0,148.0,5077.15,14.0,0,
C003813,Carrier A,Property,Web,2026-07-06,2026-07,2026-07-22,Closed,0.0,6.81,16.0,87.0,2629.88,20.0,0,
C003814,Carrier C,Liability,Web,2026-07-18,2026-07,2026-08-03,Closed,1.0,22.4,16.0,75.0,8379.15,14.0,0,
C003815,Carrier C,Property,Web,2026-08-06,2026-08,2026-08-22,Closed,1.0,27.61,16.0,56.0,3851.92,20.0,0,
C003816,Carrier A,Auto,Agent,2026-04-12,2026-04,2026-04-28,Closed,1.0,24.27,16.0,172.0,2588.27,14.0,0,
C003817,Carrier C,Auto,Mobile,2026-09-30,2026-09,2026-10-01,Closed,0.0,16.59,1.0,1.0,978.51,14.0,0,
C003818,Carrier B,Property,Mobile,2026-09-08,2026-09,2026-09-30,Closed,1.0,16.46,22.0,23.0,3988.29,20.0,2,0.232
C003819,Carrier B,Liability,Web,2026-07-02,2026-07,2026-07-05,Closed,0.0,8.51,3.0,91.0,7083.6,14.0,0,
C003820,Carrier A,Liability,Mobile,2026-07-24,2026-07,2026-08-09,Closed,1.0,25.0,16.0,69.0,5462.54,14.0,1,0.0094
C003821,Carrier C,Auto,Web,2026-09-20,2026-09,2026-09-28,Closed,0.0,13.01,8.0,11.0,1214.76,14.0,0,
C003822,Carrier A,Liability,Web,2026-08-22,2026-08,2026-09-18,Closed,1.0,25.72,27.0,40.0,1883.97,14.0,0,
C003823,Carrier C,Auto,Web,2026-06-20,2026-06,2026-07-02,Closed,0.0,11.29,12.0,103.0,7281.71,14.0,2,0.9707
C003824,Carrier C,Liability,Web,2026-07-29,2026-07,2026-07-30,Closed,0.0,1.75,1.0,64.0,3123.84,14.0,0,
C003825,Carrier C,Auto,Agent,2026-09-05,2026-09,,Open,0.0,10.43,,26.0,0.0,14.0,0,
C003826,Carrier B,Auto,Agent,2026-08-07,2026-08,2026-08-25,Closed,0.0,12.05,18.0,55.0,1116.29,14.0,1,0.306
C003827,Carrier A,Auto,Mobile,2026-06-12,2026-06,2026-06-26,Closed,1.0,24.44,14.0,111.0,9747.33,14.0,0,
C003828,Carrier C,Property,Web,2026-06-09,2026-06,2026-06-23,Closed,0.0,2.08,14.0,114.0,7200.18,20.0,0,
C003829,Carrier B,Auto,Mobile,2026-09-11,2026-09,,Open,1.0,26.6,,20.0,0.0,14.0,0,
C003830,Carrier C,Liability,Mobile,2026-08-11,2026-08,2026-08-16,Closed,0.0,10.12,5.0,51.0,2078.11,14.0,0,
C003831,Carrier C,Property,Mobile,2026-07-22,2026-07,2026-08-05,Closed,0.0,6.77,14.0,71.0,6977.63,20.0,0,
C003832,Carrier C,Auto,Agent,2026-07-30,2026-07,2026-08-05,Closed,0.0,2.06,6.0,63.0,2239.68,14.0,0,
C003833,Carrier A,Auto,Web,2026-06-28,2026-06,2026-07-08,Closed,0.0,15.15,10.0,95.0,2170.26,14.0,0,
C003834,Carrier B,Property,Agent,2026-09-21,2026-09,,Open,0.0,13.6,,10.0,0.0,20.0,0,
C003835,Carrier A,Liability,Agent,2026-08-21,2026-08,2026-08-26,Closed,0.0,8.7,5.0,41.0,1387.86,14.0,1,0.2484
C003836,Carrier A,Liability,Mobile,2026-06-11,2026-06,2026-07-01,Closed,1.0,22.71,20.0,112.0,1547.1,14.0,1,0.1025
C003837,Carrier B,Auto,Web,2026-08-25,2026-08,2026-09-06,Closed,1.0,21.49,12.0,37.0,1955.66,14.0,0,
C003838,Carrier B,Property,Mobile,2026-09-10,2026-09,2026-09-25,Closed,0.0,7.52,15.0,21.0,1829.27,20.0,2,0.5135
C003839,Carrier A,Liability,Mobile,2026-06-20,2026-06,2026-06-23,Closed,0.0,6.6,3.0,103.0,2801.63,14.0,0,
C003840,Carrier B,Auto,Mobile,2026-06-08,2026-06,2026-06-12,Closed,0.0,2.63,4.0,115.0,1019.83,14.0,0,
C003841,Carrier C,Auto,Agent,2026-07-17,2026-07,2026-07-31,Closed,0.0,14.3,14.0,76.0,1912.63,14.0,1,0.8146
C003842,Carrier B,Liability,Agent,2026-07-19,2026-07,2026-07-25,Closed,0.0,10.06,6.0,74.0,3317.1,14.0,0,
C003843,Carrier A,Auto,Agent,2026-09-06,2026-09,2026-09-09,Closed,0.0,11.9,3.0,25.0,5870.7,14.0,0,
C003844,Carrier A,Liability,Agent,2026-05-11,2026-05,2026-05-17,Closed,0.0,1.62,6.0,143.0,1009.14,14.0,3,0.4052
C003845,Carrier B,Liability,Web,2026-04-12,2026-04,2026-04-14,Closed,0.0,1.51,2.0,172.0,11474.68,14.0,0,
C003846,Carrier B,Liability,Web,2026-05-11,2026-05,2026-06-01,Closed,0.0,6.76,21.0,143.0,1365.83,14.0,0,
C003847,Carrier B,Auto,Mobile,2026-07-20,2026-07,2026-07-27,Closed,0.0,5.73,7.0,73.0,3706.53,14.0,0,
C003848,Carrier A,Property,Agent,2026-06-03,2026-06,2026-06-23,Closed,0.0,6.15,20.0,120.0,1908.39,20.0,1,0.433
C003849,Carrier B,Property,Agent,2026-07-25,2026-07,2026-08-13,Closed,0.0,11.42,19.0,68.0,2641.06,20.0,0,
C003850,Carrier C,Liability,Agent,2026-09-18,2026-09,2026-09-25,Closed,0.0,13.39,7.0,13.0,1147.61,14.0,0,
C003851,Carrier B,Property,Mobile,2026-08-07,2026-08,2026-08-31,Closed,1.0,25.73,24.0,55.0,3983.54,20.0,0,
C003852,Carrier B,Property,Web,2026-09-22,2026-09,,Open,0.0,17.11,,9.0,0.0,20.0,1,0.6185
C003853,Carrier A,Liability,Web,2026-06-07,2026-06,2026-06-15,Closed,0.0,9.94,8.0,116.0,1416.77,14.0,1,0.2306
C003854,Carrier B,Auto,Web,2026-05-05,2026-05,2026-06-03,Closed,0.0,17.13,29.0,149.0,1032.95,14.0,0,
C003855,Carrier C,Liability,Mobile,2026-06-13,2026-06,2026-06-17,Closed,0.0,13.42,4.0,110.0,9085.88,14.0,0,
C003856,Carrier C,Property,Agent,2026-05-03,2026-05,2026-05-13,Closed,0.0,1.68,10.0,151.0,3824.55,20.0,0,
C003857,Carrier A,Property,Mobile,2026-06-20,2026-06,2026-07-04,Closed,0.0,4.45,14.0,103.0,7993.78,20.0,1,0.283
C003858,Carrier A,Liability,Mobile,2026-09-06,2026-09,2026-09-08,Closed,0.0,8.27,2.0,25.0,1875.86,14.0,0,
C003859,Carrier B,Liability,Agent,2026-07-28,2026-07,2026-08-05,Closed,0.0,3.95,8.0,65.0,5632.63,14.0,1,0.3659
C003860,Carrier A,Liability,Web,2026-08-31,2026-08,2026-09-02,Closed,0.0,4.73,2.0,31.0,1182.42,14.0,0,
C003861,Carrier A,Liability,Mobile,2026-08-25,2026-08,2026-09-03,Closed,0.0,9.17,9.0,37.0,4307.0,14.0,0,
C003862,Carrier B,Property,Agent,2026-06-15,2026-06,2026-06-23,Closed,0.0,14.27,8.0,108.0,2375.3,20.0,0,
C003863,Carrier A,Auto,Agent,2026-06-25,2026-06,2026-07-03,Closed,0.0,16.46,8.0,98.0,3314.1,14.0,0,
C003864,Carrier B,Property,Agent,2026-04-08,2026-04,2026-04-16,Closed,0.0,2.08,8.0,176.0,1165.77,20.0,0,
C003865,Carrier A,Liability,Agent,2026-06-22,2026-06,2026-06-30,Closed,0.0,12.87,8.0,101.0,3442.34,14.0,0,
C003866,Carrier B,Liability,Agent,2026-05-11,2026-05,2026-05-19,Closed,0.0,15.21,8.0,143.0,3733.77,14.0,0,
C003867,Carrier A,Auto,Web,2026-07-10,2026-07,2026-07-20,Closed,0.0,12.86,10.0,83.0,5931.92,14.0,0,
C003868,Carrier C,Property,Agent,2026-04-04,2026-04,,Open,0.0,15.67,,180.0,0.0,20.0,0,
C003869,Carrier B,Liability,Mobile,2026-05-03,2026-05,2026-05-11,Closed,0.0,5.14,8.0,151.0,1811.76,14.0,0,
C003870,Carrier C,Liability,Web,2026-04-17,2026-04,2026-04-22,Closed,0.0,9.69,5.0,167.0,2731.0,14.0,0,
C003871,Carrier C,Liability,Agent,2026-08-27,2026-08,2026-09-11,Closed,0.0,10.61,15.0,35.0,987.55,14.0,0,
C003872,Carrier A,Liability,Web,2026-05-14,2026-05,2026-05-27,Closed,1.0,25.83,13.0,140.0,2112.43,14.0,0,
C003873,Carrier B,Property,Agent,2026-08-07,2026-08,2026-08-13,Closed,0.0,13.05,6.0,55.0,6671.9,20.0,1,0.3224
C003874,Carrier B,Auto,Agent,2026-05-29,2026-05,2026-06-03,Closed,0.0,4.29,5.0,125.0,1451.58,14.0,0,
C003875,Carrier B,Property,Agent,2026-05-27,2026-05,2026-06-14,Closed,0.0,1.02,18.0,127.0,15805.9,20.0,0,
C003876,Carrier B,Property,Agent,2026-05-19,2026-05,2026-05-28,Closed,0.0,3.38,9.0,135.0,2597.86,20.0,0,
C003877,Carrier B,Property,Mobile,2026-07-10,2026-07,2026-07-22,Closed,0.0,2.63,12.0,83.0,1840.8,20.0,0,
C003878,Carrier A,Liability,Mobile,2026-04-07,2026-04,2026-04-13,Closed,0.0,16.83,6.0,177.0,7027.37,14.0,0,
C003879,Carrier A,Property,Mobile,2026-04-02,2026-04,2026-04-11,Closed,0.0,16.11,9.0,182.0,13168.28,20.0,0,
C003880,Carrier A,Liability,Web,2026-05-22,2026-05,2026-06-01,Closed,0.0,6.52,10.0,132.0,2260.91,14.0,0,
C003881,Carrier A,Liability,Agent,2026-04-15,2026-04,2026-04-17,Closed,0.0,17.2,2.0,169.0,2909.28,14.0,1,0.2427
C003882,Carrier A,Auto,Agent,2026-07-10,2026-07,2026-07-12,Closed,0.0,17.02,2.0,83.0,2236.91,14.0,1,0.8191
C003883,Carrier C,Auto,Web,2026-06-25,2026-06,,Open,0.0,14.86,,98.0,0.0,14.0,1,0.7504
C003884,Carrier A,Auto,Agent,2026-04-17,2026-04,2026-04-22,Closed,0.0,16.08,5.0,167.0,604.43,14.0,0,
C003885,Carrier B,Property,Mobile,2026-06-24,2026-06,,Open,1.0,21.9,,99.0,0.0,20.0,0,
C003886,Carrier A,Property,Mobile,2026-09-24,2026-09,2026-10-01,Closed,0.0,11.98,7.0,7.0,2408.65,20.0,0,
C003887,Carrier B,Auto,Agent,2026-06-28,2026-06,2026-07-02,Closed,0.0,14.4,4.0,95.0,3786.11,14.0,1,0.6259
C003888,Carrier A,Liability,Web,2026-09-24,2026-09,2026-09-25,Closed,0.0,12.37,1.0,7.0,6241.71,14.0,0,
C003889,Carrier A,Liability,Mobile,2026-09-18,2026-09,2026-09-22,Closed,0.0,16.67,4.0,13.0,4893.22,14.0,0,
C003890,Carrier C,Auto,Agent,2026-07-19,2026-07,2026-07-27,Closed,0.0,16.57,8.0,74.0,3129.57,14.0,0,
C003891,Carrier A,Auto,Web,2026-07-17,2026-07,2026-07-21,Closed,0.0,4.35,4.0,76.0,9092.04,14.0,0,
C003892,Carrier B,Property,Agent,2026-08-02,2026-08,,Open,1.0,14.18,,60.0,0.0,20.0,1,0.2192
C003893,Carrier C,Property,Mobile,2026-06-17,2026-06,2026-07-07,Closed,1.0,13.72,20.0,106.0,9821.74,20.0,0,
C003894,Carrier A,Property,Mobile,2026-08-11,2026-08,2026-08-18,Closed,0.0,11.16,7.0,51.0,6605.52,20.0,0,
C003895,Carrier B,Property,Mobile,2026-07-16,2026-07,2026-07-31,Closed,0.0,4.46,15.0,77.0,859.47,20.0,0,
C003896,Carrier C,Auto,Mobile,2026-08-27,2026-08,2026-09-05,Closed,1.0,23.26,9.0,35.0,1528.35,14.0,0,
C003897,Carrier C,Auto,Mobile,2026-06-13,2026-06,2026-06-19,Closed,0.0,14.14,6.0,110.0,3207.95,14.0,1,0.978
C003898,Carrier B,Auto,Mobile,2026-08-24,2026-08,2026-09-15,Closed,1.0,13.47,22.0,38.0,9263.43,14.0,1,0.6889
C003899,Carrier B,Property,Agent,2026-04-13,2026-04,2026-04-21,Closed,0.0,7.7,8.0,171.0,2410.11,20.0,0,
C003900,Carrier C,Liability,Agent,2026-08-28,2026-08,2026-09-01,Closed,0.0,13.49,4.0,34.0,2152.62,14.0,0,
C003901,Carrier A,Property,Agent,2026-05-05,2026-05,2026-05-16,Closed,0.0,15.56,11.0,149.0,2577.93,20.0,0,
C003902,Carrier B,Auto,Web,2026-08-08,2026-08,2026-08-14,Closed,0.0,16.07,6.0,54.0,2715.31,14.0,1,0.7304
C003903,Carrier B,Auto,Mobile,2026-09-02,2026-09,2026-09-11,Closed,0.0,5.04,9.0,29.0,2311.73,14.0,0,
C003904,Carrier C,Property,Web,2026-04-23,2026-04,,Open,0.0,16.07,,161.0,0.0,20.0,0,
C003905,Carrier C,Liability,Agent,2026-09-14,2026-09,2026-09-23,Closed,0.0,7.44,9.0,17.0,3454.19,14.0,0,
C003906,Carrier B,Liability,Web,2026-09-28,2026-09,,Open,0.0,5.63,,3.0,0.0,14.0,1,0.7602
C003907,Carrier B,Auto,Web,2026-07-05,2026-07,2026-07-22,Closed,0.0,16.21,17.0,88.0,3208.86,14.0,0,
C003908,Carrier C,Auto,Mobile,2026-04-22,2026-04,2026-05-12,Closed,1.0,21.82,20.0,162.0,1546.39,14.0,1,0.4895
C003909,Carrier A,Auto,Web,2026-04-17,2026-04,,Open,1.0,22.3,,167.0,0.0,14.0,0,
C003910,Carrier B,Liability,Mobile,2026-06-14,2026-06,2026-06-19,Closed,0.0,10.12,5.0,109.0,3407.81,14.0,0,
C003911,Carrier A,Auto,Web,2026-09-11,2026-09,2026-09-18,Closed,0.0,1.0,7.0,20.0,2498.74,14.0,0,
C003912,Carrier A,Property,Web,2026-08-13,2026-08,2026-09-10,Closed,1.0,26.12,28.0,49.0,14005.19,20.0,0,
C003913,Carrier C,Liability,Mobile,2026-09-08,2026-09,2026-09-22,Closed,0.0,4.02,14.0,23.0,3234.72,14.0,0,
C003914,Carrier B,Liability,Mobile,2026-05-15,2026-05,2026-06-04,Closed,1.0,13.7,20.0,139.0,1183.87,14.0,1,0.0506
C003915,Carrier A,Property,Agent,2026-04-18,2026-04,2026-04-25,Closed,0.0,16.01,7.0,166.0,990.64,20.0,0,
C003916,Carrier C,Auto,Mobile,2026-08-12,2026-08,2026-08-20,Closed,0.0,1.37,8.0,50.0,2724.47,14.0,0,
C003917,Carrier C,Auto,Web,2026-04-10,2026-04,2026-04-14,Closed,0.0,17.71,4.0,174.0,3807.0,14.0,0,
C003918,Carrier C,Auto,Mobile,2026-06-13,2026-06,2026-07-08,Closed,1.0,26.79,25.0,110.0,4815.12,14.0,1,0.3447
C003919,Carrier A,Property,Web,2026-05-08,2026-05,2026-05-30,Closed,1.0,18.97,22.0,146.0,3525.93,20.0,0,
C003920,Carrier B,Property,Mobile,2026-06-27,2026-06,2026-07-07,Closed,0.0,7.8,10.0,96.0,4317.31,20.0,2,0.6587
C003921,Carrier C,Auto,Web,2026-07-01,2026-07,2026-07-03,Closed,0.0,14.32,2.0,92.0,3224.22,14.0,0,
C003922,Carrier B,Property,Web,2026-09-21,2026-09,,Open,0.0,9.65,,10.0,0.0,20.0,0,
C003923,Carrier B,Property,Web,2026-07-06,2026-07,2026-07-15,Closed,0.0,7.32,9.0,87.0,1132.15,20.0,0,
C003924,Carrier B,Auto,Agent,2026-09-08,2026-09,2026-09-16,Closed,0.0,2.99,8.0,23.0,5804.93,14.0,3,0.8862
C003925,Carrier A,Liability,Web,2026-08-30,2026-08,2026-09-18,Closed,1.0,24.37,19.0,32.0,7570.03,14.0,1,0.512
C003926,Carrier C,Property,Agent,2026-07-05,2026-07,2026-07-19,Closed,0.0,14.57,14.0,88.0,10330.95,20.0,0,
C003927,Carrier B,Auto,Web,2026-06-11,2026-06,2026-06-16,Closed,0.0,12.48,5.0,112.0,7115.16,14.0,0,
C003928,Carrier A,Property,Agent,2026-06-09,2026-06,2026-06-17,Closed,0.0,2.12,8.0,114.0,1614.09,20.0,1,0.2541
C003929,Carrier A,Property,Agent,2026-07-06,2026-07,2026-07-14,Closed,0.0,16.05,8.0,87.0,2410.74,20.0,0,
C003930,Carrier A,Auto,Agent,2026-09-17,2026-09,2026-09-21,Closed,0.0,6.43,4.0,14.0,10982.66,14.0,0,
C003931,Carrier A,Auto,Agent,2026-07-06,2026-07,2026-07-07,Closed,0.0,12.82,1.0,87.0,3945.95,14.0,0,
C003932,Carrier B,Liability,Web,2026-05-19,2026-05,,Open,0.0,1.91,,135.0,0.0,14.0,0,
C003933,Carrier A,Liability,Mobile,2026-04-22,2026-04,2026-04-26,Closed,0.0,5.68,4.0,162.0,3547.78,14.0,0,
C003934,Carrier C,Liability,Mobile,2026-05-02,2026-05,2026-05-15,Closed,0.0,9.36,13.0,152.0,1775.05,14.0,1,0.0253
C003935,Carrier A,Auto,Mobile,2026-08-02,2026-08,,Open,0.0,13.88,,60.0,0.0,14.0,0,
C003936,Carrier C,Auto,Web,2026-04-26,2026-04,2026-05-04,Closed,0.0,13.44,8.0,158.0,7216.46,14.0,0,
C003937,Carrier B,Property,Agent,2026-04-08,2026-04,2026-04-19,Closed,0.0,14.32,11.0,176.0,3369.6,20.0,0,
C003938,Carrier C,Liability,Agent,2026-08-09,2026-08,2026-08-30,Closed,0.0,6.07,21.0,53.0,18083.49,14.0,0,
C003939,Carrier C,Property,Web,2026-06-25,2026-06,2026-07-06,Closed,0.0,7.67,11.0,98.0,2598.55,20.0,0,
C003940,Carrier B,Liability,Web,2026-08-22,2026-08,2026-09-02,Closed,0.0,13.34,11.0,40.0,4719.07,14.0,0,
C003941,Carrier C,Property,Web,2026-08-01,2026-08,2026-08-09,Closed,0.0,3.48,8.0,61.0,3763.67,20.0,1,0.6107
C003942,Carrier C,Property,Mobile,2026-06-30,2026-06,2026-07-25,Closed,0.0,3.5,25.0,93.0,937.67,20.0,1,0.9652
C003943,Carrier A,Auto,Web,2026-07-26,2026-07,2026-08-15,Closed,0.0,2.52,20.0,67.0,1484.08,14.0,0,
C003944,Carrier C,Property,Mobile,2026-04-22,2026-04,2026-05-08,Closed,1.0,16.2,16.0,162.0,6627.74,20.0,0,
C003945,Carrier B,Auto,Agent,2026-07-04,2026-07,2026-07-17,Closed,0.0,5.83,13.0,89.0,7563.93,14.0,0,
C003946,Carrier C,Property,Agent,2026-04-22,2026-04,2026-05-03,Closed,0.0,1.06,11.0,162.0,873.54,20.0,1,0.3335
C003947,Carrier C,Property,Mobile,2026-05-09,2026-05,2026-06-03,Closed,0.0,7.42,25.0,145.0,1045.15,20.0,0,
C003948,Carrier C,Property,Agent,2026-08-01,2026-08,2026-08-11,Closed,0.0,17.48,10.0,61.0,2113.73,20.0,0,
C003949,Carrier C,Property,Mobile,2026-05-29,2026-05,2026-06-22,Closed,1.0,21.93,24.0,125.0,2306.15,20.0,0,
C003950,Carrier A,Property,Mobile,2026-08-08,2026-08,,Open,1.0,21.62,,54.0,0.0,20.0,0,
C003951,Carrier A,Auto,Mobile,2026-09-25,2026-09,,Open,1.0,14.8,,6.0,0.0,14.0,0,
C003952,Carrier B,Property,Mobile,2026-07-26,2026-07,2026-08-12,Closed,1.0,17.07,17.0,67.0,1911.7,20.0,0,
C003953,Carrier C,Auto,Agent,2026-08-17,2026-08,2026-08-20,Closed,0.0,16.45,3.0,45.0,9352.32,14.0,1,0.0875
C003954,Carrier C,Auto,Mobile,2026-06-16,2026-06,2026-07-02,Closed,0.0,1.99,16.0,107.0,3719.91,14.0,1,0.7188
C003955,Carrier B,Liability,Mobile,2026-05-11,2026-05,2026-05-14,Closed,0.0,14.52,3.0,143.0,6230.21,14.0,0,
C003956,Carrier C,Property,Agent,2026-08-03,2026-08,2026-08-17,Closed,0.0,5.63,14.0,59.0,5576.39,20.0,0,
C003957,Carrier B,Liability,Mobile,2026-06-13,2026-06,2026-07-04,Closed,0.0,6.96,21.0,110.0,12773.01,14.0,0,
C003958,Carrier A,Auto,Agent,2026-07-07,2026-07,2026-07-12,Closed,0.0,9.21,5.0,86.0,10070.38,14.0,0,
C003959,Carrier C,Property,Agent,2026-05-24,2026-05,2026-06-04,Closed,0.0,6.95,11.0,130.0,2570.71,20.0,0,
C003960,Carrier A,Property,Agent,2026-07-06,2026-07,2026-07-17,Closed,0.0,4.76,11.0,87.0,5377.45,20.0,0,
C003961,Carrier C,Auto,Agent,2026-06-02,2026-06,2026-06-06,Closed,0.0,2.74,4.0,121.0,2496.58,14.0,0,
C003962,Carrier C,Liability,Web,2026-08-16,2026-08,2026-08-20,Closed,0.0,15.87,4.0,46.0,4058.68,14.0,0,
C003963,Carrier B,Property,Web,2026-05-18,2026-05,2026-06-05,Closed,1.0,20.31,18.0,136.0,2612.02,20.0,0,
C003964,Carrier C,Auto,Mobile,2026-04-06,2026-04,2026-04-14,Closed,0.0,9.05,8.0,178.0,18283.78,14.0,0,
C003965,Carrier C,Property,Agent,2026-07-28,2026-07,2026-08-04,Closed,0.0,14.87,7.0,65.0,2173.03,20.0,0,
C003966,Carrier C,Property,Mobile,2026-08-06,2026-08,2026-08-25,Closed,1.0,16.64,19.0,56.0,1273.82,20.0,0,
C003967,Carrier A,Liability,Mobile,2026-07-07,2026-07,2026-07-23,Closed,1.0,18.36,16.0,86.0,948.98,14.0,0,
C003968,Carrier B,Liability,Agent,2026-08-31,2026-08,2026-09-16,Closed,0.0,7.51,16.0,31.0,2709.3,14.0,0,
C003969,Carrier A,Property,Mobile,2026-04-17,2026-04,2026-04-23,Closed,0.0,11.19,6.0,167.0,2796.02,20.0,0,
C003970,Carrier A,Property,Mobile,2026-04-23,2026-04,2026-05-01,Closed,0.0,4.38,8.0,161.0,4108.35,20.0,0,
C003971,Carrier A,Property,Agent,2026-06-23,2026-06,2026-06-30,Closed,0.0,1.21,7.0,100.0,2007.87,20.0,1,0.3688
C003972,Carrier C,Auto,Mobile,2026-08-04,2026-08,2026-08-13,Closed,1.0,17.66,9.0,58.0,7958.27,14.0,1,0.9198
C003973,Carrier C,Auto,Agent,2026-04-01,2026-04,2026-04-08,Closed,0.0,2.92,7.0,183.0,4535.13,14.0,0,
C003974,Carrier B,Property,Mobile,2026-06-05,2026-06,2026-07-02,Closed,1.0,20.52,27.0,118.0,2078.72,20.0,0,
C003975,Carrier A,Property,Agent,2026-07-30,2026-07,,Open,1.0,12.9,,63.0,0.0,20.0,0,
C003976,Carrier A,Liability,Mobile,2026-08-15,2026-08,2026-08-20,Closed,0.0,2.1,5.0,47.0,1787.61,14.0,0,
C003977,Carrier B,Liability,Web,2026-06-02,2026-06,2026-06-04,Closed,0.0,17.71,2.0,121.0,1606.94,14.0,0,
C003978,Carrier C,Auto,Mobile,2026-07-18,2026-07,2026-07-31,Closed,0.0,1.52,13.0,75.0,5062.3,14.0,0,
C003979,Carrier A,Property,Agent,2026-09-10,2026-09,,Open,0.0,8.21,,21.0,0.0,20.0,0,
C003980,Carrier C,Property,Web,2026-04-18,2026-04,2026-04-27,Closed,0.0,13.34,9.0,166.0,12499.07,20.0,0,
C003981,Carrier A,Auto,Agent,2026-04-12,2026-04,,Open,0.0,6.43,,172.0,0.0,14.0,0,
C003982,Carrier B,Property,Mobile,2026-04-19,2026-04,2026-05-05,Closed,0.0,10.03,16.0,165.0,30427.15,20.0,0,
C003983,Carrier A,Property,Mobile,2026-05-18,2026-05,2026-05-31,Closed,0.0,5.71,13.0,136.0,6135.22,20.0,0,
C003984,Carrier B,Auto,Agent,2026-09-10,2026-09,2026-09-24,Closed,0.0,8.79,14.0,21.0,2397.81,14.0,0,
C003985,Carrier B,Liability,Mobile,2026-05-18,2026-05,2026-05-29,Closed,0.0,13.13,11.0,136.0,8262.04,14.0,0,
C003986,Carrier A,Liability,Mobile,2026-09-24,2026-09,2026-09-28,Closed,0.0,2.99,4.0,7.0,9388.2,14.0,0,
C003987,Carrier A,Property,Mobile,2026-07-09,2026-07,2026-07-17,Closed,0.0,16.59,8.0,84.0,1447.97,20.0,0,
C003988,Carrier C,Property,Web,2026-09-14,2026-09,2026-09-20,Closed,0.0,13.89,6.0,17.0,4463.2,20.0,0,
C003989,Carrier C,Liability,Mobile,2026-04-24,2026-04,2026-05-03,Closed,0.0,12.48,9.0,160.0,1347.36,14.0,0,
C003990,Carrier C,Auto,Web,2026-07-24,2026-07,2026-07-28,Closed,0.0,8.49,4.0,69.0,4566.68,14.0,0,
C003991,Carrier A,Auto,Web,2026-05-20,2026-05,2026-06-07,Closed,0.0,8.08,18.0,134.0,3673.43,14.0,0,
C003992,Carrier C,Property,Web,2026-09-12,2026-09,,Open,0.0,15.13,,19.0,0.0,20.0,0,
C003993,Carrier A,Liability,Web,2026-09-18,2026-09,,Open,1.0,19.76,,13.0,0.0,14.0,0,
C003994,Carrier A,Property,Mobile,2026-07-01,2026-07,2026-07-12,Closed,0.0,12.22,11.0,92.0,1254.03,20.0,1,0.5941
C003995,Carrier A,Auto,Agent,2026-07-31,2026-07,2026-08-15,Closed,0.0,10.17,15.0,62.0,649.15,14.0,0,
C003996,Carrier C,Liability,Mobile,2026-06-25,2026-06,2026-07-02,Closed,0.0,14.88,7.0,98.0,2158.29,14.0,0,
C003997,Carrier A,Liability,Web,2026-05-01,2026-05,2026-05-04,Closed,0.0,5.85,3.0,153.0,8041.96,14.0,1,0.6015
C003998,Carrier A,Auto,Web,2026-08-01,2026-08,2026-08-04,Closed,0.0,15.44,3.0,61.0,33174.16,14.0,0,
C003999,Carrier B,Auto,Web,2026-09-26,2026-09,,Open,0.0,4.03,,5.0,0.0,14.0,0,
C004000,Carrier C,Property,Mobile,2026-09-12,2026-09,2026-09-22,Closed,0.0,10.04,10.0,19.0,1046.5,20.0,0,
C004001,Carrier A,Liability,Mobile,2026-05-14,2026-05,2026-05-23,Closed,0.0,13.59,9.0,140.0,1856.89,14.0,0,
C004002,Carrier C,Liability,Mobile,2026-09-12,2026-09,2026-09-18,Closed,0.0,15.68,6.0,19.0,2273.22,14.0,1,0.9667
C004003,Carrier B,Auto,Agent,2026-06-26,2026-06,2026-06-29,Closed,0.0,4.96,3.0,97.0,3971.13,14.0,0,
C004004,Carrier C,Liability,Web,2026-09-30,2026-09,,Open,0.0,11.01,,1.0,0.0,14.0,0,
C004005,Carrier B,Auto,Mobile,2026-05-29,2026-05,2026-06-14,Closed,1.0,22.36,16.0,125.0,2299.48,14.0,0,
C004006,Carrier A,Auto,Mobile,2026-09-12,2026-09,2026-09-16,Closed,0.0,6.86,4.0,19.0,522.58,14.0,0,
C004007,Carrier B,Liability,Web,2026-09-21,2026-09,,Open,0.0,14.8,,10.0,0.0,14.0,0,
C004008,Carrier A,Liability,Agent,2026-09-01,2026-09,,Open,0.0,16.07,,30.0,0.0,14.0,2,0.0854
C004009,Carrier A,Property,Web,2026-07-31,2026-07,2026-08-11,Closed,0.0,13.67,11.0,62.0,3341.27,20.0,0,
C004010,Carrier A,Liability,Web,2026-08-01,2026-08,2026-08-07,Closed,0.0,8.45,6.0,61.0,6505.67,14.0,0,
C004011,Carrier B,Auto,Web,2026-04-30,2026-04,2026-05-03,Closed,0.0,8.03,3.0,154.0,3093.03,14.0,0,
C004012,Carrier C,Auto,Agent,2026-09-06,2026-09,2026-09-20,Closed,0.0,14.39,14.0,25.0,8507.81,14.0,0,
C004013,Carrier C,Liability,Mobile,2026-09-14,2026-09,2026-09-25,Closed,1.0,24.46,11.0,17.0,2599.35,14.0,0,
C004014,Carrier C,Property,Web,2026-06-24,2026-06,2026-07-21,Closed,0.0,15.45,27.0,99.0,2988.29,20.0,0,
C004015,Carrier C,Liability,Mobile,2026-05-30,2026-05,2026-06-17,Closed,1.0,23.03,18.0,124.0,4590.83,14.0,1,0.0728
C004016,Carrier A,Auto,Agent,2026-08-10,2026-08,2026-08-25,Closed,0.0,6.45,15.0,52.0,3397.57,14.0,0,
C004017,Carrier A,Property,Agent,2026-08-17,2026-08,2026-08-31,Closed,0.0,2.71,14.0,45.0,1416.67,20.0,1,0.1473
C004018,Carrier A,Auto,Mobile,2026-04-06,2026-04,2026-04-07,Closed,0.0,10.47,1.0,178.0,17856.21,14.0,0,
C004019,Carrier C,Property,Web,2026-04-29,2026-04,2026-05-07,Closed,0.0,8.82,8.0,155.0,1338.7,20.0,0,
C004020,Carrier C,Property,Agent,2026-09-06,2026-09,2026-09-26,Closed,1.0,11.88,20.0,25.0,342.47,20.0,1,0.7353
C004021,Carrier A,Property,Agent,2026-09-29,2026-09,,Open,1.0,19.67,,2.0,0.0,20.0,0,
C004022,Carrier C,Auto,Web,2026-05-08,2026-05,2026-05-19,Closed,1.0,18.83,11.0,146.0,1640.03,14.0,1,0.9549
C004023,Carrier B,Liability,Web,2026-09-03,2026-09,,Open,0.0,4.06,,28.0,0.0,14.0,0,
C004024,Carrier A,Auto,Mobile,2026-05-24,2026-05,2026-06-06,Closed,1.0,18.02,13.0,130.0,3634.58,14.0,0,
C004025,Carrier B,Liability,Mobile,2026-05-29,2026-05,,Open,1.0,15.19,,125.0,0.0,14.0,1,0.5973
C004026,Carrier A,Liability,Mobile,2026-09-28,2026-09,2026-09-30,Closed,0.0,10.83,2.0,3.0,1478.83,14.0,1,0.1914
C004027,Carrier B,Property,Web,2026-07-03,2026-07,2026-07-16,Closed,0.0,7.23,13.0,90.0,2144.69,20.0,0,
C004028,Carrier C,Property,Mobile,2026-09-14,2026-09,2026-09-27,Closed,0.0,8.97,13.0,17.0,1447.63,20.0,1,0.2351
C004029,Carrier C,Property,Agent,2026-04-23,2026-04,2026-05-24,Closed,1.0,24.86,31.0,161.0,3010.42,20.0,0,
C004030,Carrier B,Auto,Agent,2026-07-31,2026-07,2026-08-05,Closed,0.0,11.06,5.0,62.0,4822.35,14.0,1,0.9614
C004031,Carrier B,Auto,Agent,2026-06-14,2026-06,2026-06-16,Closed,0.0,15.36,2.0,109.0,450.77,14.0,0,
C004032,Carrier A,Auto,Agent,2026-05-07,2026-05,2026-05-19,Closed,1.0,24.48,12.0,147.0,8553.69,14.0,0,
C004033,Carrier B,Liability,Web,2026-07-13,2026-07,2026-07-18,Closed,0.0,17.97,5.0,80.0,5972.14,14.0,0,
C004034,Carrier A,Auto,Mobile,2026-07-26,2026-07,2026-07-29,Closed,0.0,15.85,3.0,67.0,2329.56,14.0,0,
C004035,Carrier C,Auto,Agent,2026-08-11,2026-08,,Open,1.0,19.16,,51.0,0.0,14.0,0,
C004036,Carrier A,Auto,Web,2026-05-24,2026-05,2026-06-01,Closed,0.0,7.88,8.0,130.0,1875.05,14.0,2,0.607
C004037,Carrier B,Property,Web,2026-05-31,2026-05,2026-06-13,Closed,0.0,2.05,13.0,123.0,1431.28,20.0,0,
C004038,Carrier C,Auto,Agent,2026-05-27,2026-05,2026-05-30,Closed,0.0,13.74,3.0,127.0,1506.33,14.0,0,
C004039,Carrier B,Liability,Agent,2026-07-06,2026-07,2026-07-12,Closed,0.0,9.76,6.0,87.0,2250.48,14.0,0,
C004040,Carrier C,Liability,Mobile,2026-07-10,2026-07,2026-07-19,Closed,0.0,6.41,9.0,83.0,3375.65,14.0,0,
C004041,Carrier B,Liability,Mobile,2026-07-05,2026-07,2026-07-19,Closed,0.0,5.89,14.0,88.0,1707.48,14.0,0,
C004042,Carrier C,Property,Web,2026-05-29,2026-05,2026-06-06,Closed,0.0,11.96,8.0,125.0,5091.85,20.0,1,0.5183
C004043,Carrier B,Property,Mobile,2026-06-15,2026-06,2026-06-28,Closed,0.0,8.63,13.0,108.0,2171.3,20.0,0,
C004044,Carrier A,Liability,Mobile,2026-06-14,2026-06,2026-07-01,Closed,1.0,21.21,17.0,109.0,1638.62,14.0,0,
C004045,Carrier B,Property,Web,2026-05-14,2026-05,2026-05-24,Closed,0.0,12.1,10.0,140.0,396.91,20.0,0,
C004046,Carrier B,Liability,Agent,2026-09-28,2026-09,,Open,0.0,12.15,,3.0,0.0,14.0,0,
C004047,Carrier C,Property,Web,2026-05-13,2026-05,2026-05-30,Closed,0.0,7.44,17.0,141.0,674.71,20.0,0,
C004048,Carrier C,Auto,Web,2026-04-13,2026-04,2026-04-18,Closed,0.0,8.42,5.0,171.0,1259.61,14.0,0,
C004049,Carrier B,Property,Web,2026-09-02,2026-09,2026-09-07,Closed,0.0,5.79,5.0,29.0,3097.54,20.0,1,0.3317
C004050,Carrier A,Property,Mobile,2026-05-08,2026-05,,Open,0.0,8.67,,146.0,0.0,20.0,0,
C004051,Carrier B,Liability,Web,2026-05-20,2026-05,,Open,0.0,13.57,,134.0,0.0,14.0,0,
C004052,Carrier A,Property,Agent,2026-09-08,2026-09,2026-09-14,Closed,0.0,1.7,6.0,23.0,2243.7,20.0,0,
C004053,Carrier B,Liability,Web,2026-05-04,2026-05,2026-05-16,Closed,0.0,9.5,12.0,150.0,229.5,14.0,1,0.0001
C004054,Carrier A,Auto,Web,2026-09-17,2026-09,2026-09-22,Closed,0.0,16.29,5.0,14.0,2121.51,14.0,0,
C004055,Carrier B,Liability,Web,2026-05-31,2026-05,2026-06-21,Closed,0.0,8.9,21.0,123.0,5624.78,14.0,1,0.7448
C004056,Carrier C,Liability,Mobile,2026-04-17,2026-04,2026-04-24,Closed,0.0,11.19,7.0,167.0,3123.4,14.0,0,
C004057,Carrier C,Property,Web,2026-07-23,2026-07,2026-07-31,Closed,0.0,10.25,8.0,70.0,944.3,20.0,0,
C004058,Carrier B,Liability,Agent,2026-05-18,2026-05,2026-05-24,Closed,0.0,10.05,6.0,136.0,5793.18,14.0,0,
C004059,Carrier C,Property,Mobile,2026-08-04,2026-08,,Open,0.0,12.42,,58.0,0.0,20.0,0,
C004060,Carrier C,Property,Agent,2026-08-24,2026-08,2026-09-01,Closed,0.0,17.29,8.0,38.0,5243.88,20.0,0,
C004061,Carrier A,Property,Mobile,2026-07-22,2026-07,2026-08-03,Closed,0.0,2.4,12.0,71.0,1573.91,20.0,1,0.0051
C004062,Carrier A,Property,Web,2026-04-15,2026-04,2026-04-28,Closed,0.0,15.26,13.0,169.0,1729.26,20.0,0,
C004063,Carrier A,Liability,Mobile,2026-06-17,2026-06,2026-06-20,Closed,0.0,11.35,3.0,106.0,11741.12,14.0,0,
C004064,Carrier C,Liability,Web,2026-08-03,2026-08,2026-08-11,Closed,1.0,21.01,8.0,59.0,7472.94,14.0,0,
C004065,Carrier A,Auto,Agent,2026-04-05,2026-04,2026-04-14,Closed,0.0,12.47,9.0,179.0,3993.79,14.0,0,
C004066,Carrier B,Auto,Web,2026-09-04,2026-09,,Open,0.0,1.08,,27.0,0.0,14.0,0,
C004067,Carrier B,Liability,Mobile,2026-08-26,2026-08,2026-08-27,Closed,0.0,2.69,1.0,36.0,14452.23,14.0,0,
C004068,Carrier B,Property,Web,2026-09-27,2026-09,,Open,0.0,3.63,,4.0,0.0,20.0,0,
C004069,Carrier C,Property,Agent,2026-07-11,2026-07,2026-08-05,Closed,1.0,12.75,25.0,82.0,7883.74,20.0,0,
C004070,Carrier B,Auto,Web,2026-07-25,2026-07,2026-08-29,Closed,1.0,17.71,35.0,68.0,1391.77,14.0,1,0.0426
C004071,Carrier A,Auto,Web,2026-07-23,2026-07,,Open,0.0,6.63,,70.0,0.0,14.0,0,
C004072,Carrier C,Property,Agent,2026-08-28,2026-08,2026-09-07,Closed,0.0,10.46,10.0,34.0,2421.92,20.0,0,
C004073,Carrier C,Auto,Agent,2026-07-31,2026-07,2026-08-03,Closed,0.0,14.21,3.0,62.0,11769.13,14.0,1,0.8324
C004074,Carrier B,Property,Mobile,2026-04-18,2026-04,2026-05-28,Closed,0.0,9.05,40.0,166.0,18924.43,20.0,0,
C004075,Carrier A,Property,Agent,2026-04-26,2026-04,2026-06-01,Closed,0.0,9.09,36.0,158.0,11242.92,20.0,1,0.3099
C004076,Carrier A,Auto,Mobile,2026-09-26,2026-09,,Open,0.0,6.08,,5.0,0.0,14.0,0,
C004077,Carrier C,Property,Web,2026-09-13,2026-09,2026-09-26,Closed,0.0,5.41,13.0,18.0,3534.45,20.0,0,
C004078,Carrier C,Property,Web,2026-06-04,2026-06,2026-06-18,Closed,1.0,11.83,14.0,119.0,10412.62,20.0,0,
C004079,Carrier B,Liability,Mobile,2026-09-17,2026-09,2026-09-20,Closed,0.0,9.92,3.0,14.0,529.9,14.0,0,
C004080,Carrier C,Property,Web,2026-08-20,2026-08,2026-08-30,Closed,0.0,3.28,10.0,42.0,6340.26,20.0,0,
C004081,Carrier B,Liability,Agent,2026-08-29,2026-08,2026-09-14,Closed,0.0,4.38,16.0,33.0,1512.6,14.0,0,
C004082,Carrier A,Property,Mobile,2026-08-02,2026-08,2026-08-21,Closed,0.0,9.4,19.0,60.0,2443.81,20.0,0,
C004083,Carrier A,Property,Agent,2026-07-11,2026-07,2026-07-30,Closed,1.0,14.15,19.0,82.0,1897.74,20.0,0,
C004084,Carrier B,Property,Agent,2026-05-13,2026-05,2026-05-22,Closed,0.0,8.0,9.0,141.0,8447.03,20.0,0,
C004085,Carrier C,Property,Web,2026-04-22,2026-04,2026-04-29,Closed,0.0,14.72,7.0,162.0,1748.35,20.0,0,
C004086,Carrier A,Property,Agent,2026-06-10,2026-06,2026-06-18,Closed,0.0,10.39,8.0,113.0,7016.51,20.0,0,
C004087,Carrier A,Property,Web,2026-08-07,2026-08,2026-08-15,Closed,0.0,12.65,8.0,55.0,3359.09,20.0,0,
C004088,Carrier C,Property,Web,2026-07-16,2026-07,2026-08-01,Closed,0.0,15.94,16.0,77.0,2557.87,20.0,0,
C004089,Carrier C,Liability,Mobile,2026-04-12,2026-04,2026-04-13,Closed,0.0,16.64,1.0,172.0,1698.67,14.0,0,
C004090,Carrier A,Liability,Mobile,2026-07-22,2026-07,2026-08-03,Closed,0.0,10.66,12.0,71.0,1299.99,14.0,0,
C004091,Carrier A,Liability,Web,2026-07-14,2026-07,2026-07-18,Closed,0.0,1.18,4.0,79.0,4591.6,14.0,0,
C004092,Carrier C,Property,Mobile,2026-08-20,2026-08,2026-09-06,Closed,0.0,3.9,17.0,42.0,2122.64,20.0,0,
C004093,Carrier B,Auto,Web,2026-07-12,2026-07,2026-07-19,Closed,0.0,1.28,7.0,81.0,6237.48,14.0,1,0.4759
C004094,Carrier A,Auto,Web,2026-09-05,2026-09,2026-09-12,Closed,0.0,13.58,7.0,26.0,1487.29,14.0,1,0.3339
C004095,Carrier A,Liability,Mobile,2026-05-03,2026-05,2026-05-04,Closed,0.0,16.16,1.0,151.0,1261.41,14.0,0,
C004096,Carrier C,Property,Web,2026-07-31,2026-07,2026-08-07,Closed,0.0,17.21,7.0,62.0,5150.16,20.0,0,
C004097,Carrier A,Liability,Agent,2026-08-06,2026-08,2026-08-14,Closed,0.0,16.8,8.0,56.0,4785.48,14.0,0,
C004098,Carrier B,Property,Web,2026-09-17,2026-09,2026-10-01,Closed,0.0,9.85,14.0,14.0,9536.14,20.0,0,
C004099,Carrier B,Auto,Mobile,2026-06-14,2026-06,2026-06-28,Closed,1.0,17.21,14.0,109.0,3575.23,14.0,0,
C004100,Carrier B,Property,Agent,2026-04-28,2026-04,2026-05-18,Closed,1.0,26.64,20.0,156.0,6876.81,20.0,0,
C004101,Carrier C,Auto,Web,2026-07-22,2026-07,2026-08-01,Closed,0.0,6.69,10.0,71.0,3682.42,14.0,1,0.9859
C004102,Carrier C,Property,Web,2026-06-29,2026-06,,Open,1.0,11.24,,94.0,0.0,20.0,1,0.3057
C004103,Carrier A,Auto,Mobile,2026-08-12,2026-08,2026-08-30,Closed,0.0,5.54,18.0,50.0,3007.02,14.0,1,0.7578
C004104,Carrier A,Auto,Mobile,2026-06-11,2026-06,2026-06-29,Closed,1.0,26.37,18.0,112.0,11193.92,14.0,0,
C004105,Carrier C,Property,Mobile,2026-05-24,2026-05,2026-06-13,Closed,1.0,26.51,20.0,130.0,2054.88,20.0,0,
C004106,Carrier C,Property,Web,2026-07-10,2026-07,2026-07-31,Closed,0.0,3.94,21.0,83.0,1641.28,20.0,0,
C004107,Carrier C,Liability,Agent,2026-04-07,2026-04,2026-04-10,Closed,0.0,14.58,3.0,177.0,5563.49,14.0,0,
C004108,Carrier C,Liability,Agent,2026-04-04,2026-04,,Open,1.0,18.62,,180.0,0.0,14.0,0,
C004109,Carrier A,Liability,Web,2026-08-17,2026-08,2026-08-18,Closed,0.0,1.8,1.0,45.0,5314.5,14.0,1,0.2009
C004110,Carrier C,Auto,Agent,2026-05-12,2026-05,2026-05-14,Closed,0.0,2.5,2.0,142.0,1845.86,14.0,0,
C004111,Carrier B,Auto,Web,2026-08-31,2026-08,2026-09-06,Closed,0.0,2.84,6.0,31.0,2224.84,14.0,0,
C004112,Carrier B,Liability,Mobile,2026-04-17,2026-04,2026-04-19,Closed,0.0,5.71,2.0,167.0,2223.59,14.0,0,
C004113,Carrier A,Property,Web,2026-04-06,2026-04,,Open,0.0,9.03,,178.0,0.0,20.0,0,
C004114,Carrier B,Auto,Web,2026-06-30,2026-06,2026-07-04,Closed,0.0,10.59,4.0,93.0,1305.7,14.0,0,
C004115,Carrier A,Property,Mobile,2026-09-26,2026-09,,Open,0.0,9.05,,5.0,0.0,20.0,2,0.2155
C004116,Carrier A,Auto,Web,2026-07-22,2026-07,2026-07-27,Closed,0.0,1.52,5.0,71.0,6549.56,14.0,0,
C004117,Carrier A,Liability,Mobile,2026-06-03,2026-06,2026-06-17,Closed,0.0,9.92,14.0,120.0,2447.11,14.0,1,0.4909
C004118,Carrier A,Property,Mobile,2026-06-10,2026-06,2026-07-05,Closed,0.0,16.27,25.0,113.0,5244.94,20.0,1,0.281
C004119,Carrier C,Auto,Mobile,2026-06-02,2026-06,2026-06-09,Closed,0.0,1.26,7.0,121.0,9885.12,14.0,0,
C004120,Carrier A,Liability,Mobile,2026-07-24,2026-07,2026-08-07,Closed,0.0,3.42,14.0,69.0,3273.21,14.0,0,
C004121,Carrier C,Property,Web,2026-08-18,2026-08,2026-08-31,Closed,0.0,17.17,13.0,44.0,3537.56,20.0,0,
C004122,Carrier A,Auto,Agent,2026-07-11,2026-07,2026-07-28,Closed,1.0,27.24,17.0,82.0,9683.23,14.0,0,
C004123,Carrier C,Liability,Web,2026-07-26,2026-07,2026-08-03,Closed,0.0,2.28,8.0,67.0,5329.64,14.0,0,
C004124,Carrier A,Liability,Web,2026-04-22,2026-04,2026-04-23,Closed,0.0,8.14,1.0,162.0,1148.7,14.0,1,0.3434
C004125,Carrier C,Auto,Web,2026-07-31,2026-07,2026-08-08,Closed,0.0,5.47,8.0,62.0,799.64,14.0,0,
C004126,Carrier A,Auto,Mobile,2026-09-16,2026-09,,Open,0.0,5.89,,15.0,0.0,14.0,0,
C004127,Carrier A,Liability,Agent,2026-05-06,2026-05,2026-05-07,Closed,0.0,2.2,1.0,148.0,1772.38,14.0,0,
C004128,Carrier B,Auto,Agent,2026-05-05,2026-05,2026-05-21,Closed,0.0,6.56,16.0,149.0,2990.54,14.0,0,
C004129,Carrier C,Auto,Web,2026-07-31,2026-07,2026-08-13,Closed,0.0,7.27,13.0,62.0,4386.66,14.0,2,0.7968
C004130,Carrier A,Auto,Web,2026-09-03,2026-09,2026-09-07,Closed,0.0,1.09,4.0,28.0,3396.87,14.0,0,
C004131,Carrier A,Property,Agent,2026-06-06,2026-06,2026-07-14,Closed,0.0,10.38,38.0,117.0,11366.34,20.0,1,0.9271
C004132,Carrier A,Liability,Mobile,2026-07-30,2026-07,,Open,1.0,15.94,,63.0,0.0,14.0,0,
C004133,Carrier B,Property,Web,2026-09-24,2026-09,,Open,0.0,11.58,,7.0,0.0,20.0,0,
C004134,Carrier A,Liability,Mobile,2026-07-31,2026-07,2026-08-05,Closed,0.0,17.75,5.0,62.0,18190.26,14.0,1,0.5095
C004135,Carrier A,Property,Mobile,2026-06-18,2026-06,2026-07-09,Closed,1.0,23.32,21.0,105.0,1171.3,20.0,0,
C004136,Carrier C,Liability,Mobile,2026-08-21,2026-08,2026-09-08,Closed,1.0,23.51,18.0,41.0,1040.92,14.0,1,0.8695
C004137,Carrier B,Liability,Mobile,2026-08-24,2026-08,2026-08-29,Closed,0.0,1.04,5.0,38.0,3086.01,14.0,0,
C004138,Carrier B,Property,Web,2026-07-29,2026-07,2026-08-08,Closed,0.0,9.78,10.0,64.0,1680.18,20.0,1,0.0892
C004139,Carrier A,Liability,Mobile,2026-08-25,2026-08,2026-08-31,Closed,0.0,12.87,6.0,37.0,7342.82,14.0,0,
C004140,Carrier B,Liability,Web,2026-09-26,2026-09,,Open,0.0,11.34,,5.0,0.0,14.0,0,
C004141,Carrier B,Property,Agent,2026-04-19,2026-04,2026-05-01,Closed,0.0,2.16,12.0,165.0,3141.16,20.0,0,
C004142,Carrier C,Property,Agent,2026-04-08,2026-04,2026-04-19,Closed,0.0,10.14,11.0,176.0,5197.33,20.0,1,0.8599
C004143,Carrier C,Auto,Agent,2026-07-13,2026-07,2026-07-28,Closed,1.0,27.71,15.0,80.0,9641.81,14.0,0,
C004144,Carrier A,Property,Agent,2026-09-04,2026-09,,Open,0.0,8.54,,27.0,0.0,20.0,0,
C004145,Carrier A,Liability,Mobile,2026-08-23,2026-08,2026-09-13,Closed,1.0,21.14,21.0,39.0,1375.23,14.0,1,0.7929
C004146,Carrier C,Property,Agent,2026-08-05,2026-08,2026-08-27,Closed,1.0,22.74,22.0,57.0,2717.12,20.0,2,0.5313
C004147,Carrier B,Auto,Agent,2026-08-09,2026-08,2026-08-29,Closed,1.0,24.05,20.0,53.0,811.2,14.0,0,
C004148,Carrier A,Auto,Web,2026-08-07,2026-08,2026-08-21,Closed,1.0,16.1,14.0,55.0,3173.56,14.0,0,
C004149,Carrier B,Liability,Mobile,2026-07-11,2026-07,2026-07-14,Closed,0.0,1.1,3.0,82.0,3985.98,14.0,0,
C004150,Carrier A,Property,Mobile,2026-05-22,2026-05,2026-06-06,Closed,0.0,17.28,15.0,132.0,2150.99,20.0,0,
C004151,Carrier B,Auto,Mobile,2026-08-11,2026-08,2026-08-22,Closed,0.0,10.85,11.0,51.0,4220.28,14.0,0,
C004152,Carrier B,Auto,Web,2026-07-27,2026-07,2026-07-31,Closed,0.0,9.91,4.0,66.0,2251.29,14.0,2,0.1448
C004153,Carrier A,Auto,Agent,2026-06-21,2026-06,2026-06-27,Closed,0.0,3.99,6.0,102.0,1494.97,14.0,0,
C004154,Carrier C,Auto,Web,2026-04-04,2026-04,2026-04-08,Closed,0.0,2.57,4.0,180.0,3458.87,14.0,2,0.8469
C004155,Carrier A,Liability,Web,2026-06-10,2026-06,,Open,0.0,12.95,,113.0,0.0,14.0,0,
C004156,Carrier C,Property,Web,2026-08-29,2026-08,2026-09-26,Closed,1.0,12.61,28.0,33.0,1782.95,20.0,1,0.094
C004157,Carrier B,Property,Web,2026-04-24,2026-04,2026-05-12,Closed,1.0,19.66,18.0,160.0,3328.88,20.0,1,0.5987
C004158,Carrier C,Liability,Agent,2026-04-02,2026-04,2026-04-13,Closed,0.0,13.96,11.0,182.0,1155.15,14.0,0,
C004159,Carrier B,Liability,Mobile,2026-04-27,2026-04,2026-05-09,Closed,0.0,11.78,12.0,157.0,6433.59,14.0,0,
C004160,Carrier C,Property,Mobile,2026-06-27,2026-06,2026-07-14,Closed,0.0,8.47,17.0,96.0,3814.36,20.0,1,0.545
C004161,Carrier C,Property,Web,2026-07-19,2026-07,2026-07-27,Closed,0.0,9.62,8.0,74.0,2382.64,20.0,0,
C004162,Carrier C,Liability,Mobile,2026-09-26,2026-09,,Open,0.0,9.03,,5.0,0.0,14.0,0,
C004163,Carrier C,Liability,Mobile,2026-08-14,2026-08,2026-08-18,Closed,0.0,1.57,4.0,48.0,1174.01,14.0,2,0.9473
C004164,Carrier B,Liability,Web,2026-09-18,2026-09,2026-10-01,Closed,0.0,11.39,13.0,13.0,2961.21,14.0,0,
C004165,Carrier B,Property,Web,2026-05-14,2026-05,2026-05-31,Closed,0.0,16.95,17.0,140.0,1638.56,20.0,2,0.9775
C004166,Carrier B,Property,Mobile,2026-08-05,2026-08,2026-08-13,Closed,0.0,12.46,8.0,57.0,1561.78,20.0,2,0.2965
C004167,Carrier B,Liability,Mobile,2026-08-15,2026-08,2026-08-24,Closed,0.0,3.7,9.0,47.0,4303.71,14.0,0,
C004168,Carrier B,Property,Agent,2026-07-14,2026-07,2026-07-24,Closed,0.0,2.93,10.0,79.0,3949.41,20.0,0,
C004169,Carrier C,Property,Mobile,2026-08-20,2026-08,2026-08-30,Closed,0.0,1.78,10.0,42.0,2685.95,20.0,0,
C004170,Carrier A,Auto,Mobile,2026-07-19,2026-07,,Open,1.0,19.83,,74.0,0.0,14.0,0,
C004171,Carrier B,Liability,Mobile,2026-07-21,2026-07,2026-07-25,Closed,0.0,8.42,4.0,72.0,4327.1,14.0,0,
C004172,Carrier B,Liability,Web,2026-05-31,2026-05,2026-06-13,Closed,0.0,4.59,13.0,123.0,8723.09,14.0,0,
C004173,Carrier C,Auto,Web,2026-05-10,2026-05,2026-05-24,Closed,0.0,14.7,14.0,144.0,2524.0,14.0,1,0.6396
C004174,Carrier B,Property,Mobile,2026-07-09,2026-07,2026-07-28,Closed,1.0,17.89,19.0,84.0,4379.75,20.0,0,
C004175,Carrier B,Liability,Mobile,2026-09-28,2026-09,,Open,1.0,21.64,,3.0,0.0,14.0,1,0.2088
C004176,Carrier C,Auto,Mobile,2026-08-11,2026-08,2026-08-22,Closed,1.0,27.97,11.0,51.0,2379.67,14.0,1,0.2826
C004177,Carrier B,Auto,Agent,2026-09-14,2026-09,2026-09-16,Closed,0.0,12.29,2.0,17.0,1433.74,14.0,0,
C004178,Carrier A,Auto,Agent,2026-07-12,2026-07,2026-07-22,Closed,1.0,17.48,10.0,81.0,5345.71,14.0,1,0.4268
C004179,Carrier B,Auto,Agent,2026-08-05,2026-08,2026-08-12,Closed,0.0,2.89,7.0,57.0,6300.77,14.0,0,
C004180,Carrier B,Auto,Agent,2026-09-06,2026-09,2026-09-08,Closed,0.0,3.13,2.0,25.0,21091.72,14.0,0,
C004181,Carrier C,Liability,Web,2026-07-14,2026-07,2026-07-17,Closed,0.0,17.61,3.0,79.0,2847.05,14.0,0,
C004182,Carrier A,Property,Web,2026-08-09,2026-08,2026-08-30,Closed,1.0,24.47,21.0,53.0,4402.65,20.0,0,
C004183,Carrier B,Auto,Web,2026-05-30,2026-05,2026-06-07,Closed,0.0,6.62,8.0,124.0,1324.03,14.0,1,0.3147
C004184,Carrier B,Auto,Mobile,2026-04-27,2026-04,2026-04-28,Closed,0.0,13.15,1.0,157.0,3315.78,14.0,0,
C004185,Carrier B,Property,Agent,2026-05-25,2026-05,2026-06-08,Closed,0.0,16.06,14.0,129.0,5509.93,20.0,0,
C004186,Carrier A,Property,Agent,2026-09-22,2026-09,,Open,1.0,22.22,,9.0,0.0,20.0,0,
C004187,Carrier C,Auto,Web,2026-09-10,2026-09,2026-09-17,Closed,0.0,2.27,7.0,21.0,4511.14,14.0,1,0.0266
C004188,Carrier C,Property,Agent,2026-04-29,2026-04,2026-05-07,Closed,0.0,3.14,8.0,155.0,2386.33,20.0,0,
C004189,Carrier C,Property,Agent,2026-05-13,2026-05,2026-05-27,Closed,0.0,2.49,14.0,141.0,6021.38,20.0,0,
C004190,Carrier A,Liability,Agent,2026-08-29,2026-08,2026-09-04,Closed,0.0,7.46,6.0,33.0,4419.59,14.0,0,
C004191,Carrier A,Property,Web,2026-09-02,2026-09,2026-09-12,Closed,0.0,8.36,10.0,29.0,3108.65,20.0,0,
C004192,Carrier A,Property,Mobile,2026-04-30,2026-04,2026-05-20,Closed,0.0,17.47,20.0,154.0,3110.25,20.0,0,
C004193,Carrier C,Property,Web,2026-08-20,2026-08,2026-09-08,Closed,0.0,15.95,19.0,42.0,4730.06,20.0,0,
C004194,Carrier A,Auto,Web,2026-04-07,2026-04,2026-04-20,Closed,0.0,17.27,13.0,177.0,2760.01,14.0,1,0.5861
C004195,Carrier B,Auto,Mobile,2026-09-10,2026-09,2026-09-14,Closed,0.0,3.73,4.0,21.0,7987.84,14.0,0,
C004196,Carrier B,Auto,Agent,2026-07-28,2026-07,2026-08-10,Closed,1.0,17.55,13.0,65.0,2761.96,14.0,0,
C004197,Carrier C,Liability,Agent,2026-09-30,2026-09,,Open,0.0,8.04,,1.0,0.0,14.0,0,
C004198,Carrier C,Liability,Mobile,2026-06-07,2026-06,2026-07-01,Closed,1.0,23.09,24.0,116.0,2989.87,14.0,1,0.3121
C004199,Carrier B,Auto,Mobile,2026-07-29,2026-07,2026-08-06,Closed,0.0,5.62,8.0,64.0,1201.11,14.0,1,0.987
C004200,Carrier C,Property,Web,2026-08-30,2026-08,2026-09-08,Closed,0.0,11.14,9.0,32.0,911.55,20.0,0,
C004201,Carrier A,Auto,Mobile,2026-05-15,2026-05,2026-06-11,Closed,0.0,6.34,27.0,139.0,4646.2,14.0,0,
C004202,Carrier C,Auto,Agent,2026-09-10,2026-09,2026-09-24,Closed,0.0,11.06,14.0,21.0,3661.24,14.0,1,0.9288
C004203,Carrier A,Auto,Web,2026-05-31,2026-05,2026-06-16,Closed,1.0,27.13,16.0,123.0,3076.35,14.0,1,0.1295
C004204,Carrier C,Property,Mobile,2026-09-08,2026-09,,Open,1.0,20.72,,23.0,0.0,20.0,0,
C004205,Carrier C,Auto,Mobile,2026-07-07,2026-07,2026-07-30,Closed,1.0,15.79,23.0,86.0,6000.01,14.0,0,
C004206,Carrier A,Property,Web,2026-08-21,2026-08,2026-08-30,Closed,0.0,6.12,9.0,41.0,1621.53,20.0,1,0.2189
C004207,Carrier C,Property,Mobile,2026-08-20,2026-08,2026-09-11,Closed,1.0,14.14,22.0,42.0,6352.43,20.0,0,
C004208,Carrier B,Property,Web,2026-07-09,2026-07,2026-07-24,Closed,0.0,9.85,15.0,84.0,3481.36,20.0,0,
C004209,Carrier A,Liability,Web,2026-09-12,2026-09,2026-09-17,Closed,0.0,11.61,5.0,19.0,8665.09,14.0,0,
C004210,Carrier C,Property,Agent,2026-05-07,2026-05,2026-05-22,Closed,0.0,6.95,15.0,147.0,4638.93,20.0,0,
C004211,Carrier B,Property,Web,2026-08-17,2026-08,2026-08-28,Closed,0.0,9.09,11.0,45.0,4081.79,20.0,0,
C004212,Carrier A,Property,Web,2026-08-29,2026-08,,Open,0.0,12.35,,33.0,0.0,20.0,0,
C004213,Carrier B,Property,Mobile,2026-05-29,2026-05,2026-06-12,Closed,0.0,1.98,14.0,125.0,1557.0,20.0,0,
C004214,Carrier B,Property,Mobile,2026-07-05,2026-07,2026-07-30,Closed,1.0,26.05,25.0,88.0,1803.62,20.0,0,
C004215,Carrier B,Property,Agent,2026-04-01,2026-04,2026-04-11,Closed,0.0,4.82,10.0,183.0,3096.92,20.0,0,
C004216,Carrier C,Auto,Agent,2026-06-28,2026-06,2026-06-30,Closed,0.0,6.23,2.0,95.0,1208.39,14.0,0,
C004217,Carrier C,Property,Mobile,2026-06-24,2026-06,2026-07-21,Closed,0.0,9.15,27.0,99.0,5785.24,20.0,0,
C004218,Carrier A,Liability,Agent,2026-06-16,2026-06,2026-07-04,Closed,1.0,12.21,18.0,107.0,2644.05,14.0,0,
C004219,Carrier B,Auto,Mobile,2026-05-20,2026-05,2026-05-23,Closed,0.0,8.09,3.0,134.0,2131.49,14.0,1,0.0692
C004220,Carrier B,Property,Agent,2026-09-05,2026-09,2026-09-26,Closed,0.0,12.89,21.0,26.0,923.54,20.0,0,
C004221,Carrier B,Liability,Mobile,2026-08-19,2026-08,2026-09-01,Closed,0.0,13.27,13.0,43.0,3793.88,14.0,2,0.4168
C004222,Carrier B,Property,Web,2026-09-16,2026-09,2026-09-30,Closed,0.0,14.04,14.0,15.0,10117.75,20.0,1,0.5485
C004223,Carrier B,Liability,Mobile,2026-05-31,2026-05,2026-06-05,Closed,0.0,5.87,5.0,123.0,2702.91,14.0,0,
C004224,Carrier A,Property,Agent,2026-09-30,2026-09,,Open,0.0,12.67,,1.0,0.0,20.0,0,
C004225,Carrier B,Auto,Agent,2026-06-11,2026-06,2026-06-26,Closed,0.0,10.0,15.0,112.0,8240.08,14.0,1,0.2027
C004226,Carrier A,Liability,Agent,2026-04-02,2026-04,2026-04-22,Closed,0.0,4.64,20.0,182.0,1939.82,14.0,0,
C004227,Carrier B,Property,Web,2026-05-25,2026-05,2026-06-06,Closed,0.0,8.47,12.0,129.0,3078.12,20.0,0,
C004228,Carrier C,Liability,Mobile,2026-09-07,2026-09,2026-09-23,Closed,1.0,17.61,16.0,24.0,2814.18,14.0,0,
C004229,Carrier B,Liability,Web,2026-09-26,2026-09,2026-09-29,Closed,0.0,17.79,3.0,5.0,3041.37,14.0,1,0.7545
C004230,Carrier B,Liability,Agent,2026-09-20,2026-09,2026-09-28,Closed,0.0,8.19,8.0,11.0,3395.72,14.0,1,0.9128
C004231,Carrier C,Property,Mobile,2026-07-05,2026-07,2026-07-14,Closed,0.0,3.47,9.0,88.0,2861.36,20.0,0,
C004232,Carrier A,Liability,Mobile,2026-08-21,2026-08,,Open,0.0,16.77,,41.0,0.0,14.0,0,
C004233,Carrier C,Property,Mobile,2026-08-10,2026-08,2026-08-29,Closed,1.0,26.43,19.0,52.0,4936.66,20.0,0,
C004234,Carrier C,Auto,Web,2026-07-01,2026-07,2026-07-04,Closed,0.0,4.68,3.0,92.0,5777.05,14.0,0,
C004235,Carrier A,Liability,Mobile,2026-06-28,2026-06,2026-07-14,Closed,1.0,23.47,16.0,95.0,7922.29,14.0,0,
C004236,Carrier B,Auto,Web,2026-06-07,2026-06,2026-06-12,Closed,0.0,15.04,5.0,116.0,2035.5,14.0,0,
C004237,Carrier A,Auto,Mobile,2026-06-25,2026-06,2026-07-12,Closed,0.0,1.79,17.0,98.0,3435.01,14.0,0,
C004238,Carrier A,Liability,Web,2026-04-06,2026-04,2026-04-20,Closed,1.0,18.71,14.0,178.0,1319.35,14.0,0,
C004239,Carrier C,Property,Agent,2026-09-19,2026-09,,Open,0.0,2.09,,12.0,0.0,20.0,0,
C004240,Carrier B,Liability,Web,2026-07-18,2026-07,2026-08-02,Closed,0.0,11.66,15.0,75.0,1725.05,14.0,0,
C004241,Carrier A,Liability,Mobile,2026-08-13,2026-08,2026-08-23,Closed,0.0,10.05,10.0,49.0,6754.74,14.0,0,
C004242,Carrier C,Property,Agent,2026-05-17,2026-05,2026-05-27,Closed,0.0,16.11,10.0,137.0,1688.66,20.0,0,
C004243,Carrier B,Liability,Mobile,2026-05-10,2026-05,2026-05-28,Closed,1.0,19.58,18.0,144.0,3657.29,14.0,0,
C004244,Carrier B,Auto,Mobile,2026-08-26,2026-08,2026-09-13,Closed,1.0,18.77,18.0,36.0,4933.01,14.0,0,
C004245,Carrier A,Auto,Web,2026-07-21,2026-07,2026-07-30,Closed,0.0,16.06,9.0,72.0,2265.72,14.0,0,
C004246,Carrier B,Auto,Mobile,2026-05-28,2026-05,2026-06-13,Closed,1.0,13.32,16.0,126.0,1735.99,14.0,0,
C004247,Carrier C,Auto,Agent,2026-07-27,2026-07,2026-08-07,Closed,0.0,9.7,11.0,66.0,3055.14,14.0,0,
C004248,Carrier B,Auto,Agent,2026-06-03,2026-06,,Open,0.0,1.11,,120.0,0.0,14.0,1,0.0012
C004249,Carrier C,Liability,Mobile,2026-09-01,2026-09,2026-09-11,Closed,0.0,2.52,10.0,30.0,2415.32,14.0,0,
C004250,Carrier C,Property,Agent,2026-09-20,2026-09,,Open,0.0,15.24,,11.0,0.0,20.0,0,
C004251,Carrier A,Property,Mobile,2026-07-25,2026-07,2026-08-06,Closed,0.0,2.8,12.0,68.0,7806.28,20.0,0,
C004252,Carrier B,Auto,Agent,2026-07-22,2026-07,2026-08-03,Closed,0.0,5.74,12.0,71.0,5364.07,14.0,0,
C004253,Carrier B,Property,Mobile,2026-09-21,2026-09,,Open,0.0,10.61,,10.0,0.0,20.0,0,
C004254,Carrier A,Auto,Mobile,2026-04-19,2026-04,2026-05-03,Closed,0.0,17.6,14.0,165.0,4983.31,14.0,1,0.8688
C004255,Carrier B,Liability,Web,2026-08-27,2026-08,2026-09-04,Closed,0.0,5.6,8.0,35.0,1984.07,14.0,1,0.1535
C004256,Carrier C,Property,Web,2026-06-26,2026-06,2026-07-06,Closed,0.0,11.87,10.0,97.0,1951.22,20.0,0,
C004257,Carrier C,Liability,Web,2026-08-25,2026-08,2026-09-06,Closed,1.0,18.78,12.0,37.0,2613.83,14.0,0,
C004258,Carrier A,Auto,Mobile,2026-07-23,2026-07,2026-07-30,Closed,0.0,4.26,7.0,70.0,3243.49,14.0,0,
C004259,Carrier A,Property,Agent,2026-09-13,2026-09,2026-09-21,Closed,0.0,16.34,8.0,18.0,7362.46,20.0,0,
C004260,Carrier B,Auto,Agent,2026-09-14,2026-09,2026-09-24,Closed,0.0,11.32,10.0,17.0,5544.75,14.0,0,
C004261,Carrier B,Auto,Agent,2026-08-08,2026-08,2026-08-19,Closed,0.0,15.17,11.0,54.0,1650.85,14.0,2,0.7529
C004262,Carrier A,Liability,Agent,2026-08-23,2026-08,2026-09-05,Closed,0.0,6.15,13.0,39.0,2025.68,14.0,0,
C004263,Carrier C,Auto,Agent,2026-09-30,2026-09,,Open,0.0,14.19,,1.0,0.0,14.0,2,0.9324
C004264,Carrier B,Auto,Web,2026-05-24,2026-05,2026-06-02,Closed,0.0,8.67,9.0,130.0,3804.56,14.0,0,
C004265,Carrier C,Property,Mobile,2026-09-22,2026-09,,Open,0.0,2.64,,9.0,0.0,20.0,0,
C004266,Carrier A,Property,Mobile,2026-07-26,2026-07,,Open,1.0,20.01,,67.0,0.0,20.0,0,
C004267,Carrier B,Liability,Web,2026-07-13,2026-07,2026-07-22,Closed,0.0,17.32,9.0,80.0,1838.68,14.0,0,
C004268,Carrier A,Liability,Agent,2026-08-19,2026-08,2026-08-25,Closed,0.0,17.79,6.0,43.0,762.36,14.0,0,
C004269,Carrier A,Auto,Web,2026-07-14,2026-07,2026-07-26,Closed,1.0,13.26,12.0,79.0,1142.41,14.0,0,
C004270,Carrier B,Property,Mobile,2026-07-18,2026-07,2026-07-25,Closed,0.0,8.84,7.0,75.0,1619.84,20.0,0,
C004271,Carrier A,Auto,Mobile,2026-05-27,2026-05,,Open,1.0,27.31,,127.0,0.0,14.0,0,
C004272,Carrier A,Property,Web,2026-07-04,2026-07,2026-07-17,Closed,0.0,1.85,13.0,89.0,3160.61,20.0,0,
C004273,Carrier A,Auto,Web,2026-06-17,2026-06,2026-06-28,Closed,0.0,17.91,11.0,106.0,2619.93,14.0,0,
C004274,Carrier A,Auto,Web,2026-05-23,2026-05,2026-05-30,Closed,0.0,5.91,7.0,131.0,4854.42,14.0,0,
C004275,Carrier C,Auto,Agent,2026-04-18,2026-04,,Open,0.0,11.77,,166.0,0.0,14.0,0,
C004276,Carrier C,Auto,Agent,2026-06-30,2026-06,2026-07-27,Closed,1.0,18.03,27.0,93.0,3169.58,14.0,1,0.1387
C004277,Carrier B,Auto,Agent,2026-04-14,2026-04,2026-04-19,Closed,0.0,2.83,5.0,170.0,7039.62,14.0,1,0.3053
C004278,Carrier B,Liability,Web,2026-05-10,2026-05,2026-05-28,Closed,1.0,20.23,18.0,144.0,11194.74,14.0,1,0.4706
C004279,Carrier C,Liability,Web,2026-08-25,2026-08,2026-09-06,Closed,0.0,13.32,12.0,37.0,1095.42,14.0,1,0.4656
C004280,Carrier B,Auto,Agent,2026-07-09,2026-07,2026-07-12,Closed,0.0,4.43,3.0,84.0,9327.61,14.0,0,
C004281,Carrier B,Liability,Web,2026-09-19,2026-09,2026-09-26,Closed,0.0,11.74,7.0,12.0,2392.9,14.0,0,
C004282,Carrier B,Auto,Agent,2026-06-18,2026-06,2026-06-25,Closed,0.0,1.84,7.0,105.0,5808.1,14.0,1,0.0144
C004283,Carrier A,Auto,Mobile,2026-04-05,2026-04,2026-04-10,Closed,0.0,9.95,5.0,179.0,7268.0,14.0,1,0.203
C004284,Carrier C,Liability,Agent,2026-04-16,2026-04,2026-04-19,Closed,0.0,12.01,3.0,168.0,4926.7,14.0,1,0.8376
C004285,Carrier B,Property,Agent,2026-05-01,2026-05,2026-05-14,Closed,0.0,5.16,13.0,153.0,1858.06,20.0,0,
C004286,Carrier B,Property,Agent,2026-04-20,2026-04,2026-05-06,Closed,1.0,22.35,16.0,164.0,2093.78,20.0,0,
C004287,Carrier C,Property,Mobile,2026-08-15,2026-08,2026-08-23,Closed,0.0,7.61,8.0,47.0,7463.81,20.0,1,0.774
C004288,Carrier B,Property,Web,2026-09-22,2026-09,2026-10-01,Closed,0.0,7.26,9.0,9.0,2524.23,20.0,0,
C004289,Carrier B,Liability,Web,2026-08-30,2026-08,2026-09-09,Closed,0.0,2.6,10.0,32.0,5152.66,14.0,0,
C004290,Carrier A,Auto,Web,2026-09-15,2026-09,2026-09-16,Closed,0.0,1.46,1.0,16.0,1246.42,14.0,0,
C004291,Carrier C,Liability,Web,2026-09-02,2026-09,2026-09-07,Closed,0.0,13.24,5.0,29.0,2904.23,14.0,0,
C004292,Carrier B,Property,Agent,2026-06-21,2026-06,2026-07-06,Closed,0.0,15.88,15.0,102.0,16050.16,20.0,0,
C004293,Carrier A,Property,Web,2026-08-12,2026-08,2026-08-22,Closed,0.0,1.75,10.0,50.0,777.34,20.0,0,
C004294,Carrier B,Liability,Mobile,2026-08-16,2026-08,2026-08-26,Closed,0.0,13.36,10.0,46.0,1081.04,14.0,0,
C004295,Carrier C,Liability,Agent,2026-04-19,2026-04,2026-04-21,Closed,0.0,2.76,2.0,165.0,8501.34,14.0,0,
C004296,Carrier A,Liability,Web,2026-06-23,2026-06,2026-06-30,Closed,0.0,15.88,7.0,100.0,7616.05,14.0,0,
C004297,Carrier C,Liability,Web,2026-06-11,2026-06,2026-06-16,Closed,0.0,9.2,5.0,112.0,1138.16,14.0,2,0.5891
C004298,Carrier C,Auto,Agent,2026-07-10,2026-07,,Open,0.0,4.66,,83.0,0.0,14.0,0,
C004299,Carrier B,Auto,Mobile,2026-07-27,2026-07,2026-08-01,Closed,0.0,12.38,5.0,66.0,1200.92,14.0,0,
C004300,Carrier A,Liability,Web,2026-06-14,2026-06,2026-06-16,Closed,0.0,16.71,2.0,109.0,5808.75,14.0,0,
C004301,Carrier C,Liability,Web,2026-07-30,2026-07,,Open,0.0,13.24,,63.0,0.0,14.0,0,
C004302,Carrier A,Liability,Mobile,2026-08-27,2026-08,2026-09-15,Closed,0.0,16.25,19.0,35.0,8309.05,14.0,0,
C004303,Carrier B,Liability,Web,2026-07-03,2026-07,2026-07-04,Closed,0.0,3.1,1.0,90.0,2334.07,14.0,0,
C004304,Carrier B,Property,Web,2026-05-30,2026-05,2026-06-26,Closed,1.0,24.97,27.0,124.0,2088.28,20.0,1,0.8153
C004305,Carrier C,Auto,Agent,2026-08-25,2026-08,2026-08-28,Closed,0.0,17.04,3.0,37.0,3906.72,14.0,1,0.4401
C004306,Carrier A,Auto,Agent,2026-07-26,2026-07,2026-07-28,Closed,0.0,2.82,2.0,67.0,1857.63,14.0,0,
C004307,Carrier C,Auto,Web,2026-09-22,2026-09,,Open,0.0,5.86,,9.0,0.0,14.0,0,
C004308,Carrier B,Property,Agent,2026-09-10,2026-09,2026-09-17,Closed,0.0,1.88,7.0,21.0,5037.26,20.0,0,
C004309,Carrier C,Property,Mobile,2026-06-24,2026-06,2026-07-03,Closed,0.0,5.95,9.0,99.0,627.33,20.0,0,
C004310,Carrier C,Auto,Agent,2026-04-04,2026-04,2026-04-26,Closed,0.0,15.13,22.0,180.0,1300.57,14.0,0,
C004311,Carrier B,Liability,Web,2026-07-25,2026-07,2026-08-06,Closed,0.0,9.6,12.0,68.0,8272.39,14.0,0,
C004312,Carrier A,Liability,Web,2026-06-11,2026-06,2026-06-17,Closed,0.0,12.43,6.0,112.0,5988.69,14.0,1,0.392
C004313,Carrier C,Property,Mobile,2026-08-19,2026-08,2026-09-05,Closed,1.0,24.71,17.0,43.0,2883.93,20.0,0,
C004314,Carrier C,Liability,Web,2026-04-02,2026-04,,Open,0.0,15.06,,182.0,0.0,14.0,0,
C004315,Carrier B,Auto,Web,2026-09-05,2026-09,2026-09-15,Closed,0.0,13.58,10.0,26.0,1211.5,14.0,0,
C004316,Carrier B,Auto,Web,2026-08-02,2026-08,2026-08-17,Closed,1.0,20.91,15.0,60.0,2768.57,14.0,0,
C004317,Carrier C,Auto,Mobile,2026-07-09,2026-07,2026-07-19,Closed,1.0,25.39,10.0,84.0,4370.87,14.0,0,
C004318,Carrier C,Property,Agent,2026-07-21,2026-07,2026-08-18,Closed,1.0,23.91,28.0,72.0,14100.38,20.0,0,
C004319,Carrier C,Auto,Agent,2026-05-16,2026-05,2026-06-01,Closed,0.0,11.95,16.0,138.0,2153.59,14.0,0,
C004320,Carrier A,Auto,Web,2026-09-04,2026-09,2026-09-11,Closed,0.0,6.06,7.0,27.0,11430.89,14.0,0,
C004321,Carrier A,Auto,Web,2026-06-25,2026-06,2026-07-02,Closed,0.0,14.6,7.0,98.0,2137.23,14.0,0,
C004322,Carrier A,Auto,Web,2026-08-25,2026-08,2026-09-01,Closed,0.0,14.09,7.0,37.0,6242.55,14.0,0,
C004323,Carrier C,Property,Mobile,2026-09-22,2026-09,,Open,0.0,8.38,,9.0,0.0,20.0,0,
C004324,Carrier C,Property,Agent,2026-08-10,2026-08,2026-08-21,Closed,0.0,14.94,11.0,52.0,981.34,20.0,0,
C004325,Carrier B,Liability,Mobile,2026-09-20,2026-09,2026-10-01,Closed,0.0,16.03,11.0,11.0,1523.16,14.0,0,
C004326,Carrier A,Liability,Web,2026-06-27,2026-06,2026-07-01,Closed,0.0,7.56,4.0,96.0,4959.61,14.0,1,0.1079
C004327,Carrier B,Liability,Mobile,2026-05-04,2026-05,2026-05-17,Closed,0.0,10.5,13.0,150.0,2918.13,14.0,0,
C004328,Carrier B,Liability,Agent,2026-07-18,2026-07,2026-07-28,Closed,0.0,2.98,10.0,75.0,5630.04,14.0,1,0.3736
C004329,Carrier A,Auto,Agent,2026-07-24,2026-07,2026-08-10,Closed,0.0,15.83,17.0,69.0,1455.77,14.0,1,0.9644
C004330,Carrier B,Auto,Agent,2026-05-06,2026-05,2026-05-18,Closed,0.0,13.19,12.0,148.0,2209.14,14.0,0,
C004331,Carrier A,Property,Mobile,2026-04-10,2026-04,2026-04-20,Closed,0.0,13.38,10.0,174.0,3194.89,20.0,0,
C004332,Carrier A,Auto,Web,2026-08-18,2026-08,2026-08-28,Closed,0.0,12.85,10.0,44.0,4975.48,14.0,0,
C004333,Carrier A,Liability,Web,2026-07-07,2026-07,2026-07-12,Closed,0.0,4.41,5.0,86.0,2120.94,14.0,0,
C004334,Carrier A,Property,Agent,2026-07-07,2026-07,2026-07-18,Closed,0.0,6.05,11.0,86.0,5710.81,20.0,0,
C004335,Carrier A,Liability,Agent,2026-09-27,2026-09,2026-10-01,Closed,0.0,9.83,4.0,4.0,2512.41,14.0,0,
C004336,Carrier A,Property,Web,2026-05-12,2026-05,2026-05-31,Closed,0.0,16.27,19.0,142.0,1631.6,20.0,0,
C004337,Carrier A,Liability,Agent,2026-04-17,2026-04,2026-04-24,Closed,0.0,17.02,7.0,167.0,3919.47,14.0,0,
C004338,Carrier A,Property,Agent,2026-06-29,2026-06,2026-07-14,Closed,0.0,7.19,15.0,94.0,8909.88,20.0,0,
C004339,Carrier A,Liability,Agent,2026-08-29,2026-08,2026-09-05,Closed,0.0,6.26,7.0,33.0,956.92,14.0,0,
C004340,Carrier C,Auto,Web,2026-04-30,2026-04,2026-05-13,Closed,1.0,14.8,13.0,154.0,466.25,14.0,0,
C004341,Carrier C,Liability,Web,2026-05-12,2026-05,2026-05-22,Closed,0.0,4.26,10.0,142.0,1140.0,14.0,0,
C004342,Carrier B,Auto,Mobile,2026-07-18,2026-07,2026-08-21,Closed,0.0,7.82,34.0,75.0,4214.83,14.0,0,
C004343,Carrier C,Auto,Agent,2026-04-08,2026-04,2026-04-17,Closed,0.0,13.35,9.0,176.0,1391.69,14.0,0,
C004344,Carrier B,Property,Web,2026-05-20,2026-05,2026-05-31,Closed,0.0,11.37,11.0,134.0,629.88,20.0,1,0.348
C004345,Carrier A,Auto,Agent,2026-04-18,2026-04,2026-04-20,Closed,0.0,14.89,2.0,166.0,918.86,14.0,0,
C004346,Carrier B,Property,Agent,2026-07-11,2026-07,2026-07-28,Closed,0.0,13.12,17.0,82.0,7399.74,20.0,0,
C004347,Carrier B,Liability,Web,2026-04-13,2026-04,2026-05-07,Closed,1.0,22.29,24.0,171.0,2258.65,14.0,0,
C004348,Carrier A,Property,Agent,2026-05-13,2026-05,2026-05-28,Closed,1.0,17.48,15.0,141.0,33446.77,20.0,0,
C004349,Carrier B,Liability,Web,2026-07-18,2026-07,,Open,0.0,4.54,,75.0,0.0,14.0,1,0.9912
C004350,Carrier C,Auto,Mobile,2026-05-12,2026-05,2026-05-18,Closed,0.0,6.19,6.0,142.0,6338.06,14.0,0,
C004351,Carrier C,Property,Mobile,2026-07-23,2026-07,2026-08-12,Closed,1.0,18.08,20.0,70.0,3198.78,20.0,0,
C004352,Carrier B,Liability,Agent,2026-07-21,2026-07,2026-07-31,Closed,0.0,2.31,10.0,72.0,3633.66,14.0,0,
C004353,Carrier B,Liability,Agent,2026-05-06,2026-05,2026-05-10,Closed,0.0,2.01,4.0,148.0,1059.74,14.0,0,
C004354,Carrier C,Liability,Web,2026-06-23,2026-06,2026-06-26,Closed,0.0,2.41,3.0,100.0,1963.83,14.0,0,
C004355,Carrier B,Property,Web,2026-09-11,2026-09,2026-09-28,Closed,0.0,1.87,17.0,20.0,1506.02,20.0,0,
C004356,Carrier B,Property,Agent,2026-05-05,2026-05,2026-05-23,Closed,1.0,25.19,18.0,149.0,5037.09,20.0,0,
C004357,Carrier C,Property,Mobile,2026-07-08,2026-07,2026-07-14,Closed,0.0,7.01,6.0,85.0,7386.37,20.0,0,
C004358,Carrier B,Property,Mobile,2026-09-12,2026-09,2026-09-27,Closed,0.0,13.97,15.0,19.0,1567.37,20.0,0,
C004359,Carrier B,Property,Mobile,2026-09-01,2026-09,2026-09-09,Closed,0.0,7.89,8.0,30.0,1457.09,20.0,1,0.1702
C004360,Carrier C,Auto,Web,2026-08-28,2026-08,2026-09-04,Closed,0.0,14.29,7.0,34.0,1131.53,14.0,0,
C004361,Carrier A,Auto,Agent,2026-08-13,2026-08,2026-08-30,Closed,0.0,13.76,17.0,49.0,4266.25,14.0,0,
C004362,Carrier A,Liability,Web,2026-08-06,2026-08,2026-08-29,Closed,0.0,8.05,23.0,56.0,3454.24,14.0,0,
C004363,Carrier A,Auto,Agent,2026-07-22,2026-07,2026-07-29,Closed,0.0,6.99,7.0,71.0,7144.67,14.0,0,
C004364,Carrier A,Property,Web,2026-07-27,2026-07,2026-08-24,Closed,0.0,3.13,28.0,66.0,2746.74,20.0,0,
C004365,Carrier B,Liability,Mobile,2026-08-11,2026-08,2026-08-25,Closed,0.0,10.07,14.0,51.0,13497.29,14.0,0,
C004366,Carrier B,Liability,Agent,2026-06-08,2026-06,2026-06-16,Closed,0.0,2.01,8.0,115.0,1585.7,14.0,2,0.7196
C004367,Carrier A,Property,Agent,2026-07-06,2026-07,2026-07-23,Closed,1.0,15.19,17.0,87.0,3227.54,20.0,0,
C004368,Carrier B,Liability,Mobile,2026-07-07,2026-07,2026-07-11,Closed,0.0,17.39,4.0,86.0,8906.42,14.0,0,
C004369,Carrier C,Liability,Mobile,2026-06-15,2026-06,2026-06-20,Closed,0.0,10.25,5.0,108.0,3501.18,14.0,0,
C004370,Carrier C,Auto,Agent,2026-09-22,2026-09,,Open,0.0,17.71,,9.0,0.0,14.0,0,
C004371,Carrier C,Auto,Agent,2026-08-25,2026-08,2026-08-27,Closed,0.0,15.93,2.0,37.0,1537.34,14.0,0,
C004372,Carrier A,Liability,Web,2026-07-21,2026-07,,Open,0.0,2.71,,72.0,0.0,14.0,0,
C004373,Carrier A,Property,Mobile,2026-09-14,2026-09,2026-09-29,Closed,1.0,22.32,15.0,17.0,8076.18,20.0,0,
C004374,Carrier C,Auto,Web,2026-06-03,2026-06,2026-06-25,Closed,0.0,14.27,22.0,120.0,5350.37,14.0,0,
C004375,Carrier A,Liability,Web,2026-09-06,2026-09,2026-09-10,Closed,0.0,15.13,4.0,25.0,7442.57,14.0,0,
C004376,Carrier A,Auto,Web,2026-07-17,2026-07,2026-07-24,Closed,0.0,3.04,7.0,76.0,3040.1,14.0,0,
C004377,Carrier B,Liability,Mobile,2026-07-21,2026-07,2026-07-31,Closed,0.0,1.11,10.0,72.0,10284.47,14.0,0,
C004378,Carrier C,Auto,Mobile,2026-09-25,2026-09,2026-09-30,Closed,0.0,7.22,5.0,6.0,1644.18,14.0,1,0.1036
C004379,Carrier A,Property,Agent,2026-08-09,2026-08,2026-08-17,Closed,0.0,7.48,8.0,53.0,6762.03,20.0,0,
C004380,Carrier A,Property,Agent,2026-09-05,2026-09,2026-09-20,Closed,0.0,11.07,15.0,26.0,3823.93,20.0,1,0.0919
C004381,Carrier C,Liability,Agent,2026-06-22,2026-06,2026-07-02,Closed,0.0,5.32,10.0,101.0,7015.52,14.0,0,
C004382,Carrier C,Auto,Mobile,2026-05-17,2026-05,2026-06-04,Closed,1.0,19.09,18.0,137.0,681.09,14.0,0,
C004383,Carrier B,Liability,Mobile,2026-04-03,2026-04,2026-04-23,Closed,1.0,26.29,20.0,181.0,11401.75,14.0,0,
C004384,Carrier B,Liability,Agent,2026-08-13,2026-08,2026-08-20,Closed,0.0,17.98,7.0,49.0,7619.45,14.0,0,
C004385,Carrier C,Auto,Agent,2026-04-04,2026-04,2026-04-16,Closed,0.0,7.09,12.0,180.0,977.58,14.0,0,
C004386,Carrier B,Property,Agent,2026-05-25,2026-05,2026-06-01,Closed,0.0,2.57,7.0,129.0,827.27,20.0,1,0.4462
C004387,Carrier B,Liability,Mobile,2026-04-20,2026-04,2026-04-25,Closed,0.0,5.3,5.0,164.0,3239.67,14.0,0,
C004388,Carrier A,Property,Mobile,2026-09-22,2026-09,,Open,0.0,13.15,,9.0,0.0,20.0,0,
C004389,Carrier B,Property,Agent,2026-07-05,2026-07,2026-07-17,Closed,0.0,13.11,12.0,88.0,1309.72,20.0,0,
C004390,Carrier B,Auto,Mobile,2026-09-15,2026-09,2026-09-19,Closed,0.0,1.28,4.0,16.0,11654.13,14.0,0,
C004391,Carrier B,Auto,Mobile,2026-09-16,2026-09,2026-09-23,Closed,0.0,6.11,7.0,15.0,3070.95,14.0,0,
C004392,Carrier C,Liability,Web,2026-05-04,2026-05,,Open,1.0,21.64,,150.0,0.0,14.0,0,
C004393,Carrier C,Property,Agent,2026-09-16,2026-09,,Open,0.0,4.38,,15.0,0.0,20.0,2,0.5269
C004394,Carrier A,Liability,Agent,2026-04-16,2026-04,2026-04-21,Closed,0.0,13.28,5.0,168.0,3665.79,14.0,0,
C004395,Carrier C,Auto,Mobile,2026-04-23,2026-04,2026-05-12,Closed,0.0,8.97,19.0,161.0,2565.91,14.0,0,
C004396,Carrier A,Property,Agent,2026-05-08,2026-05,2026-05-15,Closed,0.0,5.27,7.0,146.0,575.95,20.0,1,0.3998
C004397,Carrier B,Property,Agent,2026-07-19,2026-07,2026-07-26,Closed,0.0,10.85,7.0,74.0,1731.01,20.0,1,0.6084
C004398,Carrier B,Property,Agent,2026-09-14,2026-09,,Open,0.0,10.95,,17.0,0.0,20.0,1,0.7989
C004399,Carrier A,Liability,Mobile,2026-08-17,2026-08,2026-08-29,Closed,1.0,12.45,12.0,45.0,1392.33,14.0,0,
C004400,Carrier C,Auto,Agent,2026-07-20,2026-07,2026-09-09,Closed,0.0,1.96,51.0,73.0,13455.95,14.0,0,
C004401,Carrier A,Liability,Mobile,2026-04-07,2026-04,2026-04-14,Closed,0.0,6.33,7.0,177.0,1245.91,14.0,0,
C004402,Carrier C,Auto,Web,2026-07-28,2026-07,2026-08-09,Closed,1.0,16.26,12.0,65.0,2369.28,14.0,0,
C004403,Carrier C,Property,Mobile,2026-09-17,2026-09,,Open,1.0,19.21,,14.0,0.0,20.0,1,0.6937
C004404,Carrier B,Auto,Agent,2026-05-15,2026-05,2026-05-27,Closed,0.0,11.88,12.0,139.0,21057.3,14.0,0,
C004405,Carrier B,Auto,Web,2026-09-10,2026-09,2026-09-13,Closed,0.0,12.56,3.0,21.0,854.38,14.0,0,
C004406,Carrier A,Liability,Agent,2026-07-30,2026-07,2026-08-11,Closed,0.0,15.32,12.0,63.0,2177.21,14.0,0,
C004407,Carrier B,Property,Mobile,2026-06-09,2026-06,2026-06-29,Closed,1.0,15.51,20.0,114.0,1094.59,20.0,1,0.8776
C004408,Carrier C,Property,Agent,2026-05-29,2026-05,2026-06-06,Closed,0.0,9.94,8.0,125.0,19253.65,20.0,0,
C004409,Carrier B,Auto,Web,2026-05-27,2026-05,,Open,0.0,8.04,,127.0,0.0,14.0,1,0.0419
C004410,Carrier B,Property,Mobile,2026-07-22,2026-07,2026-07-29,Closed,0.0,13.02,7.0,71.0,704.21,20.0,0,
C004411,Carrier C,Property,Web,2026-09-17,2026-09,2026-09-28,Closed,0.0,8.4,11.0,14.0,4470.23,20.0,0,
C004412,Carrier C,Auto,Mobile,2026-09-09,2026-09,2026-09-12,Closed,0.0,14.54,3.0,22.0,4982.77,14.0,0,
C004413,Carrier B,Auto,Agent,2026-05-18,2026-05,2026-05-29,Closed,1.0,16.51,11.0,136.0,1813.5,14.0,0,
C004414,Carrier C,Liability,Web,2026-08-26,2026-08,2026-09-05,Closed,0.0,4.97,10.0,36.0,4726.7,14.0,0,
C004415,Carrier B,Liability,Web,2026-05-16,2026-05,2026-05-31,Closed,1.0,18.17,15.0,138.0,3340.29,14.0,0,
C004416,Carrier B,Property,Mobile,2026-07-29,2026-07,2026-08-21,Closed,0.0,9.02,23.0,64.0,2386.59,20.0,1,0.7734
C004417,Carrier A,Property,Agent,2026-07-09,2026-07,2026-07-19,Closed,0.0,7.23,10.0,84.0,382.68,20.0,0,
C004418,Carrier C,Property,Agent,2026-08-31,2026-08,2026-09-25,Closed,1.0,18.63,25.0,31.0,749.29,20.0,0,
C004419,Carrier C,Property,Agent,2026-06-23,2026-06,2026-07-04,Closed,0.0,2.79,11.0,100.0,2965.65,20.0,0,
C004420,Carrier C,Property,Web,2026-07-23,2026-07,2026-08-04,Closed,0.0,9.71,12.0,70.0,4280.03,20.0,0,
C004421,Carrier B,Liability,Web,2026-04-18,2026-04,2026-05-03,Closed,1.0,17.19,15.0,166.0,2504.5,14.0,0,
C004422,Carrier B,Liability,Agent,2026-09-28,2026-09,,Open,0.0,9.01,,3.0,0.0,14.0,0,
C004423,Carrier B,Liability,Mobile,2026-05-23,2026-05,2026-05-28,Closed,0.0,6.24,5.0,131.0,3157.02,14.0,0,
C004424,Carrier B,Auto,Mobile,2026-07-28,2026-07,2026-08-14,Closed,1.0,23.29,17.0,65.0,1423.16,14.0,0,
C004425,Carrier B,Auto,Web,2026-08-23,2026-08,2026-08-29,Closed,0.0,16.39,6.0,39.0,1558.17,14.0,0,
C004426,Carrier A,Auto,Agent,2026-04-04,2026-04,2026-04-09,Closed,0.0,15.21,5.0,180.0,3964.22,14.0,0,
C004427,Carrier B,Liability,Web,2026-09-03,2026-09,2026-09-05,Closed,0.0,8.57,2.0,28.0,6135.98,14.0,0,
C004428,Carrier B,Property,Mobile,2026-09-23,2026-09,,Open,1.0,12.36,,8.0,0.0,20.0,0,
C004429,Carrier A,Auto,Web,2026-04-30,2026-04,2026-05-15,Closed,0.0,8.17,15.0,154.0,15361.69,14.0,0,
C004430,Carrier A,Liability,Web,2026-08-09,2026-08,,Open,0.0,15.76,,53.0,0.0,14.0,2,0.9155
C004431,Carrier A,Property,Agent,2026-07-09,2026-07,2026-07-18,Closed,0.0,2.49,9.0,84.0,3001.88,20.0,0,
C004432,Carrier C,Auto,Web,2026-04-09,2026-04,2026-04-23,Closed,0.0,16.4,14.0,175.0,2276.32,14.0,2,0.8514
C004433,Carrier A,Auto,Web,2026-07-01,2026-07,2026-07-02,Closed,0.0,11.89,1.0,92.0,1006.32,14.0,0,
C004434,Carrier C,Property,Agent,2026-08-11,2026-08,2026-08-22,Closed,0.0,12.01,11.0,51.0,2224.23,20.0,0,
C004435,Carrier C,Property,Mobile,2026-09-11,2026-09,,Open,1.0,16.96,,20.0,0.0,20.0,0,
C004436,Carrier A,Auto,Mobile,2026-09-29,2026-09,2026-09-30,Closed,0.0,13.81,1.0,2.0,1626.2,14.0,1,0.6079
C004437,Carrier A,Property,Mobile,2026-05-31,2026-05,2026-06-07,Closed,0.0,12.02,7.0,123.0,12758.17,20.0,0,
C004438,Carrier C,Liability,Web,2026-06-07,2026-06,2026-06-25,Closed,0.0,1.27,18.0,116.0,5720.84,14.0,0,
C004439,Carrier B,Property,Mobile,2026-07-19,2026-07,2026-07-31,Closed,0.0,11.94,12.0,74.0,4561.68,20.0,1,0.7661
C004440,Carrier A,Property,Mobile,2026-04-07,2026-04,2026-04-22,Closed,1.0,20.81,15.0,177.0,4226.32,20.0,0,
C004441,Carrier A,Property,Agent,2026-07-22,2026-07,2026-08-02,Closed,0.0,14.45,11.0,71.0,3902.12,20.0,0,
C004442,Carrier C,Liability,Mobile,2026-07-26,2026-07,2026-07-31,Closed,0.0,1.17,5.0,67.0,2999.96,14.0,0,
C004443,Carrier C,Auto,Agent,2026-07-16,2026-07,2026-07-20,Closed,0.0,8.69,4.0,77.0,1570.59,14.0,1,0.4424
C004444,Carrier B,Property,Mobile,2026-06-04,2026-06,,Open,0.0,11.38,,119.0,0.0,20.0,0,
C004445,Carrier A,Liability,Agent,2026-08-23,2026-08,2026-08-26,Closed,0.0,5.12,3.0,39.0,14911.15,14.0,1,0.9259
C004446,Carrier A,Liability,Web,2026-07-24,2026-07,2026-07-27,Closed,0.0,11.84,3.0,69.0,6288.07,14.0,0,
C004447,Carrier B,Property,Agent,2026-09-11,2026-09,2026-09-17,Closed,0.0,6.1,6.0,20.0,4686.6,20.0,1,0.403
C004448,Carrier B,Liability,Agent,2026-06-02,2026-06,2026-06-04,Closed,0.0,9.96,2.0,121.0,3498.93,14.0,0,
C004449,Carrier A,Auto,Agent,2026-06-16,2026-06,2026-06-18,Closed,0.0,12.71,2.0,107.0,2424.43,14.0,0,
C004450,Carrier B,Auto,Web,2026-05-23,2026-05,2026-05-26,Closed,0.0,5.87,3.0,131.0,7248.97,14.0,1,0.3578
C004451,Carrier B,Liability,Web,2026-08-08,2026-08,2026-08-28,Closed,1.0,15.94,20.0,54.0,4105.52,14.0,1,0.6532
C004452,Carrier C,Auto,Agent,2026-05-30,2026-05,2026-06-04,Closed,0.0,3.3,5.0,124.0,3915.48,14.0,0,
C004453,Carrier C,Property,Mobile,2026-08-07,2026-08,,Open,1.0,15.92,,55.0,0.0,20.0,0,
C004454,Carrier A,Liability,Web,2026-09-16,2026-09,,Open,0.0,10.36,,15.0,0.0,14.0,0,
C004455,Carrier B,Property,Agent,2026-05-02,2026-05,2026-05-14,Closed,0.0,10.18,12.0,152.0,2411.75,20.0,1,0.6624
C004456,Carrier B,Property,Mobile,2026-08-26,2026-08,2026-09-12,Closed,1.0,17.76,17.0,36.0,4527.42,20.0,0,
C004457,Carrier A,Auto,Mobile,2026-07-16,2026-07,2026-07-19,Closed,0.0,2.79,3.0,77.0,1324.97,14.0,0,
C004458,Carrier C,Property,Web,2026-08-26,2026-08,2026-09-07,Closed,0.0,16.72,12.0,36.0,646.54,20.0,0,
C004459,Carrier B,Liability,Mobile,2026-04-22,2026-04,2026-05-05,Closed,0.0,6.11,13.0,162.0,1637.52,14.0,0,
C004460,Carrier A,Property,Agent,2026-06-04,2026-06,2026-07-26,Closed,1.0,15.0,52.0,119.0,2892.0,20.0,0,
C004461,Carrier A,Liability,Agent,2026-06-13,2026-06,2026-06-18,Closed,0.0,9.8,5.0,110.0,1168.65,14.0,0,
C004462,Carrier A,Auto,Agent,2026-09-16,2026-09,2026-09-18,Closed,0.0,8.52,2.0,15.0,3256.75,14.0,0,
C004463,Carrier C,Property,Agent,2026-04-29,2026-04,,Open,0.0,2.24,,155.0,0.0,20.0,0,
C004464,Carrier A,Property,Agent,2026-07-20,2026-07,2026-08-13,Closed,0.0,13.78,24.0,73.0,5139.3,20.0,1,0.6734
C004465,Carrier A,Property,Agent,2026-06-19,2026-06,,Open,0.0,12.1,,104.0,0.0,20.0,1,0.8009
C004466,Carrier C,Liability,Web,2026-05-21,2026-05,2026-06-04,Closed,1.0,13.61,14.0,133.0,5637.52,14.0,0,
C004467,Carrier C,Auto,Agent,2026-05-05,2026-05,2026-05-13,Closed,0.0,16.34,8.0,149.0,3986.27,14.0,0,
C004468,Carrier B,Liability,Web,2026-06-07,2026-06,2026-06-21,Closed,0.0,6.01,14.0,116.0,19182.91,14.0,1,0.5303
C004469,Carrier C,Liability,Agent,2026-05-27,2026-05,2026-06-06,Closed,0.0,3.82,10.0,127.0,5226.08,14.0,1,0.684
C004470,Carrier C,Liability,Mobile,2026-09-12,2026-09,2026-09-18,Closed,0.0,9.4,6.0,19.0,2658.4,14.0,0,
C004471,Carrier B,Auto,Agent,2026-07-06,2026-07,2026-07-20,Closed,0.0,13.75,14.0,87.0,3474.69,14.0,1,0.3371
C004472,Carrier A,Liability,Agent,2026-09-27,2026-09,2026-10-01,Closed,0.0,4.11,4.0,4.0,4053.92,14.0,0,
C004473,Carrier B,Property,Agent,2026-04-26,2026-04,2026-05-03,Closed,0.0,4.71,7.0,158.0,5501.16,20.0,0,
C004474,Carrier A,Property,Web,2026-04-19,2026-04,2026-05-05,Closed,0.0,5.81,16.0,165.0,1941.05,20.0,0,
C004475,Carrier A,Auto,Mobile,2026-04-01,2026-04,2026-04-21,Closed,1.0,25.46,20.0,183.0,1524.9,14.0,0,
C004476,Carrier C,Auto,Agent,2026-05-02,2026-05,2026-05-05,Closed,0.0,13.89,3.0,152.0,5469.67,14.0,2,0.7811
C004477,Carrier B,Liability,Agent,2026-06-11,2026-06,2026-06-28,Closed,0.0,3.93,17.0,112.0,1638.82,14.0,0,
C004478,Carrier B,Auto,Web,2026-06-16,2026-06,2026-06-23,Closed,0.0,16.12,7.0,107.0,10536.52,14.0,0,
C004479,Carrier C,Auto,Mobile,2026-06-16,2026-06,2026-07-08,Closed,1.0,13.29,22.0,107.0,549.6,14.0,1,0.2601
C004480,Carrier C,Liability,Web,2026-06-09,2026-06,2026-06-12,Closed,0.0,16.22,3.0,114.0,1003.63,14.0,0,
C004481,Carrier C,Auto,Mobile,2026-05-05,2026-05,2026-05-18,Closed,0.0,7.82,13.0,149.0,1630.33,14.0,0,
C004482,Carrier C,Property,Mobile,2026-09-01,2026-09,2026-09-13,Closed,0.0,9.52,12.0,30.0,2033.06,20.0,1,0.2158
C004483,Carrier B,Liability,Mobile,2026-07-27,2026-07,,Open,0.0,2.72,,66.0,0.0,14.0,0,
C004484,Carrier C,Auto,Web,2026-07-01,2026-07,2026-07-06,Closed,0.0,7.52,5.0,92.0,1062.21,14.0,0,
C004485,Carrier A,Property,Mobile,2026-05-06,2026-05,2026-06-06,Closed,1.0,13.6,31.0,148.0,2819.05,20.0,0,
C004486,Carrier B,Liability,Web,2026-06-08,2026-06,2026-06-09,Closed,0.0,13.84,1.0,115.0,3801.03,14.0,0,
C004487,Carrier C,Liability,Mobile,2026-05-04,2026-05,2026-05-10,Closed,0.0,17.74,6.0,150.0,2934.18,14.0,0,
C004488,Carrier C,Property,Web,2026-06-03,2026-06,2026-06-10,Closed,0.0,9.22,7.0,120.0,2301.75,20.0,0,
C004489,Carrier B,Liability,Web,2026-06-24,2026-06,2026-07-09,Closed,1.0,22.46,15.0,99.0,2682.13,14.0,1,0.231
C004490,Carrier B,Auto,Agent,2026-04-26,2026-04,2026-05-07,Closed,1.0,14.23,11.0,158.0,4180.48,14.0,0,
C004491,Carrier C,Liability,Agent,2026-07-28,2026-07,2026-08-04,Closed,0.0,14.64,7.0,65.0,2175.39,14.0,0,
C004492,Carrier A,Liability,Agent,2026-09-25,2026-09,,Open,0.0,11.61,,6.0,0.0,14.0,0,
C004493,Carrier A,Property,Agent,2026-09-06,2026-09,2026-09-25,Closed,1.0,18.52,19.0,25.0,3010.54,20.0,0,
C004494,Carrier A,Property,Mobile,2026-09-01,2026-09,2026-09-14,Closed,0.0,7.44,13.0,30.0,3232.81,20.0,1,0.4425
C004495,Carrier A,Auto,Mobile,2026-09-27,2026-09,,Open,0.0,1.48,,4.0,0.0,14.0,1,0.1483
C004496,Carrier C,Property,Mobile,2026-04-25,2026-04,2026-05-09,Closed,0.0,7.14,14.0,159.0,4459.27,20.0,0,
C004497,Carrier C,Auto,Agent,2026-09-27,2026-09,2026-09-30,Closed,0.0,7.17,3.0,4.0,2688.04,14.0,0,
C004498,Carrier C,Property,Web,2026-05-09,2026-05,,Open,1.0,23.67,,145.0,0.0,20.0,0,
C004499,Carrier C,Liability,Web,2026-07-02,2026-07,2026-07-05,Closed,0.0,11.75,3.0,91.0,2101.87,14.0,1,0.5333
C004500,Carrier C,Liability,Web,2026-07-18,2026-07,,Open,0.0,7.35,,75.0,0.0,14.0,0,
C004501,Carrier C,Liability,Agent,2026-09-01,2026-09,2026-09-11,Closed,0.0,10.33,10.0,30.0,2211.69,14.0,1,0.5127
C004502,Carrier A,Property,Agent,2026-04-13,2026-04,2026-04-30,Closed,0.0,10.42,17.0,171.0,5776.8,20.0,0,
C004503,Carrier C,Auto,Mobile,2026-05-24,2026-05,2026-06-05,Closed,0.0,4.77,12.0,130.0,3439.86,14.0,1,0.1045
C004504,Carrier C,Property,Agent,2026-05-29,2026-05,2026-06-09,Closed,0.0,8.94,11.0,125.0,2567.08,20.0,0,
C004505,Carrier B,Auto,Mobile,2026-08-14,2026-08,2026-09-02,Closed,1.0,27.68,19.0,48.0,4689.46,14.0,1,0.0901
C004506,Carrier A,Liability,Web,2026-05-10,2026-05,2026-05-13,Closed,0.0,7.58,3.0,144.0,5613.07,14.0,0,
C004507,Carrier A,Liability,Agent,2026-08-02,2026-08,2026-08-27,Closed,0.0,1.41,25.0,60.0,6829.82,14.0,0,
C004508,Carrier C,Auto,Web,2026-09-24,2026-09,,Open,1.0,16.97,,7.0,0.0,14.0,0,
C004509,Carrier C,Liability,Agent,2026-07-27,2026-07,2026-08-13,Closed,0.0,9.45,17.0,66.0,1020.3,14.0,1,0.3548
C004510,Carrier A,Liability,Agent,2026-07-18,2026-07,2026-07-27,Closed,0.0,4.85,9.0,75.0,4096.95,14.0,1,0.9395
C004511,Carrier B,Auto,Mobile,2026-05-03,2026-05,2026-05-14,Closed,0.0,14.73,11.0,151.0,941.85,14.0,0,
C004512,Carrier B,Auto,Agent,2026-07-20,2026-07,2026-08-06,Closed,1.0,17.9,17.0,73.0,2806.41,14.0,0,
C004513,Carrier B,Auto,Mobile,2026-08-15,2026-08,2026-08-17,Closed,0.0,7.91,2.0,47.0,6465.41,14.0,0,
C004514,Carrier B,Liability,Web,2026-09-29,2026-09,,Open,0.0,2.08,,2.0,0.0,14.0,0,
C004515,Carrier C,Auto,Agent,2026-04-13,2026-04,2026-04-25,Closed,0.0,8.92,12.0,171.0,5099.43,14.0,0,
C004516,Carrier C,Auto,Web,2026-05-06,2026-05,2026-05-17,Closed,0.0,8.28,11.0,148.0,1203.08,14.0,0,
C004517,Carrier A,Property,Agent,2026-06-21,2026-06,2026-07-01,Closed,0.0,2.83,10.0,102.0,2779.8,20.0,0,
C004518,Carrier C,Liability,Agent,2026-07-27,2026-07,2026-08-04,Closed,0.0,11.52,8.0,66.0,2089.5,14.0,0,
C004519,Carrier A,Auto,Agent,2026-08-21,2026-08,2026-09-04,Closed,0.0,6.06,14.0,41.0,8899.08,14.0,1,0.5997
C004520,Carrier A,Auto,Agent,2026-06-15,2026-06,,Open,0.0,4.57,,108.0,0.0,14.0,0,
C004521,Carrier B,Property,Agent,2026-04-23,2026-04,,Open,0.0,2.7,,161.0,0.0,20.0,0,
C004522,Carrier C,Auto,Agent,2026-06-11,2026-06,2026-06-25,Closed,0.0,9.49,14.0,112.0,2414.03,14.0,0,
C004523,Carrier C,Auto,Mobile,2026-08-02,2026-08,2026-08-03,Closed,0.0,17.23,1.0,60.0,9494.75,14.0,0,
C004524,Carrier C,Property,Mobile,2026-09-18,2026-09,,Open,1.0,11.34,,13.0,0.0,20.0,0,
C004525,Carrier B,Property,Web,2026-06-24,2026-06,2026-07-11,Closed,1.0,27.16,17.0,99.0,1032.33,20.0,1,0.5562
C004526,Carrier B,Liability,Web,2026-07-10,2026-07,2026-07-24,Closed,0.0,2.92,14.0,83.0,6249.59,14.0,0,
C004527,Carrier C,Auto,Agent,2026-04-23,2026-04,2026-04-28,Closed,0.0,16.02,5.0,161.0,1538.05,14.0,1,0.9277
C004528,Carrier C,Auto,Mobile,2026-04-18,2026-04,2026-05-05,Closed,0.0,8.54,17.0,166.0,2604.53,14.0,0,
C004529,Carrier C,Liability,Agent,2026-05-01,2026-05,2026-05-17,Closed,0.0,13.67,16.0,153.0,3128.44,14.0,0,
C004530,Carrier C,Property,Web,2026-04-04,2026-04,2026-04-22,Closed,1.0,15.08,18.0,180.0,11468.19,20.0,1,0.6712
C004531,Carrier A,Auto,Web,2026-05-22,2026-05,2026-05-25,Closed,0.0,5.62,3.0,132.0,1884.81,14.0,0,
C004532,Carrier C,Liability,Agent,2026-04-11,2026-04,2026-05-05,Closed,0.0,4.73,24.0,173.0,25967.59,14.0,0,
C004533,Carrier A,Liability,Web,2026-07-25,2026-07,2026-07-28,Closed,0.0,5.2,3.0,68.0,1422.5,14.0,0,
C004534,Carrier C,Property,Agent,2026-07-21,2026-07,,Open,0.0,1.18,,72.0,0.0,20.0,0,
C004535,Carrier C,Liability,Mobile,2026-09-07,2026-09,2026-09-17,Closed,0.0,15.31,10.0,24.0,5601.34,14.0,0,
C004536,Carrier C,Auto,Mobile,2026-07-20,2026-07,2026-08-10,Closed,1.0,26.04,21.0,73.0,1540.5,14.0,1,0.3128
C004537,Carrier B,Property,Mobile,2026-08-21,2026-08,2026-09-09,Closed,1.0,13.66,19.0,41.0,2416.61,20.0,0,
C004538,Carrier A,Liability,Agent,2026-07-23,2026-07,2026-07-28,Closed,0.0,3.25,5.0,70.0,3248.71,14.0,1,0.3334
C004539,Carrier A,Liability,Web,2026-09-03,2026-09,2026-09-26,Closed,1.0,15.41,23.0,28.0,6997.48,14.0,1,0.6613
C004540,Carrier B,Auto,Agent,2026-05-31,2026-05,2026-06-19,Closed,1.0,16.8,19.0,123.0,3749.93,14.0,1,0.3109
C004541,Carrier A,Liability,Web,2026-08-22,2026-08,2026-08-29,Closed,0.0,17.6,7.0,40.0,738.45,14.0,1,0.5503
C004542,Carrier C,Property,Mobile,2026-08-05,2026-08,2026-08-15,Closed,0.0,12.99,10.0,57.0,874.88,20.0,1,0.3278
C004543,Carrier A,Liability,Web,2026-07-21,2026-07,2026-07-23,Closed,0.0,17.69,2.0,72.0,4023.07,14.0,0,
C004544,Carrier A,Liability,Web,2026-05-23,2026-05,2026-06-05,Closed,0.0,14.28,13.0,131.0,2794.65,14.0,0,
C004545,Carrier B,Liability,Web,2026-07-12,2026-07,2026-07-19,Closed,0.0,16.21,7.0,81.0,4724.64,14.0,0,
C004546,Carrier C,Property,Mobile,2026-06-25,2026-06,2026-07-07,Closed,0.0,7.74,12.0,98.0,6091.45,20.0,0,
C004547,Carrier B,Auto,Agent,2026-09-23,2026-09,2026-09-29,Closed,0.0,14.36,6.0,8.0,11301.75,14.0,1,0.9702
C004548,Carrier C,Property,Web,2026-04-17,2026-04,,Open,0.0,9.29,,167.0,0.0,20.0,0,
C004549,Carrier A,Auto,Web,2026-05-14,2026-05,,Open,0.0,4.11,,140.0,0.0,14.0,1,0.6315
C004550,Carrier A,Auto,Agent,2026-05-26,2026-05,2026-05-31,Closed,0.0,2.36,5.0,128.0,4369.35,14.0,0,
C004551,Carrier A,Property,Mobile,2026-09-25,2026-09,,Open,0.0,3.38,,6.0,0.0,20.0,0,
C004552,Carrier B,Liability,Web,2026-09-07,2026-09,2026-09-17,Closed,0.0,15.11,10.0,24.0,2488.78,14.0,0,
C004553,Carrier C,Auto,Mobile,2026-08-31,2026-08,2026-09-10,Closed,0.0,8.1,10.0,31.0,4907.93,14.0,1,0.8009
C004554,Carrier A,Property,Web,2026-06-04,2026-06,2026-06-17,Closed,0.0,6.01,13.0,119.0,2036.31,20.0,1,0.9561
C004555,Carrier A,Auto,Mobile,2026-09-28,2026-09,,Open,1.0,22.71,,3.0,0.0,14.0,0,
C004556,Carrier C,Auto,Agent,2026-09-17,2026-09,2026-09-21,Closed,0.0,15.48,4.0,14.0,1228.74,14.0,0,
C004557,Carrier B,Property,Agent,2026-04-01,2026-04,2026-04-10,Closed,0.0,6.56,9.0,183.0,3287.38,20.0,0,
C004558,Carrier C,Auto,Web,2026-08-26,2026-08,2026-09-02,Closed,0.0,6.5,7.0,36.0,3818.8,14.0,1,0.3741
C004559,Carrier C,Auto,Web,2026-06-07,2026-06,,Open,1.0,24.59,,116.0,0.0,14.0,0,
C004560,Carrier A,Liability,Mobile,2026-09-16,2026-09,2026-09-29,Closed,1.0,18.86,13.0,15.0,3314.14,14.0,1,0.4256
C004561,Carrier B,Auto,Web,2026-07-08,2026-07,2026-07-12,Closed,0.0,17.46,4.0,85.0,15573.64,14.0,0,
C004562,Carrier B,Auto,Agent,2026-05-05,2026-05,2026-05-14,Closed,0.0,9.11,9.0,149.0,6031.33,14.0,0,
C004563,Carrier B,Liability,Agent,2026-05-01,2026-05,2026-05-15,Closed,0.0,6.66,14.0,153.0,1834.13,14.0,1,0.5548
C004564,Carrier C,Liability,Agent,2026-07-29,2026-07,2026-08-04,Closed,0.0,4.07,6.0,64.0,4553.01,14.0,0,
C004565,Carrier B,Property,Mobile,2026-09-05,2026-09,2026-09-22,Closed,0.0,15.82,17.0,26.0,1350.74,20.0,0,
C004566,Carrier C,Property,Agent,2026-06-28,2026-06,2026-07-12,Closed,0.0,1.91,14.0,95.0,1271.8,20.0,1,0.0391
C004567,Carrier B,Property,Agent,2026-08-01,2026-08,,Open,0.0,12.75,,61.0,0.0,20.0,0,
C004568,Carrier A,Auto,Web,2026-09-30,2026-09,,Open,0.0,10.08,,1.0,0.0,14.0,0,
C004569,Carrier A,Liability,Agent,2026-04-13,2026-04,2026-04-26,Closed,0.0,1.63,13.0,171.0,5707.04,14.0,0,
C004570,Carrier C,Property,Mobile,2026-04-11,2026-04,2026-05-04,Closed,1.0,22.89,23.0,173.0,4599.61,20.0,0,
C004571,Carrier B,Auto,Web,2026-04-09,2026-04,2026-04-18,Closed,0.0,11.28,9.0,175.0,7334.07,14.0,0,
C004572,Carrier B,Auto,Agent,2026-06-10,2026-06,2026-06-13,Closed,0.0,12.87,3.0,113.0,7615.32,14.0,1,0.2915
C004573,Carrier A,Liability,Agent,2026-05-28,2026-05,2026-06-05,Closed,0.0,3.63,8.0,126.0,2250.68,14.0,1,0.3467
C004574,Carrier B,Auto,Agent,2026-07-14,2026-07,2026-07-16,Closed,0.0,2.79,2.0,79.0,4920.89,14.0,0,
C004575,Carrier A,Property,Web,2026-08-09,2026-08,2026-08-17,Closed,0.0,8.78,8.0,53.0,21019.5,20.0,1,0.9624
C004576,Carrier B,Property,Web,2026-07-09,2026-07,2026-08-16,Closed,1.0,12.85,38.0,84.0,1576.51,20.0,3,0.9367
C004577,Carrier A,Liability,Web,2026-04-20,2026-04,2026-05-06,Closed,1.0,23.67,16.0,164.0,1940.05,14.0,0,
C004578,Carrier C,Liability,Mobile,2026-09-17,2026-09,2026-09-30,Closed,0.0,14.08,13.0,14.0,1655.04,14.0,0,
C004579,Carrier C,Liability,Mobile,2026-07-05,2026-07,2026-07-21,Closed,1.0,15.75,16.0,88.0,5378.83,14.0,0,
C004580,Carrier A,Auto,Web,2026-05-15,2026-05,2026-05-18,Closed,0.0,12.03,3.0,139.0,4647.01,14.0,1,0.3793
C004581,Carrier C,Property,Agent,2026-09-22,2026-09,,Open,0.0,13.06,,9.0,0.0,20.0,0,
C004582,Carrier B,Auto,Agent,2026-09-25,2026-09,,Open,0.0,17.03,,6.0,0.0,14.0,0,
C004583,Carrier C,Property,Mobile,2026-05-25,2026-05,2026-06-05,Closed,0.0,9.62,11.0,129.0,13562.41,20.0,0,
C004584,Carrier A,Liability,Web,2026-08-31,2026-08,2026-09-11,Closed,0.0,2.38,11.0,31.0,1619.69,14.0,0,
C004585,Carrier A,Liability,Mobile,2026-08-16,2026-08,2026-08-24,Closed,0.0,15.83,8.0,46.0,3825.14,14.0,0,
C004586,Carrier A,Property,Agent,2026-06-29,2026-06,2026-07-13,Closed,1.0,12.03,14.0,94.0,1605.48,20.0,0,
C004587,Carrier A,Property,Mobile,2026-05-22,2026-05,2026-06-01,Closed,0.0,15.93,10.0,132.0,1847.06,20.0,0,
C004588,Carrier C,Liability,Mobile,2026-07-17,2026-07,2026-08-02,Closed,1.0,16.57,16.0,76.0,6040.83,14.0,0,
C004589,Carrier C,Auto,Web,2026-07-10,2026-07,2026-07-31,Closed,1.0,26.61,21.0,83.0,5771.99,14.0,1,0.5703
C004590,Carrier A,Auto,Web,2026-09-30,2026-09,,Open,0.0,6.24,,1.0,0.0,14.0,0,
C004591,Carrier A,Liability,Web,2026-08-28,2026-08,2026-09-02,Closed,0.0,16.43,5.0,34.0,1441.13,14.0,1,0.617
C004592,Carrier C,Liability,Mobile,2026-06-19,2026-06,2026-06-20,Closed,0.0,14.55,1.0,104.0,8318.97,14.0,0,
C004593,Carrier A,Liability,Agent,2026-06-11,2026-06,2026-06-25,Closed,1.0,16.63,14.0,112.0,3932.5,14.0,1,0.152
C004594,Carrier B,Liability,Mobile,2026-06-25,2026-06,2026-07-04,Closed,1.0,15.73,9.0,98.0,4562.87,14.0,0,
C004595,Carrier A,Auto,Mobile,2026-06-12,2026-06,2026-06-15,Closed,0.0,14.54,3.0,111.0,6113.74,14.0,0,
C004596,Carrier B,Auto,Agent,2026-08-03,2026-08,,Open,1.0,19.96,,59.0,0.0,14.0,0,
C004597,Carrier B,Property,Web,2026-06-11,2026-06,2026-06-23,Closed,0.0,9.65,12.0,112.0,2332.58,20.0,0,
C004598,Carrier B,Liability,Mobile,2026-07-25,2026-07,2026-07-28,Closed,0.0,9.17,3.0,68.0,1234.88,14.0,0,
C004599,Carrier C,Auto,Agent,2026-06-10,2026-06,2026-06-14,Closed,0.0,6.71,4.0,113.0,4994.94,14.0,1,0.1724
C004600,Carrier B,Auto,Mobile,2026-06-05,2026-06,2026-06-13,Closed,0.0,7.62,8.0,118.0,1898.46,14.0,0,
C004601,Carrier B,Liability,Mobile,2026-08-03,2026-08,2026-08-18,Closed,1.0,16.33,15.0,59.0,3391.3,14.0,0,
C004602,Carrier B,Auto,Web,2026-05-05,2026-05,2026-05-11,Closed,0.0,1.86,6.0,149.0,1037.38,14.0,0,
C004603,Carrier C,Auto,Web,2026-09-06,2026-09,2026-09-25,Closed,1.0,24.5,19.0,25.0,892.13,14.0,0,
C004604,Carrier B,Auto,Agent,2026-05-02,2026-05,2026-05-11,Closed,0.0,14.27,9.0,152.0,1560.23,14.0,0,
C004605,Carrier C,Liability,Agent,2026-08-13,2026-08,2026-08-22,Closed,0.0,11.78,9.0,49.0,3807.85,14.0,0,
C004606,Carrier A,Auto,Web,2026-08-09,2026-08,2026-08-14,Closed,0.0,11.82,5.0,53.0,1441.93,14.0,0,
C004607,Carrier A,Property,Agent,2026-04-24,2026-04,2026-05-17,Closed,0.0,15.26,23.0,160.0,11949.02,20.0,1,0.1354
C004608,Carrier B,Property,Agent,2026-09-05,2026-09,2026-09-21,Closed,0.0,3.62,16.0,26.0,12929.82,20.0,0,
C004609,Carrier C,Property,Mobile,2026-06-08,2026-06,2026-06-19,Closed,0.0,8.9,11.0,115.0,1751.64,20.0,0,
C004610,Carrier C,Liability,Mobile,2026-05-03,2026-05,2026-05-25,Closed,0.0,13.12,22.0,151.0,543.03,14.0,1,0.1195
C004611,Carrier C,Auto,Mobile,2026-06-13,2026-06,2026-06-17,Closed,0.0,6.81,4.0,110.0,5977.6,14.0,0,
C004612,Carrier B,Property,Agent,2026-05-29,2026-05,2026-06-11,Closed,0.0,9.72,13.0,125.0,3049.29,20.0,0,
C004613,Carrier C,Property,Mobile,2026-04-06,2026-04,2026-04-29,Closed,1.0,16.19,23.0,178.0,2465.19,20.0,0,
C004614,Carrier C,Liability,Agent,2026-09-13,2026-09,2026-09-16,Closed,0.0,13.35,3.0,18.0,756.16,14.0,1,0.9611
C004615,Carrier C,Auto,Web,2026-04-06,2026-04,2026-04-19,Closed,1.0,15.18,13.0,178.0,10457.07,14.0,0,
C004616,Carrier A,Property,Mobile,2026-04-24,2026-04,2026-05-09,Closed,0.0,8.17,15.0,160.0,4151.51,20.0,1,0.6196
C004617,Carrier B,Property,Mobile,2026-08-15,2026-08,2026-09-02,Closed,0.0,14.81,18.0,47.0,4423.8,20.0,0,
C004618,Carrier B,Property,Agent,2026-05-14,2026-05,2026-06-01,Closed,0.0,8.64,18.0,140.0,1520.12,20.0,1,0.8306
C004619,Carrier A,Liability,Web,2026-09-20,2026-09,2026-09-24,Closed,0.0,4.93,4.0,11.0,4184.36,14.0,0,
C004620,Carrier A,Auto,Agent,2026-04-25,2026-04,2026-05-01,Closed,0.0,4.96,6.0,159.0,1221.95,14.0,0,
C004621,Carrier A,Auto,Agent,2026-07-23,2026-07,2026-08-19,Closed,1.0,18.95,27.0,70.0,473.32,14.0,0,
C004622,Carrier A,Property,Web,2026-07-12,2026-07,2026-07-23,Closed,0.0,16.71,11.0,81.0,2677.11,20.0,0,
C004623,Carrier A,Auto,Agent,2026-06-06,2026-06,2026-06-07,Closed,0.0,6.52,1.0,117.0,3550.4,14.0,0,
C004624,Carrier B,Liability,Mobile,2026-05-21,2026-05,2026-05-27,Closed,0.0,6.81,6.0,133.0,1243.79,14.0,0,
C004625,Carrier B,Auto,Mobile,2026-06-19,2026-06,2026-06-20,Closed,0.0,11.51,1.0,104.0,2317.0,14.0,1,0.1108
C004626,Carrier B,Property,Mobile,2026-09-16,2026-09,,Open,0.0,11.66,,15.0,0.0,20.0,0,
C004627,Carrier A,Property,Mobile,2026-05-05,2026-05,2026-05-17,Closed,0.0,5.92,12.0,149.0,4527.33,20.0,1,0.8234
C004628,Carrier A,Property,Mobile,2026-05-08,2026-05,2026-05-26,Closed,0.0,15.02,18.0,146.0,4261.88,20.0,0,
C004629,Carrier C,Auto,Agent,2026-04-08,2026-04,2026-04-12,Closed,0.0,14.83,4.0,176.0,6094.53,14.0,2,0.8889
C004630,Carrier C,Auto,Agent,2026-05-04,2026-05,2026-05-08,Closed,0.0,7.67,4.0,150.0,1983.42,14.0,1,0.5763
C004631,Carrier C,Liability,Agent,2026-06-19,2026-06,2026-07-04,Closed,0.0,2.4,15.0,104.0,5714.9,14.0,1,0.5606
C004632,Carrier A,Liability,Agent,2026-08-28,2026-08,2026-08-30,Closed,0.0,10.08,2.0,34.0,1325.24,14.0,0,
C004633,Carrier C,Auto,Web,2026-09-01,2026-09,2026-09-11,Closed,1.0,15.54,10.0,30.0,829.33,14.0,0,
C004634,Carrier C,Liability,Mobile,2026-04-02,2026-04,2026-04-06,Closed,0.0,12.93,4.0,182.0,5844.83,14.0,0,
C004635,Carrier A,Liability,Mobile,2026-08-14,2026-08,2026-09-03,Closed,1.0,23.11,20.0,48.0,4533.43,14.0,0,
C004636,Carrier B,Liability,Agent,2026-08-25,2026-08,2026-09-09,Closed,1.0,15.83,15.0,37.0,188.02,14.0,0,
C004637,Carrier B,Property,Mobile,2026-05-04,2026-05,2026-05-21,Closed,0.0,5.65,17.0,150.0,2402.54,20.0,0,
C004638,Carrier A,Property,Web,2026-08-05,2026-08,2026-08-24,Closed,0.0,15.67,19.0,57.0,1169.11,20.0,0,
C004639,Carrier B,Property,Mobile,2026-08-26,2026-08,2026-09-09,Closed,0.0,2.08,14.0,36.0,1907.09,20.0,1,0.5339
C004640,Carrier B,Auto,Mobile,2026-04-27,2026-04,2026-05-07,Closed,0.0,15.92,10.0,157.0,7993.28,14.0,0,
C004641,Carrier C,Liability,Web,2026-04-05,2026-04,2026-04-11,Closed,0.0,1.68,6.0,179.0,6454.1,14.0,1,0.0009
C004642,Carrier B,Auto,Web,2026-05-31,2026-05,2026-06-21,Closed,0.0,9.58,21.0,123.0,5123.78,14.0,0,
C004643,Carrier B,Liability,Web,2026-04-11,2026-04,2026-04-18,Closed,0.0,9.62,7.0,173.0,1741.02,14.0,0,
C004644,Carrier C,Auto,Web,2026-09-20,2026-09,,Open,0.0,5.81,,11.0,0.0,14.0,1,0.0823
C004645,Carrier B,Auto,Agent,2026-07-10,2026-07,2026-07-12,Closed,0.0,11.04,2.0,83.0,6551.09,14.0,0,
C004646,Carrier B,Property,Mobile,2026-05-05,2026-05,2026-05-12,Closed,0.0,4.81,7.0,149.0,2004.85,20.0,1,0.9178
C004647,Carrier B,Liability,Mobile,2026-05-21,2026-05,2026-06-03,Closed,1.0,17.66,13.0,133.0,4511.84,14.0,0,
C004648,Carrier B,Liability,Agent,2026-08-07,2026-08,2026-08-17,Closed,0.0,15.6,10.0,55.0,896.09,14.0,0,
C004649,Carrier C,Auto,Mobile,2026-04-14,2026-04,2026-04-19,Closed,0.0,4.21,5.0,170.0,8522.36,14.0,0,
C004650,Carrier C,Property,Web,2026-04-08,2026-04,2026-04-22,Closed,0.0,7.6,14.0,176.0,1850.82,20.0,1,0.9067
C004651,Carrier A,Property,Agent,2026-08-02,2026-08,,Open,1.0,12.95,,60.0,0.0,20.0,0,
C004652,Carrier A,Auto,Mobile,2026-08-19,2026-08,2026-09-11,Closed,1.0,12.02,23.0,43.0,3076.69,14.0,1,0.3981
C004653,Carrier C,Property,Agent,2026-04-26,2026-04,2026-05-14,Closed,0.0,7.93,18.0,158.0,2953.44,20.0,1,0.0017
C004654,Carrier C,Auto,Agent,2026-05-16,2026-05,2026-05-21,Closed,0.0,2.94,5.0,138.0,7421.87,14.0,0,
C004655,Carrier B,Liability,Web,2026-09-02,2026-09,2026-09-06,Closed,0.0,14.81,4.0,29.0,5374.69,14.0,1,0.2223
C004656,Carrier A,Liability,Mobile,2026-06-25,2026-06,,Open,1.0,14.43,,98.0,0.0,14.0,0,
C004657,Carrier A,Auto,Agent,2026-04-29,2026-04,2026-05-02,Closed,0.0,12.17,3.0,155.0,1101.48,14.0,1,0.4153
C004658,Carrier C,Liability,Agent,2026-09-16,2026-09,2026-09-22,Closed,0.0,1.47,6.0,15.0,2702.52,14.0,0,
C004659,Carrier A,Property,Mobile,2026-08-27,2026-08,2026-09-05,Closed,0.0,4.81,9.0,35.0,2129.44,20.0,1,0.4385
C004660,Carrier B,Auto,Mobile,2026-04-21,2026-04,2026-04-24,Closed,0.0,14.52,3.0,163.0,1346.13,14.0,0,
C004661,Carrier C,Auto,Web,2026-09-13,2026-09,2026-09-28,Closed,1.0,23.46,15.0,18.0,2283.28,14.0,1,0.701
C004662,Carrier A,Property,Agent,2026-06-07,2026-06,2026-06-18,Closed,0.0,8.32,11.0,116.0,3671.12,20.0,0,
C004663,Carrier A,Liability,Web,2026-08-25,2026-08,2026-09-08,Closed,1.0,18.36,14.0,37.0,8293.19,14.0,0,
C004664,Carrier C,Property,Agent,2026-05-03,2026-05,2026-05-22,Closed,0.0,12.32,19.0,151.0,1858.65,20.0,0,
C004665,Carrier C,Property,Mobile,2026-04-22,2026-04,2026-05-03,Closed,0.0,17.93,11.0,162.0,6150.05,20.0,0,
C004666,Carrier C,Auto,Mobile,2026-07-06,2026-07,,Open,0.0,4.66,,87.0,0.0,14.0,2,0.2666
C004667,Carrier B,Auto,Web,2026-05-09,2026-05,2026-05-11,Closed,0.0,16.67,2.0,145.0,4481.8,14.0,0,
C004668,Carrier C,Liability,Agent,2026-09-06,2026-09,2026-09-24,Closed,0.0,16.85,18.0,25.0,2704.51,14.0,0,
C004669,Carrier C,Auto,Web,2026-09-30,2026-09,,Open,1.0,24.54,,1.0,0.0,14.0,1,0.6039
C004670,Carrier B,Liability,Web,2026-09-01,2026-09,2026-09-05,Closed,0.0,12.55,4.0,30.0,5821.99,14.0,0,
C004671,Carrier C,Property,Web,2026-05-19,2026-05,2026-06-07,Closed,1.0,12.55,19.0,135.0,7662.23,20.0,0,
C004672,Carrier B,Property,Web,2026-06-02,2026-06,2026-06-20,Closed,0.0,1.8,18.0,121.0,1305.36,20.0,0,
C004673,Carrier B,Liability,Web,2026-09-19,2026-09,2026-09-30,Closed,1.0,25.43,11.0,12.0,1801.86,14.0,0,
C004674,Carrier A,Liability,Web,2026-05-28,2026-05,2026-06-07,Closed,1.0,14.28,10.0,126.0,1824.87,14.0,0,
C004675,Carrier C,Liability,Agent,2026-09-28,2026-09,,Open,0.0,15.49,,3.0,0.0,14.0,0,
C004676,Carrier B,Liability,Web,2026-07-28,2026-07,,Open,1.0,12.03,,65.0,0.0,14.0,1,0.2837
C004677,Carrier A,Auto,Web,2026-07-23,2026-07,2026-07-26,Closed,0.0,10.53,3.0,70.0,3314.22,14.0,2,0.9556
C004678,Carrier B,Auto,Mobile,2026-06-12,2026-06,2026-06-23,Closed,1.0,14.02,11.0,111.0,2750.12,14.0,0,
C004679,Carrier B,Auto,Agent,2026-09-13,2026-09,,Open,0.0,5.74,,18.0,0.0,14.0,0,
C004680,Carrier C,Auto,Mobile,2026-06-14,2026-06,2026-06-20,Closed,0.0,11.25,6.0,109.0,3146.01,14.0,0,
C004681,Carrier C,Liability,Mobile,2026-06-12,2026-06,2026-06-28,Closed,1.0,25.21,16.0,111.0,2487.92,14.0,0,
C004682,Carrier C,Property,Web,2026-04-27,2026-04,,Open,0.0,8.69,,157.0,0.0,20.0,0,
C004683,Carrier B,Liability,Agent,2026-05-30,2026-05,,Open,0.0,1.06,,124.0,0.0,14.0,0,
C004684,Carrier A,Auto,Mobile,2026-04-02,2026-04,2026-04-16,Closed,0.0,8.41,14.0,182.0,2430.83,14.0,0,
C004685,Carrier C,Liability,Web,2026-07-29,2026-07,2026-08-09,Closed,0.0,8.87,11.0,64.0,2048.59,14.0,0,
C004686,Carrier C,Property,Web,2026-08-25,2026-08,2026-09-09,Closed,0.0,7.36,15.0,37.0,1001.82,20.0,1,0.016
C004687,Carrier A,Liability,Web,2026-09-23,2026-09,2026-09-29,Closed,0.0,3.33,6.0,8.0,8124.8,14.0,0,
C004688,Carrier A,Auto,Web,2026-07-17,2026-07,2026-07-31,Closed,0.0,17.08,14.0,76.0,6551.36,14.0,0,
C004689,Carrier C,Liability,Mobile,2026-04-05,2026-04,2026-04-24,Closed,0.0,5.48,19.0,179.0,2415.59,14.0,0,
C004690,Carrier A,Property,Web,2026-09-26,2026-09,,Open,0.0,1.74,,5.0,0.0,20.0,0,
C004691,Carrier A,Property,Mobile,2026-05-15,2026-05,2026-05-24,Closed,0.0,11.87,9.0,139.0,2221.61,20.0,0,
C004692,Carrier C,Property,Mobile,2026-04-28,2026-04,2026-05-05,Closed,0.0,10.85,7.0,156.0,4602.3,20.0,0,
C004693,Carrier A,Auto,Agent,2026-07-14,2026-07,2026-07-18,Closed,0.0,13.68,4.0,79.0,7850.62,14.0,0,
C004694,Carrier C,Property,Agent,2026-08-05,2026-08,2026-08-20,Closed,0.0,9.52,15.0,57.0,3780.0,20.0,0,
C004695,Carrier A,Property,Agent,2026-05-09,2026-05,2026-06-16,Closed,0.0,2.18,38.0,145.0,9362.96,20.0,0,
C004696,Carrier A,Liability,Agent,2026-08-28,2026-08,2026-09-01,Closed,0.0,2.96,4.0,34.0,2942.3,14.0,0,
C004697,Carrier C,Liability,Web,2026-06-26,2026-06,2026-07-03,Closed,0.0,14.26,7.0,97.0,12442.05,14.0,0,
C004698,Carrier C,Auto,Web,2026-05-26,2026-05,2026-06-24,Closed,0.0,6.14,29.0,128.0,14331.48,14.0,0,
C004699,Carrier A,Liability,Mobile,2026-04-11,2026-04,2026-04-28,Closed,1.0,24.09,17.0,173.0,13150.55,14.0,1,0.107
C004700,Carrier C,Property,Web,2026-09-23,2026-09,,Open,0.0,8.0,,8.0,0.0,20.0,0,
C004701,Carrier A,Liability,Web,2026-07-14,2026-07,2026-07-24,Closed,0.0,15.96,10.0,79.0,2314.74,14.0,0,
C004702,Carrier B,Property,Agent,2026-09-15,2026-09,,Open,1.0,12.83,,16.0,0.0,20.0,0,
C004703,Carrier B,Liability,Agent,2026-04-14,2026-04,2026-04-17,Closed,0.0,13.39,3.0,170.0,6638.54,14.0,1,0.6095
C004704,Carrier C,Auto,Agent,2026-06-21,2026-06,2026-06-25,Closed,0.0,10.81,4.0,102.0,7469.1,14.0,0,
C004705,Carrier B,Liability,Mobile,2026-07-23,2026-07,,Open,1.0,25.12,,70.0,0.0,14.0,0,
C004706,Carrier A,Property,Web,2026-08-10,2026-08,,Open,0.0,4.29,,52.0,0.0,20.0,0,
C004707,Carrier C,Liability,Web,2026-07-27,2026-07,2026-07-29,Closed,0.0,10.37,2.0,66.0,2719.92,14.0,0,
C004708,Carrier B,Liability,Web,2026-08-23,2026-08,2026-09-12,Closed,1.0,27.83,20.0,39.0,2450.25,14.0,1,0.3832
C004709,Carrier B,Property,Web,2026-06-30,2026-06,2026-07-14,Closed,0.0,9.32,14.0,93.0,3715.68,20.0,0,
C004710,Carrier A,Liability,Mobile,2026-08-18,2026-08,2026-08-20,Closed,0.0,5.57,2.0,44.0,11647.34,14.0,0,
C004711,Carrier C,Property,Agent,2026-07-01,2026-07,2026-07-10,Closed,0.0,9.43,9.0,92.0,2231.84,20.0,0,
C004712,Carrier C,Property,Web,2026-06-27,2026-06,2026-07-18,Closed,0.0,10.69,21.0,96.0,3548.2,20.0,0,
C004713,Carrier A,Liability,Agent,2026-04-16,2026-04,2026-04-19,Closed,0.0,17.35,3.0,168.0,3338.49,14.0,1,0.6189
C004714,Carrier A,Liability,Agent,2026-05-10,2026-05,2026-05-17,Closed,0.0,11.72,7.0,144.0,4875.4,14.0,0,
C004715,Carrier A,Liability,Mobile,2026-05-26,2026-05,2026-06-16,Closed,0.0,17.13,21.0,128.0,5521.05,14.0,1,0.2516
C004716,Carrier A,Liability,Web,2026-04-25,2026-04,2026-05-09,Closed,0.0,15.01,14.0,159.0,3930.76,14.0,0,
C004717,Carrier A,Liability,Web,2026-07-11,2026-07,2026-07-12,Closed,0.0,1.16,1.0,82.0,3550.28,14.0,0,
C004718,Carrier B,Property,Mobile,2026-07-18,2026-07,2026-08-01,Closed,0.0,3.3,14.0,75.0,9604.82,20.0,1,0.1911
C004719,Carrier B,Auto,Web,2026-06-28,2026-06,,Open,0.0,7.69,,95.0,0.0,14.0,0,
C004720,Carrier C,Property,Mobile,2026-08-04,2026-08,2026-08-14,Closed,0.0,17.16,10.0,58.0,4680.56,20.0,0,
C004721,Carrier B,Auto,Web,2026-06-03,2026-06,2026-06-10,Closed,0.0,7.0,7.0,120.0,578.84,14.0,0,
C004722,Carrier B,Property,Agent,2026-06-13,2026-06,2026-06-19,Closed,0.0,14.24,6.0,110.0,2727.51,20.0,0,
C004723,Carrier A,Auto,Agent,2026-09-15,2026-09,,Open,0.0,15.25,,16.0,0.0,14.0,0,
C004724,Carrier C,Liability,Mobile,2026-06-04,2026-06,2026-06-11,Closed,0.0,15.7,7.0,119.0,3305.73,14.0,2,0.8068
C004725,Carrier A,Property,Web,2026-09-11,2026-09,,Open,0.0,5.09,,20.0,0.0,20.0,0,
C004726,Carrier C,Property,Mobile,2026-09-08,2026-09,2026-09-14,Closed,0.0,16.94,6.0,23.0,2734.61,20.0,1,0.3596
C004727,Carrier A,Property,Web,2026-06-04,2026-06,,Open,1.0,20.44,,119.0,0.0,20.0,0,
C004728,Carrier B,Property,Web,2026-09-08,2026-09,2026-09-15,Closed,0.0,1.16,7.0,23.0,8225.19,20.0,1,0.7814
C004729,Carrier C,Auto,Agent,2026-08-24,2026-08,2026-09-20,Closed,1.0,18.25,27.0,38.0,2099.87,14.0,0,
C004730,Carrier B,Liability,Mobile,2026-05-04,2026-05,2026-05-15,Closed,1.0,13.27,11.0,150.0,3531.76,14.0,0,
C004731,Carrier B,Property,Web,2026-08-24,2026-08,2026-09-08,Closed,0.0,2.45,15.0,38.0,20365.91,20.0,0,
C004732,Carrier B,Liability,Web,2026-09-17,2026-09,2026-09-29,Closed,0.0,15.9,12.0,14.0,2026.43,14.0,0,
C004733,Carrier C,Property,Mobile,2026-07-28,2026-07,2026-08-21,Closed,1.0,27.98,24.0,65.0,3597.03,20.0,0,
C004734,Carrier A,Auto,Agent,2026-04-18,2026-04,2026-04-25,Closed,0.0,5.45,7.0,166.0,10525.78,14.0,1,0.5903
C004735,Carrier B,Liability,Agent,2026-08-04,2026-08,2026-08-14,Closed,0.0,7.89,10.0,58.0,3060.41,14.0,1,0.3533
C004736,Carrier C,Property,Mobile,2026-04-10,2026-04,2026-04-30,Closed,1.0,23.79,20.0,174.0,657.94,20.0,1,0.7091
C004737,Carrier C,Liability,Web,2026-06-28,2026-06,2026-07-06,Closed,1.0,23.13,8.0,95.0,2879.53,14.0,0,
C004738,Carrier A,Auto,Web,2026-09-26,2026-09,,Open,0.0,10.37,,5.0,0.0,14.0,0,
C004739,Carrier C,Liability,Mobile,2026-08-21,2026-08,,Open,0.0,11.35,,41.0,0.0,14.0,0,
C004740,Carrier C,Auto,Agent,2026-08-29,2026-08,2026-09-06,Closed,0.0,16.91,8.0,33.0,2876.85,14.0,0,
C004741,Carrier C,Liability,Agent,2026-09-22,2026-09,,Open,0.0,11.01,,9.0,0.0,14.0,0,
C004742,Carrier C,Property,Mobile,2026-08-23,2026-08,2026-08-29,Closed,0.0,2.14,6.0,39.0,1247.9,20.0,0,
C004743,Carrier C,Auto,Web,2026-09-24,2026-09,,Open,0.0,13.24,,7.0,0.0,14.0,0,
C004744,Carrier A,Liability,Mobile,2026-08-07,2026-08,2026-08-14,Closed,0.0,17.13,7.0,55.0,2422.23,14.0,0,
C004745,Carrier A,Auto,Mobile,2026-09-08,2026-09,2026-09-18,Closed,0.0,10.04,10.0,23.0,2744.97,14.0,0,
C004746,Carrier B,Liability,Web,2026-07-17,2026-07,2026-07-23,Closed,0.0,8.0,6.0,76.0,1573.12,14.0,1,0.3583
C004747,Carrier B,Property,Web,2026-06-07,2026-06,2026-06-22,Closed,1.0,12.7,15.0,116.0,3886.36,20.0,0,
C004748,Carrier A,Liability,Agent,2026-04-26,2026-04,2026-05-04,Closed,0.0,15.82,8.0,158.0,10936.84,14.0,1,0.4873
C004749,Carrier A,Auto,Mobile,2026-04-20,2026-04,2026-04-27,Closed,0.0,2.35,7.0,164.0,2456.86,14.0,2,0.9069
C004750,Carrier B,Auto,Agent,2026-07-14,2026-07,2026-07-21,Closed,0.0,1.44,7.0,79.0,4095.62,14.0,1,0.0564
C004751,Carrier A,Liability,Web,2026-04-15,2026-04,2026-04-23,Closed,0.0,10.29,8.0,169.0,4607.19,14.0,0,
C004752,Carrier A,Auto,Mobile,2026-07-13,2026-07,2026-07-18,Closed,0.0,2.59,5.0,80.0,2107.71,14.0,0,
C004753,Carrier B,Auto,Mobile,2026-06-14,2026-06,2026-06-23,Closed,0.0,12.23,9.0,109.0,1806.38,14.0,0,
C004754,Carrier A,Liability,Mobile,2026-04-26,2026-04,2026-05-15,Closed,1.0,13.47,19.0,158.0,2227.36,14.0,1,0.0868
C004755,Carrier A,Auto,Web,2026-08-13,2026-08,2026-08-30,Closed,0.0,14.23,17.0,49.0,4460.39,14.0,1,0.8087
C004756,Carrier B,Liability,Web,2026-06-04,2026-06,2026-06-06,Closed,0.0,17.82,2.0,119.0,3119.96,14.0,0,
C004757,Carrier A,Liability,Web,2026-05-25,2026-05,2026-05-27,Closed,0.0,4.0,2.0,129.0,2408.41,14.0,0,
C004758,Carrier A,Liability,Mobile,2026-05-16,2026-05,2026-05-18,Closed,0.0,14.51,2.0,138.0,5994.31,14.0,0,
C004759,Carrier B,Auto,Web,2026-08-09,2026-08,2026-08-16,Closed,0.0,3.83,7.0,53.0,2546.72,14.0,1,0.2018
C004760,Carrier A,Liability,Agent,2026-07-18,2026-07,2026-07-19,Closed,0.0,13.85,1.0,75.0,3003.98,14.0,0,
C004761,Carrier C,Auto,Mobile,2026-04-30,2026-04,,Open,1.0,26.62,,154.0,0.0,14.0,0,
C004762,Carrier C,Property,Mobile,2026-09-19,2026-09,,Open,0.0,6.0,,12.0,0.0,20.0,1,0.2424
C004763,Carrier B,Auto,Agent,2026-05-24,2026-05,2026-05-31,Closed,0.0,8.29,7.0,130.0,2600.34,14.0,0,
C004764,Carrier A,Property,Web,2026-06-02,2026-06,2026-06-22,Closed,1.0,11.9,20.0,121.0,4334.45,20.0,0,
C004765,Carrier B,Property,Mobile,2026-07-27,2026-07,2026-08-16,Closed,0.0,2.36,20.0,66.0,1806.25,20.0,0,
C004766,Carrier B,Auto,Agent,2026-06-13,2026-06,2026-06-18,Closed,0.0,11.45,5.0,110.0,3822.83,14.0,0,
C004767,Carrier B,Property,Agent,2026-07-19,2026-07,2026-07-31,Closed,0.0,15.13,12.0,74.0,829.69,20.0,0,
C004768,Carrier C,Auto,Mobile,2026-05-24,2026-05,2026-06-02,Closed,1.0,19.9,9.0,130.0,3652.07,14.0,0,
C004769,Carrier C,Auto,Agent,2026-05-20,2026-05,2026-05-31,Closed,0.0,3.85,11.0,134.0,2258.72,14.0,0,
C004770,Carrier B,Property,Mobile,2026-08-09,2026-08,2026-08-26,Closed,0.0,10.34,17.0,53.0,4142.47,20.0,0,
C004771,Carrier A,Property,Mobile,2026-05-27,2026-05,2026-06-05,Closed,0.0,12.58,9.0,127.0,18801.51,20.0,1,0.3891
C004772,Carrier C,Property,Mobile,2026-07-01,2026-07,2026-07-15,Closed,0.0,1.22,14.0,92.0,13329.54,20.0,0,
C004773,Carrier C,Auto,Mobile,2026-08-27,2026-08,2026-09-02,Closed,0.0,15.34,6.0,35.0,2573.21,14.0,0,
C004774,Carrier A,Auto,Mobile,2026-07-10,2026-07,2026-07-28,Closed,1.0,26.39,18.0,83.0,5230.21,14.0,0,
C004775,Carrier C,Auto,Web,2026-07-14,2026-07,2026-07-30,Closed,1.0,18.65,16.0,79.0,6474.04,14.0,0,
C004776,Carrier C,Liability,Agent,2026-08-17,2026-08,2026-09-10,Closed,1.0,25.43,24.0,45.0,2500.13,14.0,0,
C004777,Carrier A,Auto,Mobile,2026-07-13,2026-07,2026-07-30,Closed,1.0,26.42,17.0,80.0,4289.72,14.0,0,
C004778,Carrier B,Property,Agent,2026-07-22,2026-07,2026-08-02,Closed,0.0,4.05,11.0,71.0,2628.57,20.0,0,
C004779,Carrier B,Liability,Web,2026-05-23,2026-05,2026-06-02,Closed,0.0,3.42,10.0,131.0,10016.22,14.0,1,0.4833
C004780,Carrier C,Property,Mobile,2026-05-13,2026-05,,Open,0.0,16.13,,141.0,0.0,20.0,1,0.8746
C004781,Carrier B,Property,Web,2026-06-25,2026-06,2026-07-20,Closed,0.0,2.46,25.0,98.0,8316.59,20.0,0,
C004782,Carrier B,Liability,Agent,2026-07-06,2026-07,2026-07-10,Closed,0.0,2.5,4.0,87.0,5553.54,14.0,0,
C004783,Carrier B,Liability,Agent,2026-04-10,2026-04,2026-04-17,Closed,0.0,6.06,7.0,174.0,2370.06,14.0,0,
C004784,Carrier C,Liability,Web,2026-05-30,2026-05,2026-06-10,Closed,1.0,27.83,11.0,124.0,1163.81,14.0,0,
C004785,Carrier A,Property,Agent,2026-05-22,2026-05,2026-06-03,Closed,0.0,7.03,12.0,132.0,1344.66,20.0,0,
C004786,Carrier C,Property,Mobile,2026-06-25,2026-06,2026-07-25,Closed,1.0,18.59,30.0,98.0,4199.1,20.0,0,
C004787,Carrier B,Auto,Web,2026-06-14,2026-06,2026-06-22,Closed,0.0,17.83,8.0,109.0,7676.1,14.0,0,
C004788,Carrier B,Auto,Web,2026-06-21,2026-06,2026-07-14,Closed,1.0,12.84,23.0,102.0,1672.0,14.0,1,0.229
C004789,Carrier A,Property,Mobile,2026-07-18,2026-07,2026-08-07,Closed,0.0,9.06,20.0,75.0,1338.83,20.0,1,0.8062
C004790,Carrier C,Liability,Mobile,2026-07-03,2026-07,2026-07-09,Closed,0.0,2.34,6.0,90.0,5497.94,14.0,0,
C004791,Carrier A,Liability,Mobile,2026-08-07,2026-08,2026-08-11,Closed,0.0,13.77,4.0,55.0,3817.6,14.0,1,0.077
C004792,Carrier A,Property,Mobile,2026-09-10,2026-09,2026-09-25,Closed,0.0,10.91,15.0,21.0,13398.87,20.0,0,
C004793,Carrier B,Property,Agent,2026-08-29,2026-08,2026-09-05,Closed,0.0,13.9,7.0,33.0,1833.74,20.0,1,0.6155
C004794,Carrier C,Auto,Mobile,2026-09-03,2026-09,2026-09-19,Closed,1.0,27.11,16.0,28.0,3900.27,14.0,0,
C004795,Carrier B,Property,Mobile,2026-06-21,2026-06,2026-06-28,Closed,0.0,15.18,7.0,102.0,2138.87,20.0,0,
C004796,Carrier C,Liability,Mobile,2026-08-10,2026-08,2026-08-17,Closed,0.0,4.26,7.0,52.0,1280.79,14.0,0,
C004797,Carrier A,Liability,Web,2026-05-13,2026-05,2026-05-30,Closed,0.0,2.47,17.0,141.0,1566.08,14.0,0,
C004798,Carrier A,Property,Mobile,2026-09-14,2026-09,,Open,1.0,14.23,,17.0,0.0,20.0,1,0.99
C004799,Carrier A,Property,Mobile,2026-05-30,2026-05,2026-06-15,Closed,1.0,20.49,16.0,124.0,13015.09,20.0,0,
C004800,Carrier C,Property,Mobile,2026-09-13,2026-09,,Open,0.0,10.14,,18.0,0.0,20.0,1,0.8317
C004801,Carrier A,Auto,Agent,2026-06-18,2026-06,2026-06-23,Closed,0.0,5.08,5.0,105.0,2387.19,14.0,0,
C004802,Carrier C,Auto,Web,2026-05-19,2026-05,2026-05-22,Closed,0.0,2.01,3.0,135.0,5791.66,14.0,0,
C004803,Carrier B,Property,Web,2026-08-10,2026-08,2026-08-30,Closed,0.0,7.36,20.0,52.0,3240.48,20.0,1,0.9387
C004804,Carrier C,Auto,Agent,2026-08-31,2026-08,,Open,0.0,5.52,,31.0,0.0,14.0,0,
C004805,Carrier B,Property,Web,2026-07-01,2026-07,2026-07-14,Closed,0.0,15.3,13.0,92.0,5451.42,20.0,2,0.6686
C004806,Carrier B,Property,Mobile,2026-08-10,2026-08,2026-08-21,Closed,0.0,4.98,11.0,52.0,1094.45,20.0,0,
C004807,Carrier C,Property,Mobile,2026-05-07,2026-05,,Open,0.0,17.39,,147.0,0.0,20.0,0,
C004808,Carrier B,Liability,Web,2026-09-07,2026-09,2026-09-22,Closed,1.0,27.37,15.0,24.0,5104.37,14.0,0,
C004809,Carrier C,Auto,Web,2026-08-01,2026-08,2026-08-11,Closed,1.0,24.16,10.0,61.0,1848.51,14.0,3,0.9789
C004810,Carrier B,Auto,Agent,2026-06-16,2026-06,2026-06-28,Closed,0.0,4.58,12.0,107.0,1792.45,14.0,0,
C004811,Carrier B,Property,Agent,2026-04-08,2026-04,2026-04-18,Closed,0.0,8.52,10.0,176.0,926.13,20.0,0,
C004812,Carrier C,Liability,Mobile,2026-08-30,2026-08,2026-09-23,Closed,1.0,15.5,24.0,32.0,6691.33,14.0,0,
C004813,Carrier C,Liability,Mobile,2026-04-10,2026-04,2026-04-18,Closed,0.0,15.91,8.0,174.0,3258.51,14.0,1,0.488
C004814,Carrier B,Property,Agent,2026-06-17,2026-06,2026-06-26,Closed,0.0,7.3,9.0,106.0,2383.56,20.0,0,
C004815,Carrier A,Liability,Web,2026-04-11,2026-04,2026-04-13,Closed,0.0,7.03,2.0,173.0,37589.63,14.0,0,
C004816,Carrier C,Auto,Mobile,2026-07-25,2026-07,2026-07-30,Closed,0.0,10.56,5.0,68.0,1879.1,14.0,1,0.615
C004817,Carrier C,Property,Agent,2026-04-29,2026-04,2026-05-04,Closed,0.0,16.88,5.0,155.0,894.88,20.0,0,
C004818,Carrier C,Liability,Mobile,2026-05-31,2026-05,2026-06-10,Closed,0.0,4.81,10.0,123.0,3458.05,14.0,0,
C004819,Carrier A,Liability,Web,2026-09-19,2026-09,2026-09-23,Closed,0.0,1.05,4.0,12.0,3059.44,14.0,0,
C004820,Carrier A,Liability,Web,2026-06-25,2026-06,2026-07-05,Closed,0.0,6.84,10.0,98.0,3192.73,14.0,0,
C004821,Carrier B,Liability,Agent,2026-06-06,2026-06,2026-06-11,Closed,0.0,10.35,5.0,117.0,2854.72,14.0,0,
C004822,Carrier B,Auto,Mobile,2026-09-03,2026-09,2026-09-09,Closed,0.0,4.04,6.0,28.0,7269.87,14.0,2,0.7307
C004823,Carrier B,Liability,Web,2026-05-28,2026-05,2026-06-14,Closed,0.0,14.42,17.0,126.0,3457.44,14.0,0,
C004824,Carrier A,Liability,Agent,2026-09-12,2026-09,2026-09-26,Closed,1.0,14.81,14.0,19.0,3846.87,14.0,0,
C004825,Carrier A,Liability,Agent,2026-05-14,2026-05,2026-05-23,Closed,0.0,12.3,9.0,140.0,2961.77,14.0,0,
C004826,Carrier A,Liability,Agent,2026-08-04,2026-08,2026-08-20,Closed,1.0,16.89,16.0,58.0,1890.17,14.0,0,
C004827,Carrier A,Auto,Mobile,2026-06-18,2026-06,2026-07-02,Closed,1.0,20.22,14.0,105.0,697.41,14.0,0,
C004828,Carrier C,Liability,Mobile,2026-09-24,2026-09,,Open,1.0,12.53,,7.0,0.0,14.0,0,
C004829,Carrier B,Auto,Web,2026-05-15,2026-05,2026-05-28,Closed,0.0,10.89,13.0,139.0,2280.27,14.0,1,0.3347
C004830,Carrier A,Property,Agent,2026-08-30,2026-08,2026-09-11,Closed,0.0,5.32,12.0,32.0,6073.27,20.0,0,
C004831,Carrier A,Liability,Mobile,2026-06-11,2026-06,2026-07-11,Closed,1.0,21.0,30.0,112.0,2550.04,14.0,0,
C004832,Carrier A,Auto,Agent,2026-08-11,2026-08,2026-08-26,Closed,0.0,9.91,15.0,51.0,8783.57,14.0,0,
C004833,Carrier B,Auto,Web,2026-09-01,2026-09,2026-09-11,Closed,0.0,13.41,10.0,30.0,3160.9,14.0,1,0.4967
C004834,Carrier B,Auto,Mobile,2026-07-14,2026-07,2026-07-18,Closed,0.0,3.62,4.0,79.0,6664.8,14.0,1,0.0032
C004835,Carrier C,Auto,Mobile,2026-04-24,2026-04,2026-04-25,Closed,0.0,2.89,1.0,160.0,5963.18,14.0,0,
C004836,Carrier C,Auto,Mobile,2026-04-18,2026-04,2026-05-05,Closed,1.0,26.78,17.0,166.0,6599.68,14.0,0,
C004837,Carrier C,Auto,Mobile,2026-05-26,2026-05,2026-06-06,Closed,0.0,11.5,11.0,128.0,8788.42,14.0,0,
C004838,Carrier A,Property,Agent,2026-08-23,2026-08,2026-09-04,Closed,0.0,6.49,12.0,39.0,3154.5,20.0,0,
C004839,Carrier B,Property,Mobile,2026-09-08,2026-09,,Open,1.0,17.0,,23.0,0.0,20.0,3,0.9065
C004840,Carrier A,Liability,Agent,2026-04-27,2026-04,2026-05-18,Closed,0.0,1.39,21.0,157.0,615.73,14.0,0,
C004841,Carrier B,Liability,Agent,2026-04-01,2026-04,2026-04-24,Closed,1.0,15.7,23.0,183.0,8697.74,14.0,1,0.0945
C004842,Carrier A,Liability,Mobile,2026-04-01,2026-04,2026-04-05,Closed,0.0,10.32,4.0,183.0,3258.3,14.0,1,0.7313
C004843,Carrier C,Property,Web,2026-06-16,2026-06,2026-06-28,Closed,0.0,15.33,12.0,107.0,2434.45,20.0,1,0.0412
C004844,Carrier A,Auto,Web,2026-04-13,2026-04,2026-04-16,Closed,0.0,2.55,3.0,171.0,6440.03,14.0,0,
C004845,Carrier A,Property,Mobile,2026-07-14,2026-07,2026-08-05,Closed,0.0,4.23,22.0,79.0,2297.47,20.0,0,
C004846,Carrier B,Liability,Web,2026-05-11,2026-05,2026-05-16,Closed,0.0,4.2,5.0,143.0,1099.75,14.0,0,
C004847,Carrier C,Auto,Agent,2026-08-13,2026-08,2026-08-25,Closed,0.0,15.81,12.0,49.0,3762.13,14.0,0,
C004848,Carrier B,Property,Agent,2026-07-31,2026-07,2026-08-18,Closed,0.0,7.04,18.0,62.0,4062.96,20.0,0,
C004849,Carrier A,Liability,Agent,2026-05-06,2026-05,,Open,0.0,10.67,,148.0,0.0,14.0,0,
C004850,Carrier C,Property,Mobile,2026-08-15,2026-08,2026-09-01,Closed,1.0,17.93,17.0,47.0,1500.87,20.0,0,
C004851,Carrier C,Property,Agent,2026-06-01,2026-06,2026-06-28,Closed,0.0,10.21,27.0,122.0,4332.68,20.0,0,
C004852,Carrier B,Auto,Agent,2026-06-13,2026-06,2026-06-30,Closed,0.0,16.3,17.0,110.0,2249.28,14.0,0,
C004853,Carrier C,Property,Mobile,2026-07-29,2026-07,2026-08-21,Closed,1.0,18.48,23.0,64.0,6111.5,20.0,0,
C004854,Carrier B,Auto,Web,2026-05-18,2026-05,2026-05-20,Closed,0.0,4.33,2.0,136.0,5085.35,14.0,0,
C004855,Carrier C,Property,Mobile,2026-09-12,2026-09,2026-09-30,Closed,1.0,17.25,18.0,19.0,5151.91,20.0,2,0.5199
C004856,Carrier C,Auto,Mobile,2026-05-02,2026-05,,Open,0.0,5.82,,152.0,0.0,14.0,0,
C004857,Carrier B,Liability,Agent,2026-04-13,2026-04,2026-04-23,Closed,1.0,20.26,10.0,171.0,2909.64,14.0,0,
C004858,Carrier A,Property,Web,2026-07-22,2026-07,2026-07-31,Closed,0.0,8.77,9.0,71.0,5709.75,20.0,0,
C004859,Carrier B,Liability,Mobile,2026-04-06,2026-04,2026-04-23,Closed,1.0,26.21,17.0,178.0,8363.71,14.0,0,
C004860,Carrier C,Property,Web,2026-08-29,2026-08,2026-09-09,Closed,0.0,9.38,11.0,33.0,1383.87,20.0,0,
C004861,Carrier C,Liability,Agent,2026-08-18,2026-08,2026-09-03,Closed,1.0,16.93,16.0,44.0,5382.87,14.0,0,
C004862,Carrier A,Liability,Agent,2026-09-22,2026-09,,Open,0.0,11.76,,9.0,0.0,14.0,0,
C004863,Carrier B,Auto,Agent,2026-06-22,2026-06,2026-07-05,Closed,0.0,14.92,13.0,101.0,9248.57,14.0,0,
C004864,Carrier B,Auto,Agent,2026-06-03,2026-06,2026-06-05,Closed,0.0,7.82,2.0,120.0,17340.62,14.0,0,
C004865,Carrier C,Liability,Mobile,2026-05-21,2026-05,2026-05-30,Closed,1.0,13.94,9.0,133.0,11700.47,14.0,0,
C004866,Carrier B,Auto,Agent,2026-04-12,2026-04,2026-04-20,Closed,0.0,3.33,8.0,172.0,3493.01,14.0,0,
C004867,Carrier A,Liability,Agent,2026-08-16,2026-08,2026-09-06,Closed,1.0,12.41,21.0,46.0,8162.07,14.0,0,
C004868,Carrier B,Property,Web,2026-09-12,2026-09,2026-09-25,Closed,0.0,1.61,13.0,19.0,6843.55,20.0,0,
C004869,Carrier A,Property,Agent,2026-05-25,2026-05,2026-06-07,Closed,0.0,13.72,13.0,129.0,2883.86,20.0,1,0.7281
C004870,Carrier B,Property,Mobile,2026-09-14,2026-09,,Open,1.0,18.78,,17.0,0.0,20.0,0,
C004871,Carrier B,Auto,Mobile,2026-05-07,2026-05,2026-05-24,Closed,1.0,18.66,17.0,147.0,3322.52,14.0,2,0.7945
C004872,Carrier B,Property,Mobile,2026-07-31,2026-07,,Open,0.0,12.84,,62.0,0.0,20.0,0,
C004873,Carrier C,Property,Mobile,2026-07-05,2026-07,2026-07-20,Closed,1.0,24.18,15.0,88.0,2932.45,20.0,1,0.7736
C004874,Carrier A,Auto,Mobile,2026-05-29,2026-05,2026-06-01,Closed,0.0,14.69,3.0,125.0,8262.15,14.0,1,0.4182
C004875,Carrier B,Auto,Web,2026-08-20,2026-08,2026-08-27,Closed,0.0,13.33,7.0,42.0,2674.12,14.0,1,0.4557
C004876,Carrier B,Auto,Web,2026-07-16,2026-07,2026-07-18,Closed,0.0,9.08,2.0,77.0,1191.19,14.0,0,
C004877,Carrier C,Auto,Mobile,2026-06-04,2026-06,2026-06-26,Closed,1.0,11.83,22.0,119.0,2610.63,14.0,0,
C004878,Carrier B,Property,Agent,2026-06-10,2026-06,2026-06-19,Closed,0.0,1.91,9.0,113.0,5164.37,20.0,1,0.1613
C004879,Carrier B,Auto,Mobile,2026-09-29,2026-09,,Open,1.0,23.08,,2.0,0.0,14.0,0,
C004880,Carrier C,Property,Mobile,2026-05-04,2026-05,2026-05-29,Closed,1.0,15.95,25.0,150.0,3230.32,20.0,1,0.6968
C004881,Carrier B,Liability,Agent,2026-04-06,2026-04,2026-04-11,Closed,0.0,14.64,5.0,178.0,2022.01,14.0,0,
C004882,Carrier A,Property,Web,2026-09-12,2026-09,2026-09-25,Closed,0.0,11.59,13.0,19.0,9099.01,20.0,0,
C004883,Carrier B,Liability,Mobile,2026-08-29,2026-08,2026-09-04,Closed,0.0,16.94,6.0,33.0,5823.45,14.0,0,
C004884,Carrier C,Property,Mobile,2026-04-04,2026-04,2026-04-20,Closed,0.0,13.36,16.0,180.0,1597.04,20.0,0,
C004885,Carrier C,Auto,Mobile,2026-04-08,2026-04,2026-04-20,Closed,1.0,13.12,12.0,176.0,685.18,14.0,0,
C004886,Carrier C,Auto,Web,2026-07-26,2026-07,2026-07-28,Closed,0.0,14.38,2.0,67.0,5251.23,14.0,0,
C004887,Carrier B,Property,Mobile,2026-04-27,2026-04,2026-05-15,Closed,1.0,14.63,18.0,157.0,968.7,20.0,0,
C004888,Carrier C,Liability,Mobile,2026-09-27,2026-09,,Open,0.0,15.11,,4.0,0.0,14.0,1,0.8119
C004889,Carrier C,Liability,Mobile,2026-04-09,2026-04,2026-04-12,Closed,0.0,6.2,3.0,175.0,3151.68,14.0,0,
C004890,Carrier A,Auto,Agent,2026-07-03,2026-07,2026-07-06,Closed,0.0,12.07,3.0,90.0,2371.51,14.0,0,
C004891,Carrier C,Auto,Mobile,2026-07-31,2026-07,2026-08-10,Closed,0.0,16.07,10.0,62.0,11064.2,14.0,2,0.892
C004892,Carrier B,Auto,Web,2026-05-07,2026-05,2026-05-17,Closed,1.0,27.84,10.0,147.0,5441.25,14.0,0,
C004893,Carrier C,Property,Web,2026-05-26,2026-05,2026-06-02,Closed,0.0,16.27,7.0,128.0,4301.43,20.0,0,
C004894,Carrier C,Property,Mobile,2026-05-28,2026-05,,Open,0.0,5.44,,126.0,0.0,20.0,0,
C004895,Carrier B,Property,Mobile,2026-07-07,2026-07,2026-07-17,Closed,0.0,10.33,10.0,86.0,1698.95,20.0,1,0.2664
C004896,Carrier C,Auto,Agent,2026-05-25,2026-05,2026-06-06,Closed,0.0,5.53,12.0,129.0,7299.2,14.0,0,
C004897,Carrier A,Liability,Web,2026-09-13,2026-09,2026-09-19,Closed,0.0,11.59,6.0,18.0,2240.89,14.0,0,
C004898,Carrier C,Property,Web,2026-06-05,2026-06,2026-07-06,Closed,1.0,11.2,31.0,118.0,693.08,20.0,0,
C004899,Carrier B,Auto,Web,2026-08-04,2026-08,2026-08-18,Closed,0.0,3.4,14.0,58.0,6450.63,14.0,0,
C004900,Carrier B,Liability,Agent,2026-08-02,2026-08,2026-08-06,Closed,0.0,4.01,4.0,60.0,252.56,14.0,0,
C004901,Carrier C,Liability,Agent,2026-06-12,2026-06,2026-06-14,Closed,0.0,8.43,2.0,111.0,4786.66,14.0,0,
C004902,Carrier B,Auto,Mobile,2026-08-27,2026-08,2026-09-05,Closed,0.0,3.71,9.0,35.0,2276.16,14.0,0,
C004903,Carrier B,Property,Mobile,2026-07-22,2026-07,2026-08-11,Closed,1.0,15.44,20.0,71.0,2808.99,20.0,0,
C004904,Carrier C,Property,Mobile,2026-05-04,2026-05,,Open,0.0,12.84,,150.0,0.0,20.0,0,
C004905,Carrier A,Auto,Mobile,2026-05-21,2026-05,2026-06-07,Closed,1.0,26.07,17.0,133.0,27320.16,14.0,0,
C004906,Carrier A,Property,Agent,2026-05-11,2026-05,2026-05-23,Closed,0.0,13.58,12.0,143.0,3846.82,20.0,1,0.4581
C004907,Carrier C,Liability,Agent,2026-08-26,2026-08,2026-08-31,Closed,0.0,15.99,5.0,36.0,9594.96,14.0,0,
C004908,Carrier B,Liability,Web,2026-08-14,2026-08,2026-08-25,Closed,0.0,17.14,11.0,48.0,1168.78,14.0,0,
C004909,Carrier A,Property,Web,2026-09-08,2026-09,2026-09-16,Closed,0.0,17.05,8.0,23.0,10662.82,20.0,0,
C004910,Carrier B,Liability,Mobile,2026-08-21,2026-08,2026-09-05,Closed,0.0,9.65,15.0,41.0,3518.92,14.0,1,0.8022
C004911,Carrier C,Liability,Mobile,2026-08-23,2026-08,2026-08-28,Closed,0.0,17.97,5.0,39.0,922.52,14.0,1,0.615
C004912,Carrier B,Auto,Agent,2026-04-27,2026-04,,Open,0.0,15.64,,157.0,0.0,14.0,0,
C004913,Carrier C,Auto,Mobile,2026-04-04,2026-04,2026-04-16,Closed,0.0,8.39,12.0,180.0,11739.71,14.0,0,
C004914,Carrier B,Liability,Mobile,2026-09-13,2026-09,2026-09-20,Closed,0.0,6.27,7.0,18.0,2119.0,14.0,0,
C004915,Carrier A,Property,Agent,2026-09-16,2026-09,2026-09-30,Closed,0.0,3.11,14.0,15.0,799.42,20.0,0,
C004916,Carrier A,Property,Mobile,2026-05-18,2026-05,2026-05-31,Closed,1.0,26.17,13.0,136.0,4163.8,20.0,0,
C004917,Carrier C,Liability,Mobile,2026-08-15,2026-08,2026-08-27,Closed,1.0,20.47,12.0,47.0,1296.6,14.0,0,
C004918,Carrier B,Liability,Agent,2026-05-12,2026-05,2026-05-20,Closed,0.0,14.4,8.0,142.0,4265.26,14.0,1,0.801
C004919,Carrier A,Property,Mobile,2026-07-31,2026-07,2026-08-16,Closed,0.0,13.82,16.0,62.0,5180.83,20.0,0,
C004920,Carrier B,Auto,Agent,2026-05-01,2026-05,2026-05-11,Closed,0.0,9.9,10.0,153.0,2357.22,14.0,0,
C004921,Carrier B,Auto,Mobile,2026-06-11,2026-06,2026-06-23,Closed,1.0,13.88,12.0,112.0,7358.88,14.0,0,
C004922,Carrier C,Property,Agent,2026-05-07,2026-05,2026-05-20,Closed,0.0,15.85,13.0,147.0,4063.14,20.0,0,
C004923,Carrier C,Liability,Web,2026-08-27,2026-08,,Open,0.0,3.96,,35.0,0.0,14.0,1,0.7189
C004924,Carrier A,Liability,Mobile,2026-07-08,2026-07,2026-07-18,Closed,0.0,7.4,10.0,85.0,4595.86,14.0,0,
C004925,Carrier A,Liability,Web,2026-08-23,2026-08,2026-09-02,Closed,0.0,8.47,10.0,39.0,987.54,14.0,0,
C004926,Carrier A,Property,Agent,2026-09-15,2026-09,2026-09-24,Closed,0.0,14.01,9.0,16.0,1369.72,20.0,1,0.3831
C004927,Carrier B,Auto,Web,2026-07-27,2026-07,2026-07-30,Closed,0.0,5.62,3.0,66.0,1610.25,14.0,0,
C004928,Carrier B,Auto,Mobile,2026-05-11,2026-05,2026-05-30,Closed,1.0,12.67,19.0,143.0,3734.0,14.0,0,
C004929,Carrier B,Liability,Web,2026-05-10,2026-05,2026-05-15,Closed,0.0,12.61,5.0,144.0,3371.59,14.0,0,
C004930,Carrier B,Liability,Agent,2026-06-18,2026-06,2026-06-27,Closed,0.0,3.61,9.0,105.0,2148.87,14.0,0,
C004931,Carrier B,Auto,Mobile,2026-04-11,2026-04,2026-04-13,Closed,0.0,14.22,2.0,173.0,4703.05,14.0,1,0.1724
C004932,Carrier C,Property,Agent,2026-07-16,2026-07,2026-08-01,Closed,0.0,11.56,16.0,77.0,3027.78,20.0,0,
C004933,Carrier B,Property,Web,2026-06-10,2026-06,2026-06-19,Closed,0.0,9.26,9.0,113.0,3359.89,20.0,0,
C004934,Carrier B,Property,Mobile,2026-04-28,2026-04,2026-05-16,Closed,1.0,20.37,18.0,156.0,4059.35,20.0,0,
C004935,Carrier B,Liability,Web,2026-07-25,2026-07,2026-07-29,Closed,0.0,15.36,4.0,68.0,12281.71,14.0,0,
C004936,Carrier C,Property,Web,2026-09-01,2026-09,2026-09-12,Closed,0.0,6.99,11.0,30.0,1929.4,20.0,1,0.2654
C004937,Carrier C,Property,Web,2026-07-06,2026-07,2026-07-14,Closed,0.0,6.94,8.0,87.0,1414.41,20.0,1,0.4533
C004938,Carrier A,Liability,Agent,2026-07-18,2026-07,,Open,0.0,1.16,,75.0,0.0,14.0,0,
C004939,Carrier C,Liability,Mobile,2026-06-21,2026-06,2026-06-28,Closed,0.0,9.65,7.0,102.0,2584.55,14.0,0,
C004940,Carrier A,Auto,Web,2026-09-01,2026-09,2026-09-04,Closed,0.0,4.45,3.0,30.0,2455.74,14.0,0,
C004941,Carrier A,Auto,Agent,2026-07-05,2026-07,2026-07-08,Closed,0.0,5.55,3.0,88.0,1455.54,14.0,0,
C004942,Carrier C,Auto,Mobile,2026-06-17,2026-06,2026-06-23,Closed,0.0,10.65,6.0,106.0,6174.36,14.0,0,
C004943,Carrier A,Auto,Agent,2026-07-27,2026-07,,Open,0.0,17.11,,66.0,0.0,14.0,0,
C004944,Carrier C,Liability,Mobile,2026-08-24,2026-08,2026-08-31,Closed,0.0,6.41,7.0,38.0,7671.96,14.0,0,
C004945,Carrier C,Liability,Web,2026-08-26,2026-08,2026-09-03,Closed,0.0,2.62,8.0,36.0,940.22,14.0,0,
C004946,Carrier A,Liability,Agent,2026-09-11,2026-09,2026-09-21,Closed,0.0,16.45,10.0,20.0,5379.96,14.0,1,0.9359
C004947,Carrier A,Property,Agent,2026-08-12,2026-08,2026-08-24,Closed,0.0,16.27,12.0,50.0,3774.38,20.0,0,
C004948,Carrier B,Property,Web,2026-09-26,2026-09,,Open,0.0,9.32,,5.0,0.0,20.0,0,
C004949,Carrier B,Liability,Agent,2026-06-19,2026-06,2026-06-25,Closed,0.0,10.33,6.0,104.0,1769.8,14.0,0,
C004950,Carrier B,Auto,Agent,2026-08-05,2026-08,2026-08-10,Closed,0.0,10.47,5.0,57.0,2270.2,14.0,0,
C004951,Carrier B,Auto,Web,2026-08-26,2026-08,2026-08-28,Closed,0.0,8.09,2.0,36.0,1901.25,14.0,0,
C004952,Carrier C,Property,Agent,2026-06-26,2026-06,2026-07-02,Closed,0.0,15.67,6.0,97.0,7703.19,20.0,1,0.6574
C004953,Carrier B,Auto,Agent,2026-09-24,2026-09,2026-09-29,Closed,0.0,14.83,5.0,7.0,4105.78,14.0,0,
C004954,Carrier A,Property,Mobile,2026-06-21,2026-06,2026-07-02,Closed,0.0,13.39,11.0,102.0,9583.19,20.0,0,
C004955,Carrier C,Liability,Web,2026-08-26,2026-08,2026-08-28,Closed,0.0,15.36,2.0,36.0,6697.04,14.0,0,
C004956,Carrier A,Liability,Agent,2026-07-24,2026-07,2026-07-30,Closed,0.0,3.04,6.0,69.0,5895.63,14.0,0,
C004957,Carrier A,Property,Web,2026-07-11,2026-07,2026-07-21,Closed,0.0,3.94,10.0,82.0,12041.0,20.0,0,
C004958,Carrier C,Liability,Agent,2026-05-02,2026-05,2026-05-07,Closed,0.0,11.92,5.0,152.0,503.64,14.0,0,
C004959,Carrier A,Liability,Web,2026-04-25,2026-04,2026-05-01,Closed,0.0,3.94,6.0,159.0,5856.45,14.0,0,
C004960,Carrier A,Auto,Web,2026-07-08,2026-07,2026-07-19,Closed,1.0,22.79,11.0,85.0,2106.65,14.0,0,
C004961,Carrier A,Liability,Mobile,2026-09-17,2026-09,2026-09-25,Closed,0.0,10.08,8.0,14.0,2991.41,14.0,0,
C004962,Carrier B,Liability,Agent,2026-05-20,2026-05,2026-06-06,Closed,1.0,21.46,17.0,134.0,4238.96,14.0,0,
C004963,Carrier B,Auto,Mobile,2026-08-10,2026-08,2026-08-22,Closed,1.0,23.5,12.0,52.0,2098.92,14.0,1,0.7489
C004964,Carrier B,Auto,Web,2026-09-04,2026-09,2026-09-08,Closed,0.0,14.45,4.0,27.0,10993.06,14.0,0,
C004965,Carrier C,Auto,Agent,2026-07-28,2026-07,2026-08-12,Closed,0.0,17.03,15.0,65.0,5125.42,14.0,0,
C004966,Carrier C,Liability,Web,2026-04-23,2026-04,2026-04-29,Closed,0.0,11.65,6.0,161.0,8132.6,14.0,0,
C004967,Carrier A,Auto,Agent,2026-05-27,2026-05,2026-06-03,Closed,0.0,12.2,7.0,127.0,5191.16,14.0,1,0.7961
C004968,Carrier C,Liability,Agent,2026-04-07,2026-04,2026-04-19,Closed,0.0,13.47,12.0,177.0,7204.43,14.0,1,0.5421
C004969,Carrier B,Auto,Web,2026-04-08,2026-04,2026-04-12,Closed,0.0,9.7,4.0,176.0,6711.39,14.0,0,
C004970,Carrier A,Auto,Web,2026-04-29,2026-04,2026-05-02,Closed,0.0,11.9,3.0,155.0,22933.3,14.0,0,
C004971,Carrier A,Property,Mobile,2026-07-18,2026-07,2026-07-28,Closed,0.0,6.21,10.0,75.0,2946.12,20.0,0,
C004972,Carrier B,Property,Web,2026-07-21,2026-07,,Open,0.0,3.8,,72.0,0.0,20.0,0,
C004973,Carrier A,Liability,Web,2026-05-14,2026-05,,Open,1.0,11.55,,140.0,0.0,14.0,0,
C004974,Carrier B,Property,Web,2026-08-11,2026-08,2026-08-19,Closed,0.0,9.13,8.0,51.0,3969.43,20.0,0,
C004975,Carrier C,Liability,Agent,2026-09-12,2026-09,2026-09-20,Closed,0.0,15.96,8.0,19.0,4597.66,14.0,0,
C004976,Carrier A,Auto,Agent,2026-09-06,2026-09,2026-09-10,Closed,0.0,5.04,4.0,25.0,2643.08,14.0,0,
C004977,Carrier A,Property,Web,2026-09-28,2026-09,,Open,0.0,16.43,,3.0,0.0,20.0,0,
C004978,Carrier C,Property,Mobile,2026-06-26,2026-06,2026-07-12,Closed,0.0,9.27,16.0,97.0,8729.73,20.0,0,
C004979,Carrier B,Auto,Web,2026-04-04,2026-04,2026-04-16,Closed,0.0,5.84,12.0,180.0,6498.19,14.0,0,
C004980,Carrier A,Auto,Web,2026-06-29,2026-06,2026-07-07,Closed,0.0,5.93,8.0,94.0,2773.45,14.0,0,
C004981,Carrier C,Property,Agent,2026-04-30,2026-04,2026-05-15,Closed,0.0,2.3,15.0,154.0,1229.27,20.0,0,
C004982,Carrier C,Auto,Web,2026-09-21,2026-09,,Open,0.0,11.58,,10.0,0.0,14.0,0,
C004983,Carrier A,Auto,Agent,2026-05-25,2026-05,2026-06-04,Closed,0.0,10.39,10.0,129.0,14275.98,14.0,1,0.3013
C004984,Carrier A,Auto,Agent,2026-09-22,2026-09,,Open,1.0,27.7,,9.0,0.0,14.0,0,
C004985,Carrier A,Auto,Web,2026-08-16,2026-08,2026-08-22,Closed,0.0,4.78,6.0,46.0,1757.15,14.0,0,
C004986,Carrier B,Property,Web,2026-06-27,2026-06,2026-07-12,Closed,0.0,17.34,15.0,96.0,9692.72,20.0,0,
C004987,Carrier B,Auto,Mobile,2026-08-10,2026-08,2026-08-20,Closed,0.0,2.07,10.0,52.0,1498.12,14.0,0,
C004988,Carrier C,Property,Web,2026-04-30,2026-04,2026-05-16,Closed,0.0,17.82,16.0,154.0,3148.17,20.0,0,
C004989,Carrier A,Property,Agent,2026-05-23,2026-05,,Open,0.0,11.3,,131.0,0.0,20.0,0,
C004990,Carrier C,Auto,Web,2026-08-31,2026-08,2026-09-06,Closed,0.0,3.75,6.0,31.0,6207.38,14.0,0,
C004991,Carrier C,Liability,Web,2026-07-31,2026-07,2026-08-08,Closed,0.0,10.42,8.0,62.0,10316.65,14.0,1,0.3393
C004992,Carrier A,Auto,Web,2026-08-11,2026-08,2026-08-19,Closed,0.0,14.88,8.0,51.0,2647.95,14.0,0,
C004993,Carrier B,Property,Mobile,2026-05-29,2026-05,2026-06-08,Closed,0.0,10.42,10.0,125.0,6948.16,20.0,0,
C004994,Carrier A,Liability,Agent,2026-06-02,2026-06,2026-06-04,Closed,0.0,17.37,2.0,121.0,6080.29,14.0,0,
C004995,Carrier A,Liability,Agent,2026-07-21,2026-07,2026-07-25,Closed,0.0,11.03,4.0,72.0,1451.1,14.0,0,
C004996,Carrier A,Liability,Web,2026-07-13,2026-07,2026-07-29,Closed,0.0,17.04,16.0,80.0,1860.72,14.0,0,
C004997,Carrier A,Property,Agent,2026-05-26,2026-05,2026-06-08,Closed,0.0,16.05,13.0,128.0,5292.96,20.0,1,0.597
C004998,Carrier C,Property,Agent,2026-05-11,2026-05,2026-05-28,Closed,0.0,1.45,17.0,143.0,1529.86,20.0,0,
C004999,Carrier A,Auto,Mobile,2026-04-22,2026-04,2026-05-04,Closed,0.0,4.38,12.0,162.0,3585.57,14.0,0,
C005000,Carrier B,Property,Mobile,2026-08-17,2026-08,2026-08-24,Closed,0.0,3.63,7.0,45.0,636.67,20.0,1,0.5744
C005001,Carrier A,Liability,Web,2026-04-13,2026-04,2026-04-20,Closed,0.0,5.37,7.0,171.0,1331.01,14.0,0,
C005002,Carrier B,Liability,Mobile,2026-05-20,2026-05,2026-05-22,Closed,0.0,6.99,2.0,134.0,3584.2,14.0,0,
C005003,Carrier C,Liability,Mobile,2026-08-15,2026-08,2026-08-22,Closed,0.0,15.55,7.0,47.0,2516.67,14.0,0,
C005004,Carrier C,Property,Web,2026-06-07,2026-06,,Open,0.0,15.41,,116.0,0.0,20.0,0,
C005005,Carrier A,Liability,Web,2026-08-02,2026-08,2026-08-14,Closed,0.0,9.89,12.0,60.0,939.87,14.0,0,
C005006,Carrier B,Property,Agent,2026-07-11,2026-07,2026-07-31,Closed,1.0,16.77,20.0,82.0,1636.55,20.0,0,
C005007,Carrier C,Liability,Web,2026-05-28,2026-05,2026-05-30,Closed,0.0,7.03,2.0,126.0,2802.04,14.0,0,
C005008,Carrier A,Auto,Agent,2026-08-10,2026-08,2026-08-17,Closed,0.0,5.66,7.0,52.0,6930.55,14.0,0,
C005009,Carrier C,Property,Agent,2026-04-27,2026-04,2026-05-25,Closed,0.0,8.45,28.0,157.0,1256.05,20.0,1,0.156
C005010,Carrier C,Auto,Agent,2026-08-31,2026-08,2026-09-05,Closed,0.0,15.38,5.0,31.0,3958.85,14.0,0,
C005011,Carrier C,Liability,Web,2026-04-26,2026-04,2026-05-07,Closed,0.0,4.53,11.0,158.0,12262.83,14.0,1,0.2498
C005012,Carrier B,Auto,Mobile,2026-06-13,2026-06,2026-06-26,Closed,1.0,17.98,13.0,110.0,5979.0,14.0,0,
C005013,Carrier B,Auto,Agent,2026-07-18,2026-07,2026-08-08,Closed,1.0,14.23,21.0,75.0,3462.72,14.0,0,
C005014,Carrier B,Property,Mobile,2026-07-27,2026-07,2026-08-16,Closed,1.0,14.87,20.0,66.0,22286.82,20.0,0,
C005015,Carrier C,Liability,Mobile,2026-05-29,2026-05,2026-06-13,Closed,1.0,12.49,15.0,125.0,2722.46,14.0,1,0.1894
C005016,Carrier B,Auto,Web,2026-05-18,2026-05,2026-05-27,Closed,0.0,16.86,9.0,136.0,5137.67,14.0,0,
C005017,Carrier C,Auto,Mobile,2026-08-24,2026-08,2026-08-27,Closed,0.0,15.79,3.0,38.0,909.62,14.0,1,0.8555
C005018,Carrier C,Auto,Agent,2026-09-13,2026-09,2026-09-15,Closed,0.0,11.58,2.0,18.0,13803.81,14.0,0,
C005019,Carrier C,Auto,Web,2026-05-27,2026-05,2026-06-02,Closed,0.0,12.61,6.0,127.0,1239.69,14.0,0,
C005020,Carrier A,Auto,Agent,2026-07-31,2026-07,2026-08-07,Closed,0.0,9.85,7.0,62.0,3135.55,14.0,0,
C005021,Carrier B,Auto,Agent,2026-04-09,2026-04,2026-04-19,Closed,0.0,3.75,10.0,175.0,4337.82,14.0,0,
C005022,Carrier C,Auto,Web,2026-07-12,2026-07,2026-07-24,Closed,0.0,12.95,12.0,81.0,2729.11,14.0,1,0.8845
C005023,Carrier C,Auto,Agent,2026-09-17,2026-09,2026-09-27,Closed,0.0,5.5,10.0,14.0,5189.5,14.0,0,
C005024,Carrier A,Liability,Mobile,2026-04-19,2026-04,2026-04-29,Closed,0.0,2.59,10.0,165.0,1906.3,14.0,0,
C005025,Carrier A,Auto,Agent,2026-08-30,2026-08,2026-09-02,Closed,0.0,17.78,3.0,32.0,2466.5,14.0,0,
C005026,Carrier B,Property,Mobile,2026-07-17,2026-07,2026-08-04,Closed,0.0,6.61,18.0,76.0,4609.6,20.0,0,
C005027,Carrier B,Property,Web,2026-06-25,2026-06,,Open,0.0,1.24,,98.0,0.0,20.0,0,
C005028,Carrier C,Auto,Agent,2026-08-01,2026-08,2026-08-28,Closed,1.0,14.38,27.0,61.0,4271.55,14.0,0,
C005029,Carrier C,Auto,Mobile,2026-07-23,2026-07,2026-08-04,Closed,0.0,16.88,12.0,70.0,1314.43,14.0,0,
C005030,Carrier C,Auto,Mobile,2026-09-16,2026-09,,Open,1.0,11.15,,15.0,0.0,14.0,0,
C005031,Carrier C,Property,Agent,2026-04-15,2026-04,2026-05-07,Closed,0.0,7.13,22.0,169.0,10174.29,20.0,0,
C005032,Carrier A,Property,Web,2026-06-15,2026-06,2026-06-26,Closed,0.0,7.36,11.0,108.0,9320.66,20.0,0,
C005033,Carrier A,Liability,Web,2026-08-17,2026-08,2026-09-05,Closed,1.0,24.91,19.0,45.0,4150.82,14.0,1,0.3394
C005034,Carrier C,Auto,Web,2026-04-01,2026-04,2026-04-14,Closed,1.0,26.74,13.0,183.0,8650.33,14.0,0,
C005035,Carrier C,Liability,Agent,2026-04-02,2026-04,2026-04-09,Closed,0.0,16.13,7.0,182.0,7001.07,14.0,0,
C005036,Carrier B,Liability,Agent,2026-04-28,2026-04,2026-05-14,Closed,0.0,14.67,16.0,156.0,2482.18,14.0,0,
C005037,Carrier B,Auto,Agent,2026-04-30,2026-04,2026-05-14,Closed,1.0,14.89,14.0,154.0,4886.91,14.0,0,
C005038,Carrier A,Auto,Web,2026-09-17,2026-09,2026-09-26,Closed,0.0,13.7,9.0,14.0,2426.61,14.0,0,
C005039,Carrier C,Liability,Web,2026-07-08,2026-07,2026-07-16,Closed,0.0,8.56,8.0,85.0,18335.81,14.0,0,
C005040,Carrier B,Auto,Web,2026-06-09,2026-06,2026-06-18,Closed,0.0,5.41,9.0,114.0,2912.01,14.0,0,
C005041,Carrier A,Property,Agent,2026-08-25,2026-08,2026-09-08,Closed,0.0,8.42,14.0,37.0,8981.38,20.0,2,0.2612
C005042,Carrier C,Property,Mobile,2026-05-19,2026-05,2026-05-28,Closed,0.0,13.13,9.0,135.0,1715.44,20.0,0,
C005043,Carrier C,Liability,Mobile,2026-09-08,2026-09,2026-09-26,Closed,1.0,23.45,18.0,23.0,2396.72,14.0,1,0.7903
C005044,Carrier C,Auto,Web,2026-09-19,2026-09,,Open,0.0,10.58,,12.0,0.0,14.0,0,
C005045,Carrier A,Property,Web,2026-08-11,2026-08,,Open,0.0,5.39,,51.0,0.0,20.0,0,
C005046,Carrier A,Auto,Agent,2026-07-26,2026-07,2026-08-01,Closed,0.0,1.52,6.0,67.0,3606.42,14.0,0,
C005047,Carrier B,Auto,Agent,2026-09-29,2026-09,,Open,0.0,7.26,,2.0,0.0,14.0,0,
C005048,Carrier B,Property,Agent,2026-04-26,2026-04,2026-05-13,Closed,1.0,24.41,17.0,158.0,8181.21,20.0,0,
C005049,Carrier B,Liability,Web,2026-08-29,2026-08,2026-09-04,Closed,0.0,14.92,6.0,33.0,3326.49,14.0,0,
C005050,Carrier A,Liability,Web,2026-09-09,2026-09,2026-09-16,Closed,0.0,9.55,7.0,22.0,2208.78,14.0,1,0.662
C005051,Carrier A,Liability,Mobile,2026-06-14,2026-06,2026-06-18,Closed,0.0,6.3,4.0,109.0,6133.17,14.0,0,
C005052,Carrier C,Property,Web,2026-09-16,2026-09,,Open,0.0,12.1,,15.0,0.0,20.0,0,
C005053,Carrier A,Property,Web,2026-06-06,2026-06,2026-06-22,Closed,0.0,10.43,16.0,117.0,2134.16,20.0,1,0.0466
C005054,Carrier C,Liability,Agent,2026-08-27,2026-08,2026-09-09,Closed,1.0,16.96,13.0,35.0,8520.87,14.0,0,
C005055,Carrier B,Property,Mobile,2026-04-02,2026-04,2026-04-20,Closed,0.0,6.62,18.0,182.0,2694.72,20.0,0,
C005056,Carrier B,Property,Agent,2026-08-12,2026-08,2026-08-27,Closed,0.0,14.97,15.0,50.0,2648.55,20.0,1,0.776
C005057,Carrier B,Liability,Web,2026-07-16,2026-07,2026-07-19,Closed,0.0,2.98,3.0,77.0,3614.98,14.0,0,
C005058,Carrier B,Auto,Mobile,2026-08-19,2026-08,2026-09-03,Closed,0.0,5.68,15.0,43.0,8199.47,14.0,0,
C005059,Carrier B,Property,Agent,2026-04-17,2026-04,2026-04-23,Closed,0.0,14.32,6.0,167.0,5341.86,20.0,0,
C005060,Carrier C,Auto,Agent,2026-07-12,2026-07,2026-07-16,Closed,0.0,3.16,4.0,81.0,3115.38,14.0,0,
C005061,Carrier B,Liability,Mobile,2026-04-11,2026-04,2026-04-23,Closed,0.0,5.22,12.0,173.0,3961.2,14.0,0,
C005062,Carrier A,Liability,Agent,2026-04-27,2026-04,2026-05-02,Closed,0.0,14.41,5.0,157.0,2259.64,14.0,0,
C005063,Carrier C,Liability,Mobile,2026-06-26,2026-06,2026-07-18,Closed,1.0,13.87,22.0,97.0,2271.51,14.0,0,
C005064,Carrier C,Auto,Mobile,2026-09-23,2026-09,2026-09-27,Closed,0.0,16.42,4.0,8.0,945.97,14.0,1,0.5089
C005065,Carrier A,Property,Web,2026-08-07,2026-08,2026-08-23,Closed,0.0,2.32,16.0,55.0,9656.7,20.0,1,0.2784
C005066,Carrier B,Property,Mobile,2026-08-17,2026-08,,Open,1.0,26.99,,45.0,0.0,20.0,0,
C005067,Carrier B,Property,Web,2026-08-02,2026-08,2026-08-24,Closed,1.0,16.48,22.0,60.0,5500.95,20.0,0,
C005068,Carrier C,Property,Web,2026-07-15,2026-07,2026-07-29,Closed,0.0,2.81,14.0,78.0,3089.1,20.0,2,0.9165
C005069,Carrier C,Auto,Mobile,2026-09-03,2026-09,2026-09-28,Closed,0.0,1.75,25.0,28.0,5474.23,14.0,1,0.7364
C005070,Carrier C,Liability,Agent,2026-07-03,2026-07,2026-07-04,Closed,0.0,11.41,1.0,90.0,11346.85,14.0,1,0.5249
C005071,Carrier C,Property,Mobile,2026-06-07,2026-06,2026-06-14,Closed,0.0,5.28,7.0,116.0,827.54,20.0,1,0.7841
C005072,Carrier B,Liability,Web,2026-06-01,2026-06,2026-06-18,Closed,1.0,20.13,17.0,122.0,940.66,14.0,0,
C005073,Carrier C,Property,Mobile,2026-06-14,2026-06,,Open,0.0,6.89,,109.0,0.0,20.0,2,0.7327
C005074,Carrier B,Property,Agent,2026-07-04,2026-07,2026-07-15,Closed,0.0,15.08,11.0,89.0,2116.98,20.0,0,
C005075,Carrier C,Property,Agent,2026-08-09,2026-08,2026-08-15,Closed,0.0,2.84,6.0,53.0,2304.5,20.0,0,
C005076,Carrier B,Property,Agent,2026-07-22,2026-07,2026-08-02,Closed,0.0,13.33,11.0,71.0,964.01,20.0,0,
C005077,Carrier A,Auto,Mobile,2026-04-04,2026-04,2026-04-12,Closed,0.0,14.89,8.0,180.0,940.61,14.0,0,
C005078,Carrier C,Auto,Web,2026-07-20,2026-07,2026-07-28,Closed,0.0,13.97,8.0,73.0,1238.3,14.0,0,
C005079,Carrier B,Property,Web,2026-05-28,2026-05,2026-06-04,Closed,0.0,15.58,7.0,126.0,11378.06,20.0,0,
C005080,Carrier B,Auto,Web,2026-05-18,2026-05,2026-05-25,Closed,0.0,2.51,7.0,136.0,1756.98,14.0,1,0.2117
C005081,Carrier A,Property,Mobile,2026-09-19,2026-09,2026-10-01,Closed,0.0,14.47,12.0,12.0,2977.13,20.0,0,
C005082,Carrier A,Auto,Mobile,2026-04-11,2026-04,2026-04-24,Closed,0.0,3.42,13.0,173.0,20085.66,14.0,1,0.4836
C005083,Carrier C,Property,Web,2026-09-09,2026-09,2026-09-16,Closed,0.0,3.04,7.0,22.0,1882.4,20.0,1,0.846
C005084,Carrier C,Liability,Agent,2026-08-27,2026-08,2026-09-13,Closed,0.0,1.47,17.0,35.0,5919.97,14.0,0,
C005085,Carrier C,Property,Web,2026-06-20,2026-06,2026-07-03,Closed,0.0,5.36,13.0,103.0,3400.43,20.0,0,
C005086,Carrier C,Auto,Mobile,2026-09-22,2026-09,,Open,0.0,15.8,,9.0,0.0,14.0,0,
C005087,Carrier B,Liability,Web,2026-04-29,2026-04,2026-05-05,Closed,0.0,10.09,6.0,155.0,1928.72,14.0,0,
C005088,Carrier A,Liability,Web,2026-04-18,2026-04,,Open,0.0,5.89,,166.0,0.0,14.0,0,
C005089,Carrier C,Property,Agent,2026-05-07,2026-05,,Open,0.0,13.88,,147.0,0.0,20.0,0,
C005090,Carrier C,Property,Mobile,2026-05-11,2026-05,2026-05-21,Closed,0.0,9.92,10.0,143.0,1982.04,20.0,1,0.2623
C005091,Carrier A,Liability,Agent,2026-07-11,2026-07,2026-08-06,Closed,0.0,15.48,26.0,82.0,3560.52,14.0,0,
C005092,Carrier A,Liability,Mobile,2026-04-24,2026-04,2026-05-21,Closed,0.0,8.77,27.0,160.0,1036.79,14.0,1,0.109
C005093,Carrier B,Liability,Agent,2026-09-23,2026-09,2026-09-24,Closed,0.0,10.72,1.0,8.0,4985.93,14.0,1,0.687
C005094,Carrier C,Auto,Agent,2026-04-25,2026-04,2026-05-28,Closed,1.0,23.76,33.0,159.0,3722.51,14.0,0,
C005095,Carrier B,Liability,Agent,2026-04-10,2026-04,2026-04-15,Closed,0.0,13.18,5.0,174.0,2853.15,14.0,1,0.6715
C005096,Carrier B,Auto,Mobile,2026-07-03,2026-07,2026-07-22,Closed,1.0,16.24,19.0,90.0,13512.99,14.0,1,0.3387
C005097,Carrier C,Property,Mobile,2026-09-20,2026-09,,Open,1.0,23.78,,11.0,0.0,20.0,2,0.582
C005098,Carrier C,Auto,Web,2026-05-03,2026-05,2026-05-05,Closed,0.0,10.12,2.0,151.0,1882.93,14.0,1,0.3574
C005099,Carrier C,Auto,Mobile,2026-05-20,2026-05,2026-05-24,Closed,0.0,3.11,4.0,134.0,636.21,14.0,1,0.0275
C005100,Carrier B,Property,Agent,2026-06-10,2026-06,2026-06-24,Closed,0.0,3.05,14.0,113.0,2304.08,20.0,0,
C005101,Carrier A,Auto,Agent,2026-05-17,2026-05,2026-06-05,Closed,1.0,21.02,19.0,137.0,1297.09,14.0,1,0.3169
C005102,Carrier C,Property,Agent,2026-07-14,2026-07,2026-07-21,Closed,0.0,11.99,7.0,79.0,1515.37,20.0,0,
C005103,Carrier A,Property,Web,2026-06-10,2026-06,2026-06-30,Closed,0.0,17.15,20.0,113.0,1167.99,20.0,1,0.3378
C005104,Carrier C,Auto,Agent,2026-04-17,2026-04,,Open,0.0,4.11,,167.0,0.0,14.0,0,
C005105,Carrier A,Liability,Web,2026-05-31,2026-05,,Open,1.0,24.75,,123.0,0.0,14.0,0,
C005106,Carrier B,Property,Web,2026-08-25,2026-08,2026-09-04,Closed,0.0,15.59,10.0,37.0,5263.54,20.0,0,
C005107,Carrier B,Liability,Mobile,2026-08-09,2026-08,2026-08-20,Closed,0.0,5.9,11.0,53.0,10437.85,14.0,0,
C005108,Carrier A,Property,Web,2026-09-05,2026-09,2026-09-22,Closed,0.0,12.0,17.0,26.0,4716.78,20.0,1,0.4355
C005109,Carrier A,Property,Web,2026-05-04,2026-05,2026-05-17,Closed,0.0,10.34,13.0,150.0,3691.12,20.0,0,
C005110,Carrier B,Liability,Web,2026-05-05,2026-05,2026-05-06,Closed,0.0,4.77,1.0,149.0,8724.82,14.0,0,
C005111,Carrier A,Auto,Mobile,2026-05-20,2026-05,2026-05-29,Closed,1.0,27.71,9.0,134.0,3098.2,14.0,1,0.7689
C005112,Carrier C,Liability,Web,2026-09-22,2026-09,2026-09-26,Closed,0.0,1.99,4.0,9.0,1046.72,14.0,0,
C005113,Carrier C,Liability,Agent,2026-07-03,2026-07,2026-07-06,Closed,0.0,4.41,3.0,90.0,1331.45,14.0,0,
C005114,Carrier A,Property,Agent,2026-05-02,2026-05,2026-05-16,Closed,0.0,8.48,14.0,152.0,1862.95,20.0,1,0.9722
C005115,Carrier C,Liability,Agent,2026-08-16,2026-08,,Open,0.0,6.97,,46.0,0.0,14.0,1,0.8831
C005116,Carrier C,Auto,Agent,2026-08-14,2026-08,2026-08-21,Closed,0.0,13.27,7.0,48.0,1602.95,14.0,0,
C005117,Carrier B,Liability,Web,2026-06-02,2026-06,2026-06-04,Closed,0.0,6.21,2.0,121.0,5722.7,14.0,0,
C005118,Carrier B,Liability,Agent,2026-07-16,2026-07,2026-08-02,Closed,1.0,17.07,17.0,77.0,3826.56,14.0,0,
C005119,Carrier B,Property,Agent,2026-04-16,2026-04,2026-04-25,Closed,0.0,4.26,9.0,168.0,8192.55,20.0,1,0.7497
C005120,Carrier A,Property,Web,2026-06-27,2026-06,2026-07-07,Closed,0.0,15.34,10.0,96.0,1982.01,20.0,0,
C005121,Carrier B,Liability,Mobile,2026-06-12,2026-06,2026-06-19,Closed,0.0,10.13,7.0,111.0,3562.34,14.0,0,
C005122,Carrier A,Property,Agent,2026-05-23,2026-05,2026-06-13,Closed,0.0,16.17,21.0,131.0,907.66,20.0,0,
C005123,Carrier C,Auto,Agent,2026-08-22,2026-08,2026-08-25,Closed,0.0,3.95,3.0,40.0,4296.44,14.0,0,
C005124,Carrier A,Liability,Agent,2026-06-04,2026-06,2026-06-06,Closed,0.0,1.43,2.0,119.0,2133.23,14.0,0,
C005125,Carrier A,Auto,Mobile,2026-04-04,2026-04,2026-04-21,Closed,0.0,14.03,17.0,180.0,2025.48,14.0,0,
C005126,Carrier C,Auto,Web,2026-05-25,2026-05,2026-05-30,Closed,0.0,2.85,5.0,129.0,7029.95,14.0,0,
C005127,Carrier A,Auto,Agent,2026-05-25,2026-05,,Open,0.0,2.5,,129.0,0.0,14.0,1,0.1176
C005128,Carrier A,Liability,Web,2026-07-13,2026-07,,Open,0.0,9.5,,80.0,0.0,14.0,2,0.876
C005129,Carrier A,Property,Mobile,2026-05-28,2026-05,2026-06-08,Closed,0.0,14.54,11.0,126.0,2594.07,20.0,0,
C005130,Carrier B,Liability,Agent,2026-06-07,2026-06,2026-06-26,Closed,0.0,14.42,19.0,116.0,1408.92,14.0,0,
C005131,Carrier A,Liability,Agent,2026-04-12,2026-04,2026-04-28,Closed,0.0,6.41,16.0,172.0,8320.62,14.0,1,0.32
C005132,Carrier C,Liability,Web,2026-09-14,2026-09,,Open,0.0,10.01,,17.0,0.0,14.0,0,
C005133,Carrier C,Property,Web,2026-05-09,2026-05,2026-05-17,Closed,0.0,14.09,8.0,145.0,2946.08,20.0,0,
C005134,Carrier C,Liability,Web,2026-05-18,2026-05,,Open,0.0,5.13,,136.0,0.0,14.0,0,
C005135,Carrier A,Liability,Web,2026-08-29,2026-08,2026-09-06,Closed,0.0,13.71,8.0,33.0,16161.55,14.0,0,
C005136,Carrier B,Auto,Web,2026-09-05,2026-09,2026-09-09,Closed,0.0,14.0,4.0,26.0,3690.6,14.0,1,0.5168
C005137,Carrier A,Auto,Mobile,2026-09-21,2026-09,2026-10-01,Closed,1.0,26.42,10.0,10.0,7923.93,14.0,0,
C005138,Carrier C,Auto,Mobile,2026-07-02,2026-07,2026-07-17,Closed,0.0,2.79,15.0,91.0,7528.57,14.0,2,0.8043
C005139,Carrier A,Liability,Agent,2026-04-12,2026-04,2026-04-18,Closed,0.0,2.55,6.0,172.0,999.52,14.0,1,0.4463
C005140,Carrier C,Liability,Web,2026-06-04,2026-06,2026-06-07,Closed,0.0,3.29,3.0,119.0,1487.99,14.0,0,
C005141,Carrier C,Auto,Web,2026-08-11,2026-08,2026-08-17,Closed,0.0,17.22,6.0,51.0,5093.17,14.0,1,0.5417
C005142,Carrier A,Auto,Web,2026-09-27,2026-09,,Open,0.0,13.87,,4.0,0.0,14.0,0,
C005143,Carrier A,Auto,Agent,2026-06-06,2026-06,2026-06-15,Closed,0.0,3.78,9.0,117.0,1691.62,14.0,2,0.8894
C005144,Carrier C,Auto,Web,2026-05-18,2026-05,2026-05-26,Closed,0.0,5.26,8.0,136.0,10326.0,14.0,0,
C005145,Carrier C,Auto,Mobile,2026-04-06,2026-04,2026-04-08,Closed,0.0,6.71,2.0,178.0,2580.88,14.0,0,
C005146,Carrier B,Auto,Web,2026-08-02,2026-08,2026-08-06,Closed,0.0,9.66,4.0,60.0,2528.37,14.0,1,0.2157
C005147,Carrier A,Auto,Agent,2026-07-03,2026-07,2026-07-12,Closed,0.0,6.33,9.0,90.0,805.82,14.0,1,0.7366
C005148,Carrier C,Property,Web,2026-07-24,2026-07,2026-09-15,Closed,1.0,17.53,53.0,69.0,3261.06,20.0,0,
C005149,Carrier C,Liability,Web,2026-08-02,2026-08,2026-08-23,Closed,0.0,10.69,21.0,60.0,3836.5,14.0,0,
C005150,Carrier C,Liability,Web,2026-09-13,2026-09,2026-09-22,Closed,0.0,10.47,9.0,18.0,1801.28,14.0,0,
C005151,Carrier B,Auto,Agent,2026-09-29,2026-09,,Open,1.0,18.69,,2.0,0.0,14.0,1,0.9049
C005152,Carrier C,Property,Web,2026-05-22,2026-05,2026-06-02,Closed,0.0,1.05,11.0,132.0,7754.52,20.0,0,
C005153,Carrier A,Property,Agent,2026-05-20,2026-05,2026-06-02,Closed,0.0,16.1,13.0,134.0,2083.35,20.0,1,0.841
C005154,Carrier A,Auto,Web,2026-05-12,2026-05,2026-05-15,Closed,0.0,17.66,3.0,142.0,7921.25,14.0,0,
C005155,Carrier A,Property,Web,2026-04-20,2026-04,2026-04-29,Closed,0.0,3.19,9.0,164.0,1960.65,20.0,0,
C005156,Carrier A,Property,Web,2026-08-12,2026-08,2026-08-24,Closed,0.0,1.4,12.0,50.0,1010.28,20.0,0,
C005157,Carrier B,Liability,Mobile,2026-04-29,2026-04,2026-05-12,Closed,1.0,23.25,13.0,155.0,3773.34,14.0,0,
C005158,Carrier B,Liability,Mobile,2026-07-20,2026-07,2026-07-27,Closed,0.0,9.2,7.0,73.0,13977.53,14.0,0,
C005159,Carrier C,Liability,Agent,2026-08-02,2026-08,2026-08-14,Closed,0.0,8.51,12.0,60.0,1973.4,14.0,0,
C005160,Carrier B,Liability,Mobile,2026-08-16,2026-08,2026-08-18,Closed,0.0,4.4,2.0,46.0,5734.99,14.0,0,
C005161,Carrier A,Auto,Web,2026-09-16,2026-09,2026-10-01,Closed,1.0,25.09,15.0,15.0,2720.29,14.0,0,
C005162,Carrier A,Liability,Web,2026-07-01,2026-07,2026-07-08,Closed,0.0,14.27,7.0,92.0,2978.06,14.0,0,
C005163,Carrier B,Property,Mobile,2026-05-25,2026-05,2026-05-31,Closed,0.0,3.75,6.0,129.0,921.02,20.0,0,
C005164,Carrier C,Auto,Web,2026-06-17,2026-06,2026-06-29,Closed,0.0,3.65,12.0,106.0,1045.1,14.0,0,
C005165,Carrier A,Property,Agent,2026-07-04,2026-07,2026-07-25,Closed,1.0,25.08,21.0,89.0,999.81,20.0,1,0.9047
C005166,Carrier A,Auto,Web,2026-05-31,2026-05,2026-06-10,Closed,1.0,24.3,10.0,123.0,1095.14,14.0,0,
C005167,Carrier B,Property,Web,2026-08-26,2026-08,2026-09-04,Closed,0.0,16.23,9.0,36.0,1627.17,20.0,0,
C005168,Carrier B,Auto,Web,2026-09-19,2026-09,2026-09-26,Closed,0.0,5.05,7.0,12.0,7142.97,14.0,0,
C005169,Carrier C,Liability,Mobile,2026-07-05,2026-07,2026-07-20,Closed,1.0,20.79,15.0,88.0,1380.77,14.0,1,0.7873
C005170,Carrier C,Liability,Agent,2026-05-08,2026-05,2026-05-09,Closed,0.0,10.55,1.0,146.0,2459.01,14.0,0,
C005171,Carrier A,Auto,Agent,2026-07-15,2026-07,2026-07-20,Closed,0.0,10.26,5.0,78.0,2198.6,14.0,0,
C005172,Carrier B,Liability,Mobile,2026-06-27,2026-06,2026-06-30,Closed,0.0,1.27,3.0,96.0,19790.57,14.0,0,
C005173,Carrier B,Property,Mobile,2026-06-10,2026-06,2026-06-27,Closed,1.0,19.74,17.0,113.0,2407.75,20.0,2,0.8472
C005174,Carrier A,Liability,Agent,2026-07-04,2026-07,2026-07-09,Closed,0.0,9.6,5.0,89.0,2272.35,14.0,0,
C005175,Carrier C,Auto,Web,2026-08-12,2026-08,2026-08-24,Closed,1.0,11.19,12.0,50.0,3352.55,14.0,1,0.9274
C005176,Carrier B,Liability,Mobile,2026-06-09,2026-06,2026-06-21,Closed,0.0,12.02,12.0,114.0,2131.49,14.0,0,
C005177,Carrier A,Liability,Web,2026-04-01,2026-04,,Open,0.0,2.62,,183.0,0.0,14.0,0,
C005178,Carrier B,Liability,Agent,2026-08-18,2026-08,2026-09-13,Closed,0.0,12.5,26.0,44.0,1180.55,14.0,0,
C005179,Carrier B,Auto,Web,2026-08-10,2026-08,2026-08-13,Closed,0.0,10.84,3.0,52.0,1431.51,14.0,0,
C005180,Carrier B,Property,Web,2026-09-28,2026-09,,Open,0.0,3.62,,3.0,0.0,20.0,2,0.9558
C005181,Carrier B,Liability,Web,2026-07-10,2026-07,2026-07-11,Closed,0.0,6.93,1.0,83.0,11660.79,14.0,1,0.5033
C005182,Carrier C,Property,Mobile,2026-07-07,2026-07,,Open,1.0,14.61,,86.0,0.0,20.0,0,
C005183,Carrier C,Auto,Mobile,2026-08-22,2026-08,2026-09-05,Closed,1.0,23.57,14.0,40.0,3468.45,14.0,0,
C005184,Carrier C,Liability,Web,2026-08-25,2026-08,2026-08-27,Closed,0.0,1.8,2.0,37.0,1850.01,14.0,0,
C005185,Carrier A,Auto,Web,2026-05-05,2026-05,2026-05-16,Closed,0.0,14.61,11.0,149.0,3004.89,14.0,0,
C005186,Carrier B,Liability,Web,2026-08-02,2026-08,2026-08-10,Closed,0.0,4.39,8.0,60.0,2189.79,14.0,0,
C005187,Carrier A,Auto,Agent,2026-04-17,2026-04,2026-04-24,Closed,0.0,3.6,7.0,167.0,1848.95,14.0,0,
C005188,Carrier A,Auto,Web,2026-05-13,2026-05,2026-05-15,Closed,0.0,3.29,2.0,141.0,4476.75,14.0,0,
C005189,Carrier A,Auto,Agent,2026-06-02,2026-06,2026-06-16,Closed,0.0,15.95,14.0,121.0,2613.35,14.0,0,
C005190,Carrier C,Property,Web,2026-05-10,2026-05,2026-05-28,Closed,1.0,23.49,18.0,144.0,4085.25,20.0,0,
C005191,Carrier A,Property,Web,2026-07-19,2026-07,2026-08-13,Closed,0.0,5.85,25.0,74.0,4250.64,20.0,0,
C005192,Carrier B,Property,Web,2026-08-07,2026-08,2026-09-06,Closed,0.0,12.28,30.0,55.0,1825.48,20.0,1,0.9775
C005193,Carrier A,Liability,Agent,2026-09-05,2026-09,2026-09-29,Closed,1.0,16.31,24.0,26.0,5301.91,14.0,0,
C005194,Carrier A,Auto,Mobile,2026-06-02,2026-06,,Open,0.0,9.61,,121.0,0.0,14.0,1,0.8819
C005195,Carrier C,Liability,Web,2026-04-05,2026-04,2026-04-21,Closed,0.0,3.26,16.0,179.0,2525.45,14.0,1,0.4057
C005196,Carrier A,Property,Agent,2026-04-12,2026-04,2026-04-29,Closed,0.0,14.14,17.0,172.0,4542.16,20.0,0,
C005197,Carrier B,Liability,Web,2026-09-05,2026-09,2026-09-26,Closed,0.0,7.89,21.0,26.0,4024.5,14.0,1,0.8273
C005198,Carrier B,Property,Web,2026-07-13,2026-07,2026-07-23,Closed,0.0,14.81,10.0,80.0,1500.97,20.0,1,0.7575
C005199,Carrier C,Property,Mobile,2026-07-09,2026-07,2026-07-17,Closed,0.0,9.09,8.0,84.0,4893.08,20.0,0,
C005200,Carrier A,Liability,Web,2026-07-02,2026-07,2026-07-05,Closed,0.0,1.57,3.0,91.0,5544.56,14.0,0,
C005201,Carrier B,Auto,Agent,2026-04-26,2026-04,2026-05-04,Closed,0.0,4.28,8.0,158.0,4024.55,14.0,0,
C005202,Carrier B,Auto,Web,2026-08-17,2026-08,2026-08-23,Closed,0.0,15.41,6.0,45.0,2002.2,14.0,1,0.4312
C005203,Carrier A,Liability,Web,2026-09-24,2026-09,,Open,1.0,19.75,,7.0,0.0,14.0,0,
C005204,Carrier B,Auto,Mobile,2026-05-15,2026-05,2026-05-27,Closed,1.0,20.86,12.0,139.0,1942.32,14.0,0,
C005205,Carrier C,Property,Mobile,2026-08-15,2026-08,2026-09-03,Closed,1.0,25.75,19.0,47.0,4181.25,20.0,1,0.877
C005206,Carrier C,Auto,Web,2026-09-08,2026-09,2026-09-13,Closed,0.0,5.03,5.0,23.0,10433.15,14.0,0,
C005207,Carrier A,Liability,Web,2026-05-04,2026-05,2026-05-14,Closed,0.0,2.84,10.0,150.0,3229.33,14.0,1,0.7959
C005208,Carrier C,Liability,Mobile,2026-09-18,2026-09,2026-09-20,Closed,0.0,7.12,2.0,13.0,2665.8,14.0,0,
C005209,Carrier C,Property,Agent,2026-07-24,2026-07,2026-08-05,Closed,0.0,2.29,12.0,69.0,14562.35,20.0,0,
C005210,Carrier C,Property,Web,2026-09-05,2026-09,2026-09-19,Closed,0.0,12.35,14.0,26.0,5297.19,20.0,1,0.0949
C005211,Carrier C,Liability,Mobile,2026-06-16,2026-06,2026-06-20,Closed,0.0,3.63,4.0,107.0,7650.61,14.0,1,0.0476
C005212,Carrier C,Property,Mobile,2026-08-25,2026-08,2026-09-01,Closed,0.0,2.48,7.0,37.0,7500.51,20.0,1,0.9097
C005213,Carrier A,Property,Web,2026-05-20,2026-05,2026-06-02,Closed,1.0,14.06,13.0,134.0,5358.37,20.0,1,0.7694
C005214,Carrier B,Property,Mobile,2026-09-25,2026-09,,Open,0.0,7.96,,6.0,0.0,20.0,0,
C005215,Carrier A,Liability,Web,2026-07-16,2026-07,,Open,0.0,9.29,,77.0,0.0,14.0,1,0.7228
C005216,Carrier C,Liability,Web,2026-04-15,2026-04,,Open,0.0,16.29,,169.0,0.0,14.0,1,0.6127
C005217,Carrier A,Property,Agent,2026-07-12,2026-07,2026-08-03,Closed,1.0,14.1,22.0,81.0,2407.26,20.0,0,
C005218,Carrier B,Liability,Web,2026-05-15,2026-05,2026-05-19,Closed,0.0,10.98,4.0,139.0,4948.19,14.0,0,
C005219,Carrier B,Auto,Agent,2026-07-06,2026-07,2026-07-30,Closed,1.0,22.29,24.0,87.0,6173.32,14.0,0,
C005220,Carrier C,Liability,Agent,2026-06-01,2026-06,2026-06-09,Closed,0.0,10.7,8.0,122.0,5948.74,14.0,0,
C005221,Carrier C,Auto,Web,2026-06-16,2026-06,2026-06-29,Closed,0.0,2.33,13.0,107.0,1054.01,14.0,0,
C005222,Carrier C,Property,Web,2026-05-03,2026-05,2026-05-21,Closed,1.0,19.13,18.0,151.0,1892.11,20.0,0,
C005223,Carrier B,Liability,Web,2026-08-03,2026-08,2026-08-12,Closed,0.0,2.75,9.0,59.0,1659.8,14.0,1,0.0453
C005224,Carrier A,Liability,Agent,2026-09-29,2026-09,,Open,0.0,3.91,,2.0,0.0,14.0,0,
C005225,Carrier C,Property,Agent,2026-09-18,2026-09,,Open,0.0,6.53,,13.0,0.0,20.0,1,0.2861
C005226,Carrier B,Auto,Web,2026-06-21,2026-06,2026-06-25,Closed,0.0,17.93,4.0,102.0,10941.45,14.0,0,
C005227,Carrier C,Liability,Mobile,2026-08-21,2026-08,2026-08-27,Closed,0.0,2.92,6.0,41.0,3258.05,14.0,0,
C005228,Carrier C,Property,Web,2026-06-04,2026-06,,Open,0.0,13.83,,119.0,0.0,20.0,0,
C005229,Carrier A,Liability,Web,2026-04-26,2026-04,2026-05-06,Closed,0.0,6.32,10.0,158.0,8235.44,14.0,0,
C005230,Carrier B,Auto,Agent,2026-08-10,2026-08,2026-08-22,Closed,0.0,17.95,12.0,52.0,5095.66,14.0,0,
C005231,Carrier C,Auto,Agent,2026-09-14,2026-09,2026-09-16,Closed,0.0,5.14,2.0,17.0,1704.26,14.0,0,
C005232,Carrier A,Property,Mobile,2026-08-14,2026-08,2026-08-26,Closed,0.0,7.34,12.0,48.0,476.5,20.0,0,
C005233,Carrier C,Liability,Agent,2026-04-20,2026-04,2026-05-08,Closed,1.0,21.25,18.0,164.0,10300.58,14.0,0,
C005234,Carrier A,Auto,Agent,2026-09-09,2026-09,2026-09-17,Closed,0.0,9.47,8.0,22.0,2696.3,14.0,1,0.6792
C005235,Carrier C,Auto,Mobile,2026-05-04,2026-05,2026-05-21,Closed,0.0,10.34,17.0,150.0,2763.4,14.0,1,0.9829
C005236,Carrier C,Auto,Web,2026-07-03,2026-07,2026-07-11,Closed,0.0,17.08,8.0,90.0,1208.91,14.0,1,0.6297
C005237,Carrier A,Property,Web,2026-07-06,2026-07,2026-07-27,Closed,0.0,5.0,21.0,87.0,1019.37,20.0,0,
C005238,Carrier A,Auto,Mobile,2026-07-18,2026-07,2026-07-28,Closed,1.0,24.7,10.0,75.0,3797.56,14.0,0,
C005239,Carrier C,Property,Agent,2026-08-16,2026-08,,Open,0.0,2.76,,46.0,0.0,20.0,1,0.4771
C005240,Carrier A,Property,Mobile,2026-08-06,2026-08,2026-08-17,Closed,0.0,3.17,11.0,56.0,5702.19,20.0,0,
C005241,Carrier C,Property,Agent,2026-06-14,2026-06,2026-06-29,Closed,0.0,3.32,15.0,109.0,16082.74,20.0,0,
C005242,Carrier B,Auto,Mobile,2026-04-29,2026-04,2026-05-12,Closed,1.0,27.67,13.0,155.0,4439.41,14.0,2,0.2224
C005243,Carrier A,Property,Web,2026-05-20,2026-05,2026-05-29,Closed,0.0,1.05,9.0,134.0,5354.73,20.0,0,
C005244,Carrier C,Liability,Mobile,2026-04-26,2026-04,2026-05-03,Closed,0.0,4.98,7.0,158.0,2668.85,14.0,0,
C005245,Carrier C,Liability,Mobile,2026-06-21,2026-06,2026-07-20,Closed,1.0,15.87,29.0,102.0,6251.7,14.0,0,
C005246,Carrier C,Auto,Web,2026-08-28,2026-08,2026-09-03,Closed,0.0,10.63,6.0,34.0,460.64,14.0,0,
C005247,Carrier C,Liability,Web,2026-08-11,2026-08,2026-08-20,Closed,0.0,12.92,9.0,51.0,920.85,14.0,1,0.5871
C005248,Carrier B,Property,Agent,2026-06-05,2026-06,2026-06-24,Closed,0.0,3.29,19.0,118.0,1125.96,20.0,0,
C005249,Carrier C,Property,Web,2026-09-15,2026-09,2026-09-26,Closed,0.0,1.32,11.0,16.0,2417.21,20.0,1,0.44
C005250,Carrier A,Liability,Mobile,2026-06-30,2026-06,2026-07-13,Closed,1.0,20.19,13.0,93.0,275.56,14.0,0,
C005251,Carrier B,Liability,Web,2026-07-15,2026-07,2026-07-19,Closed,0.0,13.11,4.0,78.0,22670.27,14.0,0,
C005252,Carrier C,Liability,Agent,2026-08-14,2026-08,2026-08-20,Closed,0.0,4.89,6.0,48.0,1496.71,14.0,0,
C005253,Carrier C,Auto,Agent,2026-05-29,2026-05,2026-06-13,Closed,1.0,16.34,15.0,125.0,5596.01,14.0,0,
C005254,Carrier C,Auto,Mobile,2026-08-03,2026-08,2026-08-08,Closed,0.0,5.59,5.0,59.0,3084.41,14.0,1,0.1752
C005255,Carrier B,Auto,Mobile,2026-07-20,2026-07,,Open,0.0,10.16,,73.0,0.0,14.0,0,
C005256,Carrier B,Auto,Agent,2026-05-06,2026-05,,Open,0.0,14.84,,148.0,0.0,14.0,1,0.9721
C005257,Carrier C,Auto,Agent,2026-07-03,2026-07,2026-07-21,Closed,1.0,22.97,18.0,90.0,10291.17,14.0,0,
C005258,Carrier A,Liability,Agent,2026-06-22,2026-06,2026-06-25,Closed,0.0,13.5,3.0,101.0,4921.53,14.0,0,
C005259,Carrier A,Auto,Web,2026-05-29,2026-05,,Open,0.0,2.09,,125.0,0.0,14.0,0,
C005260,Carrier B,Property,Web,2026-07-23,2026-07,2026-08-07,Closed,1.0,25.01,15.0,70.0,3293.9,20.0,0,
C005261,Carrier A,Property,Mobile,2026-04-28,2026-04,2026-05-05,Closed,0.0,10.2,7.0,156.0,6989.5,20.0,1,0.8543
C005262,Carrier C,Property,Agent,2026-07-17,2026-07,,Open,0.0,1.29,,76.0,0.0,20.0,0,
C005263,Carrier C,Property,Agent,2026-07-03,2026-07,2026-07-12,Closed,0.0,17.8,9.0,90.0,3703.18,20.0,0,
C005264,Carrier C,Property,Web,2026-04-23,2026-04,2026-05-02,Closed,0.0,10.87,9.0,161.0,4345.6,20.0,0,
C005265,Carrier C,Liability,Web,2026-07-03,2026-07,2026-07-13,Closed,0.0,10.5,10.0,90.0,15434.35,14.0,0,
C005266,Carrier B,Liability,Web,2026-05-30,2026-05,2026-06-12,Closed,1.0,13.65,13.0,124.0,6403.43,14.0,0,
C005267,Carrier C,Property,Mobile,2026-08-05,2026-08,2026-08-18,Closed,0.0,5.45,13.0,57.0,2250.8,20.0,1,0.8304
C005268,Carrier A,Property,Agent,2026-05-31,2026-05,2026-06-11,Closed,0.0,1.64,11.0,123.0,1708.42,20.0,0,
C005269,Carrier C,Liability,Agent,2026-07-28,2026-07,2026-07-29,Closed,0.0,10.49,1.0,65.0,1022.29,14.0,0,
C005270,Carrier B,Property,Agent,2026-07-03,2026-07,2026-07-14,Closed,0.0,6.9,11.0,90.0,4799.63,20.0,0,
C005271,Carrier C,Auto,Agent,2026-04-21,2026-04,2026-04-23,Closed,0.0,11.41,2.0,163.0,9058.81,14.0,0,
C005272,Carrier A,Liability,Agent,2026-08-03,2026-08,2026-08-05,Closed,0.0,5.71,2.0,59.0,4358.3,14.0,0,
C005273,Carrier B,Property,Web,2026-08-13,2026-08,2026-08-29,Closed,0.0,2.5,16.0,49.0,3696.37,20.0,0,
C005274,Carrier C,Auto,Web,2026-06-26,2026-06,2026-06-27,Closed,0.0,13.67,1.0,97.0,4646.86,14.0,0,
C005275,Carrier B,Property,Agent,2026-08-01,2026-08,2026-08-29,Closed,1.0,26.89,28.0,61.0,18622.45,20.0,1,0.9117
C005276,Carrier B,Property,Web,2026-04-09,2026-04,2026-04-22,Closed,0.0,1.34,13.0,175.0,3266.8,20.0,0,
C005277,Carrier A,Property,Agent,2026-05-08,2026-05,2026-05-18,Closed,0.0,6.88,10.0,146.0,3216.03,20.0,0,
C005278,Carrier B,Liability,Mobile,2026-05-13,2026-05,2026-05-15,Closed,0.0,3.15,2.0,141.0,3579.83,14.0,0,
C005279,Carrier C,Auto,Mobile,2026-06-18,2026-06,,Open,0.0,17.28,,105.0,0.0,14.0,0,
C005280,Carrier A,Auto,Web,2026-08-19,2026-08,2026-09-05,Closed,0.0,6.97,17.0,43.0,1503.69,14.0,1,0.1745
C005281,Carrier C,Auto,Mobile,2026-06-17,2026-06,2026-07-03,Closed,1.0,19.68,16.0,106.0,802.98,14.0,0,
C005282,Carrier C,Liability,Agent,2026-09-17,2026-09,2026-09-25,Closed,0.0,1.74,8.0,14.0,3499.36,14.0,0,
C005283,Carrier B,Liability,Mobile,2026-04-04,2026-04,2026-04-18,Closed,1.0,16.03,14.0,180.0,2061.31,14.0,0,
C005284,Carrier A,Liability,Mobile,2026-07-19,2026-07,2026-07-30,Closed,1.0,23.0,11.0,74.0,1916.79,14.0,0,
C005285,Carrier C,Auto,Agent,2026-09-11,2026-09,2026-09-22,Closed,1.0,14.19,11.0,20.0,1417.49,14.0,0,
C005286,Carrier C,Liability,Mobile,2026-05-09,2026-05,2026-05-18,Closed,0.0,13.31,9.0,145.0,2857.74,14.0,0,
C005287,Carrier A,Auto,Agent,2026-06-26,2026-06,2026-07-01,Closed,0.0,12.81,5.0,97.0,2932.78,14.0,0,
C005288,Carrier B,Auto,Web,2026-05-21,2026-05,2026-06-03,Closed,0.0,3.04,13.0,133.0,1713.16,14.0,0,
C005289,Carrier C,Auto,Mobile,2026-06-06,2026-06,2026-06-11,Closed,0.0,2.25,5.0,117.0,8219.57,14.0,2,0.3271
C005290,Carrier C,Liability,Mobile,2026-09-18,2026-09,2026-09-27,Closed,0.0,13.57,9.0,13.0,3511.99,14.0,0,
C005291,Carrier A,Liability,Web,2026-06-10,2026-06,2026-06-23,Closed,0.0,2.58,13.0,113.0,1993.25,14.0,1,0.3365
C005292,Carrier C,Auto,Web,2026-07-20,2026-07,2026-07-22,Closed,0.0,1.79,2.0,73.0,3690.07,14.0,0,
C005293,Carrier C,Property,Web,2026-06-22,2026-06,2026-07-02,Closed,0.0,2.37,10.0,101.0,4486.05,20.0,0,
C005294,Carrier A,Auto,Web,2026-08-09,2026-08,2026-08-12,Closed,0.0,8.92,3.0,53.0,3938.04,14.0,0,
C005295,Carrier B,Liability,Mobile,2026-04-07,2026-04,2026-04-10,Closed,0.0,11.39,3.0,177.0,9230.56,14.0,0,
C005296,Carrier A,Property,Mobile,2026-09-29,2026-09,,Open,1.0,24.34,,2.0,0.0,20.0,0,
C005297,Carrier A,Auto,Mobile,2026-09-09,2026-09,2026-09-14,Closed,0.0,3.81,5.0,22.0,2633.69,14.0,0,
C005298,Carrier A,Auto,Agent,2026-07-04,2026-07,2026-07-15,Closed,0.0,5.07,11.0,89.0,8880.1,14.0,0,
C005299,Carrier C,Auto,Web,2026-05-25,2026-05,2026-05-30,Closed,0.0,17.63,5.0,129.0,1434.46,14.0,1,0.8339
C005300,Carrier A,Auto,Web,2026-06-26,2026-06,2026-07-04,Closed,0.0,12.67,8.0,97.0,5768.14,14.0,1,0.7759
C005301,Carrier C,Auto,Agent,2026-05-23,2026-05,2026-06-03,Closed,0.0,16.86,11.0,131.0,2210.97,14.0,2,0.4337
C005302,Carrier B,Property,Agent,2026-09-15,2026-09,,Open,0.0,12.6,,16.0,0.0,20.0,0,
C005303,Carrier B,Liability,Mobile,2026-05-13,2026-05,2026-05-15,Closed,0.0,10.96,2.0,141.0,1654.48,14.0,1,0.5061
C005304,Carrier C,Property,Agent,2026-09-05,2026-09,2026-09-28,Closed,0.0,16.11,23.0,26.0,3092.76,20.0,1,0.7312
C005305,Carrier C,Liability,Mobile,2026-04-22,2026-04,2026-05-04,Closed,1.0,24.83,12.0,162.0,1854.86,14.0,0,
C005306,Carrier A,Property,Agent,2026-08-17,2026-08,2026-08-31,Closed,0.0,1.55,14.0,45.0,15688.62,20.0,0,
C005307,Carrier B,Auto,Mobile,2026-04-07,2026-04,2026-04-16,Closed,0.0,1.95,9.0,177.0,3805.04,14.0,0,
C005308,Carrier A,Property,Web,2026-05-02,2026-05,2026-05-13,Closed,0.0,12.31,11.0,152.0,2666.58,20.0,0,
C005309,Carrier A,Liability,Web,2026-05-31,2026-05,2026-06-22,Closed,0.0,1.24,22.0,123.0,8050.97,14.0,1,0.1554
C005310,Carrier A,Auto,Mobile,2026-07-11,2026-07,,Open,0.0,5.53,,82.0,0.0,14.0,1,0.4169
C005311,Carrier B,Auto,Agent,2026-06-22,2026-06,2026-06-29,Closed,0.0,3.39,7.0,101.0,1704.36,14.0,0,
C005312,Carrier C,Liability,Web,2026-09-29,2026-09,,Open,0.0,13.62,,2.0,0.0,14.0,1,0.2747
C005313,Carrier C,Auto,Agent,2026-09-26,2026-09,2026-09-29,Closed,0.0,8.33,3.0,5.0,1479.53,14.0,0,
C005314,Carrier A,Property,Web,2026-05-11,2026-05,2026-05-18,Closed,0.0,4.34,7.0,143.0,5053.57,20.0,0,
C005315,Carrier B,Auto,Agent,2026-06-22,2026-06,2026-06-27,Closed,0.0,12.77,5.0,101.0,6342.47,14.0,0,
C005316,Carrier B,Property,Agent,2026-06-30,2026-06,2026-07-14,Closed,0.0,8.02,14.0,93.0,9995.33,20.0,1,0.8461
C005317,Carrier C,Liability,Mobile,2026-08-05,2026-08,2026-08-10,Closed,0.0,10.57,5.0,57.0,2349.88,14.0,0,
C005318,Carrier B,Auto,Mobile,2026-08-08,2026-08,2026-08-19,Closed,0.0,14.57,11.0,54.0,4584.21,14.0,0,
C005319,Carrier B,Liability,Agent,2026-08-27,2026-08,,Open,0.0,9.3,,35.0,0.0,14.0,1,0.0299
C005320,Carrier C,Property,Web,2026-08-31,2026-08,2026-09-18,Closed,0.0,15.27,18.0,31.0,3024.64,20.0,1,0.5944
C005321,Carrier A,Auto,Web,2026-08-08,2026-08,2026-08-09,Closed,0.0,10.24,1.0,54.0,3488.99,14.0,1,0.8448
C005322,Carrier B,Liability,Agent,2026-06-10,2026-06,2026-06-15,Closed,0.0,4.83,5.0,113.0,1984.89,14.0,0,
C005323,Carrier A,Liability,Web,2026-04-07,2026-04,2026-04-20,Closed,0.0,16.01,13.0,177.0,2585.1,14.0,0,
C005324,Carrier C,Auto,Agent,2026-04-03,2026-04,2026-04-12,Closed,1.0,16.25,9.0,181.0,2788.4,14.0,0,
C005325,Carrier C,Property,Agent,2026-06-09,2026-06,,Open,0.0,10.2,,114.0,0.0,20.0,0,
C005326,Carrier A,Property,Web,2026-09-12,2026-09,2026-09-21,Closed,0.0,16.5,9.0,19.0,3514.06,20.0,0,
C005327,Carrier A,Liability,Web,2026-07-18,2026-07,2026-07-26,Closed,0.0,1.66,8.0,75.0,1916.05,14.0,0,
C005328,Carrier B,Liability,Agent,2026-06-08,2026-06,,Open,0.0,16.28,,115.0,0.0,14.0,1,0.0393
C005329,Carrier C,Liability,Web,2026-09-02,2026-09,2026-09-10,Closed,0.0,15.76,8.0,29.0,2882.5,14.0,1,0.0064
C005330,Carrier C,Auto,Mobile,2026-06-25,2026-06,2026-06-27,Closed,0.0,1.98,2.0,98.0,2193.18,14.0,1,0.8886
C005331,Carrier C,Auto,Agent,2026-07-09,2026-07,2026-07-13,Closed,0.0,3.78,4.0,84.0,2994.72,14.0,0,
C005332,Carrier B,Property,Agent,2026-05-11,2026-05,2026-05-17,Closed,0.0,15.22,6.0,143.0,3700.85,20.0,0,
C005333,Carrier C,Auto,Web,2026-08-04,2026-08,2026-08-07,Closed,0.0,17.62,3.0,58.0,2030.74,14.0,2,0.9769
C005334,Carrier C,Liability,Mobile,2026-09-29,2026-09,,Open,1.0,11.88,,2.0,0.0,14.0,0,
C005335,Carrier B,Auto,Agent,2026-07-26,2026-07,2026-07-29,Closed,0.0,8.7,3.0,67.0,4678.93,14.0,0,
C005336,Carrier B,Liability,Mobile,2026-05-03,2026-05,2026-05-09,Closed,0.0,5.66,6.0,151.0,7721.56,14.0,0,
C005337,Carrier A,Property,Mobile,2026-06-09,2026-06,2026-06-17,Closed,0.0,6.63,8.0,114.0,2926.21,20.0,0,
C005338,Carrier A,Auto,Agent,2026-04-21,2026-04,2026-04-25,Closed,0.0,15.25,4.0,163.0,958.5,14.0,1,0.6278
C005339,Carrier A,Auto,Agent,2026-05-26,2026-05,2026-05-30,Closed,0.0,12.8,4.0,128.0,5298.37,14.0,0,
C005340,Carrier A,Property,Mobile,2026-09-16,2026-09,2026-09-24,Closed,0.0,10.08,8.0,15.0,7323.69,20.0,0,
C005341,Carrier A,Auto,Web,2026-06-03,2026-06,2026-06-18,Closed,1.0,21.69,15.0,120.0,6090.87,14.0,1,0.4585
C005342,Carrier C,Liability,Web,2026-06-13,2026-06,2026-06-18,Closed,0.0,10.21,5.0,110.0,6032.58,14.0,3,0.8663
C005343,Carrier A,Liability,Agent,2026-04-09,2026-04,2026-04-22,Closed,0.0,14.68,13.0,175.0,1924.22,14.0,0,
C005344,Carrier A,Auto,Web,2026-04-17,2026-04,2026-05-11,Closed,1.0,23.74,24.0,167.0,4355.87,14.0,0,
C005345,Carrier A,Liability,Mobile,2026-09-08,2026-09,2026-09-19,Closed,1.0,11.37,11.0,23.0,7257.9,14.0,0,
C005346,Carrier C,Property,Mobile,2026-07-21,2026-07,2026-08-02,Closed,0.0,6.95,12.0,72.0,2981.99,20.0,2,0.3952
C005347,Carrier B,Liability,Agent,2026-09-21,2026-09,2026-09-24,Closed,0.0,5.74,3.0,10.0,1740.62,14.0,0,
C005348,Carrier B,Liability,Web,2026-08-17,2026-08,2026-08-18,Closed,0.0,3.2,1.0,45.0,3999.1,14.0,0,
C005349,Carrier A,Auto,Mobile,2026-04-11,2026-04,2026-04-19,Closed,0.0,9.73,8.0,173.0,6580.28,14.0,0,
C005350,Carrier B,Property,Mobile,2026-05-16,2026-05,2026-06-06,Closed,1.0,20.83,21.0,138.0,1950.42,20.0,1,0.128
C005351,Carrier C,Liability,Mobile,2026-08-07,2026-08,2026-08-16,Closed,0.0,15.37,9.0,55.0,4756.84,14.0,0,
C005352,Carrier B,Property,Agent,2026-09-12,2026-09,2026-09-18,Closed,0.0,8.65,6.0,19.0,2494.76,20.0,0,
C005353,Carrier B,Auto,Mobile,2026-04-23,2026-04,2026-05-04,Closed,1.0,15.19,11.0,161.0,3943.68,14.0,0,
C005354,Carrier C,Property,Agent,2026-04-21,2026-04,2026-05-10,Closed,0.0,1.55,19.0,163.0,13411.65,20.0,1,0.3483
C005355,Carrier A,Property,Web,2026-04-30,2026-04,2026-05-21,Closed,1.0,17.72,21.0,154.0,3432.92,20.0,0,
C005356,Carrier B,Auto,Agent,2026-05-30,2026-05,2026-06-11,Closed,0.0,5.04,12.0,124.0,3039.32,14.0,0,
C005357,Carrier B,Auto,Mobile,2026-05-21,2026-05,2026-05-27,Closed,0.0,11.92,6.0,133.0,7421.97,14.0,0,
C005358,Carrier B,Property,Web,2026-05-15,2026-05,2026-05-26,Closed,0.0,11.25,11.0,139.0,2788.3,20.0,1,0.0697
C005359,Carrier B,Liability,Mobile,2026-08-11,2026-08,2026-08-24,Closed,1.0,16.25,13.0,51.0,7056.22,14.0,1,0.0735
C005360,Carrier C,Liability,Web,2026-09-02,2026-09,2026-09-11,Closed,0.0,1.47,9.0,29.0,5847.11,14.0,1,0.1442
C005361,Carrier C,Auto,Web,2026-04-27,2026-04,2026-05-09,Closed,0.0,17.89,12.0,157.0,5933.06,14.0,0,
C005362,Carrier A,Property,Agent,2026-06-19,2026-06,2026-07-07,Closed,0.0,2.03,18.0,104.0,4091.63,20.0,0,
C005363,Carrier C,Property,Agent,2026-06-24,2026-06,2026-07-14,Closed,1.0,18.58,20.0,99.0,12490.47,20.0,1,0.9284
C005364,Carrier A,Liability,Agent,2026-06-11,2026-06,2026-06-17,Closed,0.0,8.52,6.0,112.0,2191.65,14.0,0,
C005365,Carrier A,Property,Web,2026-07-02,2026-07,2026-07-19,Closed,0.0,14.82,17.0,91.0,7149.57,20.0,0,
C005366,Carrier B,Auto,Agent,2026-05-08,2026-05,2026-05-16,Closed,0.0,7.58,8.0,146.0,4306.92,14.0,0,
C005367,Carrier A,Auto,Web,2026-04-17,2026-04,2026-04-27,Closed,0.0,5.19,10.0,167.0,7512.83,14.0,0,
C005368,Carrier A,Property,Web,2026-07-07,2026-07,2026-07-14,Closed,0.0,4.79,7.0,86.0,3455.13,20.0,1,0.8264
C005369,Carrier B,Auto,Mobile,2026-06-25,2026-06,2026-06-28,Closed,0.0,15.26,3.0,98.0,2226.11,14.0,0,
C005370,Carrier A,Property,Agent,2026-07-04,2026-07,2026-07-21,Closed,0.0,8.92,17.0,89.0,12590.99,20.0,2,0.1322
C005371,Carrier B,Property,Web,2026-06-13,2026-06,2026-06-24,Closed,0.0,11.44,11.0,110.0,468.63,20.0,1,0.2898
C005372,Carrier A,Liability,Mobile,2026-04-26,2026-04,2026-05-04,Closed,1.0,15.73,8.0,158.0,2744.73,14.0,1,0.1743
C005373,Carrier A,Property,Web,2026-08-19,2026-08,2026-08-31,Closed,0.0,1.42,12.0,43.0,4898.03,20.0,1,0.0808
C005374,Carrier A,Auto,Agent,2026-05-20,2026-05,2026-06-06,Closed,0.0,15.75,17.0,134.0,1350.36,14.0,0,
C005375,Carrier A,Auto,Mobile,2026-06-07,2026-06,2026-06-23,Closed,1.0,15.38,16.0,116.0,2834.57,14.0,0,
C005376,Carrier A,Auto,Agent,2026-09-04,2026-09,2026-09-09,Closed,0.0,4.86,5.0,27.0,1627.05,14.0,0,
C005377,Carrier A,Auto,Mobile,2026-08-15,2026-08,2026-08-25,Closed,1.0,25.23,10.0,47.0,9918.85,14.0,0,
C005378,Carrier B,Liability,Web,2026-08-15,2026-08,2026-08-29,Closed,0.0,8.19,14.0,47.0,8917.47,14.0,0,
C005379,Carrier A,Property,Mobile,2026-09-27,2026-09,,Open,1.0,26.93,,4.0,0.0,20.0,0,
C005380,Carrier C,Property,Mobile,2026-09-23,2026-09,,Open,0.0,16.33,,8.0,0.0,20.0,1,0.3468
C005381,Carrier B,Auto,Agent,2026-04-03,2026-04,2026-04-25,Closed,0.0,15.22,22.0,181.0,3284.98,14.0,0,
C005382,Carrier B,Liability,Web,2026-08-20,2026-08,2026-08-31,Closed,0.0,3.47,11.0,42.0,995.76,14.0,0,
C005383,Carrier B,Auto,Web,2026-07-03,2026-07,2026-07-06,Closed,0.0,17.81,3.0,90.0,4578.32,14.0,0,
C005384,Carrier A,Property,Web,2026-05-28,2026-05,,Open,0.0,11.36,,126.0,0.0,20.0,1,0.7135
C005385,Carrier A,Auto,Mobile,2026-04-16,2026-04,2026-05-05,Closed,0.0,12.76,19.0,168.0,4441.74,14.0,0,
C005386,Carrier C,Property,Agent,2026-06-24,2026-06,2026-07-08,Closed,0.0,8.11,14.0,99.0,1656.11,20.0,0,
C005387,Carrier B,Liability,Mobile,2026-04-04,2026-04,2026-04-15,Closed,1.0,26.16,11.0,180.0,1716.06,14.0,0,
C005388,Carrier C,Auto,Mobile,2026-07-29,2026-07,2026-08-14,Closed,0.0,11.49,16.0,64.0,1148.19,14.0,0,
C005389,Carrier A,Property,Mobile,2026-05-22,2026-05,2026-06-18,Closed,0.0,13.8,27.0,132.0,4033.55,20.0,0,
C005390,Carrier A,Liability,Web,2026-05-17,2026-05,2026-05-30,Closed,0.0,5.99,13.0,137.0,2136.42,14.0,1,0.292
C005391,Carrier B,Property,Agent,2026-08-15,2026-08,2026-09-01,Closed,1.0,12.76,17.0,47.0,2694.05,20.0,0,
C005392,Carrier B,Property,Agent,2026-06-14,2026-06,2026-06-22,Closed,0.0,16.49,8.0,109.0,2792.38,20.0,1,0.7813
C005393,Carrier C,Liability,Web,2026-09-18,2026-09,2026-09-24,Closed,0.0,2.84,6.0,13.0,1960.1,14.0,1,0.2998
C005394,Carrier C,Auto,Web,2026-09-24,2026-09,,Open,0.0,3.99,,7.0,0.0,14.0,0,
C005395,Carrier C,Property,Web,2026-08-04,2026-08,2026-09-02,Closed,1.0,17.6,29.0,58.0,4031.3,20.0,1,0.0228
C005396,Carrier C,Auto,Agent,2026-05-18,2026-05,2026-05-26,Closed,0.0,14.53,8.0,136.0,1583.47,14.0,1,0.8394
C005397,Carrier B,Liability,Mobile,2026-09-22,2026-09,,Open,0.0,1.06,,9.0,0.0,14.0,0,
C005398,Carrier B,Liability,Agent,2026-06-20,2026-06,2026-06-26,Closed,0.0,16.61,6.0,103.0,2687.2,14.0,0,
C005399,Carrier C,Liability,Web,2026-06-26,2026-06,2026-07-06,Closed,1.0,17.18,10.0,97.0,13087.41,14.0,2,0.523
C005400,Carrier C,Auto,Web,2026-05-09,2026-05,2026-05-15,Closed,0.0,3.49,6.0,145.0,707.21,14.0,1,0.7188
C005401,Carrier B,Property,Agent,2026-09-18,2026-09,,Open,0.0,11.02,,13.0,0.0,20.0,0,
C005402,Carrier C,Liability,Web,2026-08-03,2026-08,2026-08-05,Closed,0.0,1.92,2.0,59.0,2530.32,14.0,0,
C005403,Carrier B,Auto,Agent,2026-06-14,2026-06,2026-06-19,Closed,0.0,4.56,5.0,109.0,12772.75,14.0,0,
C005404,Carrier B,Auto,Agent,2026-08-12,2026-08,2026-08-23,Closed,0.0,4.14,11.0,50.0,24688.7,14.0,1,0.285
C005405,Carrier A,Auto,Agent,2026-04-01,2026-04,2026-04-08,Closed,0.0,9.79,7.0,183.0,1779.59,14.0,0,
C005406,Carrier C,Property,Web,2026-05-22,2026-05,2026-06-16,Closed,0.0,12.59,25.0,132.0,7630.16,20.0,1,0.3486
C005407,Carrier B,Property,Web,2026-07-25,2026-07,2026-08-02,Closed,0.0,8.77,8.0,68.0,1353.09,20.0,0,
C005408,Carrier A,Liability,Agent,2026-09-22,2026-09,2026-09-26,Closed,0.0,2.66,4.0,9.0,3230.99,14.0,0,
C005409,Carrier B,Liability,Agent,2026-06-14,2026-06,2026-07-05,Closed,0.0,2.44,21.0,109.0,1582.34,14.0,0,
C005410,Carrier B,Property,Agent,2026-04-15,2026-04,2026-04-28,Closed,0.0,14.35,13.0,169.0,1753.75,20.0,2,0.7309
C005411,Carrier C,Liability,Agent,2026-04-10,2026-04,2026-04-20,Closed,1.0,14.82,10.0,174.0,958.27,14.0,0,
C005412,Carrier C,Property,Agent,2026-06-28,2026-06,2026-07-13,Closed,0.0,15.39,15.0,95.0,13414.98,20.0,0,
C005413,Carrier A,Auto,Mobile,2026-05-18,2026-05,2026-06-11,Closed,1.0,21.9,24.0,136.0,9239.88,14.0,0,
C005414,Carrier C,Auto,Agent,2026-05-09,2026-05,2026-05-15,Closed,0.0,13.76,6.0,145.0,3224.85,14.0,2,0.6826
C005415,Carrier B,Liability,Agent,2026-05-04,2026-05,2026-05-15,Closed,0.0,14.46,11.0,150.0,10033.03,14.0,0,
C005416,Carrier A,Auto,Agent,2026-09-07,2026-09,2026-09-14,Closed,0.0,6.66,7.0,24.0,4454.77,14.0,1,0.745
C005417,Carrier A,Auto,Web,2026-08-19,2026-08,2026-09-02,Closed,0.0,5.68,14.0,43.0,4572.21,14.0,0,
C005418,Carrier C,Liability,Web,2026-06-30,2026-06,2026-07-13,Closed,0.0,8.15,13.0,93.0,5786.77,14.0,0,
C005419,Carrier B,Liability,Agent,2026-05-29,2026-05,2026-06-04,Closed,0.0,1.79,6.0,125.0,4685.6,14.0,0,
C005420,Carrier B,Auto,Agent,2026-08-18,2026-08,,Open,0.0,1.75,,44.0,0.0,14.0,0,
C005421,Carrier C,Auto,Agent,2026-07-16,2026-07,2026-08-03,Closed,0.0,6.02,18.0,77.0,10561.69,14.0,2,0.7
C005422,Carrier C,Property,Web,2026-06-16,2026-06,2026-06-24,Closed,0.0,9.97,8.0,107.0,8443.74,20.0,1,0.335
C005423,Carrier A,Auto,Agent,2026-09-23,2026-09,,Open,0.0,14.36,,8.0,0.0,14.0,0,
C005424,Carrier A,Liability,Agent,2026-08-06,2026-08,2026-08-12,Closed,0.0,4.49,6.0,56.0,12290.63,14.0,0,
C005425,Carrier C,Auto,Agent,2026-08-15,2026-08,,Open,0.0,13.4,,47.0,0.0,14.0,2,0.5842
C005426,Carrier A,Auto,Mobile,2026-05-05,2026-05,2026-05-10,Closed,0.0,5.07,5.0,149.0,1783.6,14.0,0,
C005427,Carrier A,Liability,Agent,2026-09-29,2026-09,,Open,0.0,15.17,,2.0,0.0,14.0,0,
C005428,Carrier B,Auto,Agent,2026-09-23,2026-09,2026-09-26,Closed,0.0,11.07,3.0,8.0,1738.04,14.0,0,
C005429,Carrier A,Liability,Agent,2026-06-08,2026-06,2026-06-13,Closed,0.0,2.02,5.0,115.0,4273.12,14.0,1,0.2685
C005430,Carrier A,Liability,Agent,2026-07-28,2026-07,2026-08-10,Closed,0.0,15.89,13.0,65.0,3659.98,14.0,0,
C005431,Carrier C,Liability,Mobile,2026-09-03,2026-09,2026-09-13,Closed,1.0,12.2,10.0,28.0,2456.07,14.0,1,0.5647
C005432,Carrier B,Property,Web,2026-04-02,2026-04,2026-04-08,Closed,0.0,7.87,6.0,182.0,4586.84,20.0,0,
C005433,Carrier C,Auto,Mobile,2026-06-06,2026-06,2026-06-17,Closed,0.0,5.48,11.0,117.0,11364.33,14.0,1,0.4773
C005434,Carrier C,Liability,Mobile,2026-06-11,2026-06,2026-06-25,Closed,0.0,8.85,14.0,112.0,2043.45,14.0,1,0.1871
C005435,Carrier B,Auto,Mobile,2026-08-07,2026-08,2026-08-09,Closed,0.0,12.21,2.0,55.0,933.57,14.0,0,
C005436,Carrier C,Liability,Web,2026-04-13,2026-04,2026-04-17,Closed,0.0,4.54,4.0,171.0,3202.12,14.0,0,
C005437,Carrier B,Liability,Mobile,2026-06-05,2026-06,2026-06-20,Closed,1.0,18.67,15.0,118.0,7697.55,14.0,1,0.2948
C005438,Carrier C,Property,Web,2026-07-07,2026-07,2026-07-15,Closed,0.0,10.77,8.0,86.0,5194.79,20.0,1,0.3317
C005439,Carrier C,Property,Agent,2026-08-10,2026-08,2026-08-22,Closed,0.0,17.63,12.0,52.0,5390.55,20.0,0,
C005440,Carrier A,Property,Mobile,2026-05-06,2026-05,2026-06-05,Closed,1.0,22.03,30.0,148.0,2801.83,20.0,1,0.3504
C005441,Carrier C,Liability,Mobile,2026-04-28,2026-04,2026-05-07,Closed,0.0,3.67,9.0,156.0,934.12,14.0,0,
C005442,Carrier A,Auto,Web,2026-05-16,2026-05,2026-05-17,Closed,0.0,12.08,1.0,138.0,6615.68,14.0,0,
C005443,Carrier B,Auto,Agent,2026-06-17,2026-06,2026-06-19,Closed,0.0,10.39,2.0,106.0,1787.95,14.0,0,
C005444,Carrier B,Auto,Web,2026-05-18,2026-05,2026-05-31,Closed,1.0,27.32,13.0,136.0,2106.58,14.0,2,0.8137
C005445,Carrier B,Auto,Agent,2026-08-13,2026-08,2026-08-26,Closed,0.0,13.4,13.0,49.0,4726.91,14.0,1,0.8136
C005446,Carrier C,Liability,Mobile,2026-06-21,2026-06,2026-06-23,Closed,0.0,16.1,2.0,102.0,4311.8,14.0,0,
C005447,Carrier B,Auto,Agent,2026-05-06,2026-05,2026-05-11,Closed,0.0,8.81,5.0,148.0,4171.26,14.0,0,
C005448,Carrier A,Liability,Web,2026-07-17,2026-07,2026-07-24,Closed,0.0,17.26,7.0,76.0,1728.86,14.0,0,
C005449,Carrier A,Liability,Mobile,2026-09-02,2026-09,2026-10-01,Closed,0.0,13.74,29.0,29.0,3040.15,14.0,1,0.4816
C005450,Carrier B,Liability,Web,2026-06-20,2026-06,2026-07-05,Closed,0.0,11.01,15.0,103.0,5991.29,14.0,0,
C005451,Carrier A,Liability,Agent,2026-08-16,2026-08,,Open,0.0,1.55,,46.0,0.0,14.0,0,
C005452,Carrier A,Property,Web,2026-06-02,2026-06,2026-06-10,Closed,0.0,9.74,8.0,121.0,2080.24,20.0,0,
C005453,Carrier A,Liability,Web,2026-09-14,2026-09,,Open,0.0,10.89,,17.0,0.0,14.0,2,0.9938
C005454,Carrier B,Property,Mobile,2026-04-24,2026-04,2026-05-14,Closed,1.0,22.22,20.0,160.0,3134.81,20.0,0,
C005455,Carrier B,Property,Mobile,2026-06-04,2026-06,2026-07-09,Closed,0.0,15.23,35.0,119.0,4266.48,20.0,0,
C005456,Carrier B,Auto,Mobile,2026-07-24,2026-07,2026-07-26,Closed,0.0,13.89,2.0,69.0,1369.16,14.0,0,
C005457,Carrier A,Liability,Web,2026-04-08,2026-04,2026-04-29,Closed,0.0,3.97,21.0,176.0,2918.95,14.0,0,
C005458,Carrier A,Property,Agent,2026-09-02,2026-09,2026-09-11,Closed,0.0,9.24,9.0,29.0,6722.33,20.0,0,
C005459,Carrier A,Auto,Mobile,2026-04-06,2026-04,2026-04-08,Closed,0.0,9.89,2.0,178.0,3225.31,14.0,0,
C005460,Carrier B,Liability,Mobile,2026-09-08,2026-09,2026-09-18,Closed,0.0,8.57,10.0,23.0,2101.63,14.0,0,
C005461,Carrier C,Auto,Agent,2026-09-30,2026-09,,Open,0.0,3.97,,1.0,0.0,14.0,0,
C005462,Carrier B,Liability,Web,2026-07-28,2026-07,,Open,0.0,8.55,,65.0,0.0,14.0,1,0.3607
C005463,Carrier A,Property,Web,2026-04-12,2026-04,2026-04-21,Closed,0.0,13.42,9.0,172.0,5973.23,20.0,0,
C005464,Carrier B,Liability,Agent,2026-04-26,2026-04,2026-04-30,Closed,0.0,12.53,4.0,158.0,2990.86,14.0,0,
C005465,Carrier C,Auto,Web,2026-06-28,2026-06,2026-07-15,Closed,1.0,27.0,17.0,95.0,1109.12,14.0,0,
C005466,Carrier B,Liability,Mobile,2026-09-03,2026-09,2026-09-14,Closed,1.0,11.78,11.0,28.0,10872.4,14.0,0,
C005467,Carrier C,Liability,Mobile,2026-04-17,2026-04,2026-04-19,Closed,0.0,6.28,2.0,167.0,2291.9,14.0,0,
C005468,Carrier C,Liability,Agent,2026-05-06,2026-05,2026-05-18,Closed,0.0,9.96,12.0,148.0,3123.9,14.0,0,
C005469,Carrier C,Property,Web,2026-04-15,2026-04,2026-04-29,Closed,0.0,16.69,14.0,169.0,8754.73,20.0,0,
C005470,Carrier A,Liability,Web,2026-05-24,2026-05,2026-05-25,Closed,0.0,16.2,1.0,130.0,11543.12,14.0,0,
C005471,Carrier B,Property,Mobile,2026-08-19,2026-08,2026-09-06,Closed,1.0,21.05,18.0,43.0,5773.05,20.0,1,0.9632
C005472,Carrier C,Auto,Agent,2026-06-13,2026-06,2026-06-26,Closed,0.0,15.46,13.0,110.0,1123.87,14.0,0,
C005473,Carrier B,Property,Web,2026-04-09,2026-04,2026-04-24,Closed,0.0,2.88,15.0,175.0,2481.24,20.0,0,
C005474,Carrier C,Liability,Web,2026-07-29,2026-07,2026-08-03,Closed,0.0,5.68,5.0,64.0,4489.93,14.0,0,
C005475,Carrier B,Liability,Mobile,2026-05-27,2026-05,,Open,0.0,1.43,,127.0,0.0,14.0,0,
C005476,Carrier C,Liability,Web,2026-08-25,2026-08,2026-09-02,Closed,0.0,10.26,8.0,37.0,3790.36,14.0,1,0.3177
C005477,Carrier A,Auto,Mobile,2026-04-19,2026-04,2026-05-09,Closed,1.0,26.12,20.0,165.0,3280.87,14.0,0,
C005478,Carrier A,Property,Web,2026-09-25,2026-09,,Open,0.0,7.7,,6.0,0.0,20.0,0,
C005479,Carrier B,Auto,Mobile,2026-04-28,2026-04,2026-04-30,Closed,0.0,8.87,2.0,156.0,2269.16,14.0,1,0.408
C005480,Carrier C,Auto,Agent,2026-09-15,2026-09,2026-09-18,Closed,0.0,2.09,3.0,16.0,2504.39,14.0,0,
C005481,Carrier C,Auto,Mobile,2026-09-07,2026-09,2026-09-09,Closed,0.0,4.99,2.0,24.0,3318.73,14.0,0,
C005482,Carrier A,Auto,Agent,2026-05-23,2026-05,2026-06-01,Closed,0.0,11.42,9.0,131.0,14120.81,14.0,1,0.0454
C005483,Carrier C,Liability,Mobile,2026-07-09,2026-07,2026-07-10,Closed,0.0,8.54,1.0,84.0,14171.94,14.0,1,0.1341
C005484,Carrier C,Liability,Web,2026-07-10,2026-07,2026-07-16,Closed,0.0,9.18,6.0,83.0,1990.77,14.0,0,
C005485,Carrier B,Liability,Web,2026-08-31,2026-08,2026-09-07,Closed,0.0,13.59,7.0,31.0,850.85,14.0,1,0.194
C005486,Carrier B,Property,Web,2026-08-23,2026-08,2026-09-08,Closed,0.0,10.45,16.0,39.0,6292.9,20.0,0,
C005487,Carrier C,Auto,Mobile,2026-09-25,2026-09,2026-09-28,Closed,0.0,16.94,3.0,6.0,2922.46,14.0,0,
C005488,Carrier A,Liability,Agent,2026-07-04,2026-07,2026-07-18,Closed,1.0,12.99,14.0,89.0,3945.36,14.0,0,
C005489,Carrier A,Liability,Agent,2026-05-31,2026-05,2026-06-08,Closed,0.0,7.73,8.0,123.0,1836.75,14.0,0,
C005490,Carrier B,Property,Web,2026-07-08,2026-07,2026-08-05,Closed,0.0,17.55,28.0,85.0,7586.7,20.0,0,
C005491,Carrier C,Liability,Mobile,2026-07-27,2026-07,2026-08-06,Closed,1.0,17.9,10.0,66.0,4278.53,14.0,1,0.3186
C005492,Carrier C,Property,Web,2026-07-03,2026-07,2026-07-19,Closed,0.0,7.21,16.0,90.0,2449.19,20.0,0,
C005493,Carrier A,Liability,Web,2026-07-03,2026-07,2026-07-13,Closed,1.0,18.09,10.0,90.0,4220.04,14.0,1,0.4042
C005494,Carrier A,Auto,Mobile,2026-09-02,2026-09,2026-09-16,Closed,1.0,22.64,14.0,29.0,6557.4,14.0,1,0.7889
C005495,Carrier A,Liability,Web,2026-08-06,2026-08,2026-08-11,Closed,0.0,14.29,5.0,56.0,1147.63,14.0,0,
C005496,Carrier A,Liability,Agent,2026-08-13,2026-08,2026-08-24,Closed,0.0,1.06,11.0,49.0,1025.08,14.0,1,0.0035
C005497,Carrier C,Property,Agent,2026-09-15,2026-09,2026-09-22,Closed,0.0,7.57,7.0,16.0,8454.65,20.0,0,
C005498,Carrier A,Property,Web,2026-06-29,2026-06,2026-07-14,Closed,0.0,2.58,15.0,94.0,2709.84,20.0,0,
C005499,Carrier B,Auto,Agent,2026-07-26,2026-07,2026-07-30,Closed,0.0,12.37,4.0,67.0,5351.69,14.0,0,
C005500,Carrier A,Liability,Mobile,2026-05-06,2026-05,2026-05-22,Closed,0.0,17.22,16.0,148.0,2155.58,14.0,0,
C005501,Carrier A,Liability,Web,2026-09-03,2026-09,2026-09-12,Closed,0.0,13.16,9.0,28.0,10519.36,14.0,1,0.4135
C005502,Carrier A,Property,Mobile,2026-06-16,2026-06,2026-07-02,Closed,0.0,12.21,16.0,107.0,5958.41,20.0,0,
C005503,Carrier B,Auto,Agent,2026-08-06,2026-08,2026-08-10,Closed,0.0,4.77,4.0,56.0,2811.51,14.0,0,
C005504,Carrier A,Auto,Mobile,2026-08-30,2026-08,2026-09-06,Closed,0.0,14.98,7.0,32.0,11763.78,14.0,0,
C005505,Carrier C,Property,Web,2026-05-20,2026-05,2026-06-02,Closed,0.0,16.36,13.0,134.0,1986.82,20.0,0,
C005506,Carrier B,Liability,Agent,2026-04-13,2026-04,2026-04-14,Closed,0.0,7.49,1.0,171.0,8879.27,14.0,0,
C005507,Carrier C,Property,Mobile,2026-04-20,2026-04,2026-05-09,Closed,1.0,26.48,19.0,164.0,2859.93,20.0,0,
C005508,Carrier C,Property,Mobile,2026-06-16,2026-06,2026-06-24,Closed,0.0,16.8,8.0,107.0,1453.63,20.0,0,
C005509,Carrier B,Liability,Agent,2026-04-23,2026-04,2026-05-01,Closed,0.0,3.86,8.0,161.0,3716.6,14.0,0,
C005510,Carrier C,Auto,Agent,2026-09-03,2026-09,2026-09-07,Closed,0.0,6.7,4.0,28.0,3542.88,14.0,1,0.7943
C005511,Carrier C,Liability,Web,2026-05-17,2026-05,2026-05-30,Closed,0.0,7.65,13.0,137.0,11250.94,14.0,0,
C005512,Carrier A,Liability,Agent,2026-06-28,2026-06,,Open,1.0,26.65,,95.0,0.0,14.0,0,
C005513,Carrier A,Property,Agent,2026-09-22,2026-09,,Open,0.0,17.6,,9.0,0.0,20.0,0,
C005514,Carrier A,Auto,Mobile,2026-04-25,2026-04,2026-05-17,Closed,1.0,26.25,22.0,159.0,4466.12,14.0,0,
C005515,Carrier C,Liability,Mobile,2026-05-21,2026-05,2026-06-01,Closed,1.0,14.09,11.0,133.0,4580.12,14.0,0,
C005516,Carrier C,Liability,Web,2026-04-30,2026-04,2026-05-03,Closed,0.0,17.83,3.0,154.0,3199.23,14.0,1,0.8073
C005517,Carrier B,Property,Agent,2026-04-08,2026-04,2026-04-21,Closed,0.0,12.87,13.0,176.0,11623.06,20.0,0,
C005518,Carrier C,Liability,Mobile,2026-05-13,2026-05,2026-05-19,Closed,0.0,12.42,6.0,141.0,1199.48,14.0,2,0.9651
C005519,Carrier C,Auto,Mobile,2026-08-22,2026-08,2026-08-28,Closed,0.0,12.36,6.0,40.0,7135.73,14.0,0,
C005520,Carrier B,Property,Mobile,2026-08-05,2026-08,2026-08-26,Closed,0.0,16.25,21.0,57.0,5369.2,20.0,0,
C005521,Carrier A,Property,Mobile,2026-05-15,2026-05,2026-05-28,Closed,1.0,21.79,13.0,139.0,18690.56,20.0,0,
C005522,Carrier C,Liability,Web,2026-08-09,2026-08,2026-08-14,Closed,0.0,8.89,5.0,53.0,4839.36,14.0,0,
C005523,Carrier C,Liability,Mobile,2026-05-08,2026-05,2026-05-12,Closed,0.0,1.96,4.0,146.0,1517.59,14.0,0,
C005524,Carrier A,Liability,Agent,2026-04-07,2026-04,2026-04-18,Closed,1.0,11.13,11.0,177.0,274.87,14.0,0,
C005525,Carrier C,Liability,Web,2026-04-20,2026-04,2026-04-24,Closed,0.0,6.69,4.0,164.0,5357.06,14.0,0,
C005526,Carrier B,Property,Agent,2026-08-12,2026-08,,Open,0.0,17.43,,50.0,0.0,20.0,1,0.3558
C005527,Carrier B,Auto,Agent,2026-05-02,2026-05,2026-05-07,Closed,0.0,17.32,5.0,152.0,5493.04,14.0,0,
C005528,Carrier B,Auto,Agent,2026-06-22,2026-06,2026-06-30,Closed,0.0,9.79,8.0,101.0,5578.18,14.0,0,
C005529,Carrier B,Liability,Mobile,2026-05-16,2026-05,2026-06-06,Closed,1.0,16.31,21.0,138.0,6533.96,14.0,1,0.1868
C005530,Carrier B,Property,Mobile,2026-07-29,2026-07,2026-08-09,Closed,0.0,10.75,11.0,64.0,2906.9,20.0,0,
C005531,Carrier C,Property,Mobile,2026-06-10,2026-06,2026-06-18,Closed,0.0,6.76,8.0,113.0,9847.66,20.0,1,0.9977
C005532,Carrier B,Auto,Agent,2026-08-29,2026-08,2026-09-13,Closed,0.0,1.9,15.0,33.0,7148.2,14.0,0,
C005533,Carrier C,Auto,Agent,2026-09-13,2026-09,,Open,0.0,9.69,,18.0,0.0,14.0,0,
C005534,Carrier C,Liability,Agent,2026-05-28,2026-05,2026-06-07,Closed,0.0,9.91,10.0,126.0,6966.73,14.0,0,
C005535,Carrier A,Property,Agent,2026-09-06,2026-09,2026-09-25,Closed,0.0,13.22,19.0,25.0,11679.89,20.0,1,0.3104
C005536,Carrier C,Auto,Mobile,2026-04-09,2026-04,2026-04-19,Closed,0.0,11.51,10.0,175.0,3986.5,14.0,0,
C005537,Carrier B,Auto,Web,2026-08-20,2026-08,2026-08-28,Closed,0.0,5.25,8.0,42.0,1969.51,14.0,0,
C005538,Carrier C,Liability,Agent,2026-04-18,2026-04,2026-04-29,Closed,0.0,12.41,11.0,166.0,6252.61,14.0,0,
C005539,Carrier B,Liability,Web,2026-04-28,2026-04,2026-05-03,Closed,0.0,13.53,5.0,156.0,2792.11,14.0,1,0.503
C005540,Carrier C,Auto,Web,2026-08-13,2026-08,2026-08-16,Closed,0.0,10.34,3.0,49.0,6595.13,14.0,0,
C005541,Carrier B,Property,Agent,2026-06-02,2026-06,2026-06-10,Closed,0.0,14.42,8.0,121.0,2911.55,20.0,2,0.7536
C005542,Carrier B,Property,Mobile,2026-07-08,2026-07,2026-07-20,Closed,0.0,9.35,12.0,85.0,6275.71,20.0,0,
C005543,Carrier B,Property,Mobile,2026-04-15,2026-04,2026-04-29,Closed,0.0,7.88,14.0,169.0,2170.69,20.0,1,0.8577
C005544,Carrier A,Auto,Agent,2026-06-13,2026-06,2026-06-14,Closed,0.0,17.06,1.0,110.0,2832.95,14.0,1,0.9238
C005545,Carrier B,Property,Mobile,2026-06-04,2026-06,2026-06-18,Closed,0.0,5.5,14.0,119.0,3959.89,20.0,0,
C005546,Carrier B,Auto,Web,2026-06-11,2026-06,2026-06-18,Closed,0.0,14.67,7.0,112.0,1014.45,14.0,0,
C005547,Carrier B,Property,Agent,2026-04-29,2026-04,2026-05-06,Closed,0.0,17.18,7.0,155.0,10755.52,20.0,0,
C005548,Carrier A,Liability,Agent,2026-05-10,2026-05,2026-05-14,Closed,0.0,16.7,4.0,144.0,1153.13,14.0,0,
C005549,Carrier C,Auto,Mobile,2026-06-11,2026-06,2026-06-26,Closed,1.0,25.98,15.0,112.0,1287.54,14.0,0,
C005550,Carrier C,Auto,Mobile,2026-05-28,2026-05,2026-06-02,Closed,0.0,5.74,5.0,126.0,4782.62,14.0,0,
C005551,Carrier A,Property,Web,2026-08-08,2026-08,2026-08-19,Closed,0.0,4.59,11.0,54.0,11590.67,20.0,0,
C005552,Carrier C,Property,Web,2026-09-02,2026-09,2026-09-20,Closed,1.0,15.89,18.0,29.0,1029.9,20.0,0,
C005553,Carrier A,Liability,Web,2026-06-04,2026-06,2026-06-18,Closed,0.0,8.24,14.0,119.0,808.17,14.0,0,
C005554,Carrier B,Property,Mobile,2026-06-28,2026-06,2026-07-08,Closed,0.0,9.92,10.0,95.0,5510.23,20.0,0,
C005555,Carrier C,Liability,Mobile,2026-04-18,2026-04,2026-05-10,Closed,1.0,26.57,22.0,166.0,2232.82,14.0,0,
C005556,Carrier B,Property,Mobile,2026-08-11,2026-08,2026-08-28,Closed,1.0,19.56,17.0,51.0,892.59,20.0,0,
C005557,Carrier A,Liability,Mobile,2026-08-03,2026-08,2026-08-12,Closed,0.0,4.27,9.0,59.0,7590.86,14.0,1,0.3594
C005558,Carrier B,Auto,Agent,2026-09-13,2026-09,2026-09-24,Closed,0.0,4.2,11.0,18.0,1251.03,14.0,0,
C005559,Carrier B,Auto,Agent,2026-09-28,2026-09,,Open,1.0,21.42,,3.0,0.0,14.0,0,
C005560,Carrier C,Property,Web,2026-08-26,2026-08,2026-09-06,Closed,0.0,11.28,11.0,36.0,1237.7,20.0,2,0.7341
C005561,Carrier C,Auto,Web,2026-05-08,2026-05,2026-05-11,Closed,0.0,14.93,3.0,146.0,7272.79,14.0,0,
C005562,Carrier C,Property,Web,2026-04-05,2026-04,2026-04-13,Closed,0.0,8.55,8.0,179.0,2096.08,20.0,0,
C005563,Carrier A,Liability,Web,2026-08-21,2026-08,2026-08-28,Closed,0.0,12.07,7.0,41.0,1045.07,14.0,1,0.8606
C005564,Carrier C,Liability,Mobile,2026-09-02,2026-09,2026-09-07,Closed,0.0,1.75,5.0,29.0,2108.89,14.0,3,0.4095
C005565,Carrier C,Liability,Mobile,2026-06-25,2026-06,2026-07-02,Closed,0.0,14.32,7.0,98.0,2942.12,14.0,1,0.5583
C005566,Carrier C,Liability,Web,2026-05-15,2026-05,2026-05-17,Closed,0.0,17.04,2.0,139.0,3041.44,14.0,0,
C005567,Carrier B,Property,Mobile,2026-05-16,2026-05,2026-06-03,Closed,0.0,8.9,18.0,138.0,1918.95,20.0,0,
C005568,Carrier C,Liability,Agent,2026-06-12,2026-06,2026-06-26,Closed,0.0,10.45,14.0,111.0,6801.51,14.0,0,
C005569,Carrier C,Liability,Web,2026-09-26,2026-09,2026-09-29,Closed,0.0,14.45,3.0,5.0,6704.06,14.0,2,0.7933
C005570,Carrier B,Auto,Agent,2026-04-26,2026-04,2026-05-01,Closed,0.0,11.58,5.0,158.0,2404.51,14.0,1,0.3928
C005571,Carrier C,Liability,Web,2026-09-08,2026-09,2026-09-10,Closed,0.0,5.6,2.0,23.0,17618.93,14.0,0,
C005572,Carrier C,Liability,Web,2026-04-01,2026-04,2026-04-09,Closed,0.0,12.94,8.0,183.0,1138.04,14.0,0,
C005573,Carrier A,Liability,Web,2026-07-04,2026-07,2026-07-10,Closed,0.0,9.14,6.0,89.0,2068.67,14.0,1,0.3003
C005574,Carrier A,Property,Web,2026-09-26,2026-09,,Open,0.0,3.83,,5.0,0.0,20.0,1,0.4344
C005575,Carrier C,Property,Mobile,2026-04-16,2026-04,2026-04-26,Closed,0.0,12.48,10.0,168.0,8919.51,20.0,1,0.3371
C005576,Carrier A,Auto,Agent,2026-09-07,2026-09,,Open,0.0,1.66,,24.0,0.0,14.0,0,
C005577,Carrier C,Property,Agent,2026-06-19,2026-06,,Open,0.0,12.97,,104.0,0.0,20.0,0,
C005578,Carrier C,Auto,Agent,2026-04-14,2026-04,2026-04-21,Closed,0.0,13.5,7.0,170.0,3547.91,14.0,2,0.2134
C005579,Carrier A,Liability,Mobile,2026-09-26,2026-09,,Open,0.0,16.38,,5.0,0.0,14.0,0,
C005580,Carrier C,Liability,Mobile,2026-06-18,2026-06,,Open,1.0,15.05,,105.0,0.0,14.0,1,0.1444
C005581,Carrier B,Property,Mobile,2026-08-07,2026-08,2026-08-31,Closed,0.0,16.17,24.0,55.0,999.98,20.0,1,0.568
C005582,Carrier C,Liability,Mobile,2026-05-22,2026-05,2026-06-15,Closed,0.0,15.67,24.0,132.0,1550.38,14.0,0,
C005583,Carrier A,Property,Mobile,2026-09-23,2026-09,,Open,0.0,14.68,,8.0,0.0,20.0,1,0.51
C005584,Carrier A,Auto,Mobile,2026-05-05,2026-05,2026-05-16,Closed,0.0,6.55,11.0,149.0,2628.54,14.0,0,
C005585,Carrier A,Auto,Web,2026-04-05,2026-04,2026-04-08,Closed,0.0,14.7,3.0,179.0,2283.29,14.0,0,
C005586,Carrier B,Liability,Agent,2026-04-26,2026-04,2026-05-14,Closed,0.0,15.33,18.0,158.0,1455.78,14.0,1,0.7604
C005587,Carrier C,Auto,Web,2026-04-17,2026-04,2026-04-20,Closed,0.0,17.31,3.0,167.0,1910.88,14.0,0,
C005588,Carrier B,Auto,Mobile,2026-08-10,2026-08,2026-09-11,Closed,1.0,18.19,32.0,52.0,875.17,14.0,0,
C005589,Carrier A,Auto,Web,2026-08-01,2026-08,2026-08-08,Closed,0.0,5.96,7.0,61.0,5651.36,14.0,0,
C005590,Carrier C,Auto,Mobile,2026-07-05,2026-07,2026-07-29,Closed,1.0,19.69,24.0,88.0,5294.98,14.0,1,0.9255
C005591,Carrier C,Liability,Agent,2026-09-03,2026-09,2026-09-06,Closed,0.0,11.94,3.0,28.0,1527.83,14.0,0,
C005592,Carrier C,Liability,Web,2026-07-09,2026-07,2026-07-16,Closed,0.0,1.23,7.0,84.0,33737.94,14.0,1,0.6384
C005593,Carrier C,Property,Mobile,2026-09-06,2026-09,2026-09-21,Closed,1.0,15.96,15.0,25.0,3308.04,20.0,0,
C005594,Carrier B,Auto,Web,2026-06-03,2026-06,2026-06-08,Closed,0.0,10.0,5.0,120.0,5846.34,14.0,0,
C005595,Carrier C,Liability,Agent,2026-09-08,2026-09,2026-09-10,Closed,0.0,12.78,2.0,23.0,7110.72,14.0,0,
C005596,Carrier B,Auto,Agent,2026-06-08,2026-06,,Open,0.0,11.95,,115.0,0.0,14.0,0,
C005597,Carrier A,Auto,Web,2026-05-31,2026-05,2026-06-06,Closed,0.0,1.47,6.0,123.0,4983.38,14.0,0,
C005598,Carrier B,Auto,Agent,2026-04-04,2026-04,2026-04-13,Closed,0.0,1.85,9.0,180.0,6872.77,14.0,0,
C005599,Carrier B,Liability,Agent,2026-07-19,2026-07,2026-07-29,Closed,0.0,3.86,10.0,74.0,5105.28,14.0,0,
C005600,Carrier A,Property,Agent,2026-05-12,2026-05,2026-06-04,Closed,1.0,18.37,23.0,142.0,5428.67,20.0,0,
C005601,Carrier A,Auto,Web,2026-06-22,2026-06,2026-06-30,Closed,0.0,3.79,8.0,101.0,7530.96,14.0,2,0.8274
C005602,Carrier C,Property,Agent,2026-09-05,2026-09,2026-09-12,Closed,0.0,7.87,7.0,26.0,4299.95,20.0,1,0.4035
C005603,Carrier C,Liability,Mobile,2026-08-15,2026-08,2026-09-07,Closed,0.0,9.34,23.0,47.0,3896.24,14.0,0,
C005604,Carrier B,Liability,Web,2026-05-15,2026-05,2026-05-19,Closed,0.0,11.4,4.0,139.0,952.91,14.0,1,0.0219
C005605,Carrier A,Liability,Agent,2026-05-26,2026-05,2026-06-05,Closed,1.0,11.71,10.0,128.0,3324.18,14.0,0,
C005606,Carrier A,Property,Web,2026-09-08,2026-09,2026-09-17,Closed,0.0,15.3,9.0,23.0,1353.22,20.0,0,
C005607,Carrier B,Property,Agent,2026-04-30,2026-04,2026-05-17,Closed,0.0,13.55,17.0,154.0,5373.46,20.0,1,0.9822
C005608,Carrier B,Liability,Web,2026-08-08,2026-08,2026-08-14,Closed,0.0,3.56,6.0,54.0,6390.83,14.0,0,
C005609,Carrier A,Property,Agent,2026-05-29,2026-05,2026-06-11,Closed,0.0,7.5,13.0,125.0,2171.34,20.0,1,0.731
C005610,Carrier A,Liability,Mobile,2026-08-23,2026-08,2026-08-29,Closed,0.0,5.22,6.0,39.0,554.76,14.0,0,
C005611,Carrier B,Property,Web,2026-06-20,2026-06,2026-06-26,Closed,0.0,11.83,6.0,103.0,4588.85,20.0,0,
C005612,Carrier A,Auto,Agent,2026-05-07,2026-05,2026-05-21,Closed,1.0,26.29,14.0,147.0,2316.95,14.0,1,0.2879
C005613,Carrier A,Auto,Agent,2026-09-04,2026-09,2026-09-06,Closed,0.0,12.03,2.0,27.0,2398.16,14.0,0,
C005614,Carrier B,Auto,Agent,2026-08-21,2026-08,2026-09-16,Closed,0.0,1.87,26.0,41.0,4774.43,14.0,2,0.5032
C005615,Carrier C,Auto,Mobile,2026-09-16,2026-09,2026-09-21,Closed,0.0,6.2,5.0,15.0,963.35,14.0,2,0.4867
C005616,Carrier C,Property,Agent,2026-06-20,2026-06,,Open,0.0,12.72,,103.0,0.0,20.0,0,
C005617,Carrier A,Property,Mobile,2026-05-06,2026-05,2026-05-12,Closed,0.0,13.55,6.0,148.0,6171.56,20.0,0,
C005618,Carrier A,Property,Web,2026-04-02,2026-04,2026-04-23,Closed,1.0,18.32,21.0,182.0,2214.85,20.0,0,
C005619,Carrier A,Property,Web,2026-07-07,2026-07,2026-07-16,Closed,0.0,14.52,9.0,86.0,2801.73,20.0,0,
C005620,Carrier C,Liability,Agent,2026-09-10,2026-09,,Open,0.0,13.91,,21.0,0.0,14.0,1,0.2636
C005621,Carrier B,Property,Web,2026-09-19,2026-09,,Open,0.0,14.9,,12.0,0.0,20.0,0,
C005622,Carrier C,Auto,Mobile,2026-07-23,2026-07,2026-08-06,Closed,1.0,21.33,14.0,70.0,4680.28,14.0,0,
C005623,Carrier A,Liability,Agent,2026-07-25,2026-07,2026-08-01,Closed,0.0,7.08,7.0,68.0,4474.34,14.0,0,
C005624,Carrier C,Property,Agent,2026-08-23,2026-08,2026-09-07,Closed,1.0,25.42,15.0,39.0,2218.95,20.0,1,0.4673
C005625,Carrier B,Liability,Web,2026-07-24,2026-07,2026-07-28,Closed,0.0,15.51,4.0,69.0,2998.36,14.0,0,
C005626,Carrier B,Liability,Web,2026-05-11,2026-05,2026-05-16,Closed,0.0,15.19,5.0,143.0,4354.99,14.0,1,0.9656
C005627,Carrier B,Liability,Web,2026-04-12,2026-04,2026-04-18,Closed,0.0,7.55,6.0,172.0,6938.71,14.0,0,
C005628,Carrier B,Property,Web,2026-05-03,2026-05,,Open,0.0,1.04,,151.0,0.0,20.0,0,
C005629,Carrier B,Property,Mobile,2026-07-02,2026-07,2026-07-18,Closed,0.0,2.91,16.0,91.0,7558.59,20.0,0,
C005630,Carrier A,Auto,Agent,2026-05-04,2026-05,2026-05-07,Closed,0.0,16.18,3.0,150.0,3797.94,14.0,1,0.7153
C005631,Carrier A,Auto,Web,2026-05-09,2026-05,2026-05-18,Closed,1.0,11.75,9.0,145.0,1917.51,14.0,0,
C005632,Carrier B,Auto,Agent,2026-09-24,2026-09,,Open,0.0,10.56,,7.0,0.0,14.0,0,
C005633,Carrier B,Auto,Agent,2026-07-05,2026-07,2026-07-12,Closed,0.0,16.59,7.0,88.0,2674.91,14.0,1,0.7559
C005634,Carrier C,Auto,Agent,2026-09-23,2026-09,2026-09-26,Closed,0.0,16.55,3.0,8.0,3304.63,14.0,0,
C005635,Carrier B,Auto,Mobile,2026-05-10,2026-05,2026-05-11,Closed,0.0,6.81,1.0,144.0,1935.3,14.0,1,0.8956
C005636,Carrier A,Liability,Agent,2026-07-24,2026-07,2026-07-27,Closed,0.0,7.9,3.0,69.0,1524.68,14.0,0,
C005637,Carrier A,Auto,Agent,2026-06-01,2026-06,2026-06-15,Closed,0.0,2.98,14.0,122.0,1819.7,14.0,1,0.8757
C005638,Carrier B,Property,Web,2026-09-29,2026-09,,Open,0.0,4.14,,2.0,0.0,20.0,0,
C005639,Carrier A,Property,Web,2026-08-22,2026-08,2026-09-19,Closed,1.0,17.79,28.0,40.0,3818.34,20.0,0,
C005640,Carrier B,Liability,Web,2026-06-09,2026-06,2026-06-15,Closed,0.0,16.0,6.0,114.0,4384.54,14.0,0,
C005641,Carrier A,Property,Agent,2026-07-31,2026-07,2026-08-29,Closed,0.0,6.39,29.0,62.0,1734.01,20.0,0,
C005642,Carrier C,Property,Agent,2026-05-02,2026-05,2026-05-23,Closed,0.0,10.49,21.0,152.0,1585.61,20.0,0,
C005643,Carrier C,Property,Mobile,2026-09-18,2026-09,2026-09-30,Closed,0.0,7.94,12.0,13.0,2867.11,20.0,0,
C005644,Carrier C,Liability,Mobile,2026-08-12,2026-08,2026-08-17,Closed,0.0,9.01,5.0,50.0,8410.51,14.0,0,
C005645,Carrier A,Property,Agent,2026-07-19,2026-07,2026-08-02,Closed,0.0,16.75,14.0,74.0,4120.82,20.0,0,
C005646,Carrier B,Liability,Mobile,2026-09-13,2026-09,2026-09-22,Closed,0.0,7.9,9.0,18.0,3100.08,14.0,0,
C005647,Carrier B,Auto,Mobile,2026-08-25,2026-08,2026-09-17,Closed,1.0,13.97,23.0,37.0,5336.72,14.0,1,0.5557
C005648,Carrier A,Liability,Mobile,2026-05-07,2026-05,,Open,1.0,23.93,,147.0,0.0,14.0,0,
C005649,Carrier A,Property,Mobile,2026-04-16,2026-04,2026-04-23,Closed,0.0,5.8,7.0,168.0,18629.92,20.0,0,
C005650,Carrier B,Property,Web,2026-09-25,2026-09,,Open,0.0,10.28,,6.0,0.0,20.0,0,
C005651,Carrier C,Property,Agent,2026-07-07,2026-07,2026-07-18,Closed,0.0,1.8,11.0,86.0,4546.86,20.0,1,0.6491
C005652,Carrier A,Liability,Web,2026-04-15,2026-04,2026-04-17,Closed,0.0,17.02,2.0,169.0,5093.6,14.0,1,0.0115
C005653,Carrier C,Property,Agent,2026-07-24,2026-07,2026-08-17,Closed,0.0,6.11,24.0,69.0,10513.65,20.0,0,
C005654,Carrier A,Auto,Web,2026-06-26,2026-06,2026-06-30,Closed,0.0,9.45,4.0,97.0,1837.8,14.0,0,
C005655,Carrier B,Liability,Web,2026-04-13,2026-04,2026-04-25,Closed,0.0,7.72,12.0,171.0,7056.33,14.0,0,
C005656,Carrier B,Property,Agent,2026-09-21,2026-09,,Open,0.0,8.69,,10.0,0.0,20.0,0,
C005657,Carrier C,Property,Web,2026-09-02,2026-09,2026-09-22,Closed,0.0,9.79,20.0,29.0,3699.35,20.0,2,0.9409
C005658,Carrier A,Property,Mobile,2026-06-23,2026-06,2026-07-09,Closed,0.0,11.73,16.0,100.0,5249.81,20.0,0,
C005659,Carrier A,Property,Web,2026-08-29,2026-08,2026-09-18,Closed,0.0,3.59,20.0,33.0,10164.84,20.0,2,0.9693
C005660,Carrier A,Liability,Agent,2026-07-10,2026-07,2026-07-14,Closed,0.0,5.69,4.0,83.0,6799.0,14.0,0,
C005661,Carrier B,Property,Mobile,2026-05-10,2026-05,2026-06-03,Closed,1.0,23.61,24.0,144.0,2938.41,20.0,0,
C005662,Carrier C,Property,Web,2026-06-26,2026-06,2026-07-13,Closed,1.0,24.47,17.0,97.0,5355.34,20.0,0,
C005663,Carrier A,Liability,Web,2026-09-10,2026-09,2026-09-12,Closed,0.0,9.91,2.0,21.0,4425.18,14.0,0,
C005664,Carrier A,Liability,Mobile,2026-09-02,2026-09,2026-09-07,Closed,0.0,2.3,5.0,29.0,1343.92,14.0,0,
C005665,Carrier B,Auto,Mobile,2026-07-22,2026-07,,Open,1.0,21.27,,71.0,0.0,14.0,1,0.9111
C005666,Carrier C,Property,Web,2026-08-03,2026-08,2026-08-16,Closed,0.0,16.62,13.0,59.0,1874.86,20.0,0,
C005667,Carrier A,Liability,Mobile,2026-06-09,2026-06,2026-06-26,Closed,1.0,26.18,17.0,114.0,4947.81,14.0,0,
C005668,Carrier B,Property,Agent,2026-07-31,2026-07,2026-08-09,Closed,0.0,1.09,9.0,62.0,7006.32,20.0,0,
C005669,Carrier B,Property,Web,2026-07-12,2026-07,2026-08-07,Closed,1.0,22.25,26.0,81.0,6537.64,20.0,0,
C005670,Carrier A,Auto,Agent,2026-07-30,2026-07,2026-08-02,Closed,0.0,1.84,3.0,63.0,2048.47,14.0,0,
C005671,Carrier B,Property,Agent,2026-06-08,2026-06,2026-06-19,Closed,0.0,13.45,11.0,115.0,9465.4,20.0,0,
C005672,Carrier A,Liability,Mobile,2026-08-19,2026-08,,Open,0.0,12.76,,43.0,0.0,14.0,0,
C005673,Carrier A,Liability,Mobile,2026-04-26,2026-04,2026-05-03,Closed,0.0,14.72,7.0,158.0,2619.65,14.0,0,
C005674,Carrier A,Liability,Agent,2026-07-22,2026-07,2026-07-31,Closed,0.0,7.56,9.0,71.0,6317.32,14.0,0,
C005675,Carrier B,Auto,Mobile,2026-05-18,2026-05,2026-05-29,Closed,0.0,1.11,11.0,136.0,2821.59,14.0,0,
C005676,Carrier B,Liability,Web,2026-08-13,2026-08,2026-09-01,Closed,0.0,4.79,19.0,49.0,1265.59,14.0,0,
C005677,Carrier A,Property,Mobile,2026-08-05,2026-08,2026-08-18,Closed,0.0,1.81,13.0,57.0,6907.64,20.0,0,
C005678,Carrier B,Auto,Web,2026-08-06,2026-08,2026-08-19,Closed,0.0,11.77,13.0,56.0,1346.38,14.0,0,
C005679,Carrier B,Liability,Agent,2026-08-28,2026-08,2026-08-30,Closed,0.0,10.36,2.0,34.0,3413.99,14.0,0,
C005680,Carrier B,Property,Web,2026-08-02,2026-08,2026-08-12,Closed,0.0,4.19,10.0,60.0,5854.5,20.0,0,
C005681,Carrier A,Auto,Mobile,2026-09-07,2026-09,2026-09-17,Closed,0.0,16.03,10.0,24.0,787.22,14.0,0,
C005682,Carrier A,Liability,Agent,2026-09-16,2026-09,2026-09-20,Closed,0.0,7.13,4.0,15.0,2599.58,14.0,0,
C005683,Carrier A,Property,Agent,2026-07-07,2026-07,2026-07-14,Closed,0.0,13.53,7.0,86.0,10782.11,20.0,1,0.5013
C005684,Carrier C,Property,Mobile,2026-05-17,2026-05,,Open,0.0,16.7,,137.0,0.0,20.0,0,
C005685,Carrier B,Auto,Mobile,2026-07-28,2026-07,2026-08-01,Closed,0.0,1.06,4.0,65.0,5085.21,14.0,0,
C005686,Carrier B,Auto,Web,2026-09-08,2026-09,2026-09-10,Closed,0.0,17.84,2.0,23.0,1576.29,14.0,2,0.4403
C005687,Carrier B,Liability,Mobile,2026-08-08,2026-08,2026-08-25,Closed,0.0,4.04,17.0,54.0,348.16,14.0,0,
C005688,Carrier B,Auto,Web,2026-09-20,2026-09,,Open,1.0,21.59,,11.0,0.0,14.0,0,
C005689,Carrier A,Liability,Mobile,2026-05-04,2026-05,2026-05-15,Closed,0.0,17.33,11.0,150.0,921.7,14.0,0,
C005690,Carrier B,Property,Web,2026-05-05,2026-05,2026-05-18,Closed,0.0,14.71,13.0,149.0,366.61,20.0,0,
C005691,Carrier B,Auto,Web,2026-09-30,2026-09,,Open,0.0,11.19,,1.0,0.0,14.0,1,0.2297
C005692,Carrier B,Liability,Mobile,2026-09-14,2026-09,2026-09-24,Closed,0.0,2.29,10.0,17.0,3014.72,14.0,0,
C005693,Carrier B,Property,Agent,2026-07-12,2026-07,,Open,0.0,7.21,,81.0,0.0,20.0,0,
C005694,Carrier A,Liability,Agent,2026-09-24,2026-09,2026-09-28,Closed,0.0,6.17,4.0,7.0,1358.82,14.0,0,
C005695,Carrier C,Liability,Web,2026-05-31,2026-05,2026-06-18,Closed,1.0,13.77,18.0,123.0,442.54,14.0,0,
C005696,Carrier A,Property,Mobile,2026-09-20,2026-09,2026-09-27,Closed,0.0,1.49,7.0,11.0,3857.83,20.0,0,
C005697,Carrier C,Auto,Mobile,2026-06-12,2026-06,2026-06-21,Closed,0.0,17.22,9.0,111.0,3434.65,14.0,0,
C005698,Carrier B,Auto,Agent,2026-07-22,2026-07,2026-08-04,Closed,1.0,14.74,13.0,71.0,643.58,14.0,0,
C005699,Carrier C,Property,Agent,2026-09-06,2026-09,2026-09-17,Closed,0.0,7.36,11.0,25.0,1473.69,20.0,0,
C005700,Carrier B,Property,Agent,2026-09-19,2026-09,,Open,0.0,3.56,,12.0,0.0,20.0,0,
C005701,Carrier A,Auto,Mobile,2026-05-16,2026-05,2026-05-19,Closed,0.0,8.32,3.0,138.0,6536.51,14.0,0,
C005702,Carrier C,Property,Agent,2026-07-01,2026-07,2026-07-13,Closed,0.0,3.32,12.0,92.0,6206.79,20.0,1,0.4551
C005703,Carrier C,Property,Web,2026-04-14,2026-04,2026-04-28,Closed,0.0,2.77,14.0,170.0,6353.16,20.0,1,0.0594
C005704,Carrier C,Property,Agent,2026-07-08,2026-07,2026-08-05,Closed,0.0,6.81,28.0,85.0,4610.36,20.0,1,0.0679
C005705,Carrier B,Liability,Agent,2026-05-09,2026-05,2026-05-23,Closed,1.0,22.5,14.0,145.0,589.48,14.0,0,
C005706,Carrier C,Property,Web,2026-07-14,2026-07,,Open,1.0,22.16,,79.0,0.0,20.0,0,
C005707,Carrier C,Liability,Agent,2026-07-21,2026-07,2026-07-24,Closed,0.0,8.87,3.0,72.0,4598.79,14.0,0,
C005708,Carrier B,Property,Agent,2026-04-13,2026-04,,Open,0.0,2.58,,171.0,0.0,20.0,0,
C005709,Carrier A,Auto,Mobile,2026-05-29,2026-05,2026-05-31,Closed,0.0,10.66,2.0,125.0,1711.4,14.0,1,0.342
C005710,Carrier B,Liability,Mobile,2026-07-01,2026-07,2026-07-28,Closed,1.0,22.9,27.0,92.0,1811.53,14.0,0,
C005711,Carrier A,Liability,Mobile,2026-07-14,2026-07,2026-07-27,Closed,0.0,13.57,13.0,79.0,4549.84,14.0,0,
C005712,Carrier B,Auto,Mobile,2026-06-14,2026-06,2026-06-25,Closed,1.0,21.24,11.0,109.0,3137.68,14.0,0,
C005713,Carrier C,Property,Web,2026-08-06,2026-08,2026-08-15,Closed,0.0,16.12,9.0,56.0,3831.65,20.0,0,
C005714,Carrier A,Auto,Web,2026-05-15,2026-05,2026-05-18,Closed,0.0,10.89,3.0,139.0,4953.9,14.0,1,0.7236
C005715,Carrier A,Liability,Agent,2026-05-29,2026-05,2026-06-12,Closed,0.0,5.23,14.0,125.0,3078.31,14.0,0,
C005716,Carrier B,Auto,Web,2026-04-20,2026-04,2026-04-23,Closed,0.0,3.66,3.0,164.0,1287.82,14.0,0,
C005717,Carrier C,Liability,Agent,2026-04-24,2026-04,2026-04-28,Closed,0.0,13.77,4.0,160.0,2181.69,14.0,0,
C005718,Carrier A,Property,Agent,2026-09-29,2026-09,,Open,1.0,17.2,,2.0,0.0,20.0,0,
C005719,Carrier A,Liability,Agent,2026-05-27,2026-05,2026-06-05,Closed,0.0,14.79,9.0,127.0,3482.85,14.0,0,
C005720,Carrier A,Liability,Agent,2026-05-28,2026-05,2026-05-30,Closed,0.0,4.11,2.0,126.0,1688.82,14.0,0,
C005721,Carrier B,Liability,Mobile,2026-08-14,2026-08,2026-08-24,Closed,1.0,28.0,10.0,48.0,912.44,14.0,1,0.0905
C005722,Carrier B,Property,Mobile,2026-07-05,2026-07,,Open,1.0,21.45,,88.0,0.0,20.0,0,
C005723,Carrier C,Liability,Agent,2026-06-21,2026-06,,Open,0.0,4.11,,102.0,0.0,14.0,0,
C005724,Carrier B,Liability,Web,2026-04-04,2026-04,2026-04-13,Closed,0.0,16.43,9.0,180.0,1747.42,14.0,0,
C005725,Carrier A,Auto,Agent,2026-09-08,2026-09,,Open,0.0,17.8,,23.0,0.0,14.0,1,0.9957
C005726,Carrier A,Property,Agent,2026-08-28,2026-08,2026-09-06,Closed,0.0,8.75,9.0,34.0,7057.28,20.0,0,
C005727,Carrier A,Property,Mobile,2026-09-24,2026-09,,Open,0.0,16.97,,7.0,0.0,20.0,1,0.398
C005728,Carrier B,Liability,Agent,2026-09-25,2026-09,2026-10-01,Closed,0.0,3.31,6.0,6.0,3014.64,14.0,0,
C005729,Carrier C,Auto,Web,2026-07-23,2026-07,2026-08-06,Closed,1.0,13.16,14.0,70.0,4365.22,14.0,0,
C005730,Carrier B,Auto,Web,2026-07-30,2026-07,2026-08-20,Closed,1.0,21.85,21.0,63.0,457.27,14.0,1,0.5935
C005731,Carrier A,Property,Agent,2026-08-15,2026-08,2026-08-28,Closed,0.0,14.46,13.0,47.0,2460.73,20.0,0,
C005732,Carrier B,Property,Agent,2026-08-04,2026-08,2026-08-13,Closed,0.0,8.95,9.0,58.0,6728.14,20.0,1,0.449
C005733,Carrier C,Liability,Agent,2026-05-14,2026-05,2026-05-24,Closed,0.0,3.25,10.0,140.0,1184.62,14.0,0,
C005734,Carrier B,Auto,Web,2026-04-11,2026-04,2026-04-18,Closed,0.0,6.4,7.0,173.0,12245.89,14.0,0,
C005735,Carrier B,Liability,Mobile,2026-05-27,2026-05,2026-06-05,Closed,1.0,18.22,9.0,127.0,3195.48,14.0,0,
C005736,Carrier B,Property,Mobile,2026-08-06,2026-08,2026-08-29,Closed,1.0,21.43,23.0,56.0,2506.75,20.0,0,
C005737,Carrier A,Auto,Web,2026-05-11,2026-05,2026-05-17,Closed,0.0,7.41,6.0,143.0,3904.33,14.0,1,0.7422
C005738,Carrier B,Property,Agent,2026-09-05,2026-09,2026-09-19,Closed,0.0,16.32,14.0,26.0,2674.88,20.0,0,
C005739,Carrier A,Auto,Agent,2026-06-11,2026-06,2026-06-13,Closed,0.0,15.34,2.0,112.0,773.4,14.0,0,
C005740,Carrier A,Auto,Mobile,2026-05-26,2026-05,2026-06-04,Closed,1.0,25.97,9.0,128.0,18009.18,14.0,0,
C005741,Carrier C,Auto,Agent,2026-09-25,2026-09,,Open,0.0,14.04,,6.0,0.0,14.0,0,
C005742,Carrier C,Property,Agent,2026-07-04,2026-07,2026-07-14,Closed,0.0,12.98,10.0,89.0,5128.93,20.0,0,
C005743,Carrier C,Liability,Mobile,2026-09-07,2026-09,,Open,0.0,5.66,,24.0,0.0,14.0,0,
C005744,Carrier B,Auto,Mobile,2026-09-28,2026-09,2026-10-01,Closed,0.0,16.87,3.0,3.0,1985.66,14.0,0,
C005745,Carrier A,Auto,Web,2026-04-03,2026-04,2026-04-12,Closed,0.0,2.45,9.0,181.0,9692.73,14.0,0,
C005746,Carrier A,Property,Web,2026-07-10,2026-07,2026-07-25,Closed,0.0,6.37,15.0,83.0,3933.92,20.0,1,0.9664
C005747,Carrier C,Liability,Mobile,2026-07-20,2026-07,2026-07-28,Closed,0.0,4.52,8.0,73.0,5504.25,14.0,1,0.1452
C005748,Carrier C,Property,Web,2026-09-08,2026-09,2026-09-19,Closed,0.0,5.87,11.0,23.0,643.83,20.0,0,
C005749,Carrier C,Liability,Mobile,2026-07-13,2026-07,2026-07-14,Closed,0.0,1.2,1.0,80.0,4666.02,14.0,0,
C005750,Carrier C,Property,Agent,2026-07-06,2026-07,2026-07-27,Closed,0.0,5.31,21.0,87.0,1006.19,20.0,1,0.3944
C005751,Carrier B,Liability,Agent,2026-08-20,2026-08,2026-08-27,Closed,0.0,10.33,7.0,42.0,5334.35,14.0,0,
C005752,Carrier C,Property,Web,2026-09-28,2026-09,,Open,0.0,10.21,,3.0,0.0,20.0,0,
C005753,Carrier A,Property,Agent,2026-08-23,2026-08,,Open,0.0,10.98,,39.0,0.0,20.0,0,
C005754,Carrier C,Liability,Mobile,2026-06-18,2026-06,2026-06-29,Closed,1.0,18.02,11.0,105.0,889.99,14.0,2,0.7495
C005755,Carrier C,Property,Web,2026-05-06,2026-05,2026-05-20,Closed,1.0,13.86,14.0,148.0,8454.09,20.0,1,0.563
C005756,Carrier B,Auto,Mobile,2026-04-29,2026-04,2026-05-09,Closed,0.0,13.78,10.0,155.0,601.17,14.0,0,
C005757,Carrier A,Auto,Web,2026-08-16,2026-08,2026-08-22,Closed,0.0,6.88,6.0,46.0,21327.13,14.0,2,0.429
C005758,Carrier A,Auto,Mobile,2026-05-27,2026-05,2026-06-14,Closed,1.0,13.9,18.0,127.0,3550.9,14.0,1,0.6974
C005759,Carrier C,Property,Mobile,2026-06-28,2026-06,2026-07-08,Closed,0.0,12.17,10.0,95.0,5648.15,20.0,0,
C005760,Carrier A,Auto,Web,2026-07-15,2026-07,2026-07-20,Closed,0.0,6.05,5.0,78.0,1273.65,14.0,0,
C005761,Carrier C,Auto,Agent,2026-05-25,2026-05,2026-06-05,Closed,0.0,16.54,11.0,129.0,1428.49,14.0,0,
C005762,Carrier B,Liability,Web,2026-07-14,2026-07,2026-07-23,Closed,0.0,12.23,9.0,79.0,3324.93,14.0,0,
C005763,Carrier A,Auto,Web,2026-08-03,2026-08,2026-08-10,Closed,0.0,7.99,7.0,59.0,3130.69,14.0,0,
C005764,Carrier C,Liability,Web,2026-05-08,2026-05,2026-05-20,Closed,0.0,6.83,12.0,146.0,6976.94,14.0,0,
C005765,Carrier C,Property,Agent,2026-08-13,2026-08,2026-08-23,Closed,0.0,17.6,10.0,49.0,9486.29,20.0,0,
C005766,Carrier C,Property,Web,2026-09-04,2026-09,,Open,1.0,19.72,,27.0,0.0,20.0,0,
C005767,Carrier A,Liability,Web,2026-07-31,2026-07,2026-08-18,Closed,1.0,17.65,18.0,62.0,13168.41,14.0,1,0.1409
C005768,Carrier C,Auto,Web,2026-07-14,2026-07,2026-07-23,Closed,0.0,1.55,9.0,79.0,1920.6,14.0,1,0.8513
C005769,Carrier A,Property,Web,2026-04-23,2026-04,2026-05-07,Closed,1.0,26.43,14.0,161.0,2015.95,20.0,1,0.6112
C005770,Carrier A,Property,Agent,2026-05-11,2026-05,2026-05-30,Closed,0.0,1.0,19.0,143.0,2779.47,20.0,0,
C005771,Carrier B,Property,Agent,2026-04-29,2026-04,2026-05-24,Closed,1.0,22.71,25.0,155.0,4833.38,20.0,1,0.4984
C005772,Carrier B,Property,Mobile,2026-07-03,2026-07,2026-07-15,Closed,0.0,6.15,12.0,90.0,4502.27,20.0,1,0.3065
C005773,Carrier B,Property,Web,2026-05-21,2026-05,2026-06-03,Closed,0.0,5.86,13.0,133.0,6866.85,20.0,0,
C005774,Carrier A,Auto,Mobile,2026-06-05,2026-06,2026-06-28,Closed,1.0,22.29,23.0,118.0,2612.79,14.0,0,
C005775,Carrier B,Auto,Agent,2026-07-04,2026-07,2026-07-13,Closed,0.0,14.75,9.0,89.0,4722.3,14.0,1,0.0814
C005776,Carrier B,Auto,Mobile,2026-04-08,2026-04,2026-04-09,Closed,0.0,5.87,1.0,176.0,821.68,14.0,0,
C005777,Carrier C,Property,Mobile,2026-07-22,2026-07,2026-08-10,Closed,1.0,11.72,19.0,71.0,2851.22,20.0,0,
C005778,Carrier A,Property,Mobile,2026-04-12,2026-04,2026-04-19,Closed,0.0,9.72,7.0,172.0,4741.38,20.0,0,
C005779,Carrier B,Auto,Mobile,2026-07-31,2026-07,2026-08-15,Closed,0.0,16.83,15.0,62.0,2047.24,14.0,0,
C005780,Carrier A,Property,Agent,2026-05-12,2026-05,2026-06-10,Closed,1.0,20.83,29.0,142.0,1020.76,20.0,1,0.423
C005781,Carrier C,Auto,Web,2026-04-18,2026-04,2026-05-03,Closed,1.0,25.34,15.0,166.0,8566.99,14.0,0,
C005782,Carrier C,Property,Mobile,2026-04-06,2026-04,2026-04-11,Closed,0.0,2.41,5.0,178.0,6457.21,20.0,0,
C005783,Carrier C,Liability,Agent,2026-09-10,2026-09,,Open,1.0,19.89,,21.0,0.0,14.0,0,
C005784,Carrier C,Auto,Mobile,2026-05-01,2026-05,2026-05-15,Closed,0.0,7.22,14.0,153.0,2615.57,14.0,0,
C005785,Carrier C,Liability,Web,2026-05-23,2026-05,2026-06-01,Closed,0.0,17.49,9.0,131.0,3574.33,14.0,0,
C005786,Carrier B,Liability,Agent,2026-04-17,2026-04,2026-04-20,Closed,0.0,15.31,3.0,167.0,3717.61,14.0,0,
C005787,Carrier A,Liability,Agent,2026-07-16,2026-07,2026-08-03,Closed,1.0,21.88,18.0,77.0,2463.88,14.0,0,
C005788,Carrier B,Liability,Agent,2026-05-24,2026-05,,Open,1.0,17.79,,130.0,0.0,14.0,0,
C005789,Carrier B,Property,Mobile,2026-06-09,2026-06,2026-07-04,Closed,1.0,15.35,25.0,114.0,9819.83,20.0,2,0.9805
C005790,Carrier A,Property,Agent,2026-08-27,2026-08,2026-09-08,Closed,0.0,3.43,12.0,35.0,1122.75,20.0,0,
C005791,Carrier B,Property,Mobile,2026-06-15,2026-06,2026-07-06,Closed,0.0,6.07,21.0,108.0,2232.7,20.0,0,
C005792,Carrier B,Property,Agent,2026-09-21,2026-09,,Open,0.0,7.6,,10.0,0.0,20.0,1,0.9573
C005793,Carrier A,Property,Mobile,2026-04-27,2026-04,2026-05-08,Closed,0.0,7.93,11.0,157.0,19145.57,20.0,1,0.8398
C005794,Carrier C,Property,Agent,2026-07-19,2026-07,2026-07-26,Closed,0.0,16.25,7.0,74.0,8504.84,20.0,0,
C005795,Carrier C,Property,Mobile,2026-07-12,2026-07,,Open,0.0,6.83,,81.0,0.0,20.0,1,0.317
C005796,Carrier A,Liability,Web,2026-04-20,2026-04,2026-04-30,Closed,0.0,9.91,10.0,164.0,11235.5,14.0,0,
C005797,Carrier B,Property,Agent,2026-06-05,2026-06,2026-06-14,Closed,0.0,13.78,9.0,118.0,2100.76,20.0,1,0.5145
C005798,Carrier C,Auto,Agent,2026-06-18,2026-06,,Open,0.0,12.01,,105.0,0.0,14.0,0,
C005799,Carrier C,Liability,Agent,2026-09-05,2026-09,,Open,1.0,22.73,,26.0,0.0,14.0,0,
C005800,Carrier A,Auto,Web,2026-05-30,2026-05,2026-06-08,Closed,0.0,5.46,9.0,124.0,3495.25,14.0,0,
C005801,Carrier A,Auto,Mobile,2026-04-22,2026-04,,Open,0.0,1.18,,162.0,0.0,14.0,0,
C005802,Carrier B,Liability,Web,2026-06-11,2026-06,2026-06-21,Closed,1.0,19.17,10.0,112.0,1272.73,14.0,1,0.7455
C005803,Carrier A,Auto,Web,2026-07-31,2026-07,2026-08-05,Closed,0.0,8.82,5.0,62.0,2295.03,14.0,0,
C005804,Carrier B,Liability,Mobile,2026-04-08,2026-04,2026-04-26,Closed,1.0,18.51,18.0,176.0,1271.68,14.0,0,
C005805,Carrier A,Liability,Agent,2026-09-22,2026-09,2026-10-01,Closed,0.0,2.36,9.0,9.0,10797.55,14.0,1,0.1939
C005806,Carrier C,Auto,Agent,2026-05-08,2026-05,2026-05-11,Closed,0.0,11.46,3.0,146.0,4340.64,14.0,0,
C005807,Carrier A,Auto,Mobile,2026-06-05,2026-06,2026-06-19,Closed,1.0,22.25,14.0,118.0,1064.89,14.0,0,
C005808,Carrier A,Property,Agent,2026-04-07,2026-04,2026-04-18,Closed,0.0,6.85,11.0,177.0,898.19,20.0,1,0.9133
C005809,Carrier C,Auto,Web,2026-09-14,2026-09,,Open,1.0,23.33,,17.0,0.0,14.0,0,
C005810,Carrier A,Property,Agent,2026-06-29,2026-06,2026-07-11,Closed,0.0,7.62,12.0,94.0,1126.79,20.0,0,
C005811,Carrier C,Property,Web,2026-07-29,2026-07,2026-08-13,Closed,0.0,12.24,15.0,64.0,1432.73,20.0,0,
C005812,Carrier C,Liability,Agent,2026-09-06,2026-09,,Open,1.0,26.72,,25.0,0.0,14.0,0,
C005813,Carrier C,Auto,Agent,2026-04-17,2026-04,2026-04-24,Closed,0.0,15.41,7.0,167.0,3474.53,14.0,0,
C005814,Carrier B,Auto,Mobile,2026-09-13,2026-09,2026-09-19,Closed,0.0,2.44,6.0,18.0,1546.93,14.0,0,
C005815,Carrier B,Property,Agent,2026-09-24,2026-09,,Open,0.0,13.87,,7.0,0.0,20.0,0,
C005816,Carrier B,Auto,Mobile,2026-07-02,2026-07,2026-07-15,Closed,0.0,5.56,13.0,91.0,3226.67,14.0,0,
C005817,Carrier A,Auto,Mobile,2026-05-13,2026-05,2026-05-17,Closed,0.0,8.52,4.0,141.0,3828.05,14.0,0,
C005818,Carrier B,Property,Mobile,2026-09-16,2026-09,2026-09-29,Closed,0.0,14.46,13.0,15.0,4197.32,20.0,1,0.8569
C005819,Carrier C,Auto,Agent,2026-08-03,2026-08,2026-08-14,Closed,1.0,16.0,11.0,59.0,4191.62,14.0,2,0.7272
C005820,Carrier C,Auto,Agent,2026-08-11,2026-08,2026-08-25,Closed,1.0,19.33,14.0,51.0,4923.61,14.0,2,0.3049
C005821,Carrier B,Auto,Agent,2026-07-06,2026-07,2026-07-10,Closed,0.0,9.81,4.0,87.0,8679.0,14.0,1,0.0413
C005822,Carrier B,Auto,Mobile,2026-06-26,2026-06,2026-07-20,Closed,0.0,17.12,24.0,97.0,8313.67,14.0,2,0.4288
C005823,Carrier B,Liability,Mobile,2026-04-06,2026-04,2026-04-18,Closed,1.0,27.94,12.0,178.0,8418.31,14.0,0,
C005824,Carrier C,Property,Web,2026-06-01,2026-06,2026-06-08,Closed,0.0,11.84,7.0,122.0,592.72,20.0,0,
C005825,Carrier B,Auto,Mobile,2026-04-02,2026-04,2026-04-16,Closed,1.0,11.78,14.0,182.0,4316.69,14.0,0,
C005826,Carrier C,Auto,Agent,2026-07-27,2026-07,2026-08-13,Closed,0.0,3.1,17.0,66.0,2380.9,14.0,1,0.0209
C005827,Carrier C,Property,Web,2026-04-05,2026-04,2026-04-27,Closed,1.0,26.81,22.0,179.0,5548.28,20.0,0,
C005828,Carrier C,Liability,Mobile,2026-08-11,2026-08,2026-08-25,Closed,1.0,21.67,14.0,51.0,9497.24,14.0,1,0.356
C005829,Carrier B,Property,Agent,2026-09-16,2026-09,,Open,0.0,9.46,,15.0,0.0,20.0,1,0.0942
C005830,Carrier C,Auto,Web,2026-08-03,2026-08,2026-08-07,Closed,0.0,6.49,4.0,59.0,6170.58,14.0,1,0.8027
C005831,Carrier C,Auto,Mobile,2026-06-14,2026-06,2026-06-24,Closed,1.0,25.59,10.0,109.0,9974.33,14.0,0,
C005832,Carrier C,Liability,Web,2026-07-20,2026-07,2026-07-24,Closed,0.0,3.28,4.0,73.0,5003.18,14.0,0,
C005833,Carrier C,Property,Web,2026-07-07,2026-07,2026-07-15,Closed,0.0,2.48,8.0,86.0,2751.94,20.0,0,
C005834,Carrier B,Property,Agent,2026-05-10,2026-05,2026-06-10,Closed,0.0,9.74,31.0,144.0,6527.26,20.0,0,
C005835,Carrier A,Auto,Agent,2026-09-30,2026-09,,Open,0.0,4.34,,1.0,0.0,14.0,1,0.9152
C005836,Carrier C,Auto,Agent,2026-04-29,2026-04,2026-05-05,Closed,0.0,11.81,6.0,155.0,5777.29,14.0,0,
C005837,Carrier C,Liability,Mobile,2026-08-04,2026-08,2026-08-08,Closed,0.0,11.93,4.0,58.0,1862.36,14.0,0,
C005838,Carrier B,Auto,Web,2026-08-05,2026-08,2026-08-15,Closed,1.0,20.7,10.0,57.0,3691.76,14.0,0,
C005839,Carrier C,Liability,Agent,2026-06-04,2026-06,2026-06-15,Closed,1.0,18.69,11.0,119.0,1141.75,14.0,0,
C005840,Carrier B,Property,Mobile,2026-06-16,2026-06,2026-06-27,Closed,0.0,12.51,11.0,107.0,2524.47,20.0,0,
C005841,Carrier C,Auto,Mobile,2026-09-30,2026-09,,Open,0.0,7.64,,1.0,0.0,14.0,0,
C005842,Carrier C,Auto,Web,2026-09-08,2026-09,2026-09-17,Closed,0.0,1.53,9.0,23.0,4496.19,14.0,1,0.3355
C005843,Carrier A,Property,Mobile,2026-07-28,2026-07,2026-08-21,Closed,1.0,22.28,24.0,65.0,5578.46,20.0,0,
C005844,Carrier A,Liability,Mobile,2026-06-30,2026-06,2026-07-04,Closed,0.0,17.16,4.0,93.0,4003.66,14.0,0,
C005845,Carrier B,Liability,Agent,2026-07-10,2026-07,2026-07-13,Closed,0.0,7.8,3.0,83.0,2961.24,14.0,0,
C005846,Carrier C,Auto,Mobile,2026-05-25,2026-05,2026-06-11,Closed,0.0,4.0,17.0,129.0,1609.17,14.0,0,
C005847,Carrier C,Property,Mobile,2026-07-27,2026-07,2026-08-13,Closed,0.0,15.25,17.0,66.0,12266.45,20.0,0,
C005848,Carrier A,Property,Mobile,2026-07-08,2026-07,2026-07-18,Closed,0.0,12.6,10.0,85.0,2850.21,20.0,0,
C005849,Carrier C,Property,Web,2026-05-05,2026-05,2026-05-16,Closed,0.0,15.21,11.0,149.0,3965.22,20.0,0,
C005850,Carrier B,Property,Web,2026-06-11,2026-06,2026-06-16,Closed,0.0,10.15,5.0,112.0,2262.69,20.0,1,0.8175
C005851,Carrier A,Property,Web,2026-05-20,2026-05,2026-06-12,Closed,0.0,8.97,23.0,134.0,1303.61,20.0,0,
C005852,Carrier B,Property,Web,2026-09-10,2026-09,2026-09-20,Closed,0.0,7.75,10.0,21.0,3186.3,20.0,1,0.1261
C005853,Carrier B,Auto,Mobile,2026-04-16,2026-04,,Open,0.0,2.19,,168.0,0.0,14.0,0,
C005854,Carrier C,Auto,Web,2026-07-06,2026-07,2026-07-09,Closed,0.0,8.87,3.0,87.0,13329.87,14.0,0,
C005855,Carrier A,Liability,Agent,2026-07-25,2026-07,,Open,0.0,6.84,,68.0,0.0,14.0,0,
C005856,Carrier B,Property,Web,2026-07-04,2026-07,,Open,0.0,17.65,,89.0,0.0,20.0,1,0.6387
C005857,Carrier B,Liability,Mobile,2026-08-23,2026-08,2026-08-29,Closed,0.0,10.58,6.0,39.0,1831.05,14.0,2,0.5374
C005858,Carrier B,Liability,Web,2026-08-12,2026-08,2026-08-29,Closed,0.0,4.06,17.0,50.0,1592.19,14.0,2,0.6317
C005859,Carrier C,Auto,Web,2026-04-07,2026-04,2026-04-15,Closed,0.0,2.7,8.0,177.0,5218.21,14.0,0,
C005860,Carrier C,Auto,Agent,2026-06-20,2026-06,2026-07-07,Closed,0.0,16.24,17.0,103.0,4383.26,14.0,0,
C005861,Carrier C,Property,Mobile,2026-06-30,2026-06,2026-07-12,Closed,0.0,1.25,12.0,93.0,5302.74,20.0,0,
C005862,Carrier B,Property,Web,2026-08-10,2026-08,2026-08-25,Closed,1.0,24.11,15.0,52.0,5026.49,20.0,0,
C005863,Carrier C,Auto,Agent,2026-06-28,2026-06,2026-07-02,Closed,0.0,2.43,4.0,95.0,1003.65,14.0,0,
C005864,Carrier B,Auto,Mobile,2026-05-31,2026-05,2026-06-02,Closed,0.0,9.91,2.0,123.0,2541.5,14.0,0,
C005865,Carrier A,Property,Web,2026-04-06,2026-04,2026-04-12,Closed,0.0,14.69,6.0,178.0,938.12,20.0,0,
C005866,Carrier A,Liability,Web,2026-09-22,2026-09,,Open,0.0,15.26,,9.0,0.0,14.0,0,
C005867,Carrier B,Property,Agent,2026-05-28,2026-05,2026-06-24,Closed,1.0,22.46,27.0,126.0,620.32,20.0,1,0.6365
C005868,Carrier A,Property,Mobile,2026-05-26,2026-05,2026-06-04,Closed,0.0,4.94,9.0,128.0,1907.91,20.0,0,
C005869,Carrier B,Auto,Mobile,2026-05-04,2026-05,2026-05-12,Closed,0.0,5.53,8.0,150.0,17889.96,14.0,1,0.8792
C005870,Carrier A,Auto,Agent,2026-04-26,2026-04,2026-05-02,Closed,0.0,15.99,6.0,158.0,3857.18,14.0,0,
C005871,Carrier C,Liability,Mobile,2026-04-03,2026-04,2026-04-21,Closed,1.0,15.77,18.0,181.0,4438.53,14.0,0,
C005872,Carrier A,Auto,Agent,2026-09-13,2026-09,2026-09-17,Closed,0.0,6.37,4.0,18.0,3767.48,14.0,0,
C005873,Carrier B,Liability,Mobile,2026-06-29,2026-06,2026-07-01,Closed,0.0,10.57,2.0,94.0,10406.0,14.0,2,0.952
C005874,Carrier C,Property,Agent,2026-08-06,2026-08,2026-08-13,Closed,0.0,12.92,7.0,56.0,1240.61,20.0,0,
C005875,Carrier B,Property,Agent,2026-07-07,2026-07,2026-07-28,Closed,1.0,18.26,21.0,86.0,2097.73,20.0,0,
C005876,Carrier C,Auto,Mobile,2026-04-01,2026-04,2026-04-07,Closed,0.0,15.76,6.0,183.0,4323.44,14.0,0,
C005877,Carrier C,Liability,Mobile,2026-07-28,2026-07,2026-08-18,Closed,1.0,23.46,21.0,65.0,2764.05,14.0,1,0.2735
C005878,Carrier A,Auto,Agent,2026-09-20,2026-09,2026-09-25,Closed,0.0,14.71,5.0,11.0,652.08,14.0,0,
C005879,Carrier A,Liability,Agent,2026-05-29,2026-05,2026-06-17,Closed,0.0,15.82,19.0,125.0,20870.66,14.0,1,0.8667
C005880,Carrier C,Auto,Mobile,2026-05-09,2026-05,2026-05-12,Closed,0.0,1.43,3.0,145.0,4330.16,14.0,0,
C005881,Carrier C,Property,Mobile,2026-09-16,2026-09,,Open,1.0,11.54,,15.0,0.0,20.0,0,
C005882,Carrier A,Liability,Agent,2026-07-19,2026-07,2026-07-24,Closed,0.0,14.18,5.0,74.0,1505.79,14.0,0,
C005883,Carrier B,Liability,Web,2026-09-18,2026-09,2026-09-23,Closed,0.0,11.36,5.0,13.0,5224.04,14.0,0,
C005884,Carrier A,Liability,Agent,2026-06-11,2026-06,,Open,0.0,6.39,,112.0,0.0,14.0,0,
C005885,Carrier C,Property,Agent,2026-05-10,2026-05,2026-05-16,Closed,0.0,13.15,6.0,144.0,1489.05,20.0,0,
C005886,Carrier B,Liability,Web,2026-09-07,2026-09,,Open,0.0,3.33,,24.0,0.0,14.0,0,
C005887,Carrier C,Auto,Web,2026-04-11,2026-04,2026-04-29,Closed,1.0,13.97,18.0,173.0,13280.79,14.0,0,
C005888,Carrier C,Auto,Agent,2026-07-21,2026-07,,Open,0.0,2.46,,72.0,0.0,14.0,0,
C005889,Carrier A,Auto,Agent,2026-06-04,2026-06,2026-06-20,Closed,0.0,7.5,16.0,119.0,2379.35,14.0,1,0.3924
C005890,Carrier A,Auto,Web,2026-08-20,2026-08,2026-08-28,Closed,0.0,1.68,8.0,42.0,2380.74,14.0,1,0.4187
C005891,Carrier C,Auto,Mobile,2026-06-09,2026-06,2026-06-19,Closed,0.0,3.48,10.0,114.0,3003.28,14.0,0,
C005892,Carrier A,Liability,Web,2026-08-17,2026-08,2026-08-29,Closed,0.0,11.93,12.0,45.0,2130.06,14.0,0,
C005893,Carrier A,Liability,Agent,2026-05-28,2026-05,2026-06-05,Closed,0.0,15.55,8.0,126.0,1592.5,14.0,0,
C005894,Carrier B,Property,Agent,2026-04-13,2026-04,,Open,0.0,6.12,,171.0,0.0,20.0,0,
C005895,Carrier A,Liability,Agent,2026-09-28,2026-09,,Open,0.0,6.18,,3.0,0.0,14.0,0,
C005896,Carrier A,Auto,Web,2026-07-29,2026-07,2026-08-06,Closed,0.0,3.68,8.0,64.0,1488.32,14.0,0,
C005897,Carrier C,Property,Agent,2026-05-23,2026-05,2026-06-03,Closed,0.0,13.25,11.0,131.0,2194.96,20.0,0,
C005898,Carrier B,Auto,Web,2026-06-14,2026-06,2026-06-23,Closed,0.0,1.93,9.0,109.0,3821.61,14.0,1,0.0724
C005899,Carrier B,Auto,Web,2026-08-20,2026-08,2026-09-01,Closed,1.0,18.55,12.0,42.0,6329.32,14.0,1,0.2152
C005900,Carrier A,Auto,Agent,2026-07-10,2026-07,2026-07-13,Closed,0.0,4.83,3.0,83.0,4110.19,14.0,0,
C005901,Carrier B,Auto,Agent,2026-08-29,2026-08,2026-09-01,Closed,0.0,4.13,3.0,33.0,7830.13,14.0,1,0.3625
C005902,Carrier A,Auto,Web,2026-05-24,2026-05,2026-05-26,Closed,0.0,9.08,2.0,130.0,1370.17,14.0,0,
C005903,Carrier C,Property,Mobile,2026-07-05,2026-07,2026-07-21,Closed,0.0,5.66,16.0,88.0,716.66,20.0,0,
C005904,Carrier A,Auto,Agent,2026-04-06,2026-04,2026-04-12,Closed,0.0,17.32,6.0,178.0,1596.25,14.0,0,
C005905,Carrier A,Liability,Web,2026-07-29,2026-07,2026-08-05,Closed,0.0,13.54,7.0,64.0,1056.9,14.0,0,
C005906,Carrier B,Auto,Mobile,2026-07-26,2026-07,2026-08-06,Closed,1.0,21.46,11.0,67.0,372.95,14.0,0,
C005907,Carrier C,Liability,Mobile,2026-06-23,2026-06,2026-07-14,Closed,1.0,18.15,21.0,100.0,9321.9,14.0,0,
C005908,Carrier A,Liability,Web,2026-06-30,2026-06,2026-07-02,Closed,0.0,16.66,2.0,93.0,1757.06,14.0,0,
C005909,Carrier C,Auto,Mobile,2026-05-23,2026-05,2026-06-09,Closed,1.0,23.32,17.0,131.0,5074.14,14.0,1,0.8795
C005910,Carrier C,Auto,Web,2026-04-22,2026-04,2026-04-24,Closed,0.0,17.11,2.0,162.0,4784.52,14.0,1,0.7919
C005911,Carrier C,Property,Agent,2026-05-18,2026-05,2026-06-03,Closed,0.0,4.13,16.0,136.0,1238.6,20.0,0,
C005912,Carrier C,Property,Agent,2026-04-08,2026-04,2026-05-03,Closed,0.0,1.88,25.0,176.0,4794.5,20.0,0,
C005913,Carrier A,Auto,Web,2026-07-05,2026-07,2026-07-15,Closed,0.0,13.39,10.0,88.0,9803.74,14.0,0,
C005914,Carrier B,Auto,Agent,2026-05-13,2026-05,2026-05-29,Closed,1.0,24.2,16.0,141.0,7713.81,14.0,1,0.6113
C005915,Carrier A,Property,Agent,2026-07-09,2026-07,2026-07-17,Closed,0.0,14.02,8.0,84.0,3719.94,20.0,0,
C005916,Carrier A,Property,Agent,2026-05-11,2026-05,2026-05-28,Closed,0.0,15.27,17.0,143.0,12736.31,20.0,1,0.4046
C005917,Carrier A,Property,Web,2026-06-26,2026-06,2026-07-04,Closed,0.0,1.38,8.0,97.0,6008.69,20.0,0,
C005918,Carrier B,Auto,Mobile,2026-08-19,2026-08,2026-08-22,Closed,0.0,12.75,3.0,43.0,2661.02,14.0,0,
C005919,Carrier B,Liability,Agent,2026-04-01,2026-04,2026-04-07,Closed,0.0,9.73,6.0,183.0,4107.72,14.0,1,0.6295
C005920,Carrier C,Property,Mobile,2026-09-15,2026-09,2026-09-24,Closed,0.0,5.65,9.0,16.0,5969.07,20.0,0,
C005921,Carrier B,Auto,Agent,2026-07-18,2026-07,2026-07-21,Closed,0.0,3.29,3.0,75.0,7190.44,14.0,1,0.5461
C005922,Carrier C,Liability,Web,2026-06-17,2026-06,2026-06-25,Closed,0.0,2.42,8.0,106.0,2567.04,14.0,0,
C005923,Carrier A,Liability,Agent,2026-07-30,2026-07,2026-08-22,Closed,0.0,3.56,23.0,63.0,6890.65,14.0,1,0.2668
C005924,Carrier A,Liability,Agent,2026-05-13,2026-05,,Open,0.0,3.55,,141.0,0.0,14.0,0,
C005925,Carrier A,Auto,Agent,2026-08-23,2026-08,2026-09-02,Closed,1.0,17.47,10.0,39.0,8447.56,14.0,0,
C005926,Carrier A,Property,Web,2026-07-23,2026-07,2026-08-03,Closed,0.0,1.02,11.0,70.0,4674.01,20.0,0,
C005927,Carrier B,Auto,Web,2026-08-19,2026-08,2026-09-03,Closed,0.0,2.12,15.0,43.0,5925.83,14.0,0,
C005928,Carrier C,Auto,Agent,2026-06-13,2026-06,2026-06-14,Closed,0.0,15.69,1.0,110.0,840.56,14.0,0,
C005929,Carrier B,Auto,Web,2026-05-14,2026-05,2026-05-16,Closed,0.0,2.67,2.0,140.0,4027.07,14.0,1,0.4105
C005930,Carrier A,Auto,Web,2026-04-16,2026-04,2026-04-21,Closed,0.0,14.98,5.0,168.0,3391.53,14.0,0,
C005931,Carrier C,Liability,Web,2026-09-22,2026-09,2026-09-26,Closed,0.0,12.48,4.0,9.0,23680.03,14.0,0,
C005932,Carrier A,Property,Web,2026-04-21,2026-04,2026-04-30,Closed,0.0,15.35,9.0,163.0,11325.44,20.0,1,0.3849
C005933,Carrier C,Liability,Mobile,2026-09-16,2026-09,2026-09-19,Closed,0.0,1.32,3.0,15.0,8836.24,14.0,0,
C005934,Carrier C,Property,Web,2026-05-29,2026-05,2026-06-09,Closed,0.0,16.19,11.0,125.0,877.75,20.0,1,0.0175
C005935,Carrier B,Auto,Web,2026-05-27,2026-05,2026-05-30,Closed,0.0,4.79,3.0,127.0,3764.75,14.0,0,
C005936,Carrier A,Property,Agent,2026-06-30,2026-06,2026-07-07,Closed,0.0,7.22,7.0,93.0,4659.79,20.0,0,
C005937,Carrier A,Liability,Mobile,2026-05-29,2026-05,2026-06-05,Closed,0.0,12.6,7.0,125.0,3086.06,14.0,1,0.713
C005938,Carrier B,Auto,Web,2026-06-18,2026-06,,Open,0.0,13.54,,105.0,0.0,14.0,0,
C005939,Carrier C,Property,Web,2026-05-27,2026-05,2026-06-15,Closed,1.0,14.85,19.0,127.0,6779.64,20.0,0,
C005940,Carrier A,Auto,Mobile,2026-06-04,2026-06,2026-06-19,Closed,1.0,14.59,15.0,119.0,11536.22,14.0,0,
C005941,Carrier C,Property,Agent,2026-07-13,2026-07,2026-07-23,Closed,0.0,5.93,10.0,80.0,3414.29,20.0,1,0.7184
C005942,Carrier C,Liability,Agent,2026-04-03,2026-04,2026-04-08,Closed,0.0,13.4,5.0,181.0,13066.07,14.0,0,
C005943,Carrier B,Auto,Mobile,2026-06-17,2026-06,2026-06-19,Closed,0.0,1.24,2.0,106.0,2902.44,14.0,1,0.6015
C005944,Carrier B,Property,Web,2026-09-04,2026-09,2026-09-20,Closed,0.0,11.0,16.0,27.0,2909.15,20.0,1,0.4748
C005945,Carrier A,Auto,Web,2026-08-13,2026-08,2026-08-25,Closed,0.0,7.07,12.0,49.0,1362.76,14.0,0,
C005946,Carrier A,Property,Web,2026-07-13,2026-07,2026-07-31,Closed,0.0,8.84,18.0,80.0,6502.6,20.0,0,
C005947,Carrier C,Auto,Mobile,2026-04-09,2026-04,2026-04-10,Closed,0.0,7.59,1.0,175.0,839.4,14.0,0,
C005948,Carrier A,Auto,Mobile,2026-05-08,2026-05,2026-05-24,Closed,1.0,23.86,16.0,146.0,2196.34,14.0,0,
C005949,Carrier C,Liability,Agent,2026-09-29,2026-09,,Open,0.0,13.2,,2.0,0.0,14.0,0,
C005950,Carrier A,Property,Mobile,2026-04-18,2026-04,,Open,0.0,6.07,,166.0,0.0,20.0,0,
C005951,Carrier C,Auto,Agent,2026-06-30,2026-06,2026-07-10,Closed,0.0,10.22,10.0,93.0,1544.51,14.0,1,0.3436
C005952,Carrier B,Property,Mobile,2026-09-30,2026-09,,Open,0.0,13.4,,1.0,0.0,20.0,0,
C005953,Carrier B,Liability,Mobile,2026-07-28,2026-07,2026-08-14,Closed,1.0,26.66,17.0,65.0,2149.29,14.0,0,
C005954,Carrier C,Liability,Agent,2026-07-07,2026-07,2026-07-18,Closed,1.0,11.15,11.0,86.0,7459.56,14.0,0,
C005955,Carrier B,Liability,Agent,2026-06-12,2026-06,2026-06-23,Closed,0.0,11.72,11.0,111.0,2281.88,14.0,0,
C005956,Carrier A,Liability,Agent,2026-07-30,2026-07,2026-08-19,Closed,1.0,15.46,20.0,63.0,6535.78,14.0,0,
C005957,Carrier A,Liability,Web,2026-09-20,2026-09,2026-09-27,Closed,0.0,9.33,7.0,11.0,5129.8,14.0,1,0.8577
C005958,Carrier C,Liability,Web,2026-08-22,2026-08,2026-09-25,Closed,1.0,16.9,34.0,40.0,800.44,14.0,1,0.3815
C005959,Carrier A,Auto,Mobile,2026-07-23,2026-07,2026-08-01,Closed,0.0,9.97,9.0,70.0,1546.4,14.0,1,0.6726
C005960,Carrier C,Auto,Mobile,2026-09-23,2026-09,,Open,1.0,14.35,,8.0,0.0,14.0,0,
C005961,Carrier B,Auto,Agent,2026-08-14,2026-08,2026-08-25,Closed,0.0,6.92,11.0,48.0,6028.38,14.0,0,
C005962,Carrier A,Auto,Mobile,2026-06-02,2026-06,2026-06-20,Closed,1.0,17.39,18.0,121.0,2440.3,14.0,0,
C005963,Carrier A,Auto,Web,2026-06-15,2026-06,2026-06-23,Closed,0.0,2.05,8.0,108.0,253.67,14.0,0,
C005964,Carrier A,Liability,Web,2026-06-22,2026-06,2026-06-29,Closed,0.0,15.91,7.0,101.0,7969.91,14.0,0,
C005965,Carrier B,Auto,Agent,2026-07-02,2026-07,2026-07-04,Closed,0.0,8.22,2.0,91.0,1842.58,14.0,0,
C005966,Carrier A,Liability,Agent,2026-05-02,2026-05,2026-05-09,Closed,0.0,8.46,7.0,152.0,10036.23,14.0,1,0.5859
C005967,Carrier B,Property,Mobile,2026-06-19,2026-06,2026-06-27,Closed,0.0,12.04,8.0,104.0,1872.93,20.0,0,
C005968,Carrier A,Property,Mobile,2026-09-09,2026-09,,Open,1.0,18.53,,22.0,0.0,20.0,1,0.0733
C005969,Carrier C,Property,Agent,2026-04-22,2026-04,2026-05-22,Closed,1.0,19.9,30.0,162.0,1166.21,20.0,1,0.4222
C005970,Carrier A,Auto,Web,2026-05-17,2026-05,2026-05-20,Closed,0.0,14.54,3.0,137.0,976.79,14.0,3,0.4696
C005971,Carrier B,Auto,Agent,2026-07-11,2026-07,2026-07-20,Closed,0.0,3.18,9.0,82.0,2592.15,14.0,0,
C005972,Carrier B,Liability,Mobile,2026-06-23,2026-06,2026-06-30,Closed,0.0,17.01,7.0,100.0,3658.58,14.0,0,
C005973,Carrier C,Auto,Web,2026-06-14,2026-06,2026-06-15,Closed,0.0,3.99,1.0,109.0,1071.94,14.0,0,
C005974,Carrier C,Auto,Agent,2026-05-26,2026-05,2026-05-29,Closed,0.0,5.09,3.0,128.0,6164.36,14.0,0,
C005975,Carrier B,Liability,Agent,2026-07-09,2026-07,2026-07-11,Closed,0.0,16.34,2.0,84.0,5082.93,14.0,0,
C005976,Carrier A,Property,Agent,2026-08-27,2026-08,2026-09-10,Closed,0.0,17.31,14.0,35.0,5214.26,20.0,1,0.4256
C005977,Carrier A,Auto,Mobile,2026-08-10,2026-08,2026-08-11,Closed,0.0,9.4,1.0,52.0,1645.09,14.0,0,
C005978,Carrier A,Property,Web,2026-07-01,2026-07,2026-07-13,Closed,0.0,4.93,12.0,92.0,5380.17,20.0,0,
C005979,Carrier B,Auto,Web,2026-08-23,2026-08,2026-09-05,Closed,0.0,3.15,13.0,39.0,2206.77,14.0,0,
C005980,Carrier A,Liability,Web,2026-05-22,2026-05,,Open,0.0,9.36,,132.0,0.0,14.0,0,
C005981,Carrier A,Property,Mobile,2026-07-14,2026-07,2026-07-27,Closed,0.0,15.4,13.0,79.0,6942.93,20.0,1,0.2659
C005982,Carrier A,Property,Web,2026-04-05,2026-04,2026-04-19,Closed,0.0,15.26,14.0,179.0,7154.11,20.0,0,
C005983,Carrier A,Liability,Mobile,2026-04-11,2026-04,2026-04-17,Closed,0.0,1.43,6.0,173.0,1800.32,14.0,0,
C005984,Carrier A,Auto,Web,2026-08-11,2026-08,2026-08-31,Closed,1.0,19.23,20.0,51.0,1548.5,14.0,0,
C005985,Carrier C,Liability,Mobile,2026-09-30,2026-09,,Open,1.0,24.98,,1.0,0.0,14.0,2,0.7853
C005986,Carrier A,Auto,Web,2026-07-29,2026-07,2026-08-10,Closed,0.0,3.99,12.0,64.0,4088.87,14.0,2,0.2785
C005987,Carrier B,Property,Agent,2026-04-17,2026-04,2026-04-30,Closed,0.0,10.54,13.0,167.0,2073.7,20.0,0,
C005988,Carrier C,Liability,Mobile,2026-08-22,2026-08,2026-08-25,Closed,0.0,8.6,3.0,40.0,752.44,14.0,0,
C005989,Carrier A,Auto,Mobile,2026-05-03,2026-05,2026-05-26,Closed,1.0,20.22,23.0,151.0,5478.33,14.0,1,0.6638
C005990,Carrier A,Property,Agent,2026-07-27,2026-07,2026-08-09,Closed,0.0,2.87,13.0,66.0,1372.06,20.0,0,
C005991,Carrier B,Auto,Mobile,2026-07-08,2026-07,2026-07-25,Closed,0.0,15.49,17.0,85.0,1004.82,14.0,0,
C005992,Carrier C,Liability,Mobile,2026-06-20,2026-06,2026-07-06,Closed,1.0,22.35,16.0,103.0,2416.61,14.0,0,
C005993,Carrier A,Liability,Mobile,2026-05-13,2026-05,2026-05-18,Closed,0.0,5.55,5.0,141.0,6713.09,14.0,0,
C005994,Carrier A,Auto,Web,2026-05-23,2026-05,2026-05-28,Closed,0.0,5.58,5.0,131.0,495.45,14.0,1,0.8464
C005995,Carrier B,Liability,Agent,2026-06-01,2026-06,2026-06-09,Closed,0.0,4.4,8.0,122.0,2347.0,14.0,0,
C005996,Carrier C,Auto,Agent,2026-07-18,2026-07,2026-07-22,Closed,0.0,17.6,4.0,75.0,1228.42,14.0,0,
C005997,Carrier A,Auto,Agent,2026-08-12,2026-08,2026-08-23,Closed,0.0,6.75,11.0,50.0,530.36,14.0,2,0.6243
C005998,Carrier B,Auto,Mobile,2026-08-24,2026-08,2026-09-04,Closed,0.0,10.98,11.0,38.0,1883.01,14.0,0,
C005999,Carrier B,Property,Mobile,2026-04-23,2026-04,2026-05-03,Closed,0.0,3.97,10.0,161.0,7848.97,20.0,0,
